// Image: 536x336 pixels, 1-bit monochrome
// Total size: 22512 bytes

const uint8_t leitz5006_1[22512] = {
    0x00, 0x00, 0x00, 0x00, 0x00, 0x00, 0x00, 0x00, 0x00, 0x00, 0x00, 0x00, 0x00, 0x00, 0x00, 0x00,
    0x00, 0x00, 0x00, 0x00, 0x00, 0x00, 0x00, 0x00, 0x00, 0x00, 0x00, 0x00, 0x00, 0x00, 0x00, 0x00,
    0x00, 0x00, 0x00, 0x00, 0x00, 0x00, 0x00, 0x24, 0x00, 0x00, 0x00, 0x00, 0x02, 0x00, 0x00, 0x00,
    0x00, 0x02, 0x02, 0x00, 0x00, 0x00, 0x00, 0x00, 0x00, 0x00, 0x00, 0x00, 0x00, 0x00, 0x00, 0x00,
    0x00, 0x00, 0x00, 0x00, 0x00, 0x00, 0x00, 0x00, 0x00, 0x00, 0x00, 0x00, 0x00, 0x00, 0x00, 0x00,
    0x00, 0x00, 0x00, 0x00, 0x00, 0x00, 0x00, 0x00, 0x00, 0x00, 0x00, 0x00, 0x00, 0x00, 0x00, 0x00,
    0x00, 0x00, 0x00, 0x00, 0x00, 0x00, 0x00, 0x94, 0x94, 0x00, 0x52, 0x00, 0x00, 0x00, 0x00, 0x08,
    0x00, 0x80, 0x2A, 0x80, 0x15, 0x09, 0x00, 0x00, 0x00, 0x00, 0x00, 0xA4, 0x00, 0x00, 0x00, 0x00,
    0x00, 0x00, 0x00, 0x00, 0x00, 0x00, 0x00, 0x40, 0x00, 0x40, 0x22, 0x00, 0x00, 0x00, 0x00, 0x00,
    0x00, 0x00, 0x00, 0x00, 0x00, 0x00, 0x00, 0x00, 0x00, 0x00, 0x00, 0x00, 0x00, 0x00, 0x95, 0x00,
    0x00, 0x00, 0x00, 0x00, 0x00, 0x00, 0x00, 0x00, 0x00, 0x92, 0x8A, 0x22, 0x01, 0x95, 0x00, 0x04,
    0x00, 0x88, 0x14, 0x00, 0x00, 0x49, 0x80, 0x24, 0x2C, 0x00, 0x00, 0x00, 0x00, 0x00, 0x10, 0x01,
    0x00, 0x00, 0x00, 0x00, 0x00, 0x00, 0x00, 0x00, 0x00, 0x00, 0x88, 0x00, 0x00, 0x04, 0x00, 0x00,
    0x00, 0x00, 0x20, 0x04, 0x44, 0x24, 0x01, 0x00, 0x40, 0x44, 0x00, 0x00, 0x00, 0x00, 0x00, 0x00,
    0x04, 0x00, 0x48, 0x48, 0x00, 0x00, 0x00, 0x00, 0x00, 0x00, 0x00, 0x00, 0x00, 0x40, 0x01, 0x88,
    0x4A, 0x00, 0x20, 0x22, 0x11, 0x49, 0x00, 0x20, 0x24, 0x40, 0x4A, 0x0A, 0x00, 0x00, 0x00, 0x00,
    0x00, 0x40, 0x04, 0x48, 0x00, 0x00, 0x00, 0x00, 0x20, 0x24, 0x49, 0x00, 0x00, 0x01, 0x22, 0x21,
    0x81, 0x00, 0x88, 0x44, 0x88, 0x04, 0x90, 0x00, 0x00, 0x20, 0x00, 0x00, 0x00, 0x04, 0x00, 0x00,
    0x00, 0x90, 0xA4, 0x00, 0x02, 0x01, 0x00, 0x00, 0x00, 0x00, 0x00, 0x00, 0x00, 0x00, 0x00, 0x00,
    0x24, 0x92, 0x40, 0x52, 0x44, 0x02, 0x00, 0x10, 0x14, 0x42, 0x02, 0x92, 0x00, 0x15, 0x92, 0x00,
    0x00, 0x00, 0x00, 0x00, 0x20, 0x02, 0x00, 0x48, 0x00, 0x00, 0x00, 0x08, 0x01, 0x00, 0x09, 0x00,
    0x40, 0x00, 0x00, 0x48, 0x00, 0x00, 0x00, 0x00, 0x00, 0x01, 0x10, 0x02, 0x04, 0x81, 0x80, 0x20,
    0x00, 0x82, 0x24, 0x29, 0x05, 0x00, 0x48, 0x24, 0x00, 0x80, 0x00, 0x00, 0x00, 0x00, 0x00, 0x00,
    0x00, 0x40, 0x00, 0x00, 0x49, 0x00, 0x29, 0x00, 0x90, 0x04, 0x20, 0x28, 0x00, 0x00, 0x49, 0x84,
    0x92, 0x54, 0x00, 0x00, 0x00, 0x00, 0x00, 0x00, 0x91, 0x10, 0x01, 0x00, 0x00, 0x00, 0x00, 0x10,
    0x04, 0x00, 0x00, 0x80, 0x04, 0x88, 0x04, 0x00, 0x02, 0x00, 0x02, 0x20, 0x00, 0x42, 0x90, 0x00,
    0x00, 0x04, 0x04, 0x91, 0x10, 0x82, 0x00, 0x20, 0x02, 0x00, 0x00, 0x48, 0x10, 0x00, 0x00, 0x00,
    0x00, 0x00, 0x00, 0x00, 0x04, 0x00, 0xA0, 0x22, 0x08, 0x25, 0x01, 0x09, 0x41, 0x02, 0x91, 0x10,
    0x20, 0x90, 0x00, 0x4C, 0x12, 0x01, 0x00, 0x00, 0x00, 0x00, 0x40, 0x24, 0x08, 0x00, 0x00, 0x00,
    0x00, 0x20, 0x80, 0x20, 0x00, 0x00, 0x09, 0x80, 0x40, 0x10, 0x01, 0x10, 0x49, 0x40, 0x04, 0x48,
    0x00, 0x00, 0x20, 0x10, 0x00, 0x00, 0x00, 0x44, 0x10, 0x00, 0x00, 0x48, 0x02, 0x22, 0x01, 0x00,
    0x01, 0x00, 0x00, 0x00, 0x00, 0x00, 0x80, 0x02, 0x00, 0x42, 0x04, 0x82, 0x92, 0x90, 0x44, 0x10,
    0x40, 0x50, 0x80, 0x04, 0xA6, 0x90, 0x2A, 0x28, 0x00, 0x00, 0x00, 0x00, 0x02, 0x00, 0x00, 0x01,
    0x48, 0x00, 0x00, 0x20, 0x04, 0x09, 0x00, 0x24, 0x00, 0x40, 0x12, 0x00, 0x02, 0x20, 0x00, 0x00,
    0x00, 0x00, 0x01, 0x00, 0x49, 0x04, 0x02, 0x80, 0x20, 0x02, 0x00, 0x00, 0xA4, 0x84, 0x00, 0x10,
    0x00, 0x00, 0x01, 0x00, 0x00, 0x00, 0x00, 0x00, 0x00, 0x80, 0x00, 0x40, 0x00, 0x45, 0x00, 0x49,
    0x02, 0x08, 0x09, 0x48, 0x52, 0x02, 0x00, 0x10, 0x81, 0x94, 0xAC, 0x04, 0x00, 0x00, 0x48, 0x00,
    0x01, 0x12, 0x20, 0x01, 0x00, 0x10, 0x01, 0x00, 0x40, 0x12, 0x01, 0x00, 0x00, 0x00, 0x00, 0x89,
    0x00, 0x02, 0x00, 0x10, 0x20, 0x00, 0x24, 0x00, 0x00, 0x80, 0x00, 0x04, 0x40, 0x22, 0x22, 0x01,
    0x10, 0x00, 0x00, 0x91, 0x10, 0x80, 0x00, 0x00, 0x00, 0x00, 0x00, 0x00, 0x40, 0x00, 0x00, 0x48,
    0x25, 0x10, 0x54, 0x04, 0x11, 0x22, 0x81, 0xA4, 0x00, 0x80, 0x94, 0x00, 0x29, 0x51, 0x02, 0x00,
    0x00, 0x01, 0x00, 0x00, 0x80, 0x04, 0x20, 0x00, 0x00, 0x00, 0x20, 0x00, 0x00, 0x00, 0x00, 0x20,
    0x09, 0x49, 0x20, 0x00, 0x90, 0x24, 0x82, 0x04, 0x90, 0x00, 0x00, 0x91, 0x00, 0x10, 0x00, 0x08,
    0x00, 0x00, 0x08, 0x01, 0x24, 0x09, 0x02, 0x00, 0x00, 0x04, 0x00, 0x00, 0x00, 0x00, 0x00, 0x20,
    0x00, 0x10, 0x41, 0x0A, 0x82, 0x92, 0x08, 0x24, 0x04, 0x80, 0x90, 0x20, 0x11, 0x48, 0x09, 0xAA,
    0x28, 0x01, 0x01, 0x20, 0x00, 0x00, 0x00, 0x08, 0x00, 0x02, 0x10, 0x01, 0x00, 0x04, 0x24, 0x24,
    0x02, 0x00, 0x00, 0x02, 0x00, 0x04, 0x00, 0x00, 0x00, 0x00, 0x00, 0x02, 0x80, 0x24, 0x00, 0x00,
    0x80, 0x20, 0x01, 0x44, 0x08, 0x40, 0x80, 0x00, 0x00, 0x00, 0x02, 0x12, 0x00, 0x00, 0x00, 0x00,
    0x00, 0x00, 0x00, 0x01, 0x02, 0x80, 0x49, 0x00, 0x29, 0x11, 0x90, 0x90, 0x10, 0x42, 0x05, 0x00,
    0x20, 0x02, 0x51, 0x92, 0x10, 0x00, 0x00, 0x00, 0x10, 0x00, 0x00, 0x48, 0x10, 0x01, 0x00, 0x08,
    0x10, 0x01, 0x01, 0x20, 0x00, 0x40, 0x20, 0x00, 0x02, 0x11, 0x02, 0x00, 0x00, 0x40, 0x00, 0x12,
    0x00, 0x08, 0x12, 0x02, 0x04, 0x80, 0x00, 0x41, 0x02, 0x12, 0x00, 0x00, 0x20, 0x10, 0x00, 0x01,
    0x00, 0x00, 0x00, 0x00, 0x00, 0x48, 0x40, 0x40, 0x84, 0x14, 0x00, 0x92, 0x88, 0x80, 0x48, 0x02,
    0x29, 0x01, 0x20, 0x29, 0x01, 0x28, 0xD1, 0x04, 0x08, 0x08, 0x01, 0x00, 0x10, 0x20, 0x01, 0x08,
    0x00, 0x40, 0x00, 0x00, 0x08, 0x10, 0x04, 0x00, 0x00, 0x09, 0x20, 0x51, 0x00, 0x40, 0x24, 0x91,
    0x08, 0x40, 0x00, 0x22, 0x41, 0x00, 0x00, 0x00, 0x12, 0x00, 0x00, 0x10, 0x00, 0x22, 0x22, 0x04,
    0x40, 0x00, 0x00, 0x00, 0x00, 0x00, 0x00, 0x80, 0x24, 0x00, 0x08, 0x00, 0x2A, 0x12, 0x90, 0x22,
    0x44, 0x11, 0x01, 0x04, 0x42, 0x02, 0x90, 0x2A, 0xD6, 0x48, 0x02, 0x00, 0x01, 0x40, 0x02, 0x01,
    0x00, 0x80, 0x40, 0x00, 0x00, 0x40, 0x20, 0x40, 0x80, 0x00, 0x00, 0x00, 0x02, 0x01, 0x00, 0x00,
    0x00, 0x00, 0x00, 0x00, 0x08, 0x40, 0x00, 0x00, 0x00, 0x00, 0x40, 0x00, 0x24, 0x90, 0x80, 0x20,
    0x00, 0x00, 0x80, 0x04, 0x02, 0x04, 0x00, 0x00, 0x00, 0x00, 0x00, 0x02, 0x00, 0x01, 0x80, 0x52,
    0x00, 0x48, 0x45, 0x90, 0x24, 0x21, 0x52, 0x09, 0x00, 0x10, 0x05, 0x50, 0xA2, 0x02, 0x00, 0x10,
    0x24, 0x20, 0x00, 0x00, 0x24, 0x01, 0x00, 0x00, 0x00, 0x00, 0x02, 0x09, 0x00, 0x00, 0x00, 0x20,
    0x80, 0x24, 0x01, 0x89, 0x00, 0x00, 0x00, 0x01, 0x09, 0x88, 0x10, 0x02, 0x11, 0x12, 0x80, 0x00,
    0x02, 0x04, 0x04, 0x00, 0x00, 0x10, 0x00, 0x90, 0x00, 0x00, 0x00, 0x00, 0x00, 0x00, 0x40, 0x20,
    0x40, 0x12, 0x49, 0x00, 0x29, 0x89, 0x00, 0x45, 0x0A, 0x88, 0x04, 0x40, 0x42, 0x0A, 0xA4, 0x49,
    0x12, 0x00, 0x00, 0x10, 0x09, 0x48, 0x80, 0x00, 0x20, 0x00, 0x04, 0x00, 0x10, 0x10, 0x40, 0x24,
    0x00, 0x00, 0x08, 0x00, 0x09, 0x00, 0x00, 0x48, 0x92, 0x24, 0x00, 0x00, 0x01, 0x02, 0x20, 0x00,
    0x00, 0x12, 0x40, 0x00, 0x00, 0x00, 0x04, 0x49, 0x02, 0x92, 0x04, 0x00, 0x00, 0x00, 0x00, 0x00,
    0x00, 0x15, 0x02, 0x08, 0x00, 0xA4, 0x10, 0x44, 0x2A, 0x09, 0x92, 0x08, 0x48, 0x22, 0x09, 0xA0,
    0x14, 0xA9, 0xA4, 0x05, 0x00, 0x84, 0x45, 0x00, 0x00, 0x00, 0x00, 0x88, 0x20, 0x00, 0x04, 0x04,
    0x02, 0x00, 0x00, 0x00, 0x00, 0x81, 0x08, 0x80, 0x10, 0x00, 0x00, 0x00, 0x00, 0x20, 0x20, 0x20,
    0x80, 0x00, 0x40, 0x80, 0x00, 0x09, 0x90, 0x40, 0x00, 0x40, 0x00, 0x40, 0x41, 0x40, 0x08, 0x00,
    0x00, 0x00, 0x00, 0x00, 0x02, 0x00, 0x01, 0x00, 0x56, 0x02, 0x50, 0x95, 0x22, 0x14, 0x95, 0x00,
    0x11, 0x00, 0x48, 0x14, 0x50, 0x41, 0x02, 0x80, 0x40, 0x08, 0x80, 0x00, 0x04, 0x24, 0x05, 0x00,
    0x40, 0x00, 0x20, 0x40, 0x12, 0x02, 0x00, 0x01, 0x00, 0x00, 0x12, 0x01, 0x48, 0x02, 0x00, 0x00,
    0x04, 0x04, 0x04, 0x10, 0x04, 0x02, 0x0A, 0x04, 0x00, 0x02, 0x04, 0x00, 0x91, 0x24, 0x11, 0x08,
    0x12, 0x01, 0x00, 0x00, 0x00, 0x00, 0x00, 0x41, 0x20, 0x20, 0x44, 0x48, 0x05, 0x20, 0x22, 0x81,
    0x48, 0x22, 0x20, 0x0A, 0x00, 0x40, 0x1A, 0xA8, 0x29, 0x0B, 0x11, 0x20, 0x00, 0x02, 0x00, 0x00,
    0x00, 0x00, 0x02, 0x00, 0x20, 0x00, 0x09, 0x40, 0x00, 0x00, 0x00, 0x10, 0x80, 0x04, 0x00, 0x00,
    0x90, 0x24, 0x89, 0x80, 0x80, 0x40, 0x02, 0x00, 0x00, 0x00, 0x40, 0x40, 0x00, 0x00, 0x24, 0x02,
    0x08, 0x08, 0x92, 0x08, 0x80, 0x20, 0x00, 0x00, 0x00, 0x40, 0x12, 0x04, 0x00, 0x00, 0xA4, 0x21,
    0x01, 0x59, 0x0C, 0xB4, 0x24, 0x04, 0xA4, 0x24, 0x81, 0x92, 0x54, 0x91, 0x05, 0x80, 0x14, 0x22,
    0x00, 0x00, 0x00, 0x40, 0x50, 0x00, 0x00, 0x00, 0x08, 0x00, 0x01, 0x10, 0x00, 0x00, 0x02, 0x02,
    0x40, 0x00, 0x02, 0x00, 0x00, 0x00, 0x00, 0x00, 0x00, 0x40, 0x20, 0x00, 0x40, 0x08, 0x08, 0x00,
    0x20, 0x01, 0x48, 0x22, 0x21, 0x01, 0x41, 0x12, 0x08, 0x00, 0x00, 0x00, 0x00, 0x04, 0x42, 0x82,
    0x80, 0x24, 0x14, 0x88, 0x49, 0x12, 0x90, 0x94, 0x00, 0x49, 0x00, 0x40, 0x14, 0xA8, 0x84, 0x04,
    0x00, 0x00, 0x00, 0x00, 0x24, 0x00, 0x00, 0x24, 0x00, 0x04, 0x00, 0x00, 0x20, 0x24, 0x02, 0x00,
    0x00, 0x40, 0x40, 0x12, 0x02, 0x90, 0x04, 0x08, 0x00, 0x10, 0x24, 0x10, 0x08, 0x00, 0x10, 0x04,
    0x00, 0x01, 0x90, 0x04, 0x20, 0x21, 0x11, 0x42, 0x48, 0x24, 0x08, 0x84, 0x00, 0x00, 0x00, 0x00,
    0x81, 0x10, 0x00, 0x00, 0x90, 0x26, 0x40, 0xA4, 0x24, 0x41, 0x92, 0x10, 0x10, 0x00, 0x08, 0x19,
    0xA8, 0x49, 0x0B, 0x40, 0x92, 0x08, 0x49, 0x00, 0x84, 0x00, 0x01, 0x22, 0x00, 0x00, 0x20, 0x04,
    0x00, 0x00, 0x00, 0x00, 0x08, 0x00, 0x00, 0x20, 0x00, 0x20, 0x01, 0x49, 0x02, 0x00, 0x02, 0x81,
    0x04, 0x02, 0x00, 0x21, 0x00, 0x02, 0x88, 0x94, 0x04, 0x40, 0x08, 0x92, 0x48, 0x82, 0x00, 0x00,
    0x80, 0x10, 0x82, 0x24, 0x00, 0x10, 0x10, 0x50, 0x45, 0x01, 0x48, 0xA9, 0x40, 0x53, 0x02, 0xA0,
    0x92, 0x80, 0x24, 0x50, 0x81, 0x04, 0x90, 0x04, 0x48, 0x00, 0x80, 0x00, 0x04, 0x90, 0x00, 0x40,
    0x84, 0x08, 0x01, 0x01, 0x11, 0x00, 0x00, 0x00, 0x82, 0x24, 0x01, 0x00, 0x00, 0x20, 0x00, 0x80,
    0x00, 0x20, 0x00, 0x00, 0x40, 0x20, 0x00, 0x40, 0x08, 0x21, 0x02, 0x48, 0x0A, 0x81, 0x00, 0x02,
    0x24, 0x80, 0x00, 0x04, 0x00, 0x80, 0x08, 0x8A, 0x00, 0x02, 0x22, 0x88, 0x04, 0xA5, 0x92, 0x08,
    0x49, 0x02, 0x49, 0x00, 0x04, 0x18, 0xA8, 0x82, 0x86, 0x20, 0x40, 0x02, 0x84, 0x24, 0x00, 0x00,
    0x40, 0x00, 0x00, 0x00, 0x00, 0x20, 0x48, 0x00, 0x00, 0x00, 0x22, 0x00, 0x02, 0x00, 0x24, 0x09,
    0x04, 0x00, 0x10, 0x90, 0x00, 0x10, 0x20, 0x00, 0x04, 0x08, 0x08, 0x41, 0x00, 0x48, 0x22, 0x21,
    0x24, 0x48, 0x24, 0x11, 0x10, 0x00, 0x00, 0x40, 0x00, 0x02, 0x01, 0x00, 0x80, 0x80, 0x1A, 0x22,
    0x50, 0x4A, 0x83, 0x8C, 0x24, 0x80, 0x44, 0x00, 0x2A, 0x50, 0x41, 0x03, 0x00, 0x25, 0x40, 0x22,
    0x01, 0x24, 0x00, 0x02, 0x04, 0x00, 0x00, 0x20, 0x02, 0x00, 0x00, 0x00, 0x00, 0x00, 0x00, 0x40,
    0x02, 0x00, 0x80, 0x00, 0x49, 0x02, 0x02, 0x08, 0x02, 0x02, 0x08, 0x00, 0x41, 0x00, 0x10, 0x2A,
    0x11, 0x11, 0x00, 0x00, 0x22, 0x48, 0x02, 0x02, 0x20, 0x00, 0x00, 0x00, 0x51, 0x20, 0x44, 0x00,
    0x04, 0x51, 0x10, 0x22, 0x49, 0x02, 0x32, 0x01, 0x20, 0x09, 0x20, 0x25, 0xA8, 0x89, 0x04, 0x40,
    0x02, 0xB5, 0x92, 0x94, 0x00, 0x00, 0x90, 0x12, 0x04, 0x00, 0x04, 0x90, 0x04, 0x09, 0x00, 0x00,
    0x10, 0x80, 0x24, 0x00, 0x00, 0x10, 0x40, 0x00, 0x00, 0x00, 0x80, 0x40, 0x00, 0x00, 0x20, 0x00,
    0x00, 0x80, 0x80, 0x00, 0x08, 0x49, 0x82, 0x00, 0x02, 0x28, 0x20, 0x01, 0x00, 0x00, 0x80, 0x08,
    0x02, 0x00, 0x10, 0x90, 0xA4, 0x90, 0x88, 0x96, 0x14, 0x48, 0x0A, 0x02, 0x81, 0x04, 0x10, 0xA8,
    0x80, 0x06, 0x48, 0xD0, 0x2A, 0x55, 0xAA, 0x44, 0x11, 0x00, 0x80, 0x00, 0x40, 0x00, 0x00, 0x20,
    0x00, 0x00, 0x00, 0x42, 0x04, 0x01, 0x02, 0x22, 0x02, 0x09, 0x00, 0x48, 0x20, 0x11, 0x00, 0x80,
    0x40, 0x04, 0x08, 0x92, 0x24, 0x10, 0x48, 0x82, 0x00, 0x20, 0x90, 0xA4, 0x12, 0x00, 0x00, 0x00,
    0x00, 0x00, 0x02, 0x84, 0x00, 0x82, 0x00, 0x92, 0x04, 0x21, 0x49, 0x0A, 0x50, 0x48, 0x00, 0x12,
    0x00, 0x32, 0x50, 0x01, 0x85, 0x00, 0xA9, 0x84, 0x88, 0x12, 0x1B, 0x00, 0x00, 0x11, 0x80, 0x04,
    0x20, 0x09, 0x00, 0x00, 0x00, 0x00, 0x00, 0x00, 0x08, 0x21, 0x00, 0x00, 0x00, 0x92, 0x00, 0x04,
    0x00, 0x08, 0x12, 0x00, 0x00, 0x00, 0x00, 0x00, 0x45, 0x92, 0x24, 0x00, 0x04, 0x0A, 0x10, 0x81,
    0x24, 0x00, 0x02, 0x00, 0x00, 0x80, 0x10, 0x48, 0x00, 0x08, 0xA4, 0x02, 0x16, 0x29, 0x25, 0x21,
    0x01, 0x48, 0x04, 0x22, 0x12, 0xA1, 0x90, 0x02, 0x44, 0x56, 0x49, 0xAA, 0xA4, 0x20, 0x00, 0x00,
    0x08, 0x08, 0x00, 0x04, 0x20, 0x89, 0x24, 0x00, 0x02, 0x12, 0x00, 0x41, 0x00, 0x40, 0x48, 0x40,
    0x00, 0x00, 0x00, 0x04, 0x21, 0x00, 0x08, 0x40, 0x02, 0x00, 0x49, 0x00, 0x01, 0x00, 0x22, 0x01,
    0x41, 0x02, 0x28, 0x09, 0x01, 0x00, 0x00, 0x40, 0x48, 0x08, 0x00, 0x10, 0x41, 0x48, 0x42, 0x90,
    0xA4, 0x34, 0xA0, 0x94, 0x00, 0x24, 0x01, 0x10, 0xD8, 0x80, 0x06, 0x80, 0xAA, 0x20, 0x55, 0x49,
    0x92, 0x02, 0x20, 0x20, 0x01, 0x00, 0x00, 0x00, 0x00, 0x00, 0x00, 0x00, 0x00, 0x20, 0x12, 0x00,
    0x08, 0x00, 0x09, 0x00, 0x92, 0x90, 0x20, 0x00, 0x00, 0x00, 0x10, 0x40, 0x40, 0x80, 0x28, 0x48,
    0x12, 0x00, 0x20, 0x24, 0x50, 0x45, 0x00, 0x00, 0x10, 0x00, 0x02, 0x04, 0x20, 0x01, 0x00, 0x08,
    0x40, 0x15, 0x60, 0x12, 0x49, 0x00, 0x41, 0x00, 0x0A, 0x04, 0x12, 0x48, 0x00, 0x05, 0x60, 0x49,
    0x94, 0x49, 0x2A, 0x49, 0x89, 0x00, 0x04, 0x10, 0x00, 0x20, 0x09, 0x20, 0x00, 0x00, 0x00, 0x02,
    0x01, 0x80, 0x02, 0x01, 0x02, 0x00, 0x48, 0x00, 0x00, 0x00, 0x00, 0x44, 0x20, 0x01, 0x08, 0x04,
    0x12, 0x44, 0x12, 0x01, 0x00, 0x04, 0x80, 0x24, 0x12, 0x92, 0x00, 0x00, 0x00, 0x00, 0x20, 0x02,
    0x20, 0x20, 0x21, 0x21, 0x0A, 0x42, 0x52, 0xA2, 0x44, 0x09, 0x92, 0x08, 0x40, 0x00, 0xA0, 0x00,
    0x42, 0x50, 0x15, 0xAA, 0x24, 0x91, 0x24, 0x04, 0x00, 0x90, 0x04, 0x20, 0x00, 0x80, 0x04, 0x04,
    0x00, 0x00, 0x20, 0x80, 0x24, 0x00, 0x40, 0x20, 0x40, 0x02, 0x00, 0x02, 0x44, 0x92, 0x00, 0x00,
    0x20, 0x01, 0x00, 0x00, 0x01, 0x00, 0x24, 0x91, 0x40, 0x12, 0x08, 0x20, 0x09, 0x00, 0x00, 0x02,
    0x00, 0x00, 0x90, 0x00, 0x02, 0x02, 0x80, 0xA4, 0x80, 0x4A, 0x92, 0x80, 0x02, 0x00, 0x24, 0x09,
    0x10, 0x58, 0x24, 0x03, 0x98, 0x80, 0x55, 0x00, 0x00, 0x89, 0x12, 0x00, 0x40, 0x00, 0x00, 0x04,
    0x10, 0x00, 0x01, 0x00, 0x00, 0x04, 0x00, 0x00, 0x01, 0x08, 0x00, 0x12, 0x00, 0x44, 0x80, 0x00,
    0x00, 0x00, 0x00, 0x00, 0x40, 0x00, 0x91, 0x90, 0xA4, 0x00, 0x00, 0x01, 0x40, 0x92, 0x8A, 0x80,
    0x08, 0x00, 0x00, 0x40, 0x22, 0x01, 0x05, 0x51, 0x54, 0x09, 0x10, 0x00, 0x91, 0x48, 0x01, 0x52,
    0x01, 0x08, 0x00, 0x48, 0x20, 0x00, 0x05, 0x24, 0xB0, 0x0A, 0x00, 0x20, 0x10, 0x29, 0x00, 0x00,
    0x49, 0x02, 0x20, 0x02, 0x20, 0x20, 0x00, 0x00, 0x00, 0x12, 0x02, 0x10, 0x80, 0x08, 0x00, 0x24,
    0x01, 0x10, 0x00, 0x00, 0x10, 0x11, 0x00, 0x08, 0x20, 0x04, 0x42, 0x00, 0x01, 0x00, 0x08, 0x08,
    0x21, 0x91, 0x24, 0x00, 0x10, 0x00, 0x08, 0x00, 0x20, 0xA2, 0x4A, 0x89, 0x00, 0x4A, 0x10, 0x2C,
    0x88, 0x12, 0x05, 0x24, 0x10, 0x02, 0x01, 0x2C, 0x00, 0x82, 0x04, 0x5A, 0x01, 0x49, 0x02, 0x00,
    0x84, 0x10, 0x88, 0x10, 0x00, 0x00, 0x80, 0x04, 0x04, 0x00, 0x00, 0x20, 0x00, 0x91, 0x00, 0x00,
    0x80, 0x80, 0x00, 0x10, 0x02, 0x24, 0x49, 0x02, 0x00, 0x82, 0x00, 0x02, 0x00, 0x00, 0x12, 0x24,
    0x00, 0x82, 0x24, 0x44, 0x44, 0x12, 0x00, 0x00, 0x00, 0x01, 0x80, 0x48, 0x54, 0xA4, 0x96, 0x44,
    0x20, 0x02, 0x44, 0x02, 0x05, 0x28, 0x00, 0x08, 0x20, 0x00, 0x08, 0x80, 0x02, 0x02, 0x84, 0x20,
    0x00, 0x00, 0x00, 0x48, 0x00, 0x00, 0x02, 0x20, 0x00, 0x24, 0x00, 0x00, 0x00, 0x00, 0x02, 0x00,
    0x00, 0x01, 0x12, 0x10, 0x12, 0x00, 0x40, 0x80, 0x00, 0x00, 0x00, 0x00, 0x10, 0x40, 0x00, 0x90,
    0x20, 0x80, 0x00, 0x24, 0x01, 0x40, 0x12, 0x22, 0x04, 0x09, 0x00, 0x00, 0x00, 0x11, 0x04, 0x13,
    0x51, 0x62, 0x09, 0x00, 0x81, 0x28, 0x21, 0x02, 0x0C, 0x09, 0x49, 0x04, 0x10, 0xA0, 0x24, 0x01,
    0x49, 0x2B, 0x04, 0x00, 0x00, 0x41, 0x40, 0x02, 0x00, 0x04, 0x00, 0x92, 0x00, 0x20, 0x01, 0x00,
    0x00, 0x00, 0x20, 0x09, 0x20, 0x00, 0x02, 0x00, 0x48, 0x02, 0x10, 0x00, 0x00, 0x90, 0x40, 0x40,
    0x08, 0x80, 0x00, 0x04, 0x11, 0x49, 0x00, 0x10, 0x89, 0x20, 0x11, 0x49, 0x00, 0x80, 0x08, 0x00,
    0x00, 0xD0, 0xAA, 0x08, 0x59, 0x0A, 0x02, 0x08, 0xA0, 0x08, 0x94, 0x80, 0x00, 0x10, 0x00, 0x81,
    0x10, 0x00, 0x93, 0x80, 0x04, 0x00, 0x00, 0x10, 0x00, 0x00, 0x01, 0x00, 0x20, 0x01, 0x00, 0x40,
    0x04, 0x10, 0x00, 0x00, 0x90, 0x00, 0x00, 0x00, 0x40, 0x00, 0x40, 0x02, 0x80, 0x04, 0x44, 0x12,
    0x01, 0x00, 0x00, 0x00, 0x10, 0x00, 0x00, 0x08, 0x10, 0x00, 0x02, 0x10, 0x88, 0x88, 0x00, 0x20,
    0x00, 0x00, 0x12, 0x00, 0x49, 0x04, 0x00, 0x88, 0x55, 0x90, 0x04, 0x40, 0x81, 0x08, 0x38, 0x48,
    0x08, 0x00, 0x00, 0x08, 0x00, 0x41, 0x60, 0x02, 0x00, 0x08, 0x01, 0x00, 0x80, 0x48, 0x80, 0x08,
    0x00, 0x08, 0x09, 0x00, 0x00, 0x00, 0x00, 0x24, 0x04, 0x90, 0x00, 0x02, 0x90, 0x04, 0x20, 0x10,
    0x80, 0x00, 0x00, 0x00, 0x04, 0x00, 0x41, 0x02, 0x84, 0x80, 0x40, 0x82, 0x00, 0x00, 0x02, 0x45,
    0x44, 0x92, 0x04, 0x00, 0x80, 0x80, 0x20, 0x54, 0x92, 0x02, 0x20, 0x29, 0x00, 0x40, 0x44, 0x02,
    0x10, 0x11, 0x02, 0x14, 0x49, 0x00, 0x10, 0xC8, 0x00, 0x14, 0x81, 0x88, 0x00, 0x00, 0x08, 0x08,
    0x04, 0x00, 0x04, 0x00, 0x00, 0x00, 0x48, 0x02, 0x00, 0x00, 0x42, 0x90, 0x0A, 0x08, 0x00, 0x00,
    0x00, 0x00, 0x02, 0x00, 0x08, 0x80, 0x20, 0x00, 0x01, 0x00, 0x80, 0x00, 0x10, 0x04, 0x04, 0x20,
    0x90, 0xA4, 0x10, 0x22, 0x01, 0x00, 0x00, 0x00, 0x00, 0x00, 0x26, 0x49, 0x12, 0x41, 0xA4, 0x02,
    0x08, 0x00, 0x25, 0x12, 0x20, 0x00, 0x0B, 0x00, 0x12, 0x04, 0x01, 0x81, 0x88, 0x08, 0x00, 0x00,
    0x00, 0x00, 0x00, 0x02, 0x02, 0x90, 0x08, 0x10, 0x20, 0x01, 0x00, 0x00, 0x00, 0x10, 0x02, 0x40,
    0x42, 0x90, 0x04, 0x20, 0x49, 0x80, 0x24, 0x00, 0x11, 0x04, 0x00, 0x00, 0x08, 0x00, 0x00, 0x02,
    0x90, 0x80, 0x04, 0x02, 0x10, 0x82, 0x12, 0x24, 0x21, 0x00, 0x88, 0x00, 0xA4, 0x01, 0x52, 0x08,
    0x88, 0xA4, 0x44, 0x82, 0x20, 0x02, 0x20, 0x24, 0x91, 0x25, 0x00, 0x00, 0x00, 0x80, 0x10, 0x20,
    0x00, 0x00, 0x24, 0x80, 0x80, 0x00, 0x20, 0x00, 0x00, 0x04, 0x00, 0x09, 0x00, 0x10, 0x40, 0x00,
    0x24, 0x91, 0x24, 0x00, 0x02, 0x80, 0x04, 0x00, 0x10, 0x00, 0x21, 0x00, 0x80, 0x40, 0x08, 0x81,
    0x00, 0x24, 0x00, 0x02, 0x48, 0x80, 0x20, 0x42, 0x48, 0x48, 0x10, 0x00, 0x00, 0x40, 0x48, 0x52,
    0x90, 0x28, 0x92, 0x10, 0x10, 0x01, 0x20, 0x04, 0x14, 0x51, 0x30, 0x04, 0x10, 0x24, 0x80, 0x24,
    0xA4, 0x00, 0x14, 0x40, 0x20, 0x00, 0x12, 0x00, 0x00, 0x10, 0x00, 0x20, 0x00, 0x08, 0x00, 0x48,
    0x02, 0x00, 0x00, 0x80, 0x08, 0x09, 0x02, 0x00, 0x20, 0x00, 0x00, 0x02, 0x00, 0x00, 0x00, 0x01,
    0x00, 0x00, 0x00, 0x04, 0x00, 0x40, 0x40, 0x04, 0x10, 0x88, 0x88, 0x24, 0x22, 0x02, 0x09, 0x00,
    0x00, 0x24, 0x09, 0x40, 0x44, 0x91, 0x40, 0x05, 0x29, 0x10, 0x40, 0x0A, 0x20, 0x40, 0x20, 0x8D,
    0x00, 0x04, 0x02, 0x00, 0x40, 0x06, 0x00, 0x02, 0x01, 0x00, 0x10, 0x00, 0x00, 0x00, 0x40, 0x00,
    0x80, 0x20, 0x01, 0x00, 0x00, 0x00, 0x48, 0x42, 0x44, 0x21, 0x90, 0x04, 0x20, 0x49, 0x80, 0x24,
    0x08, 0x24, 0x10, 0x02, 0x00, 0x24, 0x00, 0x01, 0x08, 0x90, 0x90, 0x44, 0x02, 0x00, 0x01, 0x11,
    0x49, 0x00, 0x02, 0x40, 0x01, 0x00, 0x04, 0xAA, 0x4A, 0x02, 0x20, 0x04, 0x81, 0x02, 0x48, 0x22,
    0x51, 0x02, 0x0A, 0x80, 0x80, 0x84, 0x48, 0x12, 0x40, 0x02, 0x48, 0x5A, 0x02, 0x01, 0x24, 0x80,
    0x08, 0x80, 0x20, 0x00, 0x04, 0x00, 0x00, 0x00, 0x00, 0x24, 0x10, 0x22, 0x04, 0x04, 0x80, 0x04,
    0x00, 0x24, 0x00, 0x81, 0x00, 0x00, 0x00, 0x02, 0x80, 0x20, 0x90, 0x00, 0x04, 0x00, 0x00, 0x44,
    0x24, 0x52, 0x88, 0x10, 0x20, 0x00, 0x28, 0x40, 0x00, 0x40, 0x92, 0x94, 0x0C, 0x12, 0x00, 0x00,
    0x08, 0x10, 0x40, 0xA0, 0x90, 0x10, 0x14, 0x10, 0x02, 0x10, 0x00, 0x22, 0xD0, 0x6A, 0xA5, 0x6D,
    0x80, 0x00, 0x00, 0x00, 0x02, 0x10, 0x00, 0x00, 0x24, 0x11, 0x00, 0x00, 0x80, 0x04, 0x10, 0x00,
    0x42, 0x00, 0x00, 0x00, 0x00, 0x02, 0x10, 0x80, 0x44, 0x40, 0x80, 0x00, 0x00, 0x04, 0x20, 0x01,
    0x49, 0x92, 0x20, 0x49, 0x88, 0x44, 0x84, 0x04, 0x20, 0x00, 0x12, 0x04, 0x08, 0x10, 0x25, 0x91,
    0x80, 0x48, 0x24, 0x20, 0x69, 0x48, 0x52, 0x04, 0x09, 0x21, 0x00, 0x22, 0x00, 0x08, 0x01, 0x2A,
    0x11, 0x29, 0x29, 0x15, 0x00, 0x02, 0x00, 0x00, 0x02, 0x00, 0x90, 0x00, 0x00, 0x00, 0x04, 0x24,
    0x49, 0x89, 0x4A, 0x20, 0x10, 0x90, 0x24, 0x01, 0x48, 0x00, 0x12, 0x00, 0x00, 0x00, 0x04, 0x04,
    0x02, 0x01, 0x48, 0x00, 0x20, 0x12, 0x00, 0x01, 0x22, 0x02, 0x00, 0x00, 0x88, 0x00, 0x80, 0x00,
    0xA4, 0x48, 0x21, 0x24, 0x80, 0x00, 0x01, 0x90, 0x84, 0x90, 0x20, 0x24, 0x09, 0x89, 0x04, 0x22,
    0x40, 0x24, 0x85, 0xA4, 0x54, 0x95, 0x96, 0x24, 0x00, 0x10, 0x20, 0x41, 0x00, 0x01, 0x00, 0x02,
    0x00, 0x00, 0x42, 0x80, 0x48, 0x00, 0x08, 0x02, 0x02, 0x00, 0x48, 0x00, 0x02, 0x00, 0x00, 0x04,
    0x11, 0x80, 0x00, 0x50, 0x00, 0x00, 0x08, 0x04, 0x84, 0x24, 0xA4, 0x80, 0x50, 0x00, 0x01, 0x04,
    0x88, 0x10, 0x80, 0x40, 0x92, 0x48, 0x00, 0x02, 0x08, 0x48, 0x22, 0xC9, 0x4A, 0x4A, 0x42, 0x52,
    0x01, 0x41, 0x10, 0x12, 0x90, 0x50, 0x92, 0x92, 0x6A, 0x49, 0x02, 0x00, 0x00, 0x00, 0x20, 0x00,
    0x00, 0x48, 0x10, 0x00, 0x00, 0x20, 0x12, 0x12, 0x04, 0x04, 0x40, 0x00, 0x00, 0x00, 0x00, 0x90,
    0x00, 0x91, 0x00, 0x00, 0x10, 0x40, 0x08, 0x00, 0x02, 0x22, 0x21, 0x21, 0x82, 0x08, 0x49, 0x04,
    0x24, 0x00, 0x20, 0x41, 0x00, 0x00, 0x00, 0x4A, 0x42, 0x91, 0x10, 0x24, 0x20, 0xB0, 0x2C, 0xB5,
    0x22, 0x59, 0x24, 0x22, 0x08, 0x04, 0x00, 0x49, 0x2A, 0x12, 0x49, 0x90, 0x64, 0x15, 0x09, 0x81,
    0x80, 0x04, 0x12, 0x20, 0x01, 0x00, 0x00, 0x00, 0x90, 0x24, 0x88, 0x22, 0x41, 0x08, 0x48, 0x92,
    0x04, 0x49, 0x00, 0x24, 0x00, 0x00, 0x00, 0x00, 0x04, 0x00, 0x49, 0x90, 0x00, 0x08, 0x10, 0x20,
    0x10, 0x10, 0x82, 0x00, 0x00, 0x04, 0x04, 0x00, 0x12, 0x04, 0x91, 0x84, 0x02, 0x84, 0x80, 0x84,
    0x9C, 0xE6, 0x4A, 0x55, 0xAA, 0x0A, 0x85, 0x42, 0x82, 0x94, 0x04, 0x81, 0x20, 0x00, 0x84, 0x9A,
    0x92, 0x00, 0x00, 0x00, 0x02, 0x00, 0x00, 0x00, 0x00, 0x00, 0x00, 0x24, 0x81, 0x44, 0x00, 0x24,
    0x00, 0x00, 0x00, 0x40, 0x00, 0x02, 0x00, 0x02, 0x04, 0x02, 0x82, 0x00, 0x24, 0x00, 0x00, 0x80,
    0x80, 0x24, 0x49, 0x42, 0x05, 0x11, 0x01, 0x01, 0x88, 0x00, 0x49, 0x00, 0x20, 0x48, 0x22, 0x09,
    0x01, 0x20, 0x90, 0x48, 0x5B, 0x8B, 0x94, 0x4C, 0x53, 0x44, 0xB2, 0xD0, 0x42, 0x22, 0x00, 0x88,
    0xAA, 0x22, 0x49, 0xAA, 0x04, 0x08, 0x00, 0x00, 0x00, 0x00, 0x24, 0x02, 0x00, 0x00, 0x00, 0x10,
    0x10, 0x04, 0x00, 0x40, 0x02, 0x01, 0x08, 0x00, 0x90, 0x00, 0x48, 0x00, 0x20, 0x00, 0x20, 0x00,
    0x00, 0x02, 0x10, 0x22, 0x82, 0x04, 0x24, 0xA0, 0x00, 0x00, 0x00, 0x04, 0x48, 0x02, 0x20, 0x00,
    0x40, 0x04, 0x14, 0x22, 0x44, 0x40, 0xF4, 0x5A, 0xC2, 0x6A, 0xA5, 0xAC, 0xA2, 0x14, 0x29, 0x10,
    0x11, 0x24, 0x25, 0x55, 0x11, 0xA4, 0x55, 0x22, 0x40, 0x00, 0x29, 0x20, 0x82, 0x00, 0x10, 0x00,
    0x00, 0xA4, 0x24, 0x89, 0x22, 0x24, 0x08, 0x20, 0x90, 0x00, 0x92, 0x00, 0x48, 0x00, 0x40, 0x00,
    0x20, 0x04, 0x00, 0x01, 0x40, 0x02, 0x04, 0x10, 0x20, 0x01, 0x09, 0x2A, 0x11, 0x00, 0x04, 0x04,
    0x90, 0x04, 0x00, 0x80, 0x12, 0x25, 0x08, 0x01, 0xB2, 0x2C, 0xAD, 0x13, 0x95, 0xB6, 0x52, 0x25,
    0xA5, 0x44, 0x25, 0x88, 0x00, 0x48, 0x22, 0xAC, 0x92, 0x24, 0x09, 0x00, 0x04, 0x00, 0x00, 0x00,
    0x40, 0x00, 0x00, 0x00, 0x08, 0x02, 0x42, 0x00, 0x00, 0x00, 0x04, 0x02, 0x90, 0x00, 0x00, 0x00,
    0x00, 0x04, 0x04, 0x04, 0x00, 0x11, 0x20, 0x00, 0x40, 0x20, 0x81, 0x12, 0x92, 0x40, 0x00, 0x00,
    0x80, 0x20, 0x21, 0x15, 0x20, 0x01, 0x01, 0x24, 0x28, 0x04, 0xA0, 0x21, 0x51, 0x6B, 0x8D, 0xAA,
    0x52, 0xAB, 0x44, 0x4A, 0x29, 0x11, 0x02, 0x50, 0xA5, 0x54, 0x43, 0x52, 0x52, 0x13, 0x01, 0x00,
    0x08, 0x10, 0x08, 0x00, 0x00, 0x00, 0x00, 0x00, 0x90, 0x10, 0x09, 0x92, 0x80, 0x00, 0x00, 0x02,
    0x00, 0x24, 0x01, 0x92, 0x00, 0x00, 0x80, 0x10, 0x00, 0x04, 0x04, 0x00, 0x40, 0x48, 0x84, 0x20,
    0x24, 0x92, 0x00, 0x00, 0x08, 0x40, 0x82, 0x40, 0x08, 0x10, 0x90, 0x90, 0x40, 0x52, 0x62, 0xB9,
    0xD5, 0x2A, 0x6D, 0x59, 0x29, 0xA5, 0x35, 0xB6, 0x11, 0x90, 0xAC, 0x12, 0x89, 0x54, 0xA9, 0xAD,
    0x22, 0x00, 0x00, 0x84, 0x00, 0x01, 0x08, 0x09, 0x00, 0x00, 0x00, 0x00, 0x00, 0x40, 0x00, 0x10,
    0x90, 0x48, 0x00, 0x92, 0x00, 0x40, 0x00, 0x00, 0x80, 0x00, 0x00, 0x00, 0x00, 0x00, 0x10, 0x09,
    0x12, 0x20, 0x09, 0x01, 0x01, 0x84, 0x00, 0x04, 0x08, 0xE0, 0x12, 0x01, 0x80, 0x48, 0x41, 0x31,
    0x80, 0xD6, 0xAC, 0xBA, 0x56, 0x24, 0xAD, 0xD4, 0x4A, 0x92, 0x92, 0x28, 0x41, 0x02, 0x24, 0x49,
    0xAA, 0x16, 0x49, 0x8C, 0x90, 0x08, 0x20, 0x08, 0x20, 0x00, 0x00, 0x40, 0x08, 0x40, 0x00, 0x00,
    0x00, 0x48, 0x00, 0x02, 0x00, 0x48, 0x00, 0x00, 0x08, 0x00, 0x10, 0x12, 0x10, 0x42, 0x92, 0x40,
    0x00, 0x02, 0x00, 0x00, 0x09, 0x84, 0x20, 0x10, 0x00, 0x10, 0x20, 0x81, 0x0C, 0x0A, 0x90, 0x00,
    0x80, 0x48, 0x02, 0x51, 0x25, 0xD5, 0x6D, 0xB7, 0x58, 0x93, 0x26, 0xA5, 0x6A, 0x55, 0x56, 0x52,
    0x12, 0x00, 0x00, 0x20, 0xC9, 0xA4, 0x49, 0x02, 0x00, 0x10, 0x00, 0x02, 0x20, 0x10, 0x00, 0x00,
    0x08, 0x88, 0x24, 0x09, 0x04, 0x02, 0x00, 0x11, 0x00, 0x04, 0x08, 0x01, 0x44, 0x02, 0x00, 0x00,
    0x00, 0x00, 0x00, 0x22, 0x00, 0x20, 0x49, 0x42, 0x40, 0x48, 0x8A, 0x00, 0x00, 0x10, 0x10, 0x10,
    0x44, 0x04, 0x00, 0x00, 0x85, 0x82, 0xA4, 0xCC, 0xB6, 0xD6, 0x34, 0xA9, 0x5A, 0xA9, 0x4A, 0x95,
    0xAA, 0x95, 0x28, 0x49, 0x00, 0x00, 0x40, 0xA8, 0x5A, 0x25, 0x02, 0x40, 0x00, 0x11, 0x80, 0x00,
    0x02, 0x00, 0x00, 0x00, 0x01, 0x00, 0x00, 0x00, 0x90, 0x48, 0x40, 0x02, 0x20, 0x21, 0x80, 0x00,
    0x00, 0x00, 0x82, 0x10, 0x00, 0x08, 0x00, 0x80, 0x04, 0x20, 0x00, 0x92, 0x04, 0x01, 0x00, 0x00,
    0x00, 0x80, 0xA4, 0xB2, 0x40, 0x12, 0x02, 0x12, 0x95, 0x82, 0x6E, 0x6B, 0xB5, 0xB6, 0x51, 0x25,
    0x55, 0xB5, 0x6A, 0x55, 0x6A, 0xA6, 0x04, 0x24, 0x89, 0x04, 0x12, 0x49, 0x9A, 0x04, 0x01, 0x48,
    0x00, 0x20, 0x00, 0x00, 0x00, 0x40, 0x00, 0x00, 0x00, 0x40, 0x48, 0x00, 0x00, 0x02, 0x20, 0x01,
    0x00, 0x10, 0x08, 0x00, 0x12, 0x10, 0x80, 0x24, 0x01, 0x00, 0x00, 0x80, 0x04, 0x92, 0x08, 0x20,
    0x10, 0x84, 0x90, 0xA0, 0x22, 0x49, 0x09, 0x0B, 0x00, 0x10, 0x24, 0x88, 0xD4, 0xB3, 0x5A, 0x5B,
    0xDB, 0xA2, 0xAA, 0xAA, 0x24, 0xA9, 0xAA, 0x95, 0x52, 0x48, 0x02, 0x00, 0x00, 0x80, 0xA4, 0x92,
    0x20, 0x00, 0x20, 0x80, 0x04, 0x00, 0x00, 0x00, 0x00, 0x02, 0x00, 0x00, 0x00, 0x00, 0x00, 0x11,
    0x08, 0x04, 0x88, 0x00, 0x02, 0x80, 0x24, 0x00, 0x00, 0x04, 0x00, 0x00, 0x04, 0x12, 0x48, 0x20,
    0x09, 0x20, 0x09, 0x02, 0x00, 0x08, 0x00, 0x00, 0x48, 0x4A, 0x25, 0x01, 0x00, 0x48, 0x0A, 0xA9,
    0xB4, 0xED, 0xB6, 0x4D, 0x45, 0x55, 0x95, 0x9A, 0x56, 0x55, 0x6A, 0x49, 0x26, 0x51, 0x02, 0x00,
    0x00, 0x52, 0x49, 0x12, 0x10, 0x00, 0x01, 0x00, 0x02, 0x10, 0x00, 0x00, 0x90, 0x88, 0x94, 0x04,
    0x00, 0x10, 0x40, 0x80, 0x00, 0x00, 0x44, 0x00, 0x01, 0x00, 0x00, 0x80, 0x00, 0x00, 0x44, 0x20,
    0x00, 0x00, 0x02, 0x40, 0x04, 0x40, 0x40, 0x00, 0x01, 0x44, 0x24, 0x32, 0x6D, 0xB0, 0x24, 0x21,
    0xA0, 0x24, 0xD4, 0xDE, 0x56, 0xAD, 0xB5, 0x95, 0xA2, 0x52, 0xD3, 0xA9, 0xAA, 0x55, 0xAD, 0xB5,
    0xAC, 0x55, 0x01, 0x10, 0x20, 0xA5, 0x44, 0x02, 0x48, 0x00, 0x90, 0x00, 0x02, 0x00, 0x00, 0x00,
    0x01, 0x08, 0x80, 0x00, 0x00, 0x04, 0x01, 0x20, 0x01, 0x00, 0x20, 0x24, 0x00, 0x90, 0x10, 0x40,
    0x92, 0x00, 0x00, 0x00, 0x01, 0x24, 0x09, 0x82, 0x00, 0x10, 0x00, 0x02, 0x00, 0x01, 0xC0, 0xA4,
    0x06, 0x05, 0x04, 0x41, 0x10, 0x4E, 0x4B, 0xB5, 0x6B, 0xED, 0x4A, 0x59, 0x6A, 0xA9, 0x54, 0xB5,
    0xAA, 0x26, 0x49, 0x4A, 0xAA, 0x94, 0x00, 0x80, 0x54, 0x42, 0x00, 0x00, 0x12, 0x02, 0x20, 0x00,
    0x00, 0x00, 0x20, 0x00, 0x01, 0x02, 0x00, 0x84, 0x00, 0x10, 0x04, 0x90, 0x00, 0x04, 0x00, 0x02,
    0x00, 0x00, 0x08, 0x00, 0x00, 0x00, 0x00, 0x90, 0x80, 0x80, 0x20, 0x24, 0x02, 0x08, 0x40, 0x00,
    0x02, 0x21, 0x53, 0x4B, 0x52, 0x00, 0x08, 0x49, 0x64, 0xF5, 0x6E, 0xDD, 0xB6, 0x2A, 0x26, 0x2D,
    0x56, 0xAE, 0x4A, 0xA9, 0xD2, 0x12, 0x64, 0xAD, 0x0A, 0x00, 0x44, 0x16, 0x92, 0x90, 0x40, 0x00,
    0x00, 0x04, 0x00, 0x00, 0x00, 0x04, 0x09, 0x48, 0x04, 0x90, 0x10, 0x20, 0x82, 0x00, 0x00, 0x92,
    0x00, 0x40, 0x40, 0x04, 0x00, 0x01, 0x00, 0x48, 0x00, 0x20, 0x00, 0x10, 0x24, 0x08, 0x00, 0x00,
    0x00, 0x09, 0x00, 0x12, 0x08, 0x36, 0x69, 0x21, 0x22, 0x20, 0x05, 0x96, 0xAD, 0xB5, 0xAA, 0xAD,
    0x35, 0xA9, 0xC5, 0xAA, 0xA5, 0xB5, 0x56, 0x5A, 0xDA, 0x12, 0x55, 0xA5, 0x04, 0x00, 0x49, 0x09,
    0x01, 0x20, 0x80, 0x90, 0x00, 0x10, 0x00, 0x00, 0x80, 0x00, 0x08, 0x20, 0x02, 0x00, 0x04, 0x00,
    0x40, 0x02, 0x00, 0x80, 0x04, 0x08, 0x20, 0x22, 0x40, 0x04, 0x01, 0x44, 0x02, 0x00, 0x02, 0x10,
    0x44, 0x82, 0x40, 0x00, 0x80, 0x24, 0x08, 0x80, 0xA8, 0x56, 0x12, 0x09, 0x00, 0xE0, 0x52, 0x5B,
    0x6B, 0x77, 0x6B, 0x95, 0x54, 0x69, 0x55, 0x59, 0xAA, 0x6A, 0xAB, 0x4D, 0x05, 0xB2, 0x5A, 0x42,
    0x00, 0xA0, 0x10, 0x02, 0x00, 0x12, 0x02, 0x20, 0x00, 0x00, 0x00, 0x20, 0x80, 0x84, 0x00, 0x00,
    0x00, 0x01, 0x24, 0x08, 0x10, 0x00, 0x10, 0x00, 0x00, 0x00, 0x00, 0x08, 0x00, 0x00, 0x00, 0x00,
    0x04, 0x40, 0x02, 0x01, 0x10, 0x08, 0x00, 0x00, 0x00, 0x94, 0x00, 0xC4, 0xA4, 0x49, 0x10, 0x85,
    0x98, 0xAD, 0xD5, 0xB6, 0xAD, 0x76, 0x4B, 0x4A, 0x9A, 0xAA, 0xAA, 0x55, 0x2B, 0x55, 0xA5, 0x4A,
    0x48, 0x2B, 0x19, 0x00, 0x28, 0x44, 0x20, 0x41, 0x01, 0x00, 0x04, 0x01, 0x08, 0x00, 0x84, 0x04,
    0x10, 0x04, 0x80, 0x24, 0x90, 0x00, 0x01, 0x80, 0x48, 0x02, 0x20, 0x01, 0x00, 0x00, 0x01, 0x20,
    0x20, 0x02, 0x00, 0x40, 0x20, 0x20, 0x20, 0x00, 0x00, 0x84, 0x48, 0x00, 0x2A, 0x04, 0x10, 0x2B,
    0x00, 0x40, 0x20, 0x69, 0x96, 0x6C, 0xDB, 0x5A, 0x5B, 0xBB, 0xA8, 0x56, 0x55, 0xAD, 0xAA, 0xD4,
    0xAA, 0x74, 0x01, 0x00, 0xB4, 0x05, 0x10, 0x10, 0x8B, 0x04, 0x20, 0x00, 0x91, 0x00, 0x00, 0x40,
    0x00, 0x00, 0x00, 0x08, 0x00, 0x10, 0x00, 0x00, 0x00, 0x20, 0x01, 0x00, 0x80, 0x04, 0x90, 0x90,
    0x20, 0x80, 0x04, 0x02, 0x20, 0x40, 0x00, 0x04, 0x04, 0x00, 0x02, 0x01, 0x00, 0x00, 0x42, 0x20,
    0x92, 0x00, 0x14, 0x09, 0x0A, 0x82, 0xD0, 0x66, 0xB7, 0xAD, 0xED, 0xAA, 0xAD, 0xB4, 0xA9, 0xAA,
    0x52, 0xB5, 0x56, 0x55, 0x9B, 0x94, 0x00, 0x49, 0xC9, 0x02, 0x81, 0x40, 0x00, 0x00, 0x01, 0x00,
    0x20, 0x00, 0x00, 0x00, 0x20, 0x81, 0x84, 0x04, 0x01, 0x80, 0x04, 0x24, 0x04, 0x00, 0x00, 0x10,
    0x00, 0x00, 0x00, 0x00, 0x10, 0x00, 0x00, 0x00, 0x04, 0x00, 0x80, 0x80, 0x44, 0x20, 0x00, 0x40,
    0x24, 0x00, 0x68, 0x20, 0xA0, 0xC8, 0x82, 0x80, 0x58, 0x6A, 0x5B, 0x5B, 0x75, 0x5B, 0xDD, 0x52,
    0x49, 0x55, 0x55, 0xAD, 0x96, 0xAA, 0xAA, 0xA5, 0x4A, 0x92, 0x40, 0x2D, 0x00, 0x40, 0x24, 0x22,
    0x81, 0x88, 0x04, 0x04, 0x12, 0x00, 0x00, 0x88, 0x08, 0x20, 0x20, 0x00, 0x09, 0x90, 0x00, 0x00,
    0x20, 0x24, 0x02, 0x40, 0x02, 0x00, 0x00, 0x02, 0x40, 0x90, 0x84, 0x00, 0x02, 0x00, 0x00, 0x00,
    0x00, 0x00, 0x08, 0x00, 0x09, 0x90, 0x48, 0x05, 0x20, 0x24, 0x20, 0x51, 0xB6, 0xAA, 0xAA, 0x5B,
    0xDB, 0x56, 0x6D, 0xA1, 0xAA, 0xAA, 0x52, 0x69, 0x55, 0xB5, 0x6C, 0x55, 0x01, 0x94, 0x16, 0x02,
    0x00, 0x89, 0x04, 0x00, 0x00, 0x20, 0x00, 0x00, 0x00, 0x00, 0x00, 0x00, 0x09, 0x02, 0x20, 0x00,
    0x00, 0x00, 0x81, 0x04, 0x00, 0x80, 0x08, 0x00, 0x01, 0x02, 0x00, 0x09, 0x02, 0x00, 0x00, 0x10,
    0x01, 0x08, 0x00, 0x02, 0x44, 0x80, 0x14, 0x00, 0x41, 0x03, 0x12, 0x02, 0x12, 0x04, 0x80, 0xD5,
    0x56, 0x6D, 0xAD, 0xAD, 0xB5, 0xB6, 0x58, 0x6D, 0x55, 0xAD, 0xAD, 0xAA, 0x96, 0x56, 0x2B, 0x15,
    0x00, 0x68, 0x25, 0x00, 0x40, 0x00, 0x40, 0x02, 0x02, 0x80, 0x00, 0x00, 0x42, 0x10, 0x01, 0x44,
    0x00, 0x02, 0x40, 0x02, 0x24, 0x10, 0x80, 0x40, 0x00, 0x00, 0x10, 0x48, 0x80, 0x10, 0x00, 0x00,
    0x20, 0x08, 0x00, 0x90, 0x00, 0x00, 0x00, 0x00, 0x02, 0x88, 0x20, 0x80, 0x22, 0xD8, 0x15, 0x00,
    0x41, 0x92, 0x6A, 0xB5, 0xD6, 0xD6, 0x6A, 0x6D, 0x4B, 0xA3, 0x92, 0xAA, 0x55, 0x52, 0xD5, 0xAA,
    0xA9, 0xD4, 0x4A, 0x22, 0xA9, 0x08, 0x11, 0x24, 0x24, 0x09, 0x01, 0x00, 0x12, 0x10, 0x00, 0x00,
    0x84, 0x10, 0x08, 0x04, 0x00, 0x09, 0x80, 0x00, 0x00, 0x00, 0x00, 0x12, 0x40, 0x02, 0x00, 0x10,
    0x00, 0x40, 0x20, 0x04, 0x02, 0x00, 0x00, 0x00, 0x22, 0x20, 0x00, 0x10, 0x01, 0x06, 0x22, 0x0D,
    0x00, 0xB4, 0x81, 0x08, 0x08, 0x5B, 0x5B, 0xA9, 0x6A, 0xD5, 0xB6, 0xDA, 0x52, 0x6D, 0x55, 0xAA,
    0xAD, 0x5A, 0x69, 0x56, 0xAB, 0x44, 0x00, 0x50, 0x12, 0x00, 0x01, 0x02, 0x00, 0x10, 0x48, 0x00,
    0x02, 0x00, 0x00, 0x00, 0x04, 0x00, 0x00, 0x20, 0x00, 0x10, 0x00, 0x02, 0x00, 0x08, 0x80, 0x04,
    0x00, 0x00, 0x00, 0x02, 0x02, 0x02, 0x00, 0x90, 0x00, 0x00, 0x20, 0x00, 0x00, 0x00, 0x04, 0x54,
    0x08, 0x00, 0x12, 0x01, 0x80, 0x5E, 0x00, 0x04, 0xAB, 0x2D, 0xAD, 0x36, 0x6D, 0xAB, 0xB5, 0xA4,
    0xAA, 0xDA, 0x56, 0xD5, 0xA6, 0xB6, 0xAA, 0x2D, 0xB5, 0x92, 0x84, 0x25, 0x00, 0x40, 0x21, 0x00,
    0x02, 0x00, 0x40, 0x00, 0x00, 0x00, 0x90, 0x00, 0x4A, 0x02, 0x00, 0x40, 0x02, 0x20, 0x90, 0x24,
    0x00, 0x00, 0x00, 0x40, 0x00, 0x02, 0x40, 0x00, 0x00, 0x41, 0x00, 0x80, 0x00, 0x02, 0x00, 0x00,
    0x00, 0x41, 0x82, 0x54, 0x00, 0x9A, 0x00, 0x12, 0x00, 0x92, 0x20, 0xD5, 0xB4, 0x52, 0xDB, 0xB6,
    0x5A, 0x4D, 0x4B, 0x55, 0x4B, 0xA9, 0x52, 0xD9, 0x4A, 0x55, 0x52, 0x49, 0x25, 0x60, 0x22, 0x01,
    0x24, 0x48, 0x12, 0x41, 0x08, 0x09, 0x10, 0x00, 0x00, 0x82, 0x80, 0x10, 0x40, 0x02, 0x09, 0x40,
    0x04, 0x00, 0x00, 0x81, 0x08, 0x00, 0x09, 0x42, 0x00, 0x08, 0x20, 0x24, 0x10, 0x00, 0x08, 0x08,
    0x00, 0x00, 0x02, 0x49, 0x12, 0x12, 0x92, 0x48, 0x55, 0x90, 0x00, 0x00, 0x40, 0x10, 0xB5, 0x56,
    0x6A, 0xA9, 0xD2, 0xD6, 0xD6, 0xA4, 0xAA, 0xB4, 0x6D, 0xAD, 0x2D, 0xB5, 0x6D, 0xDB, 0x00, 0x12,
    0x09, 0x95, 0x00, 0x80, 0x04, 0x00, 0x04, 0x10, 0x00, 0x02, 0x00, 0x00, 0x00, 0x08, 0x04, 0x09,
    0x10, 0x00, 0x00, 0x00, 0x01, 0x00, 0x10, 0x00, 0x24, 0x00, 0x00, 0x00, 0x01, 0x04, 0x00, 0x02,
    0x22, 0x01, 0x00, 0x00, 0x10, 0x00, 0x00, 0x00, 0x40, 0x28, 0x01, 0xA0, 0x04, 0x00, 0x11, 0x00,
    0x82, 0x5A, 0x2B, 0x95, 0x5A, 0x5B, 0xAD, 0xB2, 0x4A, 0x55, 0xAB, 0x96, 0x56, 0xD2, 0xAA, 0x52,
    0xA5, 0x26, 0xA9, 0x02, 0x4A, 0x24, 0x00, 0x21, 0x01, 0x00, 0x80, 0x04, 0x00, 0x00, 0x00, 0x90,
    0x02, 0x20, 0x00, 0x00, 0x40, 0x12, 0x00, 0x20, 0x00, 0x00, 0x40, 0x00, 0x00, 0x00, 0x12, 0x80,
    0x80, 0x00, 0x00, 0x00, 0x00, 0x40, 0x00, 0x00, 0x00, 0x80, 0x12, 0x24, 0x41, 0x90, 0x52, 0x25,
    0x24, 0x00, 0x01, 0xC9, 0xAD, 0x6D, 0xB4, 0xD6, 0xAC, 0x55, 0x5B, 0xAD, 0x5A, 0x55, 0xB2, 0x69,
    0x5B, 0x55, 0xAD, 0x5A, 0xDA, 0x44, 0xA5, 0x50, 0x02, 0x00, 0x08, 0x90, 0x44, 0x20, 0x00, 0x00,
    0x00, 0x00, 0x04, 0x00, 0x09, 0x02, 0x80, 0x04, 0x80, 0x24, 0x00, 0x09, 0x01, 0x04, 0x00, 0x44,
    0x00, 0x00, 0x00, 0x00, 0x48, 0x48, 0x04, 0x48, 0x08, 0x08, 0x01, 0x10, 0x40, 0x89, 0x00, 0x12,
    0x02, 0xA5, 0x42, 0x00, 0x00, 0x08, 0x48, 0x55, 0x55, 0x4A, 0x29, 0xB5, 0xB4, 0xA4, 0x45, 0xA5,
    0xAA, 0x5B, 0x96, 0xAA, 0x6A, 0x55, 0x6B, 0x4B, 0x40, 0x12, 0x29, 0x01, 0x08, 0x82, 0x02, 0x00,
    0x40, 0x20, 0x09, 0x20, 0x00, 0x80, 0x10, 0x44, 0x00, 0x00, 0x00, 0x00, 0x00, 0x04, 0x00, 0x88,
    0x00, 0x82, 0x00, 0x44, 0x00, 0x12, 0x10, 0x00, 0x00, 0x20, 0x01, 0x00, 0x00, 0x80, 0x00, 0x20,
    0x00, 0x80, 0x04, 0x00, 0x08, 0x05, 0x40, 0x45, 0x40, 0x90, 0xAA, 0x6A, 0x6D, 0x6D, 0xCB, 0x4E,
    0x5B, 0x9A, 0x5A, 0xDB, 0xCC, 0x6A, 0x55, 0xAD, 0xAA, 0x54, 0x35, 0x89, 0x4A, 0x92, 0x88, 0x00,
    0x20, 0x01, 0x08, 0x80, 0x84, 0x00, 0x00, 0x01, 0x48, 0x04, 0x00, 0x08, 0x10, 0x40, 0x08, 0x00,
    0x00, 0x00, 0x00, 0x20, 0x10, 0x00, 0x00, 0x00, 0x00, 0x02, 0x01, 0x02, 0x00, 0x80, 0x00, 0x00,
    0x08, 0x00, 0x04, 0x24, 0x44, 0x90, 0x00, 0x40, 0x16, 0x00, 0x08, 0x00, 0xD2, 0x6D, 0x5B, 0x92,
    0xD6, 0x54, 0xD2, 0xAA, 0x15, 0x6A, 0x25, 0x65, 0xAB, 0xAA, 0x55, 0x6D, 0xAB, 0xD4, 0x12, 0x94,
    0x48, 0x04, 0x80, 0x10, 0x24, 0x41, 0x02, 0x00, 0x10, 0x00, 0x00, 0x80, 0x00, 0x29, 0x02, 0x81,
    0x08, 0x00, 0x84, 0x00, 0x41, 0x00, 0x00, 0x00, 0x48, 0x00, 0x09, 0x40, 0x00, 0x20, 0x90, 0x04,
    0x08, 0x00, 0x01, 0x00, 0x40, 0x80, 0x12, 0x00, 0xA4, 0x48, 0x80, 0x28, 0x04, 0x12, 0x04, 0x20,
    0x55, 0xD5, 0xA8, 0x92, 0xB6, 0x36, 0xA5, 0x92, 0x95, 0xDA, 0xB6, 0x54, 0x55, 0xAA, 0x95, 0x6A,
    0x4B, 0x02, 0x69, 0xA2, 0x02, 0x00, 0x84, 0x00, 0x08, 0x00, 0x90, 0x02, 0x00, 0x00, 0x00, 0x00,
    0x44, 0x00, 0x00, 0x00, 0x82, 0x00, 0x10, 0x08, 0x20, 0x04, 0x80, 0x00, 0x02, 0x00, 0x04, 0x00,
    0x04, 0x00, 0x00, 0x00, 0x08, 0x20, 0x00, 0x00, 0x20, 0x88, 0x00, 0x48, 0x02, 0x00, 0x54, 0x20,
    0x40, 0x41, 0xDA, 0xDA, 0xAA, 0x5C, 0xD9, 0x4A, 0xD5, 0x5A, 0x2D, 0x6D, 0xAD, 0x2A, 0xAB, 0x6A,
    0xAB, 0x6A, 0x95, 0x6D, 0x25, 0x20, 0x15, 0x21, 0x02, 0x00, 0x04, 0x01, 0x00, 0x02, 0x01, 0x00,
    0x00, 0x48, 0x89, 0x00, 0x22, 0x10, 0x00, 0x10, 0x20, 0x00, 0x00, 0x04, 0x40, 0x02, 0x00, 0x10,
    0x40, 0x00, 0x48, 0x00, 0x02, 0x20, 0x21, 0x01, 0x00, 0x20, 0x02, 0x00, 0x21, 0x48, 0x00, 0x16,
    0x09, 0x60, 0x02, 0xA9, 0x10, 0x64, 0xAB, 0x6D, 0x45, 0x2D, 0xD5, 0x4A, 0xAA, 0x12, 0xAA, 0x52,
    0xD5, 0x5A, 0x2B, 0x55, 0x55, 0xDB, 0x94, 0x0A, 0xC4, 0x4A, 0x12, 0x10, 0x48, 0x22, 0x40, 0x40,
    0x00, 0x20, 0x00, 0x00, 0x80, 0x00, 0x12, 0x00, 0x80, 0x44, 0x00, 0x00, 0x02, 0x80, 0x00, 0x01,
    0x00, 0x04, 0x00, 0x04, 0x08, 0x01, 0x40, 0x10, 0x02, 0x00, 0x40, 0x04, 0x00, 0x00, 0x44, 0x12,
    0x01, 0x80, 0xE8, 0x02, 0x88, 0x90, 0x12, 0x0A, 0x32, 0x55, 0xAA, 0xA8, 0x52, 0x35, 0xB5, 0x55,
    0x9A, 0xB4, 0xB6, 0x55, 0xD5, 0xD4, 0x6A, 0xAD, 0x2A, 0x6B, 0x49, 0x01, 0x92, 0x04, 0x00, 0x00,
    0x10, 0x08, 0x08, 0x24, 0x04, 0x00, 0x10, 0x04, 0x00, 0x88, 0x04, 0x00, 0x00, 0x00, 0x04, 0x80,
    0x00, 0x00, 0x08, 0x20, 0x20, 0x80, 0x00, 0x00, 0x00, 0x08, 0x00, 0x00, 0x08, 0x08, 0x00, 0x01,
    0x00, 0x00, 0x08, 0x04, 0x49, 0x00, 0x80, 0x80, 0x21, 0x00, 0x21, 0xA9, 0xAD, 0xB5, 0x55, 0xAA,
    0xAA, 0x55, 0x4A, 0x2B, 0x4A, 0xA9, 0xAA, 0xAA, 0x5A, 0x95, 0x6A, 0xB5, 0x55, 0x25, 0x10, 0x29,
    0x80, 0x80, 0x84, 0x04, 0x01, 0x01, 0x02, 0x00, 0x00, 0x00, 0x90, 0x12, 0x04, 0x00, 0x11, 0x08,
    0x92, 0x00, 0x00, 0x24, 0x24, 0x40, 0x04, 0x00, 0x01, 0x00, 0x10, 0x20, 0x01, 0x80, 0x20, 0x81,
    0x00, 0x00, 0x00, 0x40, 0x48, 0x92, 0x20, 0x00, 0x05, 0x00, 0x10, 0x86, 0xA4, 0x04, 0xD4, 0x6A,
    0x55, 0x49, 0x55, 0x55, 0xAA, 0xB5, 0x24, 0xD5, 0x56, 0x5A, 0xAD, 0xA6, 0x6A, 0x95, 0xCA, 0xAA,
    0x9A, 0x84, 0x54, 0x26, 0x00, 0x40, 0x20, 0x00, 0x00, 0x00, 0x01, 0x00, 0x00, 0x00, 0x80, 0x40,
    0x02, 0x00, 0x40, 0x00, 0x80, 0x08, 0x00, 0x00, 0x00, 0x00, 0x01, 0x08, 0x48, 0x00, 0x01, 0x00,
    0x12, 0x04, 0x00, 0x80, 0x08, 0x08, 0x04, 0x00, 0x21, 0x09, 0x80, 0x6A, 0x29, 0x00, 0x42, 0x02,
    0x22, 0x28, 0x95, 0x5A, 0xA9, 0xAA, 0x4A, 0x55, 0xA9, 0x5A, 0xB4, 0xAA, 0xD5, 0x52, 0xB5, 0x56,
    0xB5, 0x35, 0x55, 0x55, 0x01, 0xA8, 0x08, 0x04, 0x10, 0x49, 0x20, 0x10, 0x48, 0x10, 0x00, 0x00,
    0x24, 0x01, 0x14, 0x08, 0x80, 0x00, 0x00, 0x10, 0x00, 0x80, 0x00, 0x02, 0x00, 0x00, 0x00, 0x00,
    0x08, 0x00, 0x40, 0x00, 0x00, 0x10, 0x08, 0x00, 0x40, 0x00, 0x24, 0x14, 0x8C, 0x00, 0xB0, 0x96,
    0x44, 0x14, 0x14, 0x48, 0xB6, 0x6A, 0xAB, 0x25, 0x55, 0xD5, 0xAA, 0x4A, 0x25, 0x4A, 0xD5, 0x2A,
    0xAD, 0x52, 0xA9, 0x4A, 0xAD, 0xAD, 0x2A, 0x24, 0x91, 0x10, 0x01, 0x80, 0x04, 0x04, 0x01, 0x00,
    0x02, 0x00, 0x00, 0x80, 0x08, 0x00, 0x00, 0x00, 0x04, 0x22, 0x02, 0x40, 0x00, 0x48, 0x20, 0x22,
    0x10, 0x00, 0x01, 0x00, 0x20, 0x09, 0x00, 0x40, 0x02, 0x01, 0x00, 0x00, 0x00, 0x08, 0x22, 0x13,
    0x08, 0x00, 0x00, 0x00, 0x90, 0x44, 0x04, 0x54, 0xB5, 0xA4, 0x52, 0x49, 0x2A, 0x55, 0xB5, 0x52,
    0xDA, 0x5A, 0xD5, 0x56, 0xAD, 0x56, 0xB5, 0xD2, 0xD2, 0x4A, 0x01, 0x40, 0x23, 0x20, 0x00, 0x90,
    0x00, 0x20, 0x10, 0x00, 0x00, 0x00, 0x00, 0x01, 0x29, 0x41, 0x10, 0x20, 0x00, 0x00, 0x01, 0x08,
    0x00, 0x00, 0x00, 0x82, 0x10, 0x00, 0x40, 0x02, 0x00, 0x00, 0x09, 0x00, 0x40, 0x40, 0x00, 0x20,
    0x81, 0x20, 0x29, 0x02, 0x02, 0x00, 0x00, 0x20, 0x20, 0x40, 0xAA, 0x4A, 0x5B, 0xA9, 0xAA, 0xD5,
    0x4A, 0x25, 0x2D, 0xA4, 0xAA, 0x6A, 0xA9, 0xD5, 0xAA, 0x5A, 0x2D, 0x35, 0xB5, 0x24, 0x92, 0x04,
    0x04, 0x01, 0x08, 0x00, 0x04, 0x00, 0x00, 0x20, 0x00, 0x28, 0x02, 0x04, 0x00, 0x00, 0x00, 0x00,
    0x10, 0x00, 0x00, 0x01, 0x04, 0x00, 0x00, 0x00, 0x88, 0x08, 0x00, 0x40, 0x24, 0x00, 0x48, 0x08,
    0x04, 0x00, 0x00, 0x22, 0x54, 0x54, 0x40, 0x00, 0x82, 0x48, 0x82, 0x08, 0x91, 0x54, 0x6D, 0xAD,
    0x22, 0x55, 0x92, 0xB4, 0x4A, 0x49, 0x5A, 0x55, 0x9B, 0x5A, 0x2A, 0xB5, 0xA5, 0xAA, 0xAD, 0x92,
    0x4A, 0x20, 0x22, 0x01, 0x80, 0x44, 0x02, 0x02, 0x41, 0x10, 0x00, 0x00, 0x04, 0x00, 0x90, 0x04,
    0x40, 0x02, 0x12, 0x01, 0x10, 0x21, 0x90, 0x80, 0x48, 0x00, 0x00, 0x00, 0x00, 0x10, 0x00, 0x00,
    0x80, 0x00, 0x00, 0x00, 0x22, 0x02, 0x10, 0x88, 0xAA, 0x08, 0x40, 0x10, 0x00, 0x40, 0x42, 0x04,
    0xA8, 0x95, 0xD2, 0xDA, 0x92, 0x54, 0x95, 0xB4, 0x54, 0x54, 0x6B, 0xD5, 0xA6, 0xD5, 0x56, 0x5A,
    0xD5, 0x52, 0xDB, 0x04, 0x44, 0x4A, 0x20, 0x08, 0x24, 0x20, 0x20, 0x00, 0x00, 0x00, 0x00, 0x80,
    0x12, 0x09, 0x00, 0x04, 0x40, 0x00, 0x00, 0x02, 0x00, 0x00, 0x00, 0x00, 0x10, 0x22, 0x00, 0x20,
    0x80, 0x04, 0x00, 0x12, 0x00, 0x82, 0x00, 0x00, 0x40, 0x04, 0x61, 0x52, 0x01, 0x09, 0x00, 0x00,
    0x10, 0x21, 0x20, 0x52, 0x6A, 0x55, 0x42, 0x5A, 0xAB, 0xCA, 0x8A, 0x2A, 0xAA, 0x94, 0x4A, 0xB5,
    0x5A, 0x49, 0xAB, 0x2D, 0x6D, 0x49, 0x52, 0x82, 0x04, 0x04, 0x00, 0x48, 0x02, 0x04, 0x00, 0x02,
    0x00, 0x00, 0x40, 0x00, 0x40, 0x02, 0x00, 0x08, 0x00, 0x44, 0x00, 0x00, 0x02, 0x10, 0x00, 0x00,
    0x00, 0x20, 0x00, 0x01, 0x80, 0x08, 0x00, 0x48, 0x10, 0x24, 0x00, 0x00, 0xA0, 0x48, 0xAD, 0x02,
    0x00, 0x02, 0x08, 0x02, 0x84, 0x82, 0xA9, 0x92, 0x2A, 0x33, 0x49, 0x52, 0x52, 0x52, 0x92, 0xB4,
    0x6D, 0xB5, 0x5A, 0xA5, 0xB6, 0x55, 0xAA, 0xAA, 0x2C, 0x95, 0x20, 0x92, 0x80, 0x00, 0x10, 0x01,
    0x00, 0x09, 0x00, 0x00, 0x04, 0x10, 0x84, 0x08, 0x10, 0x80, 0x00, 0x00, 0x00, 0x00, 0x00, 0x40,
    0x02, 0x02, 0x02, 0x00, 0x01, 0x00, 0x00, 0x00, 0x40, 0x00, 0x01, 0x00, 0x00, 0x00, 0x0A, 0x02,
    0x89, 0x52, 0x15, 0x00, 0x20, 0x81, 0x20, 0x09, 0x08, 0x59, 0x55, 0xD5, 0x92, 0x25, 0x29, 0x2D,
    0x69, 0x55, 0x94, 0xAA, 0x5A, 0xA5, 0x5A, 0x55, 0xAA, 0x55, 0x95, 0xD6, 0x0A, 0x10, 0x29, 0x08,
    0x00, 0x82, 0x20, 0x20, 0x00, 0x00, 0x00, 0x00, 0x04, 0x02, 0x24, 0x00, 0x10, 0x00, 0x84, 0x08,
    0x49, 0x92, 0x00, 0x00, 0x20, 0x00, 0x00, 0x00, 0x01, 0x08, 0x11, 0x00, 0x20, 0x00, 0x01, 0x00,
    0x21, 0x40, 0x21, 0x10, 0xAA, 0x4A, 0x00, 0x00, 0x10, 0x00, 0x48, 0x80, 0x48, 0xAD, 0x5A, 0xA5,
    0xB4, 0x95, 0xC9, 0x16, 0x49, 0x6A, 0xB5, 0xA5, 0x5A, 0xAB, 0xAA, 0xB5, 0xAA, 0x6A, 0xA5, 0x64,
    0x45, 0x04, 0x01, 0x44, 0x60, 0x04, 0x12, 0x40, 0x00, 0x00, 0x00, 0x80, 0x00, 0x00, 0x82, 0x00,
    0x44, 0x20, 0x91, 0x10, 0x44, 0x14, 0x48, 0x00, 0x10, 0x11, 0x08, 0x20, 0x00, 0x00, 0x02, 0x04,
    0x10, 0x48, 0x02, 0x00, 0x20, 0x10, 0x29, 0xA9, 0x2A, 0x49, 0x00, 0x00, 0x89, 0x10, 0x44, 0xA5,
    0x6A, 0xA5, 0x52, 0x92, 0xA4, 0xA4, 0xA4, 0x4A, 0xAC, 0x4A, 0x5A, 0xAB, 0x54, 0xB5, 0x4A, 0xB5,
    0xB5, 0x5A, 0x93, 0x88, 0x20, 0x40, 0x00, 0x10, 0x02, 0x00, 0x00, 0x10, 0x00, 0x00, 0x10, 0x11,
    0x49, 0x00, 0x00, 0x00, 0x00, 0x00, 0x22, 0x09, 0x02, 0x01, 0x10, 0x01, 0x00, 0x00, 0x00, 0x41,
    0x00, 0x40, 0x00, 0x02, 0x00, 0x10, 0x04, 0x00, 0x84, 0xA4, 0x50, 0x55, 0x13, 0x84, 0x00, 0x10,
    0x21, 0x42, 0x69, 0x95, 0x52, 0x22, 0x4B, 0x2A, 0x55, 0x92, 0xA4, 0x54, 0xDB, 0x56, 0xA5, 0xD5,
    0x4A, 0xB5, 0x4A, 0x4A, 0x49, 0x4A, 0xC0, 0x24, 0x09, 0x00, 0x88, 0x22, 0xA0, 0x08, 0x02, 0x00,
    0x00, 0x00, 0x02, 0x00, 0x00, 0x90, 0x00, 0x40, 0x4A, 0x80, 0x80, 0x20, 0x00, 0x88, 0x00, 0x00,
    0x40, 0x00, 0x00, 0x48, 0x00, 0x00, 0x80, 0x00, 0x00, 0x40, 0x42, 0x22, 0x41, 0x85, 0x84, 0x68,
    0x33, 0x22, 0x16, 0x80, 0x60, 0x22, 0xD5, 0x5A, 0x53, 0x69, 0x55, 0x2A, 0x55, 0x29, 0x52, 0xA5,
    0xA9, 0x74, 0x2A, 0x6D, 0x55, 0xB5, 0xB5, 0xB6, 0x55, 0x49, 0x44, 0x00, 0x02, 0x80, 0x08, 0x10,
    0x00, 0x00, 0x00, 0x00, 0x88, 0x00, 0x24, 0x04, 0x00, 0x44, 0x02, 0x21, 0x12, 0x50, 0x10, 0x40,
    0x44, 0x08, 0x40, 0x00, 0x00, 0x08, 0x01, 0x08, 0x44, 0x10, 0x80, 0x80, 0x00, 0x00, 0x08, 0xA8,
    0x2A, 0x08, 0x00, 0x49, 0x00, 0x01, 0x44, 0x2C, 0xD2, 0x2A, 0xAD, 0x92, 0x14, 0x89, 0x92, 0x2A,
    0x4A, 0xAC, 0x5A, 0x56, 0x9B, 0xB5, 0x95, 0xAA, 0x4A, 0x55, 0x29, 0xA9, 0x84, 0x20, 0x22, 0x80,
    0x48, 0x04, 0x41, 0x42, 0x10, 0x00, 0x00, 0x02, 0x04, 0x89, 0x00, 0x00, 0x00, 0x00, 0x04, 0x49,
    0x0A, 0x05, 0x09, 0x80, 0x24, 0x02, 0x00, 0x84, 0x00, 0x00, 0x81, 0x00, 0x00, 0x12, 0x10, 0x00,
    0x00, 0x81, 0x46, 0xD2, 0x42, 0x04, 0x00, 0x08, 0x88, 0x00, 0x90, 0x25, 0x55, 0x49, 0x49, 0xA2,
    0x64, 0xD5, 0x44, 0x55, 0xAA, 0xAA, 0xD5, 0x4A, 0x95, 0x6A, 0x55, 0xB5, 0xAA, 0xAA, 0x16, 0x20,
    0x12, 0x01, 0x10, 0x10, 0x12, 0x00, 0x01, 0x00, 0x20, 0x00, 0x40, 0x02, 0x00, 0x80, 0x10, 0x00,
    0x00, 0x48, 0x80, 0x20, 0x22, 0x00, 0x12, 0x01, 0x00, 0x02, 0x00, 0x00, 0x00, 0x00, 0x00, 0x02,
    0x00, 0x02, 0x10, 0x20, 0x24, 0x11, 0x29, 0x2D, 0x20, 0x00, 0x80, 0x00, 0x00, 0x51, 0xA2, 0xAA,
    0x55, 0xA3, 0x2A, 0x25, 0x24, 0xA9, 0x22, 0x54, 0x55, 0x2A, 0xB5, 0xDA, 0xAA, 0xAA, 0xAA, 0xAA,
    0x56, 0xC9, 0x92, 0x84, 0x10, 0x01, 0x80, 0x00, 0x00, 0x02, 0x00, 0x00, 0x10, 0x10, 0x81, 0x24,
    0x02, 0x00, 0x11, 0x08, 0x01, 0x2A, 0x00, 0x08, 0x00, 0x08, 0x90, 0x00, 0x80, 0x00, 0x20, 0x22,
    0x10, 0x24, 0x00, 0x00, 0x00, 0x82, 0x04, 0x10, 0x88, 0x56, 0x95, 0x82, 0x44, 0x42, 0x24, 0x24,
    0xAA, 0x54, 0x55, 0xAA, 0x32, 0x45, 0x92, 0x12, 0x55, 0x48, 0xAA, 0xAA, 0xB5, 0x55, 0x25, 0x55,
    0x55, 0x55, 0x55, 0xA9, 0xAA, 0x04, 0x01, 0x09, 0x00, 0x00, 0x94, 0x08, 0x90, 0x04, 0x00, 0x00,
    0x04, 0x08, 0x42, 0x00, 0x00, 0x80, 0x00, 0x24, 0x41, 0x24, 0x01, 0x42, 0x80, 0x24, 0x04, 0x00,
    0x80, 0x04, 0x00, 0x02, 0x00, 0x90, 0x48, 0x40, 0x00, 0x00, 0x82, 0x4A, 0xA9, 0xA4, 0x54, 0x08,
    0x24, 0x82, 0x00, 0x42, 0xA5, 0x2A, 0x29, 0x81, 0xA8, 0x52, 0x55, 0x09, 0x2D, 0x54, 0xB5, 0x4A,
    0xAA, 0xDA, 0xAA, 0xAA, 0x55, 0x55, 0x55, 0x15, 0x21, 0x54, 0x42, 0x20, 0x20, 0x09, 0x00, 0x05,
    0x00, 0x00, 0x00, 0x80, 0x02, 0x08, 0x01, 0x20, 0x00, 0x00, 0x40, 0x00, 0x00, 0x20, 0x00, 0x52,
    0x02, 0x21, 0x00, 0x08, 0x00, 0x00, 0x40, 0x00, 0x01, 0x00, 0x08, 0x00, 0x40, 0x44, 0x94, 0x54,
    0x52, 0x2B, 0x01, 0x80, 0x08, 0x00, 0x52, 0x52, 0xD5, 0x96, 0xB2, 0x4A, 0x94, 0xA4, 0xD2, 0x42,
    0xAA, 0x4A, 0x6D, 0xAB, 0x4A, 0xD5, 0x56, 0xAA, 0xAA, 0xAA, 0xAA, 0x12, 0x05, 0x00, 0x04, 0x44,
    0x22, 0x20, 0x08, 0x00, 0x00, 0x00, 0x20, 0x02, 0x01, 0x10, 0x01, 0x04, 0x00, 0x00, 0x0A, 0x00,
    0x12, 0x08, 0x08, 0x40, 0x00, 0x10, 0x00, 0x20, 0x22, 0x00, 0x02, 0x00, 0x00, 0x00, 0x24, 0x00,
    0x10, 0x24, 0x94, 0x89, 0xC8, 0x46, 0x00, 0x00, 0x04, 0x24, 0x25, 0x49, 0xD2, 0x12, 0x45, 0x22,
    0x12, 0x24, 0x24, 0x54, 0xAD, 0x52, 0x55, 0xB5, 0x2A, 0xA9, 0x55, 0x55, 0x55, 0x92, 0x24, 0x21,
    0x15, 0x00, 0x00, 0x10, 0x04, 0x00, 0x10, 0x00, 0x00, 0x08, 0x01, 0x48, 0x00, 0x80, 0x00, 0x24,
    0x20, 0x41, 0x04, 0x00, 0x01, 0x80, 0x14, 0x09, 0x00, 0x00, 0x01, 0x00, 0x04, 0x10, 0x08, 0x11,
    0x81, 0x00, 0x08, 0x00, 0xA9, 0x4A, 0x00, 0x10, 0x00, 0x00, 0x40, 0x40, 0xA8, 0xA4, 0x6A, 0x29,
    0x49, 0xA9, 0x49, 0xC9, 0x92, 0x12, 0x6A, 0xA5, 0xAA, 0xAA, 0x4A, 0xD5, 0x56, 0xAA, 0xAA, 0xAA,
    0x55, 0x02, 0x08, 0x82, 0x80, 0x00, 0x0A, 0x01, 0x50, 0x02, 0x00, 0x00, 0x84, 0x08, 0x12, 0x02,
    0x10, 0x40, 0x00, 0x01, 0x08, 0x20, 0x20, 0x40, 0x48, 0x02, 0x10, 0x01, 0x02, 0x00, 0x80, 0x00,
    0x00, 0x00, 0x00, 0x10, 0x00, 0x21, 0x89, 0x94, 0x54, 0x24, 0x05, 0x00, 0x04, 0x00, 0x00, 0x94,
    0x52, 0x95, 0x56, 0x52, 0x2A, 0x94, 0x24, 0x49, 0x92, 0x94, 0x5A, 0x55, 0x55, 0x55, 0x55, 0xAA,
    0x55, 0x55, 0x55, 0x4A, 0x49, 0x44, 0x08, 0x10, 0x40, 0x41, 0x80, 0x08, 0x00, 0x80, 0x40, 0x00,
    0x01, 0x00, 0x00, 0x00, 0x08, 0x00, 0x00, 0x04, 0x00, 0x10, 0x00, 0x12, 0x48, 0x02, 0x40, 0x00,
    0x44, 0x12, 0x40, 0x80, 0x20, 0x00, 0x00, 0x08, 0x00, 0x40, 0x68, 0xA4, 0x09, 0x80, 0x20, 0x20,
    0x01, 0x02, 0x48, 0xA5, 0x4A, 0x52, 0x93, 0x44, 0xA5, 0x24, 0x2A, 0x49, 0x54, 0xA5, 0xAA, 0xAA,
    0xAA, 0xAA, 0x55, 0xAA, 0xAA, 0x4A, 0xA9, 0x24, 0x92, 0x20, 0x00, 0x00, 0x32, 0x00, 0x20, 0x10,
    0x00, 0x00, 0x10, 0x02, 0x92, 0x00, 0x80, 0x00, 0x00, 0x00, 0x42, 0x02, 0x02, 0x09, 0x80, 0x04,
    0x00, 0x00, 0x10, 0x00, 0x00, 0x08, 0x02, 0x00, 0x44, 0x02, 0x01, 0x40, 0x10, 0x92, 0x48, 0x02,
    0x12, 0x04, 0x00, 0x20, 0x40, 0x64, 0x2A, 0x69, 0x2D, 0xA1, 0x92, 0x48, 0x92, 0x52, 0x12, 0xAA,
    0x54, 0x55, 0x55, 0x55, 0x55, 0xAA, 0x55, 0x55, 0xA9, 0x56, 0x05, 0x00, 0x09, 0x02, 0x08, 0x08,
    0x02, 0x00, 0x01, 0x00, 0x00, 0x82, 0x40, 0x20, 0x24, 0x01, 0x00, 0x00, 0x40, 0x28, 0x40, 0x00,
    0x00, 0x24, 0x21, 0x00, 0x00, 0x00, 0x02, 0x00, 0x01, 0x10, 0x04, 0x00, 0x20, 0x40, 0x00, 0x84,
    0xA4, 0x02, 0x5D, 0x00, 0x00, 0x11, 0x04, 0x08, 0x20, 0x45, 0x95, 0x52, 0x29, 0xA9, 0x24, 0x49,
    0x24, 0x49, 0x54, 0xAB, 0xAA, 0xAA, 0xAA, 0xAA, 0x55, 0xAA, 0xA4, 0xB6, 0x24, 0xA2, 0x48, 0x44,
    0x80, 0x00, 0x91, 0x00, 0x80, 0x00, 0x00, 0x00, 0x00, 0x04, 0x08, 0x00, 0x10, 0x24, 0x42, 0x28,
    0x00, 0x00, 0x00, 0x40, 0x08, 0x10, 0x00, 0x00, 0x00, 0x10, 0x00, 0x00, 0x00, 0x80, 0x08, 0x00,
    0x00, 0x02, 0x02, 0x42, 0x25, 0x48, 0x81, 0x40, 0x88, 0x00, 0x00, 0x58, 0xA5, 0x2A, 0x29, 0x49,
    0x4A, 0x92, 0x24, 0x49, 0x12, 0x4A, 0x55, 0x55, 0x55, 0x55, 0x55, 0xAA, 0xAA, 0x5A, 0x49, 0x52,
    0x49, 0x90, 0x20, 0x10, 0x00, 0x48, 0x00, 0x48, 0x22, 0x00, 0x00, 0x48, 0x02, 0x04, 0x01, 0x00,
    0x00, 0x00, 0x04, 0x49, 0x09, 0x44, 0x00, 0x00, 0x09, 0x44, 0x00, 0x00, 0x80, 0x24, 0x20, 0x00,
    0x00, 0x00, 0x09, 0x08, 0x20, 0x40, 0x58, 0x1A, 0xA0, 0x2A, 0x08, 0x00, 0x40, 0x42, 0x8A, 0xAA,
    0x54, 0xAD, 0x92, 0x24, 0x49, 0x92, 0x92, 0x44, 0xB4, 0xAA, 0xAA, 0xAA, 0xAA, 0xAA, 0x55, 0x55,
    0x95, 0x4A, 0xAB, 0x04, 0x00, 0x09, 0x02, 0x40, 0x22, 0x04, 0x00, 0x01, 0x00, 0x00, 0x00, 0x01,
    0x42, 0x00, 0x80, 0x00, 0x00, 0xA2, 0x24, 0x40, 0x00, 0x08, 0x54, 0x42, 0x00, 0x44, 0x04, 0x00,
    0x00, 0x00, 0x82, 0x10, 0x10, 0x00, 0x01, 0x80, 0x04, 0x24, 0xA5, 0x02, 0x00, 0x01, 0x02, 0x08,
    0x00, 0xD5, 0x44, 0xA5, 0x42, 0x51, 0x49, 0x92, 0x24, 0x49, 0x22, 0x4A, 0x55, 0x55, 0x55, 0x55,
    0x55, 0xAA, 0xAA, 0x4A, 0x35, 0x49, 0xA2, 0xA4, 0x44, 0x00, 0x02, 0x84, 0x20, 0x00, 0x08, 0x00,
    0x08, 0x04, 0x44, 0x10, 0x04, 0x00, 0x00, 0x80, 0x12, 0x01, 0x02, 0x00, 0x01, 0x02, 0x20, 0x00,
    0x00, 0x40, 0x08, 0x00, 0x04, 0x00, 0x00, 0x01, 0x40, 0x80, 0x00, 0x02, 0x82, 0x52, 0x01, 0x01,
    0x40, 0x10, 0x01, 0x00, 0x29, 0x4D, 0x2A, 0x59, 0x92, 0x94, 0x24, 0x49, 0x54, 0x12, 0xA8, 0xAA,
    0xAA, 0xAA, 0xAA, 0xAA, 0x55, 0x55, 0xB2, 0xA4, 0x94, 0x12, 0x40, 0x22, 0x40, 0x00, 0x90, 0x00,
    0x00, 0x04, 0x00, 0x00, 0x20, 0x01, 0x08, 0x80, 0x10, 0x44, 0x44, 0x08, 0xA8, 0x04, 0x12, 0x20,
    0x90, 0x14, 0x00, 0x00, 0x00, 0x00, 0x80, 0x00, 0x10, 0x00, 0x80, 0x08, 0x10, 0x00, 0x21, 0xB1,
    0xAA, 0x54, 0x48, 0x08, 0x00, 0x80, 0x50, 0x94, 0x62, 0x49, 0x2A, 0x49, 0x4A, 0x92, 0x90, 0x22,
    0x49, 0x56, 0x55, 0x55, 0x55, 0x25, 0x55, 0xAA, 0xAA, 0x95, 0x4A, 0xAB, 0x04, 0x20, 0x15, 0x04,
    0x00, 0x42, 0x00, 0x00, 0x09, 0x40, 0x00, 0x04, 0x00, 0x44, 0x02, 0x00, 0x00, 0x20, 0xA2, 0x04,
    0x20, 0x00, 0x00, 0x48, 0x20, 0x02, 0x00, 0x00, 0x04, 0x12, 0x40, 0x00, 0x02, 0x00, 0x00, 0x02,
    0x00, 0x08, 0x04, 0x49, 0x06, 0x00, 0x01, 0x22, 0x00, 0x20, 0x4A, 0x25, 0xA5, 0x45, 0x29, 0x25,
    0x25, 0x25, 0x91, 0x04, 0xA8, 0xAA, 0xAA, 0xAA, 0xD4, 0x4A, 0x55, 0x49, 0x4A, 0xB5, 0x24, 0x25,
    0x49, 0x22, 0x01, 0x20, 0x10, 0x02, 0x00, 0x20, 0x00, 0x00, 0x00, 0x05, 0x02, 0x00, 0x80, 0x00,
    0x10, 0x11, 0x91, 0x04, 0x00, 0x02, 0x02, 0x04, 0x20, 0x10, 0x08, 0x40, 0x00, 0x04, 0x00, 0x40,
    0x10, 0x20, 0x40, 0x22, 0x02, 0x00, 0x94, 0x02, 0x02, 0x90, 0x08, 0x08, 0x04, 0xB5, 0xAA, 0x54,
    0x32, 0x51, 0xA9, 0x28, 0x49, 0x4A, 0x52, 0x96, 0x54, 0x55, 0x25, 0xAB, 0xB4, 0xAA, 0xB6, 0xB2,
    0x44, 0x92, 0x08, 0x00, 0x49, 0x20, 0x02, 0x88, 0x00, 0x22, 0x10, 0x00, 0x00, 0xA4, 0x40, 0x50,
    0x20, 0x00, 0x04, 0x80, 0x08, 0x08, 0x00, 0x40, 0x00, 0x90, 0x22, 0x00, 0x80, 0x00, 0x00, 0x00,
    0x00, 0x00, 0x00, 0x02, 0x04, 0x00, 0x00, 0x00, 0x21, 0x00, 0x40, 0x20, 0x20, 0x01, 0x00, 0x01,
    0x92, 0x44, 0x4B, 0x9A, 0xA9, 0x4A, 0x92, 0x48, 0x92, 0x24, 0x52, 0x25, 0x29, 0x55, 0x25, 0x4B,
    0x25, 0x49, 0x95, 0x92, 0x5A, 0x85, 0xA0, 0x24, 0x00, 0x00, 0x90, 0x10, 0x00, 0x08, 0x00, 0x22,
    0x00, 0x02, 0x08, 0x04, 0x12, 0x40, 0x20, 0xA2, 0x04, 0x00, 0x04, 0x20, 0x24, 0x10, 0x00, 0x00,
    0x00, 0x10, 0x40, 0x20, 0x10, 0x00, 0x80, 0x40, 0x08, 0x00, 0x08, 0x02, 0x09, 0x11, 0x28, 0x15,
    0x00, 0x00, 0x48, 0x49, 0x4A, 0x29, 0x93, 0x48, 0x52, 0x25, 0x95, 0x24, 0x09, 0xA9, 0xAA, 0xCA,
    0x5A, 0x59, 0xA9, 0x54, 0x55, 0x4A, 0x6D, 0x45, 0x22, 0x44, 0x4A, 0x04, 0x00, 0x21, 0x01, 0x00,
    0x20, 0x00, 0x00, 0x04, 0x01, 0x84, 0x00, 0x00, 0x00, 0x14, 0x11, 0x42, 0x90, 0x00, 0x04, 0x02,
    0x44, 0x04, 0x01, 0x48, 0x80, 0x08, 0x00, 0x01, 0x00, 0x00, 0x00, 0x00, 0x21, 0x00, 0x00, 0x40,
    0x08, 0x45, 0x02, 0x40, 0x90, 0xA0, 0xB4, 0xA5, 0x54, 0xC9, 0x52, 0x29, 0x29, 0x49, 0x52, 0x12,
    0x94, 0x54, 0x35, 0x89, 0xA6, 0x94, 0xAA, 0x2A, 0x55, 0x12, 0xA9, 0x04, 0x10, 0x24, 0x40, 0x04,
    0x08, 0x00, 0x00, 0x01, 0x00, 0x00, 0x20, 0x80, 0x10, 0x00, 0x00, 0x02, 0x40, 0x84, 0x00, 0x02,
    0x00, 0x00, 0x48, 0x11, 0x00, 0x00, 0x00, 0x00, 0x00, 0x02, 0x00, 0x00, 0x24, 0x08, 0x02, 0x00,
    0x22, 0x20, 0x10, 0x80, 0x24, 0x00, 0x00, 0x04, 0x10, 0x49, 0x52, 0xAB, 0xB6, 0xAC, 0xAD, 0x94,
    0x24, 0x95, 0x44, 0x4A, 0x95, 0x4A, 0x65, 0x92, 0x56, 0x4B, 0xA5, 0xA9, 0xA4, 0x24, 0x89, 0x80,
    0x92, 0x00, 0x00, 0x90, 0x04, 0x00, 0x00, 0x00, 0x00, 0x00, 0x09, 0x04, 0x02, 0x40, 0x20, 0x28,
    0x48, 0x04, 0x00, 0x90, 0x00, 0x24, 0x02, 0x00, 0x08, 0x00, 0x10, 0x00, 0x00, 0x00, 0x02, 0x00,
    0x40, 0x20, 0x00, 0x10, 0x00, 0x02, 0x02, 0x10, 0x40, 0x00, 0x00, 0x40, 0xA9, 0xA4, 0xAA, 0x24,
    0x49, 0x92, 0xA6, 0xAA, 0x24, 0x29, 0xB2, 0xAA, 0xA4, 0x5A, 0x59, 0xA9, 0xA4, 0x54, 0x4A, 0x55,
    0x95, 0x02, 0x20, 0x49, 0x04, 0x20, 0x40, 0x20, 0x00, 0x00, 0x00, 0x00, 0x92, 0x00, 0x42, 0x20,
    0x00, 0x00, 0x84, 0x02, 0x22, 0x00, 0x00, 0x24, 0x02, 0x50, 0x20, 0x80, 0x10, 0x00, 0x42, 0x20,
    0x00, 0x80, 0x00, 0x01, 0x00, 0x04, 0x88, 0x04, 0x00, 0x10, 0x02, 0x00, 0x00, 0x40, 0x92, 0x54,
    0x45, 0x55, 0xD5, 0xA4, 0xD2, 0x52, 0x52, 0x52, 0x09, 0x25, 0x51, 0x5A, 0x92, 0xA6, 0x92, 0x54,
    0x92, 0xA4, 0x4A, 0x4A, 0x44, 0x04, 0x94, 0x40, 0x00, 0x08, 0x01, 0x00, 0x09, 0x00, 0x00, 0x00,
    0x01, 0x20, 0x00, 0x08, 0x04, 0x40, 0x24, 0x01, 0x48, 0x02, 0x00, 0x20, 0x09, 0x04, 0x00, 0x00,
    0x41, 0x00, 0x04, 0x00, 0x10, 0x00, 0x00, 0x44, 0x80, 0x10, 0x00, 0x40, 0x00, 0x00, 0x02, 0x04,
    0x00, 0x40, 0xA2, 0xA4, 0xAA, 0x2A, 0x59, 0x2D, 0x49, 0x95, 0x4A, 0x4A, 0x52, 0x95, 0x49, 0x49,
    0x92, 0x4C, 0x93, 0x4D, 0x55, 0xA4, 0x24, 0x21, 0x80, 0x48, 0x00, 0x02, 0x21, 0x00, 0x00, 0x00,
    0x00, 0x00, 0x10, 0x00, 0x09, 0x02, 0x40, 0x40, 0x28, 0x10, 0x00, 0x01, 0x00, 0x00, 0x92, 0x20,
    0x00, 0x00, 0x00, 0x00, 0x00, 0x00, 0x04, 0x00, 0x24, 0x48, 0x00, 0x00, 0x48, 0x00, 0x00, 0x00,
    0x20, 0x00, 0x00, 0x02, 0x90, 0x94, 0x52, 0x55, 0x55, 0xA9, 0x52, 0xAD, 0x24, 0xA9, 0x12, 0xA9,
    0xAA, 0x24, 0x6D, 0x59, 0x25, 0x29, 0xA9, 0x2A, 0x95, 0x52, 0x02, 0x22, 0x92, 0x04, 0x00, 0x80,
    0x04, 0x02, 0x00, 0x00, 0x00, 0x82, 0x02, 0x04, 0x40, 0x00, 0x00, 0x04, 0x42, 0x02, 0x00, 0x20,
    0x01, 0x04, 0x12, 0x80, 0x08, 0x20, 0x00, 0x48, 0x80, 0x00, 0x80, 0x02, 0x00, 0x00, 0x12, 0x90,
    0x20, 0x02, 0x04, 0x00, 0x80, 0x20, 0x00, 0x49, 0x52, 0xA5, 0xAA, 0xAA, 0x51, 0xAD, 0xA4, 0x56,
    0x55, 0x24, 0x12, 0x49, 0xB5, 0x4A, 0x26, 0xA9, 0xAA, 0x24, 0xC9, 0x52, 0x29, 0x41, 0x00, 0x48,
    0x00, 0x00, 0x10, 0x01, 0x00, 0x00, 0x00, 0x00, 0x00, 0x01, 0x90, 0x00, 0x00, 0x02, 0x48, 0x09,
    0x21, 0x00, 0x04, 0x48, 0x20, 0x20, 0x00, 0x40, 0x04, 0x80, 0x00, 0x10, 0x00, 0x20, 0x00, 0x00,
    0x49, 0x00, 0x49, 0x04, 0x00, 0x00, 0x01, 0x10, 0x00, 0x20, 0x20, 0x49, 0x92, 0xAA, 0xAA, 0xB8,
    0x92, 0x56, 0xA9, 0x8A, 0x0A, 0xCA, 0x54, 0x4A, 0x91, 0xA4, 0x94, 0x54, 0x95, 0x94, 0x94, 0x94,
    0x10, 0x84, 0xA4, 0x20, 0x11, 0x00, 0x20, 0x00, 0x10, 0x00, 0x00, 0x24, 0x88, 0x24, 0x00, 0x20,
    0x10, 0x40, 0x20, 0x00, 0x48, 0x00, 0x00, 0x8A, 0x04, 0x08, 0x00, 0x00, 0x08, 0x00, 0x02, 0x00,
    0x01, 0x48, 0x04, 0x00, 0x00, 0x90, 0x00, 0x00, 0x00, 0x00, 0x00, 0x91, 0x04, 0x95, 0x28, 0x61,
    0x45, 0x55, 0x4D, 0x6D, 0x29, 0x15, 0x49, 0x25, 0xA5, 0x24, 0x91, 0xAC, 0x52, 0x4B, 0x25, 0xAA,
    0x52, 0x2A, 0x25, 0x02, 0x00, 0x29, 0x00, 0x00, 0xA1, 0x04, 0x00, 0x00, 0x00, 0x00, 0x00, 0x01,
    0x00, 0x04, 0x01, 0x00, 0x28, 0x12, 0x0A, 0x01, 0x00, 0x00, 0x00, 0x22, 0x01, 0x00, 0x20, 0x41,
    0x08, 0x00, 0x20, 0x40, 0x02, 0x20, 0x00, 0x49, 0x28, 0x88, 0x48, 0x10, 0x00, 0x42, 0x68, 0xB1,
    0x24, 0xC5, 0xC4, 0x16, 0xAA, 0xA4, 0x55, 0xD5, 0x6A, 0xB5, 0x24, 0x52, 0x92, 0xAA, 0x4A, 0x2A,
    0x32, 0x49, 0x45, 0xA9, 0x92, 0x92, 0x20, 0x11, 0x90, 0x04, 0x00, 0x00, 0x02, 0x00, 0x00, 0x10,
    0x00, 0x10, 0x00, 0x88, 0x00, 0x00, 0x00, 0x84, 0x84, 0x04, 0x00, 0x02, 0x02, 0x48, 0x10, 0x00,
    0x01, 0x00, 0x00, 0x40, 0x00, 0x00, 0x08, 0x00, 0x00, 0x24, 0x00, 0x14, 0x06, 0x00, 0x02, 0x42,
    0x20, 0x80, 0x28, 0x49, 0x52, 0xA2, 0xAA, 0x90, 0xB1, 0xAA, 0x56, 0x92, 0x4A, 0x12, 0x2B, 0xAB,
    0x24, 0x51, 0x95, 0x92, 0x54, 0x29, 0x4A, 0x95, 0x48, 0x08, 0x80, 0x94, 0x00, 0x02, 0x40, 0x00,
    0x00, 0x00, 0x00, 0x00, 0x82, 0x04, 0x04, 0x00, 0x80, 0x44, 0x48, 0x48, 0x20, 0x00, 0x40, 0x90,
    0x24, 0x09, 0x00, 0x88, 0x00, 0x00, 0x01, 0x44, 0x00, 0x00, 0x88, 0x00, 0x00, 0x10, 0x21, 0x11,
    0x00, 0x00, 0x00, 0x10, 0x80, 0x8C, 0x84, 0x20, 0x63, 0x55, 0x49, 0x59, 0x55, 0x29, 0xAD, 0x24,
    0x0B, 0x92, 0x48, 0x49, 0x25, 0x49, 0xC9, 0x2A, 0x52, 0x95, 0x48, 0x94, 0x40, 0x00, 0x48, 0x20,
    0x10, 0x08, 0x12, 0x04, 0x00, 0x80, 0x00, 0x00, 0x01, 0x22, 0x24, 0x10, 0x00, 0x40, 0x22, 0x12,
    0x22, 0x08, 0x00, 0x00, 0x42, 0x20, 0x00, 0x00, 0x00, 0x00, 0x00, 0x00, 0x20, 0x01, 0x10, 0x01,
    0x09, 0x88, 0x00, 0x01, 0x00, 0x00, 0x00, 0x04, 0x40, 0x29, 0x29, 0x51, 0xAB, 0x90, 0xAC, 0xAD,
    0xD6, 0x52, 0x55, 0x91, 0x44, 0x95, 0x94, 0x94, 0x64, 0x55, 0x92, 0x4A, 0x22, 0x25, 0x43, 0x00,
    0x49, 0x52, 0x02, 0x00, 0x01, 0x01, 0x00, 0x00, 0x00, 0x00, 0x24, 0x40, 0x88, 0x00, 0x00, 0x00,
    0x10, 0x11, 0x09, 0x00, 0x00, 0x00, 0x4A, 0x20, 0x02, 0x00, 0x20, 0x01, 0x48, 0x00, 0x00, 0x00,
    0x00, 0x00, 0x10, 0x80, 0x48, 0x00, 0x40, 0x02, 0x00, 0x8A, 0x00, 0x11, 0x49, 0x92, 0xA8, 0xAA,
    0x82, 0xA4, 0x6A, 0xAB, 0xAA, 0xAA, 0x0C, 0x2B, 0x49, 0x4A, 0x4A, 0x15, 0x2A, 0x49, 0x25, 0xA9,
    0xAA, 0x28, 0x12, 0x00, 0x90, 0x00, 0x00, 0x80, 0x00, 0x00, 0x00, 0x00, 0x00, 0x00, 0x05, 0x00,
    0x00, 0x00, 0x21, 0x88, 0x88, 0x40, 0x00, 0x24, 0x04, 0x20, 0x14, 0x00, 0x00, 0x02, 0x80, 0x00,
    0x40, 0x00, 0x00, 0x48, 0x22, 0x00, 0xC0, 0x40, 0x08, 0x08, 0x40, 0x10, 0x09, 0x20, 0x84, 0x24,
    0x40, 0x52, 0x55, 0x05, 0x50, 0xB5, 0x54, 0x55, 0xA9, 0x26, 0xA4, 0xA4, 0x52, 0x25, 0x49, 0x91,
    0xAA, 0xA8, 0x24, 0x11, 0x11, 0x00, 0x40, 0x4A, 0x84, 0x04, 0x10, 0x48, 0x80, 0x00, 0x00, 0x00,
    0x20, 0x01, 0x48, 0x00, 0x01, 0x00, 0x41, 0x22, 0x92, 0x24, 0x11, 0x20, 0x04, 0x02, 0x00, 0x22,
    0x00, 0x08, 0x00, 0x08, 0x20, 0x01, 0x00, 0x00, 0x04, 0x09, 0x84, 0x02, 0x00, 0x00, 0x80, 0x00,
    0x00, 0x60, 0x4B, 0x82, 0xAC, 0xAA, 0x15, 0x92, 0xCD, 0xB6, 0xAA, 0x56, 0x09, 0x45, 0x2A, 0x91,
    0xA4, 0xA4, 0xAA, 0x44, 0x4A, 0x55, 0x94, 0x04, 0x90, 0x04, 0x41, 0x00, 0x00, 0x82, 0x04, 0x04,
    0x00, 0x00, 0x00, 0x04, 0x00, 0x12, 0x04, 0x40, 0x00, 0x10, 0x44, 0x24, 0x00, 0x02, 0x00, 0x42,
    0x21, 0x48, 0x00, 0x00, 0x00, 0x04, 0x01, 0x00, 0x00, 0x00, 0x80, 0x20, 0x80, 0x60, 0x01, 0x40,
    0x00, 0x02, 0x04, 0x00, 0x58, 0x92, 0x04, 0x54, 0x55, 0x2A, 0x48, 0x52, 0x55, 0xAB, 0x52, 0x95,
    0xAA, 0x52, 0x2A, 0x29, 0x55, 0x44, 0x29, 0x25, 0x92, 0x4A, 0x49, 0x0A, 0x00, 0xB0, 0x20, 0x20,
    0x00, 0x00, 0x00, 0x00, 0x00, 0x00, 0x80, 0x12, 0x80, 0x00, 0x00, 0x08, 0x20, 0x09, 0x01, 0x95,
    0x90, 0x00, 0x20, 0x10, 0x00, 0x00, 0x40, 0x00, 0x20, 0x00, 0x00, 0x10, 0x49, 0x08, 0x00, 0x40,
    0x01, 0x54, 0x02, 0x08, 0xC0, 0x04, 0x81, 0x08, 0x29, 0x01, 0xA0, 0xAA, 0x12, 0x40, 0xBA, 0xDA,
    0x54, 0xAD, 0x8A, 0x44, 0x24, 0x45, 0x52, 0x8A, 0x2A, 0x92, 0x48, 0xA9, 0x24, 0x12, 0x80, 0x90,
    0x14, 0x04, 0x00, 0x10, 0x09, 0x00, 0x00, 0x00, 0x00, 0x10, 0x01, 0x12, 0x20, 0x08, 0x01, 0x40,
    0x20, 0x92, 0x40, 0x04, 0x00, 0x8A, 0x44, 0x00, 0x10, 0x02, 0x80, 0x00, 0x00, 0x01, 0x00, 0x00,
    0x00, 0x00, 0x29, 0x90, 0x88, 0x04, 0x00, 0x30, 0x21, 0x10, 0xD6, 0x56, 0x89, 0x00, 0x55, 0x65,
    0x01, 0x55, 0xAB, 0x56, 0x55, 0x09, 0x92, 0x4A, 0x29, 0x25, 0x51, 0x91, 0x4A, 0x95, 0x44, 0x22,
    0x01, 0x11, 0x00, 0x40, 0x81, 0x04, 0x00, 0x02, 0x10, 0x00, 0x00, 0x04, 0x00, 0x00, 0x24, 0x02,
    0x00, 0x80, 0x00, 0x92, 0x48, 0x08, 0x00, 0x24, 0x10, 0x02, 0x00, 0x00, 0x00, 0x00, 0x00, 0x24,
    0x00, 0x00, 0x00, 0x81, 0x24, 0x80, 0x42, 0x40, 0x4A, 0xA5, 0x5E, 0x00, 0x04, 0x24, 0xA9, 0x04,
    0x10, 0x20, 0xA9, 0x92, 0xA8, 0x55, 0xAB, 0xAA, 0x26, 0x95, 0x24, 0x92, 0x92, 0x2A, 0x4A, 0x51,
    0xA2, 0x2A, 0x92, 0x08, 0x08, 0x02, 0xAA, 0x00, 0x40, 0x04, 0x10, 0x00, 0x02, 0x00, 0x00, 0x44,
    0x0A, 0x00, 0x00, 0x20, 0x10, 0x90, 0x04, 0x04, 0x92, 0x4A, 0x00, 0x42, 0x50, 0x44, 0x02, 0x80,
    0x04, 0x00, 0x00, 0x00, 0x04, 0x00, 0x10, 0x00, 0x61, 0x01, 0x90, 0xA4, 0x75, 0x05, 0x02, 0x82,
    0xAB, 0x54, 0x2B, 0x84, 0x08, 0x00, 0x02, 0x90, 0xDA, 0xB4, 0x6D, 0x95, 0x4A, 0x52, 0x49, 0xA9,
    0x44, 0x55, 0x8A, 0x54, 0x44, 0x49, 0x44, 0x84, 0x20, 0x11, 0x08, 0x00, 0x40, 0x82, 0x00, 0x00,
    0x00, 0x00, 0x00, 0x41, 0x90, 0x80, 0x00, 0x02, 0x00, 0x48, 0x21, 0x41, 0x00, 0x00, 0x08, 0x09,
    0x00, 0x40, 0x04, 0x00, 0x92, 0x00, 0x40, 0x20, 0x21, 0x00, 0x00, 0x20, 0x20, 0x01, 0x00, 0x08,
    0x21, 0x01, 0x88, 0x52, 0xAB, 0x24, 0x02, 0x00, 0x09, 0x00, 0x42, 0xAD, 0x56, 0xB5, 0x0A, 0x22,
    0x89, 0x24, 0x14, 0xA9, 0x88, 0xA4, 0x24, 0x29, 0x49, 0x02, 0x40, 0x00, 0x40, 0x80, 0x04, 0x00,
    0x01, 0x00, 0x00, 0x00, 0x00, 0x20, 0x00, 0x08, 0x04, 0x00, 0x00, 0x01, 0x21, 0x48, 0x08, 0x02,
    0x11, 0x91, 0x80, 0x00, 0x00, 0x00, 0x00, 0x00, 0x00, 0x04, 0x00, 0x00, 0x02, 0x12, 0x31, 0x09,
    0x00, 0x00, 0x00, 0x4A, 0x10, 0x40, 0xA9, 0x54, 0x55, 0x10, 0x40, 0x40, 0x10, 0x20, 0x6A, 0xAB,
    0x92, 0x09, 0x95, 0x54, 0x92, 0x4A, 0x4A, 0x52, 0x52, 0x92, 0x92, 0x24, 0x01, 0x12, 0x48, 0xAA,
    0x00, 0x80, 0x10, 0x08, 0x00, 0x00, 0x10, 0x00, 0x08, 0x05, 0x04, 0x00, 0x40, 0x10, 0x40, 0x04,
    0x0A, 0x92, 0x04, 0x00, 0x02, 0x48, 0x20, 0x00, 0x00, 0x08, 0x00, 0x24, 0x00, 0x00, 0x00, 0x40,
    0x00, 0x90, 0x04, 0x24, 0x80, 0x80, 0x04, 0x00, 0x45, 0xAD, 0x56, 0x2B, 0x88, 0x04, 0x00, 0x04,
    0x00, 0x55, 0xDB, 0xDD, 0x26, 0x49, 0x22, 0x49, 0xA1, 0x12, 0x25, 0x25, 0x4A, 0x49, 0x12, 0x90,
    0x04, 0x81, 0x10, 0x08, 0x00, 0x00, 0x02, 0x48, 0x00, 0x00, 0x40, 0x00, 0x80, 0xA0, 0x20, 0x00,
    0x00, 0x08, 0x48, 0x41, 0x00, 0x00, 0x80, 0x20, 0x05, 0x04, 0x12, 0x10, 0x01, 0x00, 0x00, 0x00,
    0x00, 0x24, 0x00, 0x00, 0x49, 0x22, 0x01, 0x00, 0x50, 0x49, 0x80, 0xA0, 0x52, 0xAB, 0x54, 0x21,
    0x01, 0x00, 0x00, 0x80, 0xA8, 0xB5, 0x6A, 0x15, 0x12, 0x49, 0x92, 0x14, 0xA9, 0x24, 0x49, 0x91,
    0x24, 0x49, 0x02, 0xA0, 0x00, 0x48, 0x41, 0x12, 0x22, 0x01, 0x00, 0x00, 0x00, 0x00, 0x44, 0x02,
    0x08, 0x00, 0x08, 0x02, 0x01, 0x20, 0x24, 0x49, 0x40, 0x04, 0x91, 0xA0, 0x02, 0x00, 0x01, 0x40,
    0x90, 0x00, 0x00, 0x02, 0x00, 0x11, 0x90, 0x60, 0x00, 0x00, 0x08, 0x92, 0x22, 0x00, 0x40, 0xAD,
    0xB4, 0xAD, 0x41, 0x28, 0x01, 0x00, 0x00, 0xD4, 0xAC, 0x96, 0x0A, 0x49, 0x92, 0x94, 0xA4, 0x24,
    0x49, 0x49, 0x4A, 0x92, 0x24, 0x00, 0x11, 0x10, 0x24, 0x00, 0x00, 0x00, 0x10, 0x00, 0x04, 0x00,
    0x00, 0x80, 0x04, 0x04, 0x02, 0x40, 0x20, 0x00, 0x00, 0x00, 0x12, 0x01, 0x40, 0x08, 0x10, 0x00,
    0x00, 0x00, 0x00, 0x02, 0x40, 0x44, 0x40, 0x00, 0x00, 0x02, 0x90, 0x92, 0x08, 0x00, 0x24, 0x01,
    0x90, 0xA4, 0xD2, 0xD6, 0xB6, 0x04, 0x92, 0x24, 0x00, 0x00, 0x48, 0x6E, 0xED, 0x96, 0x92, 0x24,
    0x22, 0x25, 0x49, 0x92, 0xA4, 0x24, 0x49, 0x82, 0x48, 0x08, 0x82, 0x42, 0x00, 0x40, 0x80, 0x04,
    0x00, 0x00, 0x00, 0x00, 0x08, 0x00, 0x40, 0x80, 0x00, 0x00, 0x44, 0x02, 0x49, 0x00, 0x08, 0x00,
    0x42, 0x8A, 0x24, 0x01, 0x80, 0x00, 0x00, 0x08, 0x00, 0x00, 0x04, 0x40, 0x00, 0x31, 0x05, 0x00,
    0x81, 0xD2, 0x80, 0x04, 0x61, 0x2D, 0xAB, 0xCA, 0x0E, 0x02, 0x48, 0x00, 0x02, 0x20, 0x6B, 0x5B,
    0x15, 0x24, 0x42, 0x92, 0x48, 0x92, 0x4A, 0x4A, 0x92, 0x24, 0x12, 0x00, 0x41, 0x00, 0x30, 0x22,
    0x08, 0x10, 0x81, 0x00, 0x00, 0x00, 0x01, 0x00, 0x09, 0x12, 0x00, 0x00, 0x04, 0x00, 0x40, 0x00,
    0x00, 0x40, 0x82, 0x24, 0x41, 0x02, 0x48, 0x04, 0x04, 0x10, 0x01, 0x00, 0x08, 0x20, 0x09, 0x20,
    0xA0, 0x04, 0x20, 0x40, 0x29, 0x08, 0x20, 0x90, 0x6A, 0x69, 0xB7, 0x16, 0x51, 0x82, 0x24, 0x00,
    0x90, 0xD1, 0x6A, 0x2B, 0x12, 0x29, 0x49, 0x4A, 0x92, 0xA4, 0x24, 0x49, 0x12, 0x49, 0x22, 0x28,
    0x48, 0x08, 0x00, 0x01, 0x04, 0x08, 0x00, 0x00, 0x00, 0x00, 0x44, 0x02, 0x88, 0x04, 0x80, 0x80,
    0x00, 0x08, 0x84, 0x24, 0x00, 0x40, 0x10, 0x10, 0x00, 0x00, 0x00, 0x00, 0x00, 0x80, 0x08, 0x80,
    0x00, 0x00, 0x82, 0x40, 0x29, 0x01, 0x50, 0x28, 0x41, 0x82, 0x64, 0xA5, 0xB6, 0x6D, 0x19, 0x08,
    0x11, 0x00, 0x00, 0x80, 0xB4, 0xB5, 0x1A, 0x91, 0x90, 0x24, 0x25, 0x49, 0x49, 0x92, 0x54, 0x92,
    0x00, 0x00, 0x12, 0x01, 0x49, 0x01, 0x20, 0x21, 0x01, 0x00, 0x00, 0x00, 0x00, 0x00, 0x00, 0x00,
    0x00, 0x10, 0x10, 0x24, 0x00, 0x10, 0x00, 0x09, 0x00, 0x00, 0x89, 0x00, 0x00, 0x00, 0x00, 0x00,
    0x00, 0x00, 0x01, 0x00, 0x00, 0x00, 0x84, 0x12, 0x00, 0x8A, 0x16, 0x00, 0x10, 0xA2, 0x5A, 0xDB,
    0x5A, 0x3B, 0x24, 0x00, 0x91, 0x00, 0x40, 0x2A, 0x5B, 0x97, 0x24, 0x05, 0x92, 0x48, 0x92, 0x24,
    0x25, 0x89, 0xA4, 0x24, 0x48, 0x24, 0x10, 0x24, 0x10, 0x02, 0x80, 0x04, 0x10, 0x01, 0x00, 0x00,
    0x20, 0x45, 0x24, 0x00, 0x00, 0x00, 0x00, 0x81, 0x00, 0x00, 0x00, 0x09, 0x02, 0x00, 0x10, 0x82,
    0x20, 0x40, 0x48, 0x12, 0x20, 0x10, 0x20, 0x40, 0x00, 0x00, 0x4A, 0x6B, 0x65, 0x09, 0x10, 0x41,
    0x50, 0xD5, 0x6C, 0xB7, 0xB6, 0x00, 0x00, 0x00, 0x24, 0x00, 0x45, 0xC9, 0x2A, 0x4A, 0xA2, 0xA4,
    0x24, 0x49, 0x94, 0xA8, 0x24, 0x09, 0x82, 0x24, 0x28, 0x80, 0x24, 0x00, 0x00, 0x44, 0x40, 0x00,
    0x08, 0x00, 0x00, 0x08, 0x02, 0x00, 0x21, 0x40, 0x82, 0x00, 0x10, 0x80, 0x00, 0x00, 0x40, 0x20,
    0x00, 0x00, 0x00, 0x04, 0x04, 0x00, 0x00, 0x00, 0x80, 0x04, 0x09, 0x24, 0x21, 0xA9, 0x94, 0x54,
    0x42, 0x84, 0x28, 0xA6, 0xAA, 0xB6, 0xB6, 0xD1, 0x00, 0x08, 0x00, 0x00, 0x00, 0xA8, 0xB4, 0x24,
    0x82, 0x50, 0x12, 0x49, 0x92, 0x4A, 0x4A, 0x52, 0x52, 0x04, 0x10, 0x15, 0x02, 0x12, 0x81, 0x48,
    0x01, 0x09, 0x00, 0x00, 0x00, 0x00, 0x40, 0x00, 0x12, 0x00, 0x00, 0x10, 0x44, 0x00, 0x12, 0x92,
    0x24, 0x00, 0x00, 0x00, 0x02, 0x10, 0x00, 0x00, 0x00, 0x40, 0x02, 0x01, 0x00, 0x00, 0x00, 0x00,
    0x50, 0xAA, 0x92, 0x04, 0x20, 0x04, 0x50, 0x55, 0xD5, 0x6D, 0x01, 0x41, 0x00, 0x00, 0x20, 0x01,
    0x40, 0x26, 0x95, 0x54, 0x0A, 0x48, 0x92, 0x24, 0x21, 0x25, 0x89, 0x88, 0x08, 0x4A, 0x8A, 0x40,
    0x12, 0x10, 0x00, 0x88, 0x00, 0x00, 0x00, 0x08, 0x00, 0x08, 0x04, 0x20, 0x04, 0x00, 0x00, 0x00,
    0x04, 0x00, 0x00, 0x00, 0x00, 0x00, 0x49, 0x90, 0x00, 0x80, 0x00, 0x00, 0x00, 0x00, 0x00, 0x00,
    0x80, 0x00, 0x11, 0x10, 0x53, 0x2A, 0x00, 0x44, 0x40, 0xA2, 0xAA, 0xAA, 0x6D, 0x0F, 0x00, 0x00,
    0x00, 0x00, 0x00, 0x48, 0x92, 0x52, 0x24, 0x91, 0x22, 0x49, 0x92, 0x94, 0x48, 0x49, 0x04, 0x21,
    0x11, 0x12, 0x88, 0x24, 0x00, 0x01, 0x40, 0x04, 0x00, 0x00, 0x00, 0x20, 0x04, 0x02, 0x88, 0x00,
    0x80, 0x40, 0x88, 0x80, 0x40, 0x00, 0x80, 0x24, 0x09, 0x00, 0x00, 0x80, 0x10, 0x90, 0x20, 0x09,
    0x20, 0x88, 0x90, 0x00, 0x40, 0x40, 0x82, 0x88, 0x04, 0x21, 0x02, 0x24, 0x5A, 0x55, 0xDB, 0xB6,
    0x15, 0x04, 0x80, 0x80, 0x00, 0x24, 0x20, 0x52, 0x49, 0x8A, 0x44, 0x24, 0x49, 0x92, 0x4A, 0x25,
    0x92, 0x52, 0x00, 0x89, 0x0A, 0x00, 0x12, 0x02, 0x90, 0x04, 0x01, 0x00, 0x00, 0x00, 0x01, 0x20,
    0x01, 0x01, 0x00, 0x02, 0x04, 0x00, 0x20, 0x08, 0x48, 0x04, 0x00, 0x00, 0x00, 0x00, 0x08, 0x00,
    0x02, 0x00, 0x00, 0x01, 0x00, 0x00, 0x08, 0x08, 0x00, 0x00, 0x48, 0x00, 0x00, 0x21, 0x09, 0xA0,
    0xDA, 0x6C, 0x7B, 0xFB, 0x00, 0x00, 0x04, 0x00, 0x02, 0x00, 0xA5, 0x2C, 0x51, 0x92, 0x48, 0x92,
    0xA4, 0x24, 0x92, 0x44, 0x84, 0x84, 0x4A, 0x49, 0x21, 0x09, 0x10, 0x00, 0x90, 0x88, 0x00, 0x00,
    0x00, 0x00, 0x00, 0x08, 0x24, 0x11, 0x10, 0x00, 0x11, 0x09, 0x01, 0x01, 0x20, 0x00, 0x40, 0x04,
    0x01, 0x01, 0x02, 0x00, 0x04, 0x00, 0x00, 0x01, 0x02, 0x40, 0x80, 0x08, 0x20, 0x00, 0x40, 0x00,
    0x24, 0x80, 0x52, 0x25, 0xD5, 0x96, 0xDB, 0x42, 0xB6, 0x10, 0x00, 0x10, 0x00, 0x00, 0x52, 0x24,
    0x49, 0x92, 0x24, 0x49, 0x52, 0x92, 0x24, 0x22, 0x40, 0x04, 0x05, 0x08, 0x11, 0x80, 0x84, 0x20,
    0x00, 0x00, 0x08, 0x00, 0x00, 0x08, 0x02, 0x08, 0x00, 0x80, 0x20, 0x00, 0x00, 0x20, 0x00, 0x00,
    0x84, 0x04, 0x20, 0x20, 0x00, 0x00, 0x00, 0x00, 0x21, 0x10, 0x10, 0x00, 0x00, 0x00, 0x80, 0x00,
    0x02, 0x04, 0x08, 0x82, 0x0A, 0xA9, 0xB6, 0x5B, 0xED, 0x2D, 0x2F, 0xAA, 0x44, 0x10, 0x40, 0x02,
    0x20, 0x01, 0x28, 0x21, 0x24, 0x92, 0x24, 0x29, 0x49, 0x12, 0x11, 0xA1, 0xCA, 0x22, 0x80, 0x88,
    0x00, 0x40, 0x82, 0x04, 0x40, 0x00, 0x00, 0x00, 0x20, 0x01, 0x40, 0x00, 0x00, 0x08, 0x84, 0x00,
    0x04, 0x90, 0x84, 0x00, 0x00, 0x00, 0x04, 0x40, 0x40, 0x10, 0x20, 0x00, 0x02, 0x00, 0x20, 0x01,
    0x02, 0x10, 0x00, 0x00, 0x00, 0x00, 0x09, 0x40, 0xA8, 0x52, 0x69, 0xBB, 0xF6, 0x11, 0x52, 0xA9,
    0x02, 0x20, 0x00, 0x00, 0x00, 0x45, 0x12, 0x01, 0x91, 0x24, 0x89, 0x24, 0x92, 0x08, 0x24, 0x65,
    0x0A, 0x91, 0x0C, 0x00, 0x00, 0x48, 0x20, 0x00, 0x00, 0x00, 0x00, 0x00, 0x12, 0x00, 0x08, 0x00,
    0x80, 0x10, 0x48, 0x00, 0x02, 0x00, 0x10, 0x20, 0x01, 0x00, 0x08, 0x08, 0x00, 0x00, 0x08, 0x00,
    0x02, 0x01, 0x00, 0x10, 0x02, 0x10, 0x40, 0x80, 0x00, 0x40, 0x24, 0x51, 0xAD, 0x96, 0xB6, 0xAD,
    0x04, 0xA8, 0x70, 0x01, 0x01, 0x11, 0x02, 0x48, 0x22, 0x49, 0xB2, 0x48, 0x52, 0x52, 0x22, 0x49,
    0x44, 0x50, 0x22, 0x21, 0x40, 0x02, 0x90, 0x24, 0x10, 0x02, 0x02, 0x01, 0x00, 0x00, 0x04, 0x00,
    0x12, 0x01, 0x40, 0x02, 0x00, 0x01, 0x40, 0x00, 0x10, 0x00, 0x04, 0x88, 0x00, 0x01, 0x01, 0x80,
    0x00, 0x40, 0x40, 0x20, 0x00, 0x08, 0x00, 0x30, 0x01, 0x00, 0x00, 0x00, 0x25, 0x02, 0x52, 0x55,
    0x6D, 0xDB, 0x6D, 0x89, 0x94, 0x52, 0x20, 0x40, 0x02, 0x90, 0x22, 0x90, 0x24, 0x09, 0x24, 0x89,
    0x24, 0x49, 0x22, 0x22, 0x28, 0x49, 0x13, 0x08, 0x44, 0x02, 0x80, 0x80, 0x00, 0x00, 0x00, 0x00,
    0x00, 0x20, 0x05, 0x20, 0x00, 0x01, 0x20, 0x04, 0x00, 0x09, 0x10, 0x81, 0x84, 0x00, 0x00, 0x20,
    0x00, 0x80, 0x08, 0x00, 0x01, 0x08, 0x00, 0x08, 0x00, 0x00, 0xA0, 0x00, 0x02, 0x02, 0x10, 0x82,
    0x40, 0xA9, 0xAA, 0xB2, 0x6D, 0xDB, 0xDB, 0x60, 0x29, 0x00, 0x08, 0x00, 0x09, 0x01, 0x16, 0x92,
    0x90, 0x12, 0x24, 0x49, 0x92, 0x10, 0x01, 0xC4, 0xB2, 0x00, 0x82, 0x09, 0x00, 0x00, 0x48, 0x04,
    0x00, 0x00, 0x00, 0x00, 0x00, 0x00, 0x04, 0x08, 0x08, 0x04, 0x40, 0x24, 0x00, 0x02, 0x00, 0x00,
    0x00, 0x00, 0x04, 0x20, 0x10, 0x00, 0x00, 0x00, 0x01, 0x04, 0x40, 0x40, 0x00, 0x59, 0x05, 0x00,
    0x00, 0x04, 0x20, 0xA1, 0x50, 0xB5, 0xAD, 0xAA, 0xB6, 0x2A, 0x80, 0xA2, 0x15, 0x8A, 0x24, 0x44,
    0x50, 0x41, 0x11, 0x4A, 0x88, 0x42, 0x90, 0x08, 0x49, 0x48, 0x52, 0x92, 0xA8, 0x40, 0x02, 0x20,
    0x42, 0x20, 0x00, 0x00, 0x09, 0x08, 0x04, 0x88, 0x44, 0x88, 0x00, 0x80, 0x80, 0x08, 0x00, 0x00,
    0x00, 0x08, 0x10, 0x90, 0x44, 0x00, 0x00, 0x02, 0x40, 0x08, 0x08, 0x40, 0x80, 0x00, 0x02, 0x04,
    0x48, 0x22, 0x10, 0x80, 0x02, 0x11, 0x08, 0xA9, 0x56, 0x55, 0x6D, 0x6D, 0x05, 0x4D, 0x45, 0x49,
    0x12, 0x02, 0xB0, 0x14, 0x92, 0xA4, 0x84, 0x44, 0x91, 0x24, 0x44, 0x04, 0x02, 0x2A, 0xA9, 0x04,
    0x24, 0x91, 0x04, 0x08, 0x40, 0x02, 0x00, 0x01, 0x00, 0x00, 0x00, 0x02, 0x00, 0x00, 0x00, 0x20,
    0x00, 0x00, 0x00, 0x40, 0x40, 0x00, 0x02, 0x00, 0x80, 0x04, 0x00, 0x00, 0x00, 0x00, 0x00, 0x00,
    0x00, 0x00, 0x00, 0x50, 0x05, 0x00, 0x40, 0x00, 0x8C, 0x44, 0x94, 0xAA, 0xDA, 0x56, 0xAB, 0xCD,
    0x06, 0x1A, 0x02, 0x12, 0x10, 0x09, 0x82, 0x48, 0x56, 0x21, 0x91, 0x24, 0x44, 0x22, 0x42, 0x04,
    0xCB, 0x54, 0x12, 0x20, 0x01, 0x00, 0x00, 0x12, 0x20, 0x00, 0x00, 0x00, 0x00, 0x40, 0x00, 0x48,
    0x00, 0x20, 0x08, 0x42, 0x02, 0x40, 0x00, 0x00, 0x40, 0x00, 0x00, 0x02, 0x20, 0x80, 0x00, 0x80,
    0x40, 0x08, 0x10, 0x00, 0x00, 0x00, 0xA0, 0x04, 0x00, 0x21, 0x10, 0x40, 0x20, 0x69, 0x55, 0xAB,
    0xB6, 0xDB, 0x6A, 0x01, 0x85, 0x24, 0x25, 0x04, 0xC4, 0x52, 0xA4, 0x4A, 0x5A, 0x22, 0x42, 0x12,
    0x91, 0x20, 0xA0, 0x54, 0x2A, 0x12, 0x91, 0x00, 0x00, 0x41, 0x20, 0x01, 0x04, 0x02, 0x00, 0x00,
    0x12, 0x02, 0x00, 0x08, 0x00, 0x02, 0x08, 0x00, 0x00, 0x00, 0x00, 0x02, 0x00, 0x10, 0x10, 0x00,
    0x11, 0x44, 0x00, 0x00, 0x00, 0x02, 0x22, 0x00, 0x00, 0x52, 0x2A, 0x01, 0x90, 0x04, 0x16, 0x88,
    0x90, 0x6A, 0x55, 0x6B, 0x6D, 0x26, 0x00, 0x48, 0x80, 0x2A, 0x00, 0x50, 0x28, 0x52, 0xB5, 0x05,
    0x48, 0x11, 0x81, 0x08, 0x94, 0x04, 0x29, 0x15, 0x09, 0x20, 0x11, 0x24, 0x08, 0x80, 0x00, 0x00,
    0x00, 0x00, 0x00, 0x00, 0x11, 0x12, 0x01, 0x40, 0x80, 0x00, 0x00, 0x02, 0x00, 0x00, 0x00, 0x00,
    0x00, 0x00, 0x00, 0x00, 0x00, 0x02, 0x09, 0x40, 0x00, 0x00, 0x08, 0x00, 0x40, 0x55, 0x00, 0x14,
    0x00, 0x22, 0x14, 0x59, 0x95, 0x6A, 0x69, 0x6B, 0x5B, 0x6D, 0xA0, 0x76, 0x11, 0x48, 0x00, 0x04,
    0xA1, 0x4A, 0x22, 0x11, 0x8A, 0x54, 0x84, 0x02, 0xC2, 0xA6, 0x92, 0x84, 0x4C, 0x84, 0x00, 0x00,
    0x12, 0x00, 0x80, 0x04, 0x00, 0x00, 0x08, 0x00, 0x00, 0x40, 0x00, 0x10, 0x00, 0x01, 0x00, 0x02,
    0x00, 0x00, 0x40, 0x00, 0x00, 0x02, 0x00, 0x00, 0x00, 0x00, 0x02, 0x00, 0x00, 0x00, 0x08, 0x70,
    0x89, 0xAA, 0x02, 0x89, 0x84, 0x84, 0xA8, 0xB6, 0xAD, 0xDD, 0xB6, 0xB4, 0x56, 0x03, 0x92, 0x24,
    0x01, 0xA2, 0x51, 0x59, 0xB5, 0x5A, 0x42, 0x51, 0x08, 0x51, 0x48, 0xB0, 0x54, 0x8D, 0x24, 0x49,
    0x00, 0x00, 0x44, 0x40, 0x12, 0x00, 0x02, 0x00, 0x00, 0x80, 0x04, 0x48, 0x00, 0x00, 0x04, 0x24,
    0x08, 0x00, 0x00, 0x04, 0x00, 0x00, 0x00, 0x00, 0x10, 0x00, 0x01, 0x00, 0x40, 0x00, 0x40, 0x00,
    0x00, 0x00, 0x80, 0x54, 0x45, 0x01, 0x00, 0x49, 0x52, 0x48, 0xA9, 0xB2, 0xAA, 0x5A, 0xAB, 0xA2,
    0x14, 0x00, 0x82, 0x20, 0x40, 0x20, 0x94, 0x4A, 0x85, 0x20, 0x08, 0x82, 0x08, 0x11, 0x11, 0xAB,
    0x62, 0x02, 0x22, 0x00, 0x10, 0x01, 0x48, 0x00, 0x00, 0x08, 0x20, 0x08, 0x10, 0x80, 0x00, 0x04,
    0x80, 0x20, 0x01, 0x00, 0x00, 0x20, 0x00, 0x00, 0x02, 0x00, 0x00, 0x00, 0x12, 0x48, 0x10, 0x00,
    0x10, 0x02, 0x00, 0x00, 0x00, 0xA0, 0xAA, 0x28, 0x90, 0x40, 0x42, 0x14, 0xB5, 0x56, 0x56, 0xB6,
    0xAD, 0x55, 0x99, 0x8A, 0x20, 0x00, 0x04, 0x01, 0x86, 0x64, 0x55, 0x4A, 0x04, 0x00, 0x51, 0x20,
    0x24, 0xC8, 0x24, 0x45, 0x92, 0x24, 0x20, 0x02, 0x08, 0x01, 0x00, 0x80, 0x04, 0x00, 0x00, 0x00,
    0x02, 0x24, 0x00, 0x20, 0x00, 0x00, 0x00, 0x00, 0x00, 0x00, 0x00, 0x00, 0x00, 0x00, 0x40, 0x00,
    0x00, 0x80, 0x04, 0x00, 0x00, 0x00, 0x40, 0x00, 0x40, 0x49, 0x4A, 0x00, 0x20, 0x49, 0x08, 0x90,
    0xAA, 0xAB, 0xAD, 0xD5, 0xAA, 0x56, 0x35, 0x09, 0x49, 0x40, 0xA8, 0x22, 0xA9, 0x6A, 0x55, 0x02,
    0x41, 0x00, 0x82, 0x00, 0xB1, 0x5A, 0x29, 0x05, 0x12, 0x01, 0x40, 0x00, 0x48, 0x02, 0x04, 0x02,
    0x00, 0x00, 0x84, 0x00, 0x08, 0x00, 0x01, 0x08, 0x48, 0x00, 0x10, 0x00, 0x00, 0x10, 0x10, 0x04,
    0x00, 0x08, 0x40, 0x00, 0x01, 0x00, 0x02, 0x00, 0x40, 0x00, 0x00, 0x02, 0x24, 0x13, 0x24, 0x12,
    0xA1, 0x24, 0x59, 0xD5, 0xD4, 0x52, 0x6D, 0x5B, 0x49, 0x52, 0x4A, 0x02, 0x2A, 0x44, 0x90, 0x54,
    0x95, 0x24, 0x01, 0x00, 0x00, 0x00, 0x90, 0x58, 0x4A, 0x51, 0x41, 0x09, 0x00, 0x01, 0x12, 0x90,
    0x00, 0x00, 0x10, 0x00, 0x00, 0x20, 0x08, 0x80, 0x08, 0x00, 0x21, 0x01, 0x80, 0x00, 0x00, 0x22,
    0x01, 0x80, 0x40, 0x00, 0x00, 0x02, 0x02, 0x00, 0x20, 0x20, 0x01, 0x00, 0x00, 0x00, 0x00, 0x40,
    0x00, 0x01, 0x90, 0xD0, 0xB4, 0xA4, 0x36, 0x5B, 0xED, 0xB6, 0xA6, 0xAA, 0x8A, 0x55, 0xA4, 0x25,
    0x13, 0x2D, 0xA9, 0xAA, 0x12, 0x24, 0x10, 0x00, 0x00, 0x00, 0x8C, 0x65, 0x92, 0x28, 0x09, 0x10,
    0x88, 0x00, 0x00, 0x20, 0x00, 0x09, 0x00, 0x00, 0x00, 0x02, 0x20, 0x00, 0x10, 0x00, 0x00, 0x02,
    0x80, 0x04, 0x00, 0x00, 0x01, 0x00, 0x48, 0x20, 0x00, 0x20, 0x00, 0x00, 0x00, 0x00, 0x02, 0x00,
    0x20, 0x20, 0x01, 0x00, 0x10, 0x0A, 0x9A, 0x08, 0x50, 0xC9, 0xAA, 0xB6, 0x5A, 0x5B, 0x55, 0x65,
    0x22, 0x59, 0x91, 0x49, 0xC3, 0x56, 0x55, 0x15, 0x00, 0x49, 0x05, 0x00, 0x02, 0xD6, 0x2C, 0x48,
    0x82, 0x44, 0x00, 0x00, 0x04, 0x89, 0x00, 0x00, 0x00, 0x00, 0x00, 0x04, 0x00, 0x09, 0x00, 0x00,
    0x04, 0x22, 0x00, 0x04, 0x40, 0x00, 0x00, 0x00, 0x00, 0x00, 0x00, 0x20, 0x00, 0x02, 0x00, 0x00,
    0x08, 0x00, 0x12, 0x04, 0x00, 0x10, 0x52, 0x02, 0x09, 0x40, 0x49, 0x99, 0x5A, 0x55, 0x55, 0xAD,
    0xA5, 0xAA, 0x28, 0x24, 0x25, 0xDA, 0xB4, 0x69, 0xAA, 0x92, 0x44, 0x12, 0x00, 0x90, 0x10, 0x20,
    0x62, 0x26, 0x55, 0xD1, 0x04, 0x80, 0x20, 0x21, 0x40, 0x00, 0x00, 0x24, 0x00, 0x04, 0x20, 0x09,
    0x00, 0x01, 0x80, 0x40, 0x00, 0x00, 0x00, 0x00, 0x12, 0x24, 0x90, 0x24, 0x01, 0x00, 0x02, 0x00,
    0x10, 0x08, 0x04, 0x00, 0x00, 0x80, 0x00, 0x04, 0x22, 0x09, 0xC0, 0x04, 0xA8, 0xA6, 0x48, 0xAD,
    0xDA, 0xAA, 0xD7, 0x5A, 0x25, 0x95, 0x92, 0x42, 0x25, 0x4B, 0x9A, 0x55, 0x6D, 0x0A, 0x80, 0x50,
    0x02, 0x00, 0x00, 0x35, 0x53, 0x8A, 0x24, 0x12, 0x02, 0x84, 0x00, 0x10, 0x02, 0x00, 0x20, 0x00,
    0x00, 0x00, 0x02, 0x24, 0x88, 0x00, 0x08, 0x00, 0x10, 0x40, 0x08, 0x80, 0x00, 0x02, 0x00, 0x10,
    0x42, 0x80, 0x04, 0x00, 0x81, 0x40, 0x00, 0x40, 0x00, 0x00, 0x40, 0x00, 0x20, 0x21, 0x08, 0x49,
    0x52, 0xA8, 0x52, 0xAB, 0xDA, 0x74, 0x4D, 0x5A, 0x45, 0x59, 0x59, 0xB5, 0xB5, 0xA5, 0xAD, 0x92,
    0x82, 0x04, 0x88, 0x44, 0x02, 0x00, 0x9A, 0x19, 0x49, 0x20, 0x01, 0x00, 0x10, 0x04, 0x22, 0x00,
    0x00, 0x02, 0x10, 0x00, 0x00, 0x00, 0x10, 0x00, 0x20, 0x01, 0x92, 0x80, 0x04, 0x40, 0x00, 0x00,
    0x00, 0x00, 0x00, 0x00, 0x08, 0x00, 0x01, 0x00, 0x00, 0x00, 0x00, 0x00, 0x48, 0x00, 0x00, 0x40,
    0x90, 0x02, 0x44, 0x29, 0x55, 0xAA, 0x54, 0x55, 0xAD, 0xB5, 0x49, 0x29, 0x8A, 0xA4, 0x56, 0xAA,
    0xDA, 0x6A, 0x4D, 0x05, 0x48, 0x12, 0x08, 0x48, 0x88, 0x65, 0x8D, 0x94, 0x54, 0x09, 0x00, 0x40,
    0x42, 0x40, 0x00, 0x10, 0x24, 0x00, 0x00, 0x48, 0x12, 0x00, 0x00, 0x00, 0x40, 0x00, 0x00, 0x00,
    0x01, 0x02, 0x44, 0x40, 0x44, 0x42, 0x20, 0x00, 0x00, 0x00, 0x08, 0x00, 0x42, 0x00, 0x88, 0x00,
    0x08, 0x90, 0x0C, 0x48, 0x20, 0x40, 0x8D, 0x90, 0x55, 0xAB, 0x6A, 0x9B, 0x2A, 0xA5, 0x94, 0x65,
    0x2A, 0xA9, 0x55, 0x6D, 0x95, 0xAA, 0x24, 0x00, 0x40, 0x00, 0x00, 0xC0, 0xAA, 0x92, 0x2A, 0x92,
    0x44, 0x80, 0x08, 0x00, 0x08, 0x10, 0x00, 0x00, 0x00, 0x00, 0x01, 0x01, 0x20, 0x01, 0x00, 0x12,
    0x00, 0x00, 0x20, 0x08, 0x90, 0x00, 0x09, 0x00, 0x00, 0x04, 0x81, 0x48, 0x08, 0x00, 0x10, 0x00,
    0x02, 0x01, 0x00, 0x00, 0x02, 0x00, 0x26, 0x00, 0xA0, 0x42, 0xAC, 0x6A, 0x55, 0xAD, 0x65, 0xD5,
    0x34, 0xA5, 0x54, 0x55, 0xD5, 0xDA, 0x56, 0x6D, 0x55, 0x02, 0x22, 0x09, 0x00, 0x40, 0x82, 0x54,
    0x49, 0x12, 0x29, 0x00, 0x08, 0x20, 0x01, 0x81, 0x80, 0x00, 0x20, 0x00, 0x00, 0x08, 0x02, 0x09,
    0x00, 0x40, 0x00, 0x22, 0x00, 0x00, 0x00, 0x00, 0x00, 0x00, 0x00, 0x00, 0x00, 0x10, 0x00, 0x00,
    0x20, 0x02, 0x00, 0x20, 0x00, 0x00, 0x40, 0x00, 0x82, 0x15, 0x12, 0x48, 0x34, 0x51, 0x95, 0xAA,
    0x92, 0xB4, 0x2A, 0x93, 0x52, 0x92, 0xAA, 0x5A, 0xAA, 0xAA, 0x52, 0x4A, 0x09, 0x01, 0x04, 0x40,
    0x00, 0x64, 0xAB, 0x65, 0x25, 0x14, 0x02, 0x00, 0x04, 0x10, 0x20, 0x00, 0x00, 0x10, 0x00, 0x04,
    0x00, 0x08, 0x00, 0x08, 0x02, 0x00, 0x00, 0x00, 0x02, 0x41, 0x02, 0x12, 0x80, 0x24, 0x92, 0x00,
    0x00, 0x00, 0x40, 0x00, 0x80, 0x00, 0x00, 0x08, 0x91, 0x04, 0x20, 0x65, 0x89, 0x00, 0x82, 0x8A,
    0xA8, 0x6A, 0x6D, 0x6D, 0x5B, 0xAB, 0x4A, 0xA9, 0x6D, 0x52, 0x65, 0x57, 0xB5, 0xAD, 0xAA, 0x42,
    0x10, 0x20, 0x02, 0x02, 0xA1, 0xB4, 0x94, 0x1A, 0x45, 0x20, 0x00, 0x49, 0x02, 0x12, 0x00, 0x00,
    0x02, 0x00, 0x00, 0x40, 0x00, 0x90, 0x00, 0x00, 0x92, 0x00, 0x00, 0x00, 0x08, 0x20, 0x00, 0x12,
    0x00, 0x00, 0x90, 0x04, 0x89, 0x04, 0x00, 0x00, 0x00, 0x00, 0x00, 0x00, 0x00, 0x08, 0x50, 0x02,
    0x00, 0x40, 0x51, 0x54, 0xAD, 0x52, 0xA5, 0xA4, 0x54, 0xA9, 0x2C, 0x49, 0x95, 0x9A, 0x69, 0xDB,
    0x56, 0x55, 0x11, 0x82, 0x00, 0x00, 0x00, 0x50, 0x4B, 0x52, 0x89, 0x29, 0x01, 0x00, 0x20, 0x40,
    0x00, 0x01, 0x00, 0x00, 0x00, 0x00, 0x10, 0x02, 0x02, 0x00, 0x40, 0x00, 0x48, 0x42, 0x20, 0x00,
    0x00, 0x40, 0x00, 0x00, 0x00, 0x02, 0x20, 0x00, 0x00, 0x10, 0x00, 0x04, 0x00, 0x20, 0x00, 0x20,
    0x80, 0x94, 0x40, 0x84, 0x90, 0x24, 0xA9, 0x52, 0xAD, 0xB2, 0x56, 0x2B, 0x95, 0x52, 0xA5, 0x6A,
    0x65, 0xB6, 0x2A, 0xA9, 0x24, 0x21, 0x00, 0x84, 0x1E, 0x00, 0xA8, 0xB4, 0xAD, 0x44, 0x04, 0x04,
    0x02, 0x04, 0x08, 0x08, 0x00, 0x00, 0x20, 0x10, 0x00, 0x04, 0x04, 0x20, 0x01, 0x00, 0x00, 0x00,
    0x00, 0x04, 0x91, 0x04, 0x04, 0x00, 0x49, 0x22, 0x00, 0x00, 0x00, 0x00, 0x00, 0x09, 0x00, 0x00,
    0x01, 0x01, 0x00, 0x02, 0x6A, 0x28, 0x00, 0x00, 0x92, 0x4C, 0xAD, 0x55, 0x5B, 0xA9, 0xD4, 0x56,
    0xAB, 0xB6, 0x2A, 0xB5, 0x56, 0x6D, 0xB7, 0x56, 0x80, 0x12, 0xF0, 0x66, 0x01, 0x50, 0x2B, 0xB5,
    0x4A, 0x0A, 0x00, 0x80, 0x48, 0x02, 0x41, 0x00, 0x00, 0x00, 0x00, 0x00, 0x80, 0x00, 0x10, 0x40,
    0x00, 0x49, 0x02, 0x00, 0x00, 0x00, 0x80, 0x00, 0x22, 0x00, 0x00, 0x10, 0x04, 0x10, 0x08, 0x01,
    0x00, 0x00, 0x00, 0x00, 0x20, 0x00, 0x50, 0x05, 0x04, 0x21, 0x44, 0x49, 0xA4, 0x52, 0xAA, 0x94,
    0x56, 0x2B, 0xA9, 0x54, 0x49, 0x95, 0x9A, 0xA9, 0xD5, 0x96, 0x92, 0x12, 0x01, 0x19, 0x91, 0x14,
    0xA9, 0xD4, 0x4A, 0x92, 0x41, 0x10, 0x00, 0x90, 0x00, 0x00, 0x00, 0x04, 0x00, 0x00, 0x00, 0x10,
    0x88, 0x84, 0x00, 0x20, 0x00, 0x10, 0x00, 0x00, 0x00, 0x10, 0x40, 0x00, 0x00, 0x08, 0x02, 0x41,
    0x02, 0x01, 0x10, 0x80, 0x40, 0x10, 0x00, 0x00, 0x09, 0x80, 0x02, 0x02, 0x00, 0x80, 0x94, 0x68,
    0xAD, 0x55, 0xCB, 0xAA, 0xA4, 0x54, 0x29, 0x55, 0xD5, 0x4A, 0xDB, 0x2A, 0x6B, 0xA9, 0x40, 0x88,
    0x90, 0x5A, 0x0B, 0x58, 0x4D, 0xB5, 0x42, 0x04, 0x00, 0x08, 0x04, 0x20, 0x90, 0x00, 0x00, 0x10,
    0x00, 0x20, 0x00, 0x00, 0x00, 0x04, 0x00, 0x00, 0x80, 0x88, 0x48, 0x12, 0x01, 0x08, 0x04, 0x89,
    0x40, 0x00, 0x00, 0x00, 0x00, 0x00, 0x00, 0x00, 0x80, 0x10, 0x04, 0x00, 0x69, 0x48, 0x49, 0x02,
    0x10, 0x4A, 0x34, 0xB5, 0xAA, 0x6A, 0x55, 0x5B, 0xAB, 0xD6, 0xAA, 0x2A, 0xE9, 0x2C, 0xDB, 0x95,
    0x56, 0x08, 0x42, 0x40, 0xA5, 0x48, 0xAC, 0xAA, 0x4D, 0x69, 0x02, 0x02, 0x00, 0x22, 0x05, 0x04,
    0x00, 0x20, 0x00, 0x00, 0x01, 0x42, 0x02, 0xA0, 0x00, 0x00, 0x24, 0x01, 0x00, 0x00, 0x00, 0x00,
    0x01, 0x20, 0x00, 0x00, 0x20, 0x08, 0x10, 0x10, 0x00, 0x01, 0x04, 0x00, 0x00, 0x00, 0x20, 0x12,
    0x21, 0x00, 0x90, 0x00, 0x91, 0x94, 0x4A, 0x6D, 0x35, 0x2A, 0x49, 0x49, 0xA9, 0x5A, 0xD5, 0x96,
    0xA6, 0x55, 0xAB, 0x92, 0x42, 0x01, 0xA4, 0x2A, 0x25, 0x56, 0xB5, 0xAA, 0x10, 0x41, 0x00, 0x40,
    0x48, 0x80, 0x00, 0x04, 0x00, 0x00, 0x00, 0x00, 0x00, 0x10, 0x10, 0x00, 0x82, 0x00, 0x08, 0x00,
    0x00, 0x00, 0x24, 0x80, 0x00, 0x00, 0x08, 0x04, 0x00, 0x01, 0x02, 0x20, 0x10, 0x00, 0x00, 0x80,
    0x00, 0x80, 0x08, 0x00, 0x24, 0x00, 0x00, 0x88, 0xC8, 0x6A, 0x55, 0x95, 0xA5, 0xB5, 0x34, 0x55,
    0xA5, 0x55, 0x6A, 0xD9, 0xAC, 0x56, 0x69, 0x20, 0xA0, 0x92, 0xD4, 0x0A, 0xA5, 0x4A, 0x55, 0xA9,
    0x08, 0x44, 0x00, 0x04, 0x02, 0x48, 0x00, 0x00, 0x00, 0x00, 0x00, 0x10, 0x01, 0x02, 0x08, 0x00,
    0x00, 0x00, 0x00, 0x42, 0x92, 0x00, 0x10, 0x00, 0x22, 0x81, 0x00, 0x02, 0x40, 0x00, 0x01, 0x00,
    0x00, 0x00, 0x02, 0x20, 0x40, 0x14, 0x94, 0x12, 0x00, 0x49, 0x40, 0x34, 0xAD, 0xAA, 0xD2, 0x5A,
    0xAA, 0xA6, 0xAA, 0x5A, 0x2A, 0xB5, 0xB6, 0xD6, 0xA5, 0x96, 0x48, 0x52, 0x08, 0x25, 0x92, 0x5A,
    0xB5, 0x2A, 0x4C, 0x00, 0x00, 0x00, 0x90, 0x00, 0x00, 0x00, 0x00, 0x00, 0x00, 0x00, 0x00, 0x02,
    0x40, 0x41, 0x00, 0x24, 0x81, 0x08, 0x00, 0x00, 0x00, 0x02, 0x24, 0x00, 0x00, 0x40, 0x20, 0x00,
    0x10, 0x00, 0x00, 0x40, 0x02, 0x00, 0x00, 0x21, 0x82, 0x26, 0x01, 0x04, 0x02, 0x94, 0xA8, 0x52,
    0x55, 0x3B, 0xA9, 0x4A, 0x55, 0x55, 0xAD, 0xAA, 0x4B, 0x4B, 0x6B, 0xAB, 0x24, 0x81, 0x88, 0x20,
    0x48, 0x09, 0xA5, 0x54, 0x25, 0x12, 0x80, 0x00, 0x00, 0x20, 0x40, 0x04, 0x00, 0x00, 0x00, 0x00,
    0x00, 0x04, 0x00, 0x24, 0x00, 0x90, 0x00, 0x10, 0x00, 0x10, 0x00, 0x48, 0x40, 0x00, 0x00, 0x20,
    0x08, 0x04, 0x09, 0x00, 0x00, 0x42, 0x04, 0x00, 0x10, 0x00, 0x40, 0x05, 0x41, 0x90, 0x00, 0x00,
    0x8A, 0x4C, 0x55, 0xAB, 0xCC, 0x56, 0xB5, 0xAA, 0x6A, 0x53, 0xB5, 0x68, 0xD9, 0x54, 0x55, 0x53,
    0x24, 0x20, 0x41, 0x28, 0xC5, 0x5A, 0xAB, 0x9A, 0x22, 0x12, 0x04, 0x80, 0x04, 0x09, 0x48, 0x00,
    0x00, 0x00, 0x00, 0x00, 0x20, 0x11, 0x00, 0x00, 0x00, 0x00, 0x00, 0x40, 0x00, 0x24, 0x01, 0x00,
    0x00, 0x92, 0x04, 0x01, 0x00, 0x80, 0x00, 0x40, 0x00, 0x00, 0x00, 0x00, 0x02, 0x24, 0x01, 0x29,
    0x0A, 0x10, 0x12, 0x51, 0x54, 0xAD, 0xB4, 0xA5, 0xAA, 0x4A, 0x55, 0x95, 0xAA, 0x4A, 0x5D, 0x6D,
    0xDB, 0x2A, 0x59, 0x40, 0x48, 0x92, 0x44, 0x82, 0xAA, 0x6A, 0x15, 0x11, 0x00, 0x00, 0x04, 0x90,
    0x00, 0x00, 0x20, 0x00, 0x01, 0x00, 0x00, 0x00, 0x02, 0x90, 0x04, 0x00, 0x48, 0x02, 0x00, 0x80,
    0x00, 0x00, 0x02, 0x44, 0x00, 0x00, 0x20, 0x00, 0x00, 0x48, 0x04, 0x00, 0x00, 0x00, 0x00, 0x00,
    0x80, 0xC8, 0x14, 0x01, 0x00, 0x01, 0x15, 0xA4, 0x52, 0x4B, 0x5A, 0x55, 0xB5, 0xAA, 0xDA, 0x5A,
    0xA5, 0xA6, 0x96, 0xAA, 0xA5, 0x8A, 0x10, 0x24, 0x81, 0x00, 0x49, 0x55, 0x55, 0x45, 0x09, 0x00,
    0x20, 0x00, 0x00, 0x00, 0x10, 0x02, 0x00, 0x00, 0x10, 0x00, 0x08, 0x00, 0x09, 0x40, 0x00, 0x01,
    0x90, 0x00, 0x04, 0x00, 0x40, 0x80, 0x00, 0x00, 0x00, 0x00, 0x90, 0x10, 0x00, 0x00, 0x08, 0x10,
    0x10, 0x01, 0x00, 0x10, 0x84, 0x42, 0x10, 0x00, 0x01, 0x8A, 0xA8, 0x5A, 0x6D, 0xAB, 0xAA, 0x4A,
    0x55, 0x4B, 0xA5, 0x5A, 0x52, 0x69, 0xD5, 0x5A, 0x52, 0x08, 0x91, 0x48, 0x82, 0xE0, 0xAA, 0xAA,
    0x84, 0x04, 0x91, 0x04, 0x00, 0x94, 0x44, 0x02, 0x00, 0x00, 0x00, 0x80, 0x00, 0x00, 0x12, 0x40,
    0x00, 0x20, 0x00, 0x00, 0x00, 0x00, 0x20, 0x09, 0x10, 0x00, 0x22, 0x48, 0x04, 0x02, 0x80, 0x00,
    0x80, 0x00, 0x01, 0x00, 0x40, 0x10, 0x04, 0x40, 0x25, 0x0A, 0x84, 0x00, 0x80, 0x54, 0xAD, 0x52,
    0x55, 0x55, 0xAB, 0xAA, 0xB4, 0x5A, 0x55, 0xBB, 0xAD, 0xB6, 0x49, 0x29, 0x42, 0x48, 0x05, 0x12,
    0x20, 0x55, 0x55, 0x63, 0x20, 0x00, 0x00, 0x00, 0x41, 0x00, 0x00, 0x00, 0x02, 0x00, 0x00, 0x04,
    0x20, 0x01, 0x00, 0x00, 0x00, 0x10, 0x01, 0x00, 0x90, 0x04, 0x00, 0x00, 0x20, 0x00, 0x01, 0x40,
    0x00, 0x02, 0x00, 0x00, 0x00, 0x80, 0x00, 0x00, 0x00, 0x82, 0xA2, 0x08, 0x80, 0x80, 0x10, 0x61,
    0xAA, 0x52, 0xAD, 0xDA, 0xAA, 0x54, 0xD5, 0x56, 0xA5, 0xAA, 0x49, 0xD5, 0x6A, 0xAD, 0x15, 0x20,
    0x54, 0x42, 0x01, 0xB0, 0xAA, 0x2A, 0x29, 0x02, 0x00, 0x02, 0x00, 0x08, 0x00, 0x48, 0x00, 0x00,
    0x00, 0x00, 0x00, 0x08, 0x00, 0x52, 0x02, 0x40, 0x02, 0x40, 0x08, 0x00, 0x00, 0x00, 0x01, 0x04,
    0x00, 0x00, 0x02, 0x20, 0x00, 0x40, 0x04, 0x20, 0x00, 0x00, 0x08, 0x00, 0x01, 0x40, 0x92, 0x04,
    0x40, 0x00, 0x14, 0x54, 0xAA, 0x55, 0x25, 0x55, 0xAB, 0x2A, 0xA9, 0xB6, 0xAA, 0xAC, 0x56, 0xD5,
    0x52, 0x48, 0x14, 0x24, 0x29, 0x64, 0x52, 0x55, 0xAA, 0x10, 0x01, 0x92, 0x00, 0x10, 0x20, 0x09,
    0x00, 0x00, 0x00, 0x00, 0x00, 0x00, 0x00, 0x04, 0x00, 0x80, 0x00, 0x00, 0x08, 0x00, 0x01, 0x40,
    0x24, 0x80, 0x40, 0x24, 0x48, 0x10, 0x04, 0x20, 0x09, 0x00, 0x04, 0x04, 0x00, 0x00, 0x02, 0x00,
    0xA1, 0x22, 0x01, 0x24, 0x02, 0x82, 0xA8, 0x56, 0xAA, 0xDA, 0xAA, 0x54, 0xD5, 0x56, 0x49, 0x55,
    0x55, 0xA9, 0x6D, 0xA9, 0x96, 0x00, 0x49, 0x8D, 0x04, 0xA8, 0xAA, 0xD5, 0x94, 0x48, 0x00, 0x80,
    0x00, 0x49, 0x00, 0x02, 0x00, 0x00, 0x00, 0x00, 0x00, 0x40, 0x02, 0x10, 0x01, 0x00, 0x20, 0x01,
    0x00, 0x08, 0x09, 0x00, 0x08, 0x00, 0x00, 0x01, 0x80, 0x00, 0x04, 0x00, 0x80, 0x00, 0x00, 0x00,
    0x00, 0x00, 0x11, 0x20, 0x09, 0x00, 0x40, 0x00, 0x20, 0x54, 0xA9, 0xD5, 0x56, 0xB5, 0x56, 0x55,
    0xA9, 0xB6, 0xAA, 0xAA, 0xB6, 0xB2, 0x56, 0x22, 0x48, 0xA8, 0x12, 0x48, 0x51, 0x49, 0x25, 0x24,
    0x00, 0x40, 0x04, 0x00, 0x00, 0x40, 0x10, 0x01, 0x00, 0x00, 0x00, 0x40, 0x08, 0x00, 0x02, 0x08,
    0x40, 0x04, 0x80, 0x00, 0x00, 0x80, 0x00, 0x00, 0x08, 0x00, 0x00, 0x02, 0x90, 0x00, 0x80, 0x00,
    0x00, 0x20, 0x02, 0x00, 0x80, 0x00, 0x92, 0x90, 0x44, 0x20, 0x20, 0x10, 0xAA, 0xB6, 0x5A, 0xA9,
    0x4A, 0xA9, 0xAA, 0x56, 0xA9, 0xAA, 0x6A, 0x55, 0x6D, 0x49, 0x15, 0x24, 0x14, 0x49, 0x92, 0x98,
    0x56, 0x2A, 0x09, 0x00, 0x48, 0x00, 0x00, 0xA4, 0x04, 0x00, 0x00, 0x40, 0x00, 0x00, 0x00, 0x00,
    0x04, 0x48, 0x00, 0x00, 0x00, 0x10, 0x00, 0x20, 0x00, 0x24, 0x01, 0x80, 0x10, 0x00, 0x00, 0x00,
    0x00, 0x00, 0x08, 0x00, 0x01, 0x20, 0x44, 0x10, 0x00, 0x60, 0x4A, 0x00, 0x14, 0x00, 0x00, 0xD4,
    0x4A, 0xA5, 0x56, 0x55, 0xAD, 0x52, 0xA9, 0x4A, 0x55, 0x95, 0xAA, 0x6D, 0x35, 0x49, 0x02, 0x4A,
    0x2A, 0x21, 0x4C, 0x69, 0x15, 0x25, 0x01, 0x11, 0x00, 0x80, 0x10, 0x00, 0x04, 0x10, 0x00, 0x00,
    0x00, 0x00, 0x40, 0x02, 0x00, 0x00, 0x02, 0x00, 0x01, 0x40, 0x00, 0x11, 0x00, 0x00, 0x00, 0x80,
    0x48, 0x40, 0x02, 0x40, 0x02, 0x00, 0x24, 0x00, 0x00, 0x00, 0x80, 0x20, 0x90, 0x04, 0x01, 0x00,
    0x01, 0x21, 0x24, 0xB5, 0xB6, 0xAA, 0xAA, 0x52, 0x2D, 0x55, 0xB5, 0xAA, 0xAA, 0x55, 0xB5, 0xA6,
    0x24, 0x90, 0xA4, 0xA5, 0x88, 0x64, 0x95, 0x8A, 0x10, 0x20, 0x40, 0x02, 0x00, 0x40, 0x02, 0x20,
    0x80, 0x00, 0x00, 0x00, 0x00, 0x08, 0x00, 0x20, 0x09, 0x40, 0x24, 0x00, 0x04, 0x00, 0x00, 0x00,
    0x10, 0x22, 0x00, 0x00, 0x08, 0x20, 0x09, 0x80, 0x00, 0x00, 0x08, 0x00, 0x00, 0x40, 0x00, 0x48,
    0x20, 0x10, 0x04, 0x00, 0x00, 0xAA, 0xAA, 0x52, 0x55, 0xB5, 0xAA, 0xD2, 0x56, 0x55, 0x55, 0x69,
    0xB6, 0xDA, 0x52, 0x13, 0x25, 0x52, 0x54, 0x45, 0x94, 0xA4, 0xC4, 0x02, 0x04, 0x24, 0x00, 0x00,
    0x22, 0x90, 0x00, 0x00, 0x00, 0x00, 0x00, 0x00, 0x00, 0x22, 0x08, 0x00, 0x00, 0x00, 0x90, 0x00,
    0x10, 0x00, 0x11, 0x00, 0x00, 0x09, 0x00, 0x01, 0x00, 0x00, 0x00, 0x40, 0x00, 0x00, 0x01, 0x00,
    0x02, 0x04, 0x90, 0x94, 0x80, 0x04, 0x00, 0x10, 0x54, 0x55, 0xAD, 0xAA, 0x4A, 0xAD, 0x5A, 0xA9,
    0xAA, 0xAA, 0x96, 0xAA, 0x6D, 0x59, 0x12, 0x08, 0x94, 0x2A, 0x29, 0x52, 0xAB, 0x46, 0x04, 0x00,
    0x12, 0x20, 0x04, 0x10, 0x01, 0x08, 0x00, 0x00, 0x00, 0x00, 0x00, 0x80, 0x00, 0x41, 0x00, 0x00,
    0x00, 0x02, 0x00, 0x81, 0x24, 0x00, 0x02, 0x10, 0x80, 0x04, 0x80, 0x00, 0x00, 0x08, 0x04, 0x82,
    0x00, 0x00, 0x00, 0x00, 0x80, 0x48, 0x02, 0x00, 0x42, 0x40, 0x00, 0x56, 0xAB, 0xD5, 0xD6, 0xAA,
    0x52, 0x25, 0x55, 0x25, 0x55, 0xA9, 0xD5, 0xB2, 0x26, 0x49, 0x42, 0x4A, 0x92, 0x12, 0xAB, 0x52,
    0x61, 0x81, 0x40, 0x41, 0x02, 0x00, 0x00, 0x00, 0x80, 0x00, 0x00, 0x02, 0x40, 0x00, 0x24, 0x04,
    0x10, 0x42, 0x00, 0x22, 0x00, 0x00, 0x00, 0x00, 0x00, 0x00, 0x01, 0x00, 0x40, 0x10, 0x04, 0x11,
    0x41, 0x00, 0x00, 0x20, 0x00, 0x20, 0x40, 0x00, 0x20, 0x49, 0x40, 0x00, 0x08, 0x20, 0xA8, 0xB4,
    0x52, 0x29, 0x55, 0xAA, 0xDA, 0xAA, 0x5A, 0x29, 0x55, 0x2A, 0x6D, 0xAA, 0x0A, 0x24, 0x52, 0x55,
    0x09, 0x49, 0x24, 0x99, 0x10, 0x10, 0x28, 0x00, 0x00, 0xA2, 0x00, 0x01, 0x00, 0x00, 0x00, 0x00,
    0x00, 0x00, 0x02, 0x00, 0x00, 0x40, 0x00, 0x10, 0x00, 0x08, 0x00, 0x49, 0x00, 0x00, 0x10, 0x00,
    0x02, 0x00, 0x00, 0x00, 0x00, 0x10, 0x04, 0x00, 0x01, 0x20, 0x00, 0x54, 0x24, 0x00, 0x22, 0x05,
    0x04, 0x54, 0x4D, 0x3A, 0xAD, 0xAA, 0x55, 0x25, 0x55, 0xC9, 0xCA, 0xAA, 0x58, 0x5D, 0x55, 0x15,
    0x11, 0x29, 0xA9, 0x94, 0x54, 0xAD, 0x24, 0x00, 0x02, 0x05, 0x00, 0x40, 0x00, 0x08, 0x08, 0x00,
    0x08, 0x00, 0x00, 0x00, 0x00, 0x00, 0x88, 0x00, 0x02, 0x00, 0x81, 0x00, 0x80, 0x24, 0x00, 0x08,
    0x40, 0x02, 0x09, 0x40, 0x48, 0x00, 0x00, 0x00, 0x00, 0x00, 0x08, 0x00, 0x11, 0x24, 0x28, 0x01,
    0x24, 0x81, 0xB2, 0x0A, 0x4A, 0xB3, 0xCD, 0x56, 0xA9, 0xAA, 0x55, 0x95, 0x2A, 0x55, 0x1A, 0x6D,
    0x6B, 0x4B, 0x42, 0x02, 0x94, 0x94, 0x8A, 0xA4, 0x42, 0x48, 0x02, 0xA0, 0x24, 0x01, 0x00, 0x24,
    0x01, 0x00, 0x00, 0x00, 0x00, 0x00, 0x04, 0x90, 0x04, 0x20, 0x00, 0x00, 0x10, 0x00, 0x44, 0x00,
    0x00, 0x00, 0x00, 0x09, 0x00, 0x00, 0x00, 0x00, 0x88, 0x08, 0x04, 0x00, 0x00, 0x01, 0x00, 0x00,
    0x00, 0x12, 0x52, 0x20, 0x20, 0x2D, 0x41, 0xB4, 0x5A, 0x65, 0xA5, 0x56, 0x55, 0xAA, 0xAA, 0xD4,
    0x6A, 0x8B, 0x96, 0xB6, 0x32, 0x09, 0xA4, 0xCA, 0x56, 0x45, 0x2A, 0x32, 0x16, 0x80, 0x44, 0x10,
    0x00, 0x00, 0x00, 0x80, 0x90, 0x00, 0x00, 0x00, 0x00, 0x00, 0x04, 0x01, 0x00, 0x04, 0x20, 0x02,
    0x00, 0x00, 0x12, 0x00, 0x11, 0x00, 0x00, 0x40, 0x20, 0x09, 0x00, 0x01, 0x80, 0x20, 0x92, 0x20,
    0x00, 0x00, 0x80, 0x00, 0xA4, 0x08, 0x00, 0x88, 0x93, 0x04, 0x4A, 0xA5, 0xB6, 0xB2, 0xAA, 0xAA,
    0xAA, 0x52, 0x92, 0x94, 0xC4, 0xA9, 0x5F, 0xCD, 0x8A, 0x08, 0x52, 0x22, 0x11, 0x45, 0x09, 0x09,
    0x24, 0x01, 0x0A, 0x40, 0x04, 0x42, 0x00, 0x00, 0x20, 0x00, 0x00, 0x00, 0x00, 0x00, 0x00, 0x12,
    0x00, 0x00, 0x00, 0x09, 0x00, 0x40, 0x24, 0x00, 0x02, 0x00, 0x08, 0x01, 0x80, 0x04, 0x00, 0x00,
    0x00, 0x00, 0x00, 0x00, 0x00, 0x20, 0x00, 0x29, 0x21, 0x4C, 0x00, 0x55, 0x0A, 0xA8, 0x5A, 0x29,
    0x5B, 0x55, 0x55, 0x55, 0x55, 0x2B, 0x4B, 0x66, 0xDA, 0xA9, 0xAA, 0x44, 0x40, 0x28, 0x59, 0x09,
    0xA9, 0x94, 0x45, 0x00, 0x62, 0x25, 0x01, 0x20, 0x20, 0x08, 0x00, 0x00, 0x00, 0x00, 0x00, 0x00,
    0x20, 0x12, 0x00, 0x01, 0x00, 0x20, 0x00, 0x00, 0x00, 0x00, 0x40, 0x10, 0x91, 0x00, 0x04, 0x00,
    0x00, 0x24, 0x09, 0x00, 0x00, 0x04, 0x10, 0x20, 0x12, 0x88, 0x48, 0x84, 0x02, 0xA1, 0x2A, 0x05,
    0x56, 0xAA, 0x56, 0xA5, 0xAA, 0xAA, 0x92, 0x2A, 0x51, 0x6A, 0x33, 0x6D, 0x5D, 0x55, 0x05, 0x24,
    0x94, 0x94, 0xC4, 0x12, 0x89, 0x0A, 0x80, 0x84, 0x10, 0x00, 0x00, 0x04, 0x41, 0x04, 0x00, 0x00,
    0x00, 0x00, 0x00, 0x04, 0x01, 0x40, 0x40, 0x00, 0x01, 0x40, 0x00, 0x00, 0x00, 0x09, 0x00, 0x00,
    0x00, 0x80, 0x24, 0x20, 0x00, 0x00, 0x01, 0x00, 0x00, 0x00, 0x01, 0x00, 0x00, 0x49, 0x12, 0x00,
    0x20, 0x93, 0x12, 0xA8, 0xD5, 0xDA, 0x5A, 0x55, 0x55, 0xAD, 0x94, 0x4A, 0xDB, 0x4A, 0xD3, 0xAE,
    0x92, 0x22, 0x89, 0xA4, 0x4A, 0x22, 0x49, 0x62, 0x01, 0x49, 0x11, 0x09, 0x00, 0x00, 0x00, 0x00,
    0x20, 0x00, 0x42, 0x00, 0x10, 0x00, 0x00, 0x00, 0x10, 0x02, 0x00, 0x00, 0x00, 0x00, 0x44, 0x12,
    0x00, 0x00, 0x00, 0x10, 0x10, 0x00, 0x04, 0x00, 0x00, 0x08, 0x20, 0x20, 0x01, 0x00, 0x10, 0x41,
    0x28, 0x21, 0x09, 0x04, 0x95, 0x08, 0x54, 0x2A, 0x25, 0x55, 0xAD, 0x4A, 0x52, 0x53, 0xA9, 0x6D,
    0xD3, 0xBA, 0x57, 0x6D, 0x49, 0x42, 0x28, 0x25, 0x91, 0x64, 0x41, 0x02, 0x20, 0xA0, 0x84, 0x10,
    0x00, 0x41, 0x00, 0x00, 0x01, 0x00, 0x00, 0x00, 0x00, 0x20, 0x09, 0x02, 0x00, 0x04, 0x10, 0x09,
    0x80, 0x00, 0x00, 0x00, 0x20, 0x04, 0x80, 0x00, 0x80, 0x00, 0x09, 0x24, 0x00, 0x00, 0x00, 0x00,
    0x00, 0x00, 0x80, 0x94, 0x08, 0x00, 0x20, 0x4B, 0x05, 0xAA, 0xD6, 0xDA, 0xAA, 0x52, 0xB5, 0x2A,
    0xA9, 0x94, 0xB6, 0x2B, 0xD5, 0x6A, 0x25, 0x05, 0x10, 0x49, 0xA9, 0x44, 0x2A, 0xB2, 0x11, 0x00,
    0x09, 0x12, 0x80, 0x00, 0x08, 0x08, 0x02, 0x00, 0x00, 0x00, 0x00, 0x10, 0x04, 0x00, 0x40, 0x00,
    0x20, 0x02, 0x00, 0x04, 0x00, 0x00, 0x49, 0x02, 0x00, 0x01, 0x00, 0x12, 0x20, 0x80, 0x00, 0x40,
    0x04, 0x01, 0x00, 0x00, 0x08, 0x20, 0x44, 0x16, 0x00, 0x81, 0x35, 0x49, 0x54, 0x55, 0x55, 0xAD,
    0xAD, 0x54, 0x95, 0x4C, 0xDA, 0x6D, 0x53, 0xB5, 0xAD, 0x92, 0x02, 0x09, 0xA4, 0x14, 0xA2, 0x92,
    0x90, 0x00, 0x49, 0x41, 0x09, 0x00, 0x08, 0x00, 0x41, 0x00, 0x00, 0x00, 0x00, 0x00, 0x00, 0x80,
    0x04, 0x10, 0x04, 0x00, 0x00, 0x40, 0x00, 0x20, 0x49, 0x00, 0x00, 0x00, 0x08, 0x48, 0x00, 0x04,
    0x00, 0x00, 0x01, 0x00, 0x00, 0x08, 0x40, 0x10, 0x44, 0xA8, 0x00, 0x84, 0x04, 0x95, 0x04, 0xA4,
    0xAA, 0xAA, 0x52, 0x55, 0x2B, 0x49, 0xA5, 0xAD, 0xBB, 0xA9, 0x6A, 0x57, 0x6D, 0x92, 0x84, 0x50,
    0x4A, 0x22, 0x45, 0x59, 0x00, 0x90, 0x50, 0x04, 0x00, 0x80, 0x44, 0x00, 0x00, 0x00, 0x00, 0x02,
    0x00, 0x00, 0x00, 0x00, 0x80, 0x00, 0x00, 0x20, 0x02, 0x00, 0x04, 0x00, 0x00, 0x90, 0x00, 0x80,
    0x00, 0x00, 0x00, 0x10, 0x08, 0x00, 0x20, 0x44, 0x00, 0x00, 0x00, 0x10, 0x14, 0x21, 0x00, 0x00,
    0x4B, 0x0A, 0x28, 0xB5, 0x55, 0xAD, 0xAA, 0xA4, 0xA6, 0xD2, 0xD6, 0xDD, 0x22, 0x6A, 0x53, 0x55,
    0x05, 0x20, 0x29, 0x53, 0x52, 0x29, 0x94, 0x10, 0x20, 0x08, 0x92, 0x00, 0x00, 0x20, 0x00, 0x10,
    0x04, 0x00, 0x00, 0x80, 0x00, 0x24, 0x42, 0x00, 0x20, 0x00, 0x01, 0x00, 0x00, 0x00, 0x00, 0x44,
    0x00, 0x20, 0x00, 0x00, 0x90, 0x40, 0x82, 0x00, 0x08, 0x00, 0x00, 0x00, 0x00, 0x88, 0x20, 0x44,
    0x14, 0x40, 0x00, 0x6B, 0x05, 0xB4, 0x55, 0xAA, 0x52, 0x55, 0x55, 0x59, 0x6D, 0x7B, 0x6D, 0x13,
    0xB1, 0xAD, 0x92, 0x80, 0x14, 0x40, 0x29, 0x91, 0x24, 0x2A, 0x00, 0x42, 0x49, 0x01, 0x08, 0x00,
    0x00, 0x09, 0x01, 0x00, 0x00, 0x00, 0x00, 0x00, 0x00, 0x00, 0x48, 0x00, 0x00, 0x00, 0x20, 0x00,
    0x00, 0x89, 0x00, 0x02, 0x04, 0x10, 0x44, 0x02, 0x08, 0x00, 0x20, 0x40, 0x00, 0x00, 0x02, 0x01,
    0x00, 0x08, 0x28, 0x02, 0x01, 0x09, 0x95, 0x08, 0x48, 0xCA, 0x56, 0xAD, 0xAA, 0x92, 0xA4, 0xAA,
    0xDA, 0xB6, 0x11, 0xC8, 0x56, 0x6D, 0x25, 0x20, 0x49, 0x8A, 0x48, 0x12, 0x15, 0x00, 0x90, 0x90,
    0x08, 0x00, 0x11, 0x09, 0x00, 0x40, 0x40, 0x08, 0x00, 0x00, 0x00, 0x08, 0x09, 0x00, 0x02, 0x00,
    0x44, 0x04, 0x82, 0x20, 0x00, 0x08, 0x00, 0x00, 0x81, 0x00, 0x00, 0x00, 0x04, 0x02, 0x00, 0x20,
    0x00, 0x10, 0x00, 0x04, 0x20, 0x14, 0x01, 0x08, 0x00, 0x2B, 0x8D, 0x54, 0x6D, 0xAB, 0x55, 0x49,
    0xAA, 0x6A, 0x55, 0xB5, 0xEF, 0x02, 0x44, 0xAB, 0x92, 0x08, 0x84, 0x44, 0x25, 0x22, 0x95, 0x0A,
    0x40, 0x24, 0x48, 0x04, 0x00, 0x00, 0x80, 0x00, 0x00, 0x00, 0x00, 0x00, 0x00, 0x00, 0x40, 0x00,
    0x00, 0x00, 0x40, 0x00, 0x00, 0x00, 0x04, 0x00, 0x40, 0x20, 0x00, 0x00, 0x08, 0x48, 0x02, 0x00,
    0x00, 0x04, 0x01, 0x21, 0x00, 0x88, 0x00, 0x08, 0x44, 0x12, 0x40, 0x80, 0x95, 0x04, 0xA8, 0xB2,
    0x54, 0xAA, 0x56, 0x55, 0x9A, 0xED, 0x6E, 0x75, 0x8B, 0x20, 0x55, 0x55, 0x82, 0x22, 0x20, 0x29,
    0x49, 0x09, 0x15, 0x00, 0x42, 0x8A, 0x42, 0x08, 0x00, 0x44, 0x44, 0x04, 0x00, 0x00, 0x00, 0x00,
    0x00, 0x00, 0x02, 0xA4, 0x00, 0x00, 0x00, 0x00, 0x00, 0x00, 0x24, 0x01, 0x04, 0x00, 0x10, 0x00,
    0x01, 0x40, 0x48, 0x90, 0x00, 0x00, 0x00, 0x00, 0x00, 0x04, 0x04, 0x90, 0x08, 0x00, 0x09, 0x5A,
    0x05, 0xD4, 0x96, 0xB6, 0x55, 0xA9, 0x4A, 0xA5, 0x5A, 0xDB, 0xAE, 0x0D, 0xA0, 0xAA, 0x2A, 0x11,
    0x90, 0xA4, 0x94, 0x90, 0x84, 0x04, 0x02, 0x28, 0x40, 0x02, 0x00, 0x44, 0x08, 0x00, 0x40, 0x00,
    0x80, 0x00, 0x00, 0x04, 0x10, 0x10, 0x00, 0x08, 0x01, 0x10, 0x42, 0x00, 0x80, 0x00, 0x00, 0x00,
    0x42, 0x02, 0x21, 0x00, 0x08, 0x00, 0x00, 0x10, 0x00, 0x00, 0x00, 0x00, 0x40, 0x10, 0x2C, 0x01,
    0x20, 0x00, 0x97, 0x4A, 0x90, 0xD4, 0x4A, 0x55, 0xAD, 0xB2, 0x6D, 0xAB, 0xB5, 0xDB, 0x2D, 0x44,
    0xB5, 0x4A, 0x01, 0x04, 0x44, 0x0A, 0x49, 0x4A, 0x05, 0x00, 0x44, 0x2A, 0x00, 0x40, 0x00, 0x00,
    0x01, 0x20, 0x02, 0x00, 0x00, 0x00, 0x20, 0x00, 0x01, 0x00, 0x00, 0x00, 0x02, 0x00, 0x00, 0x10,
    0x00, 0x90, 0x20, 0x00, 0x00, 0x00, 0x88, 0x00, 0x00, 0x02, 0x00, 0x00, 0x80, 0x08, 0x00, 0x02,
    0x02, 0x44, 0x12, 0x00, 0x20, 0xA3, 0x04, 0xA9, 0x6A, 0xB5, 0xAA, 0x52, 0x95, 0x54, 0x6D, 0xFD,
    0x76, 0x1B, 0x01, 0x4A, 0x95, 0x88, 0xA2, 0x02, 0x91, 0x90, 0x42, 0x02, 0x40, 0x12, 0x11, 0x05,
    0x00, 0x00, 0x44, 0x48, 0x00, 0x00, 0x00, 0x00, 0x08, 0x00, 0x44, 0x00, 0x20, 0x01, 0x00, 0x40,
    0x00, 0x02, 0x00, 0x44, 0x02, 0x00, 0x08, 0x20, 0x04, 0x00, 0x00, 0x11, 0x10, 0x80, 0x10, 0x09,
    0x40, 0x00, 0x00, 0x08, 0x90, 0x00, 0x49, 0x02, 0x35, 0x09, 0x50, 0x2D, 0x55, 0xB5, 0xAA, 0x54,
    0xAA, 0xD4, 0x4E, 0xBB, 0xDD, 0x24, 0x92, 0x24, 0x00, 0x48, 0x50, 0x48, 0x24, 0x81, 0x02, 0x80,
    0x24, 0x04, 0x01, 0x02, 0x22, 0x01, 0x00, 0x08, 0x00, 0x04, 0x00, 0x00, 0x00, 0x00, 0x08, 0x04,
    0x00, 0x40, 0x00, 0x10, 0x20, 0x00, 0x00, 0x00, 0x04, 0x40, 0x04, 0x20, 0x01, 0x24, 0x00, 0x00,
    0x02, 0x00, 0x00, 0x00, 0x00, 0x01, 0x40, 0x2C, 0x09, 0x00, 0x00, 0x9B, 0x06, 0xA8, 0xD2, 0xAA,
    0x4A, 0x55, 0x4B, 0xDB, 0x6E, 0xB3, 0xDB, 0xB6, 0x10, 0xA5, 0x92, 0x10, 0x10, 0x09, 0x92, 0x48,
    0x62, 0x41, 0x00, 0x11, 0xA2, 0x00, 0x00, 0x00, 0x88, 0x00, 0x40, 0x00, 0x00, 0x00, 0x00, 0x00,
    0x08, 0x42, 0x00, 0x20, 0x00, 0x02, 0x02, 0x00, 0x40, 0x00, 0x48, 0x20, 0x01, 0x00, 0x01, 0x90,
    0x00, 0x80, 0x40, 0x10, 0x00, 0x00, 0x00, 0x00, 0x00, 0x08, 0x44, 0x04, 0x20, 0x01, 0x4B, 0x09,
    0x50, 0x56, 0x55, 0xB5, 0x92, 0xAA, 0x55, 0x53, 0xDD, 0x6D, 0x6F, 0x03, 0x92, 0x14, 0x02, 0x05,
    0x84, 0x24, 0x41, 0x91, 0x00, 0x00, 0x12, 0x11, 0x22, 0x10, 0x00, 0x00, 0x90, 0x08, 0x00, 0x00,
    0x02, 0x00, 0x00, 0x80, 0x00, 0x40, 0x02, 0x01, 0x20, 0x00, 0x00, 0x04, 0x24, 0x01, 0x00, 0x00,
    0x20, 0x00, 0x00, 0x00, 0x12, 0x00, 0x80, 0x00, 0x10, 0x02, 0x80, 0x90, 0x04, 0x24, 0x11, 0x08,
    0x00, 0xA5, 0x04, 0x49, 0xAB, 0xAA, 0x56, 0xAD, 0x54, 0xAA, 0xDA, 0x56, 0xDB, 0xDA, 0xA5, 0x50,
    0x02, 0x00, 0xA2, 0x22, 0x11, 0xA8, 0x48, 0x00, 0x84, 0x88, 0x24, 0x01, 0x00, 0x08, 0x15, 0x01,
    0x00, 0x10, 0x00, 0x00, 0x00, 0x00, 0x20, 0x00, 0x12, 0x00, 0x00, 0x00, 0x40, 0x00, 0x00, 0x00,
    0x00, 0x02, 0x90, 0x04, 0x88, 0x04, 0x44, 0x00, 0x08, 0x00, 0x00, 0x01, 0x20, 0x04, 0x00, 0x00,
    0x28, 0x09, 0x80, 0x08, 0x5B, 0x0A, 0xA0, 0x52, 0xB5, 0xA9, 0x52, 0x2B, 0xDB, 0xB6, 0xB6, 0x76,
    0x77, 0x49, 0x24, 0x81, 0x90, 0x50, 0x24, 0x48, 0x11, 0x24, 0x00, 0x40, 0x12, 0x42, 0x00, 0x00,
    0x00, 0x40, 0x00, 0x49, 0x00, 0x10, 0x00, 0x40, 0x00, 0x00, 0x04, 0x00, 0x00, 0x00, 0x08, 0x00,
    0x00, 0x80, 0x00, 0x40, 0x10, 0x02, 0x00, 0x01, 0x40, 0x00, 0x20, 0x01, 0x01, 0x08, 0x00, 0x00,
    0x40, 0x00, 0x10, 0x94, 0x40, 0x48, 0x00, 0x4B, 0x05, 0x90, 0xAC, 0x56, 0xAD, 0xAA, 0xA4, 0x55,
    0x55, 0x6B, 0xBB, 0xAD, 0x03, 0x00, 0x08, 0x40, 0x0A, 0x88, 0x84, 0x90, 0x24, 0x04, 0x00, 0x04,
    0x11, 0x00, 0x02, 0x41, 0x00, 0x20, 0x10, 0x00, 0x00, 0x00, 0x00, 0x02, 0x80, 0x00, 0x00, 0x02,
    0x80, 0x00, 0x09, 0x00, 0x00, 0x24, 0x09, 0x00, 0x00, 0x20, 0x00, 0x00, 0x00, 0x00, 0x20, 0x10,
    0x00, 0x00, 0x01, 0x00, 0x00, 0x08, 0x46, 0x04, 0x00, 0x00, 0xAA, 0x4A, 0x40, 0x52, 0xA9, 0x52,
    0x2D, 0x55, 0xAA, 0xAA, 0xB5, 0x6D, 0x7B, 0x93, 0x00, 0x00, 0x00, 0x91, 0x12, 0x22, 0x48, 0x22,
    0x00, 0x42, 0xA1, 0x24, 0x01, 0x20, 0x00, 0x8A, 0x04, 0x02, 0x00, 0x00, 0x00, 0x00, 0x40, 0x08,
    0x00, 0x48, 0x00, 0x00, 0x00, 0x00, 0x00, 0x10, 0x00, 0x00, 0x40, 0x10, 0x02, 0x90, 0x08, 0x89,
    0x04, 0x00, 0x00, 0x01, 0x22, 0x00, 0x20, 0x08, 0x00, 0x20, 0x09, 0x48, 0x02, 0x97, 0x04, 0x40,
    0xAB, 0x56, 0xAD, 0xD2, 0x5A, 0xDB, 0xDD, 0x5C, 0xB5, 0x5B, 0x4B, 0x24, 0x01, 0x09, 0x20, 0x81,
    0x48, 0x24, 0x10, 0x00, 0x90, 0x08, 0x08, 0x00, 0x00, 0x08, 0x00, 0x10, 0x88, 0x00, 0x00, 0x00,
    0x00, 0x00, 0x00, 0x09, 0x00, 0x08, 0x02, 0x24, 0x00, 0x21, 0x00, 0x00, 0x80, 0x04, 0x00, 0x00,
    0x01, 0x00, 0x00, 0x40, 0x00, 0x00, 0x00, 0x00, 0x80, 0x00, 0x80, 0x08, 0x9A, 0x82, 0x20, 0x20,
    0x53, 0x05, 0x90, 0xD4, 0xAA, 0xA5, 0x2A, 0x89, 0x55, 0x6B, 0xD7, 0xDA, 0xED, 0x25, 0x00, 0x20,
    0x90, 0x0A, 0x52, 0x84, 0x20, 0x16, 0x00, 0x00, 0x84, 0x84, 0x88, 0x00, 0x80, 0x40, 0x00, 0x01,
    0x00, 0x02, 0x00, 0x00, 0x00, 0x20, 0x00, 0x00, 0x00, 0x00, 0x00, 0x01, 0x00, 0x01, 0x49, 0x12,
    0x00, 0x42, 0x20, 0x00, 0x20, 0x00, 0x00, 0x48, 0x02, 0x08, 0x00, 0x08, 0x08, 0x00, 0x00, 0x44,
    0x04, 0x04, 0x00, 0xAA, 0x04, 0x81, 0x2A, 0x55, 0x5A, 0x55, 0xB5, 0xAC, 0xB4, 0xEA, 0xB6, 0x6E,
    0x55, 0x02, 0x04, 0x44, 0x80, 0x08, 0x22, 0x10, 0x01, 0x20, 0x48, 0x43, 0x22, 0x00, 0x00, 0x01,
    0x08, 0x00, 0x48, 0x08, 0x40, 0x04, 0x00, 0x00, 0x00, 0x00, 0x84, 0x00, 0x00, 0x00, 0x10, 0x00,
    0x00, 0x00, 0x00, 0x40, 0x00, 0x04, 0x10, 0x02, 0x49, 0x04, 0x01, 0x80, 0x00, 0x00, 0x00, 0x00,
    0x00, 0x10, 0x52, 0x02, 0x00, 0x01, 0x9B, 0x0A, 0x40, 0xD5, 0x6A, 0xAB, 0xAA, 0x56, 0x6B, 0xAF,
    0x35, 0x75, 0xDB, 0x2A, 0x21, 0x40, 0x82, 0x44, 0x84, 0x10, 0x0A, 0x89, 0x00, 0x90, 0x50, 0x10,
    0x00, 0x08, 0x10, 0x02, 0x41, 0x82, 0x00, 0x00, 0x00, 0x00, 0x00, 0x40, 0x12, 0x00, 0x08, 0x80,
    0x08, 0x00, 0x00, 0x20, 0x00, 0x00, 0x09, 0x00, 0x00, 0x02, 0x00, 0x00, 0x20, 0x00, 0x00, 0x00,
    0x24, 0x01, 0x01, 0x00, 0x00, 0x28, 0x09, 0x48, 0x00, 0x55, 0x05, 0x00, 0xAA, 0xAA, 0x54, 0x25,
    0x91, 0x5A, 0x53, 0xDB, 0xB6, 0xB7, 0x95, 0x04, 0x08, 0x10, 0x22, 0x49, 0x44, 0x90, 0x04, 0x00,
    0x20, 0x82, 0x04, 0x00, 0x00, 0x80, 0x40, 0x08, 0x40, 0x00, 0x00, 0x00, 0x00, 0x04, 0x08, 0x00,
    0x20, 0x40, 0x00, 0x80, 0x00, 0x00, 0x00, 0x91, 0x24, 0x00, 0x12, 0x41, 0x80, 0x10, 0x00, 0x00,
    0x00, 0x10, 0x20, 0x00, 0x00, 0x00, 0x10, 0x01, 0x0A, 0x02, 0x00, 0x08, 0xAB, 0x04, 0x80, 0x56,
    0x55, 0xAB, 0x5A, 0x6D, 0xD5, 0x6C, 0x6D, 0x6B, 0xED, 0x4A, 0x05, 0x21, 0x09, 0x00, 0x10, 0x02,
    0x00, 0x02, 0x00, 0x04, 0x21, 0x48, 0x80, 0x40, 0x02, 0x08, 0x00, 0x92, 0x00, 0x00, 0x00, 0x20,
    0x40, 0x00, 0x00, 0x01, 0x01, 0x00, 0x00, 0x88, 0x00, 0x00, 0x00, 0x00, 0x00, 0x00, 0x08, 0x00,
    0x00, 0x24, 0x01, 0x48, 0x02, 0x01, 0x00, 0x20, 0x00, 0x01, 0x50, 0xC4, 0x44, 0x90, 0x00, 0x56,
    0x05, 0x01, 0xA9, 0xAA, 0x54, 0xA5, 0x92, 0x6A, 0xB7, 0xAA, 0xDA, 0x76, 0xB5, 0x22, 0x80, 0x44,
    0x49, 0x82, 0x48, 0x0A, 0x01, 0x20, 0xA0, 0x48, 0x02, 0x00, 0x00, 0x00, 0x82, 0x80, 0x20, 0x00,
    0x04, 0x00, 0x00, 0x00, 0x80, 0x04, 0x00, 0x00, 0x04, 0x08, 0x00, 0x00, 0x04, 0x00, 0x00, 0x22,
    0x00, 0x00, 0x12, 0x82, 0x00, 0x00, 0x01, 0x00, 0x00, 0x00, 0x00, 0x04, 0x00, 0x00, 0x28, 0x02,
    0x04, 0x00, 0xA5, 0x24, 0x08, 0x55, 0x55, 0xAB, 0x54, 0x55, 0xAD, 0x5A, 0xB7, 0xB5, 0xB7, 0x2A,
    0x05, 0x14, 0x22, 0x92, 0x24, 0x00, 0x90, 0x04, 0x00, 0x52, 0x10, 0x11, 0x08, 0x00, 0x20, 0x00,
    0x40, 0x84, 0x04, 0x00, 0x00, 0x00, 0x00, 0x10, 0x00, 0x10, 0x00, 0x00, 0x40, 0x00, 0x00, 0x20,
    0x48, 0x44, 0x00, 0x88, 0x00, 0x00, 0x00, 0x00, 0x10, 0x00, 0x00, 0x00, 0x11, 0x04, 0x00, 0x00,
    0x00, 0x14, 0x09, 0x00, 0x00, 0x5B, 0x05, 0x00, 0xAA, 0xAA, 0x54, 0x5B, 0xAA, 0x54, 0xAB, 0x59,
    0xED, 0x5A, 0x95, 0x45, 0x42, 0x10, 0x00, 0x00, 0x92, 0x40, 0x01, 0x01, 0x08, 0x21, 0x08, 0x40,
    0x10, 0x04, 0x09, 0x08, 0x90, 0x00, 0x80, 0x08, 0x00, 0x00, 0x00, 0x00, 0x00, 0x04, 0x00, 0x01,
    0x04, 0x00, 0x00, 0x01, 0x00, 0x00, 0x01, 0x48, 0x00, 0x10, 0x20, 0x02, 0x20, 0x08, 0x04, 0x80,
    0x00, 0x00, 0x00, 0x40, 0x44, 0x02, 0x48, 0x04, 0xAA, 0x04, 0x00, 0x54, 0x55, 0xAB, 0xA4, 0x2A,
    0x6D, 0x6D, 0x6D, 0x6B, 0xB7, 0xAA, 0x0A, 0x21, 0x09, 0x25, 0x25, 0x01, 0x08, 0x02, 0x40, 0x90,
    0x48, 0x02, 0x00, 0x82, 0x00, 0x00, 0x01, 0x25, 0x01, 0x00, 0x00, 0x00, 0x00, 0x40, 0x02, 0x82,
    0x00, 0x00, 0x00, 0x40, 0x00, 0x00, 0x00, 0x00, 0x24, 0x00, 0x00, 0x44, 0x02, 0x04, 0x00, 0x02,
    0x81, 0x00, 0x00, 0x80, 0x00, 0x10, 0x01, 0xA8, 0x04, 0x20, 0x00, 0x55, 0x06, 0x40, 0x2A, 0x55,
    0x55, 0x55, 0xD5, 0xAA, 0x55, 0xAB, 0xB6, 0xAD, 0x52, 0x05, 0x08, 0xA4, 0x08, 0x42, 0x20, 0xA1,
    0x10, 0x00, 0x4A, 0x10, 0x44, 0x00, 0x00, 0x00, 0x04, 0x80, 0x88, 0x20, 0x00, 0x00, 0x00, 0x00,
    0x08, 0x00, 0x10, 0x00, 0x00, 0x08, 0x00, 0x08, 0x00, 0x80, 0x44, 0x00, 0x20, 0x01, 0x00, 0x80,
    0x00, 0x40, 0x00, 0x00, 0x00, 0x00, 0x00, 0x20, 0x00, 0x00, 0x12, 0x42, 0x04, 0x00, 0xAB, 0x82,
    0x00, 0xD4, 0xAA, 0xAA, 0x5A, 0x95, 0x54, 0xB6, 0x55, 0xDB, 0x56, 0x95, 0x45, 0x42, 0x40, 0x80,
    0x00, 0x08, 0x04, 0x01, 0x00, 0x20, 0x92, 0x00, 0x00, 0x00, 0x08, 0x41, 0x00, 0x20, 0x01, 0x08,
    0x00, 0x00, 0x00, 0x80, 0x10, 0x00, 0x24, 0x10, 0x00, 0x01, 0x00, 0x00, 0x10, 0x00, 0x00, 0x04,
    0x88, 0x00, 0x00, 0x40, 0x04, 0x00, 0x00, 0x04, 0x08, 0x10, 0x00, 0x00, 0x44, 0x48, 0x09, 0x00,
    0x00, 0x55, 0x15, 0x00, 0x24, 0x55, 0x55, 0xA5, 0x2A, 0x6D, 0xAB, 0xBA, 0xB5, 0xAD, 0xAA, 0x0A,
    0x11, 0x12, 0x45, 0x94, 0x04, 0xA0, 0x00, 0x20, 0x12, 0x11, 0x09, 0x42, 0x10, 0x41, 0x08, 0x10,
    0x55, 0x02, 0x00, 0x00, 0x00, 0x20, 0x00, 0x00, 0x00, 0x00, 0x00, 0x01, 0x10, 0x00, 0x20, 0x02,
    0x00, 0x90, 0x00, 0x00, 0x48, 0x24, 0x00, 0x00, 0x10, 0x11, 0x20, 0x00, 0x02, 0x02, 0x00, 0x00,
    0x92, 0x04, 0x48, 0x10, 0x4A, 0x02, 0x24, 0xD0, 0xAA, 0xAA, 0x52, 0xD2, 0xAA, 0xD9, 0xD6, 0xEC,
    0x56, 0x55, 0x05, 0x80, 0x08, 0x10, 0x02, 0x40, 0x20, 0x00, 0x02, 0x09, 0x10, 0x02, 0x00, 0x00,
    0x00, 0x02, 0x81, 0x08, 0x01, 0x00, 0x01, 0x00, 0x00, 0x20, 0x02, 0x40, 0x00, 0x00, 0x20, 0x80,
    0x00, 0x02, 0x00, 0x44, 0x02, 0x40, 0x00, 0x00, 0x00, 0x09, 0x00, 0x02, 0x00, 0x00, 0x00, 0x00,
    0x00, 0x00, 0x00, 0x24, 0x02, 0x01, 0x02, 0xB7, 0x04, 0x00, 0x2A, 0x55, 0x55, 0xAD, 0x2A, 0xB4,
    0x56, 0xAB, 0x76, 0xAB, 0x64, 0x43, 0x4A, 0x40, 0x82, 0x48, 0x12, 0x12, 0x01, 0x00, 0x90, 0x9A,
    0x00, 0x00, 0x02, 0x00, 0x00, 0x00, 0x60, 0x01, 0x00, 0x08, 0x00, 0x00, 0x04, 0x00, 0x02, 0x02,
    0x00, 0x00, 0x00, 0x00, 0x00, 0x80, 0x00, 0x00, 0x00, 0x22, 0x01, 0x00, 0x00, 0x22, 0x00, 0x00,
    0x00, 0x20, 0x00, 0x00, 0x40, 0x00, 0x20, 0x09, 0x10, 0x00, 0x52, 0x85, 0x00, 0x92, 0xAA, 0x2A,
    0x49, 0x95, 0x56, 0xAD, 0x6C, 0xAD, 0x5A, 0xAB, 0x92, 0x00, 0x29, 0x48, 0x10, 0x00, 0x90, 0x08,
    0x40, 0x0A, 0x49, 0x10, 0x40, 0x90, 0x44, 0x12, 0x20, 0x2A, 0x12, 0x02, 0x00, 0x40, 0x00, 0x80,
    0x00, 0x00, 0x08, 0x00, 0x04, 0x04, 0x00, 0x00, 0x10, 0x00, 0x10, 0x09, 0x00, 0x10, 0x02, 0x40,
    0x00, 0x00, 0x22, 0x02, 0x00, 0x40, 0x10, 0x02, 0x80, 0x94, 0x04, 0x00, 0x00, 0xAD, 0x0A, 0x00,
    0x62, 0x55, 0xD5, 0x56, 0x49, 0xC1, 0xEA, 0xB6, 0x52, 0x29, 0x49, 0x05, 0x21, 0x00, 0x11, 0x04,
    0x22, 0x40, 0x40, 0x80, 0x04, 0x08, 0x02, 0x08, 0x00, 0x00, 0x80, 0x00, 0x91, 0x02, 0x00, 0x00,
    0x00, 0x00, 0x10, 0x10, 0x10, 0x80, 0x40, 0x40, 0x00, 0x00, 0x10, 0x01, 0x20, 0x02, 0x00, 0x00,
    0x00, 0x20, 0x04, 0x00, 0x24, 0x00, 0x00, 0x01, 0x02, 0x00, 0x00, 0x04, 0x48, 0x02, 0x04, 0x00,
    0x56, 0x49, 0x12, 0x24, 0xA9, 0x2A, 0xA9, 0x24, 0x09, 0x75, 0x4B, 0x00, 0xB4, 0xD2, 0x02, 0x08,
    0x49, 0x80, 0x82, 0x04, 0x22, 0x00, 0x08, 0xC0, 0x96, 0x00, 0x00, 0x00, 0x00, 0x04, 0x00, 0x04,
    0x01, 0x10, 0x00, 0x00, 0x00, 0x00, 0x00, 0x00, 0x00, 0x00, 0x00, 0x80, 0x08, 0x00, 0x00, 0x04,
    0x00, 0x80, 0x88, 0x40, 0x00, 0x00, 0x20, 0x00, 0x00, 0x10, 0x00, 0x00, 0x00, 0x00, 0x00, 0x20,
    0x04, 0x01, 0x00, 0xAA, 0x54, 0x09, 0x8A, 0x2A, 0x55, 0x55, 0xAB, 0x82, 0x54, 0x05, 0x24, 0x41,
    0x32, 0xA5, 0x04, 0x20, 0x28, 0x24, 0x00, 0x28, 0x00, 0x20, 0x25, 0x42, 0x00, 0x80, 0x04, 0x20,
    0x02, 0x10, 0xA2, 0x04, 0x00, 0x00, 0x00, 0x00, 0x40, 0x02, 0x02, 0x01, 0x00, 0x00, 0x02, 0x00,
    0x00, 0x40, 0x00, 0x20, 0x11, 0x00, 0x04, 0x04, 0x20, 0x04, 0x00, 0x21, 0x00, 0x40, 0x00, 0x00,
    0x00, 0x80, 0x10, 0x05, 0x90, 0x08, 0xA6, 0xA6, 0x10, 0x4A, 0xD5, 0xAA, 0xAA, 0x52, 0x25, 0x22,
    0x00, 0x40, 0x08, 0xD5, 0x0A, 0xA0, 0x04, 0x02, 0x08, 0x21, 0x40, 0x00, 0x02, 0x02, 0x12, 0x80,
    0x00, 0x40, 0x04, 0x08, 0x81, 0x30, 0x02, 0x00, 0x00, 0x00, 0x00, 0x10, 0x00, 0x20, 0x00, 0x80,
    0x08, 0x00, 0x00, 0x02, 0x08, 0x00, 0x01, 0x00, 0x00, 0x00, 0x40, 0x02, 0x00, 0x02, 0x00, 0x02,
    0x00, 0x10, 0x02, 0x00, 0x00, 0xA4, 0x00, 0x00, 0x00, 0x5A, 0x29, 0x0A, 0x12, 0x91, 0x54, 0x95,
    0x94, 0x0A, 0x00, 0x40, 0x02, 0x40, 0x5A, 0x05, 0x09, 0x10, 0x81, 0x00, 0x04, 0x52, 0x00, 0x91,
    0xA0, 0x89, 0x04, 0x08, 0x00, 0x00, 0x01, 0x00, 0x0A, 0x05, 0x00, 0x02, 0x00, 0x00, 0x00, 0x01,
    0x00, 0x08, 0x00, 0x00, 0x10, 0x00, 0x20, 0x01, 0x22, 0x00, 0x00, 0x22, 0x80, 0x00, 0x80, 0x00,
    0x00, 0x00, 0x00, 0x00, 0x00, 0x00, 0x20, 0x00, 0x48, 0x04, 0x05, 0x00, 0x56, 0x55, 0x11, 0x94,
    0xAA, 0xAA, 0x6A, 0xAB, 0x12, 0x00, 0x09, 0x90, 0x00, 0xA8, 0x4A, 0x00, 0x42, 0x20, 0x44, 0x00,
    0x20, 0x00, 0x00, 0x91, 0x22, 0x00, 0x40, 0x08, 0x20, 0x10, 0x40, 0xA4, 0x02, 0x22, 0x00, 0x00,
    0x04, 0x04, 0x10, 0x01, 0x00, 0x04, 0x40, 0x00, 0x00, 0x00, 0x00, 0x00, 0x8A, 0x48, 0x00, 0x10,
    0x08, 0x00, 0x44, 0x10, 0x09, 0x20, 0x02, 0x02, 0x80, 0x00, 0x44, 0x80, 0x04, 0x00, 0x00, 0xAD,
    0x2A, 0x09, 0x2A, 0x49, 0x95, 0x2A, 0x49, 0x59, 0x22, 0x00, 0x00, 0x48, 0x6C, 0x25, 0x92, 0x00,
    0x12, 0x10, 0x48, 0x10, 0x90, 0x48, 0x48, 0x04, 0x00, 0x00, 0x00, 0x01, 0x84, 0x00, 0x20, 0x25,
    0x00, 0x00, 0x00, 0x00, 0x20, 0x00, 0x80, 0x00, 0x40, 0x00, 0x02, 0x00, 0x00, 0x40, 0x00, 0x01,
    0x00, 0x00, 0x01, 0x00, 0x08, 0x00, 0x00, 0x40, 0x00, 0x00, 0x00, 0x00, 0x00, 0x00, 0x54, 0x02,
    0x02, 0x08, 0x56, 0xAD, 0x44, 0x24, 0x24, 0x69, 0x55, 0x55, 0xAD, 0x04, 0x44, 0x02, 0x00, 0x90,
    0x00, 0x00, 0x24, 0x00, 0x01, 0x01, 0x24, 0x41, 0x24, 0x64, 0x21, 0x00, 0x00, 0x01, 0x00, 0x01,
    0x10, 0x15, 0x04, 0x00, 0x00, 0x00, 0x00, 0x00, 0x01, 0x00, 0x00, 0x00, 0x04, 0x00, 0x01, 0x00,
    0x00, 0x10, 0x00, 0x00, 0x10, 0x80, 0x00, 0x01, 0x00, 0x00, 0x00, 0x04, 0x40, 0x80, 0x00, 0x00,
    0x00, 0x20, 0x81, 0x40, 0x00, 0xAA, 0x52, 0x09, 0x52, 0x54, 0xAD, 0xAA, 0xAA, 0x4A, 0x05, 0x00,
    0x90, 0x20, 0x00, 0x80, 0x44, 0x80, 0x40, 0x00, 0x80, 0x10, 0x00, 0x00, 0x92, 0x08, 0x21, 0x24,
    0x20, 0x48, 0x00, 0x80, 0x48, 0x02, 0x00, 0x04, 0x00, 0x00, 0x00, 0x00, 0x10, 0x00, 0x00, 0x00,
    0x20, 0x10, 0x10, 0x09, 0x02, 0x40, 0x44, 0x02, 0x00, 0x20, 0x80, 0x20, 0x12, 0x00, 0x00, 0x00,
    0x08, 0x08, 0x00, 0x20, 0x08, 0x04, 0x04, 0x00, 0x5D, 0x9B, 0x08, 0x2B, 0xA9, 0x52, 0x55, 0x25,
    0xB5, 0x5A, 0x01, 0x00, 0x00, 0x02, 0x12, 0x00, 0x02, 0x10, 0x24, 0x12, 0x20, 0x20, 0x52, 0x28,
    0x00, 0x00, 0x00, 0x04, 0x00, 0x12, 0x02, 0x24, 0x0A, 0x20, 0x00, 0x00, 0x00, 0x90, 0x04, 0x02,
    0x22, 0x00, 0x20, 0x00, 0x00, 0x02, 0x00, 0x00, 0x08, 0x00, 0x00, 0x12, 0x04, 0x00, 0x04, 0x00,
    0x11, 0x40, 0x00, 0x00, 0x00, 0x00, 0x00, 0xC8, 0x02, 0x00, 0x00, 0x4A, 0xA5, 0x04, 0x91, 0x90,
    0x94, 0xAA, 0x95, 0x4A, 0xA5, 0x24, 0x00, 0x04, 0x10, 0x00, 0x24, 0x48, 0x84, 0x00, 0x00, 0x14,
    0x00, 0x09, 0x55, 0x12, 0x00, 0x00, 0x00, 0x01, 0x00, 0x40, 0x52, 0x04, 0x02, 0x00, 0x00, 0x00,
    0x00, 0x01, 0x40, 0x00, 0x40, 0x00, 0x02, 0x00, 0x00, 0x40, 0x90, 0x00, 0x00, 0x20, 0x00, 0x00,
    0x10, 0x00, 0x00, 0x80, 0x00, 0x00, 0x00, 0x00, 0x02, 0x00, 0x20, 0x82, 0x00, 0x04, 0xB6, 0x34,
    0x05, 0x54, 0x25, 0x6B, 0x55, 0xDA, 0xAA, 0x2A, 0x16, 0x22, 0x40, 0x00, 0x04, 0x00, 0x01, 0x00,
    0x88, 0x00, 0x08, 0x28, 0x80, 0x14, 0x00, 0x00, 0x80, 0x00, 0x40, 0x08, 0x80, 0x28, 0x0A, 0x00,
    0x01, 0x00, 0x20, 0x08, 0x40, 0x10, 0x00, 0x02, 0x02, 0x00, 0x00, 0x20, 0x04, 0x00, 0x80, 0x24,
    0x00, 0x00, 0x00, 0x02, 0x00, 0x00, 0x00, 0x00, 0x00, 0x00, 0x00, 0x20, 0x08, 0x10, 0x11, 0x00,
    0x00, 0x6E, 0x9B, 0x08, 0x4B, 0x52, 0x92, 0x5A, 0x25, 0x55, 0x55, 0x49, 0x01, 0x00, 0x00, 0x80,
    0x00, 0x10, 0x22, 0x00, 0x90, 0x80, 0x08, 0x45, 0x8A, 0x84, 0x10, 0x12, 0x24, 0x20, 0x04, 0x01,
    0x25, 0x09, 0x00, 0x08, 0x10, 0x00, 0x80, 0x08, 0x08, 0x02, 0x00, 0x00, 0x20, 0x00, 0x00, 0x00,
    0x02, 0x04, 0x00, 0x04, 0x41, 0x42, 0x80, 0x90, 0x10, 0x01, 0x00, 0x02, 0x11, 0x00, 0x00, 0x00,
    0x48, 0x02, 0x88, 0x80, 0xB4, 0x4A, 0x22, 0xAA, 0x22, 0x55, 0xA5, 0xD5, 0xAA, 0xA4, 0xAA, 0x14,
    0x00, 0x08, 0x02, 0x24, 0x82, 0x04, 0x12, 0x09, 0x08, 0x44, 0x22, 0x0B, 0x00, 0x00, 0x00, 0x00,
    0x82, 0x20, 0x10, 0x52, 0x44, 0x00, 0x00, 0x00, 0x00, 0x20, 0x01, 0x40, 0x00, 0x00, 0x40, 0x00,
    0x00, 0x00, 0x20, 0x00, 0x00, 0x80, 0x00, 0x08, 0x00, 0x00, 0x00, 0x00, 0x08, 0x44, 0x00, 0x00,
    0x21, 0x00, 0x00, 0x21, 0x01, 0x01, 0x00, 0x5E, 0x6D, 0x05, 0x55, 0xA4, 0xAA, 0x5A, 0x2A, 0x55,
    0x2B, 0x55, 0x4A, 0x09, 0x41, 0x00, 0x00, 0x00, 0x40, 0x00, 0x00, 0x44, 0x02, 0x40, 0x41, 0x02,
    0x00, 0x40, 0x00, 0x00, 0x00, 0x00, 0x29, 0x08, 0x24, 0x00, 0x00, 0x00, 0x08, 0x00, 0x01, 0x10,
    0x00, 0x00, 0x02, 0x01, 0x00, 0x01, 0x90, 0x40, 0x00, 0x20, 0x00, 0x00, 0x10, 0x00, 0x00, 0x40,
    0x00, 0x00, 0x00, 0x00, 0x00, 0x04, 0x48, 0x22, 0x00, 0x04, 0xAA, 0x92, 0x00, 0x53, 0x45, 0x52,
    0x55, 0xB5, 0x55, 0x55, 0x92, 0x25, 0x12, 0x00, 0x20, 0x00, 0x21, 0x08, 0x20, 0x40, 0x00, 0x89,
    0xB0, 0x24, 0x10, 0x00, 0x04, 0x04, 0x40, 0x08, 0x82, 0x24, 0x09, 0x00, 0x00, 0x00, 0x00, 0x00,
    0x10, 0x10, 0x02, 0x04, 0x04, 0x00, 0x20, 0x20, 0x00, 0x01, 0x08, 0x08, 0x04, 0x00, 0x08, 0x01,
    0x04, 0x01, 0x00, 0x00, 0x00, 0x00, 0x00, 0x00, 0x00, 0x10, 0x09, 0x00, 0x00, 0x44, 0x4D, 0x0A,
    0xA9, 0x4A, 0xA9, 0xAA, 0x96, 0xAA, 0x2A, 0x49, 0x53, 0x21, 0x00, 0x00, 0x00, 0x00, 0x02, 0x09,
    0x0A, 0x24, 0x44, 0x94, 0x02, 0x01, 0x20, 0x00, 0x80, 0x08, 0x04, 0x00, 0x4A, 0x00, 0x00, 0x08,
    0x00, 0x00, 0x90, 0x02, 0x08, 0x00, 0x00, 0x00, 0x00, 0x00, 0x02, 0x08, 0x00, 0x00, 0x00, 0x00,
    0x82, 0x00, 0x00, 0x00, 0x40, 0x00, 0x00, 0x04, 0x04, 0x00, 0x00, 0x01, 0x80, 0x00, 0x00, 0x00,
    0x01, 0x28, 0x85, 0x96, 0x04, 0x55, 0x6A, 0x69, 0xA9, 0xAA, 0x54, 0xA9, 0x4A, 0x02, 0x00, 0x04,
    0x10, 0x40, 0x00, 0x00, 0x10, 0x22, 0xA8, 0x48, 0x00, 0x02, 0x80, 0x00, 0x80, 0x40, 0x90, 0x52,
    0x58, 0x00, 0x01, 0x00, 0x00, 0x00, 0x00, 0x80, 0x20, 0x00, 0x00, 0x10, 0x00, 0x00, 0x00, 0x10,
    0x01, 0x81, 0x40, 0x10, 0x00, 0x88, 0x20, 0x00, 0x04, 0x22, 0x00, 0x20, 0x04, 0x01, 0x00, 0xA8,
    0x04, 0x00, 0x00, 0x10, 0x98, 0x10, 0xD2, 0x2A, 0x92, 0x55, 0xAD, 0x56, 0x55, 0xA2, 0x94, 0x96,
    0x90, 0x04, 0x00, 0x02, 0x12, 0x22, 0x41, 0x00, 0x11, 0x2A, 0x01, 0x00, 0x00, 0x12, 0x10, 0x20,
    0x08, 0x00, 0x29, 0x01, 0x04, 0x00, 0x00, 0x01, 0x44, 0x88, 0x10, 0x04, 0x20, 0x80, 0x00, 0x00,
    0x80, 0x20, 0x01, 0x10, 0x10, 0x00, 0x00, 0x20, 0x00, 0x00, 0x04, 0x40, 0x00, 0x20, 0x00, 0x00,
    0x20, 0x00, 0x48, 0x20, 0x00, 0x00, 0x88, 0x58, 0x42, 0x2B, 0x49, 0xAA, 0xAA, 0x56, 0xAB, 0x4A,
    0x91, 0x42, 0x59, 0x29, 0x41, 0x20, 0x40, 0x00, 0x00, 0x08, 0xA8, 0x08, 0x25, 0x90, 0x20, 0x00,
    0x00, 0x02, 0x02, 0x00, 0x42, 0x4A, 0x10, 0x20, 0x00, 0x00, 0x00, 0x00, 0x00, 0x00, 0x00, 0x00,
    0x10, 0x00, 0x00, 0x00, 0x00, 0x00, 0x00, 0x00, 0x08, 0x00, 0x02, 0x00, 0x00, 0x20, 0x00, 0x00,
    0x00, 0x00, 0x00, 0x00, 0x00, 0x84, 0x04, 0x00, 0x00, 0x00, 0x4C, 0x85, 0x29, 0x15, 0x55, 0xA5,
    0xD2, 0x54, 0x6D, 0x55, 0x29, 0x24, 0x49, 0x08, 0x00, 0x00, 0x84, 0x88, 0x00, 0x14, 0x80, 0x9A,
    0x24, 0x00, 0x00, 0x00, 0x00, 0x80, 0x44, 0x40, 0x52, 0x20, 0x00, 0x00, 0x00, 0x10, 0x20, 0x02,
    0x88, 0x00, 0x02, 0x00, 0x00, 0x00, 0x08, 0x00, 0x88, 0x00, 0x00, 0x01, 0x04, 0x00, 0x22, 0x04,
    0x00, 0x00, 0x00, 0x01, 0x02, 0x10, 0x00, 0x80, 0xA4, 0x00, 0x08, 0x20, 0x00, 0x2C, 0x82, 0xD4,
    0x2A, 0x24, 0x5A, 0x35, 0xAD, 0x95, 0x24, 0x94, 0x8A, 0x24, 0x02, 0x02, 0x00, 0x10, 0x10, 0x40,
    0x02, 0x62, 0x05, 0x01, 0x02, 0x00, 0x91, 0x40, 0x20, 0x08, 0x00, 0x49, 0x04, 0x00, 0x12, 0x00,
    0x00, 0x84, 0x90, 0x00, 0x04, 0x00, 0x01, 0x88, 0x00, 0x00, 0x09, 0x00, 0x88, 0x04, 0x80, 0x40,
    0x10, 0x00, 0x80, 0x80, 0x08, 0x04, 0x00, 0x20, 0x00, 0x04, 0x00, 0x10, 0x02, 0x00, 0x01, 0x00,
    0xA8, 0x02, 0x4D, 0x92, 0xA8, 0xA9, 0x6D, 0xAB, 0xAA, 0x4A, 0x22, 0x91, 0x10, 0x91, 0x00, 0x91,
    0x00, 0x00, 0x08, 0x48, 0x24, 0x25, 0x24, 0x00, 0x10, 0x00, 0x10, 0x08, 0x00, 0x88, 0x48, 0x10,
    0x01, 0x00, 0x00, 0x00, 0x00, 0x00, 0x10, 0x20, 0x00, 0x80, 0x00, 0x00, 0x00, 0x00, 0x01, 0x00,
    0x20, 0x08, 0x00, 0x00, 0x00, 0x00, 0x00, 0x00, 0x00, 0x00, 0x00, 0x00, 0x00, 0x00, 0x89, 0x10,
    0x00, 0x00, 0x00, 0x5C, 0xC0, 0x2A, 0x95, 0x54, 0x55, 0x92, 0x54, 0x55, 0x25, 0x41, 0x24, 0x89,
    0x00, 0x24, 0x00, 0x20, 0x02, 0x01, 0x14, 0x98, 0x89, 0x10, 0x00, 0x00, 0x00, 0x04, 0x81, 0x90,
    0x00, 0xA4, 0x00, 0x20, 0x00, 0x00, 0x00, 0x00, 0x00, 0x00, 0x00, 0x00, 0x00, 0x00, 0x00, 0x00,
    0x00, 0x10, 0x01, 0x00, 0x00, 0x00, 0x80, 0x00, 0x11, 0x00, 0x80, 0x20, 0x04, 0x00, 0x10, 0x00,
    0x02, 0x44, 0x00, 0x00, 0x80, 0x00, 0x4C, 0x8A, 0xD2, 0x6A, 0x40, 0xD2, 0xB6, 0xDB, 0xB6, 0x29,
    0x88, 0x88, 0x50, 0x48, 0x00, 0x00, 0x04, 0x20, 0x00, 0x86, 0x52, 0x42, 0x82, 0x80, 0x00, 0x92,
    0x00, 0x10, 0x00, 0x20, 0x55, 0x20, 0x00, 0x00, 0x00, 0x00, 0x10, 0x00, 0x80, 0x00, 0x10, 0x10,
    0x00, 0x00, 0x40, 0x20, 0x00, 0x40, 0x00, 0x00, 0x92, 0x04, 0x24, 0x00, 0x04, 0x00, 0x00, 0x00,
    0x80, 0x00, 0x00, 0x00, 0x22, 0x00, 0x00, 0x00, 0x00, 0xA8, 0x42, 0x2D, 0x15, 0xA9, 0x2D, 0xD5,
    0xAA, 0x6A, 0xAD, 0x00, 0x42, 0x20, 0x02, 0x4A, 0x02, 0x00, 0x08, 0x44, 0x40, 0xAA, 0x10, 0x09,
    0x00, 0x40, 0x00, 0x20, 0x00, 0x02, 0x80, 0x48, 0x40, 0x00, 0x02, 0x00, 0x00, 0x80, 0x00, 0x02,
    0x00, 0x00, 0x00, 0x88, 0x00, 0x04, 0x04, 0x02, 0x08, 0x84, 0x44, 0x00, 0x00, 0x00, 0x00, 0x00,
    0x00, 0x00, 0x00, 0x04, 0x00, 0x10, 0x00, 0x10, 0x00, 0x00, 0x00, 0x00, 0x1C, 0x81, 0xA4, 0xAA,
    0x42, 0xD2, 0xAA, 0x6C, 0xDB, 0x96, 0x04, 0x00, 0x08, 0x21, 0x01, 0x80, 0x20, 0x01, 0x00, 0x25,
    0x95, 0x24, 0x20, 0x04, 0x00, 0x80, 0x10, 0x88, 0x20, 0x01, 0x48, 0x02, 0x04, 0x00, 0x00, 0x00,
    0x02, 0x10, 0x00, 0x00, 0x01, 0x81, 0x00, 0x10, 0x00, 0x00, 0x80, 0x00, 0x00, 0x00, 0x00, 0x00,
    0x00, 0x80, 0x00, 0x22, 0x04, 0x20, 0x00, 0x10, 0x00, 0x00, 0x0A, 0x00, 0x00, 0x00, 0x00, 0x4C,
    0xD2, 0x56, 0x95, 0x24, 0x55, 0x55, 0xD5, 0x56, 0x6B, 0x25, 0x10, 0x01, 0x08, 0x20, 0x11, 0x04,
    0x80, 0x00, 0xA8, 0x55, 0x82, 0x04, 0x00, 0x00, 0x12, 0x00, 0x21, 0x04, 0x40, 0xA6, 0x40, 0x40,
    0x08, 0x00, 0x00, 0x00, 0x00, 0x00, 0x04, 0x00, 0x00, 0x00, 0x00, 0x00, 0x00, 0x10, 0x00, 0x00,
    0x00, 0x00, 0x20, 0x00, 0x09, 0x20, 0x00, 0x40, 0x04, 0x00, 0x00, 0x00, 0x80, 0x82, 0x00, 0x00,
    0x10, 0x00, 0x24, 0x21, 0xA9, 0x52, 0xC1, 0xAA, 0x5A, 0x6B, 0xED, 0xBA, 0x12, 0x00, 0x90, 0x40,
    0x0A, 0x00, 0x00, 0x10, 0x20, 0x44, 0x2A, 0x10, 0x01, 0x00, 0x40, 0x40, 0x24, 0x00, 0x40, 0x08,
    0x52, 0x20, 0x00, 0x00, 0x20, 0x20, 0x00, 0x00, 0x20, 0x00, 0x08, 0x00, 0x00, 0x00, 0x20, 0x21,
    0x01, 0x20, 0x49, 0x80, 0x88, 0x04, 0x09, 0x00, 0x00, 0x00, 0x00, 0x00, 0x00, 0x80, 0x00, 0x00,
    0x00, 0x80, 0x00, 0x00, 0x00, 0x58, 0x42, 0x55, 0xAD, 0x08, 0x49, 0xA5, 0xB5, 0x5A, 0x57, 0xAD,
    0x02, 0x00, 0x00, 0x40, 0x04, 0x20, 0x02, 0x04, 0xAA, 0x92, 0x2A, 0x00, 0x00, 0x02, 0x00, 0x00,
    0x08, 0x01, 0x40, 0x91, 0x04, 0x01, 0x00, 0x00, 0x02, 0x10, 0x00, 0x00, 0x00, 0x00, 0x10, 0x10,
    0x00, 0x00, 0x00, 0x00, 0x02, 0x00, 0x12, 0x00, 0x00, 0x00, 0x00, 0x00, 0x00, 0x01, 0x00, 0x20,
    0x00, 0x00, 0x00, 0x00, 0x04, 0x88, 0x00, 0x02, 0x2C, 0xB1, 0x96, 0x52, 0x0A, 0xAC, 0xAA, 0xAC,
    0x6D, 0xBB, 0x55, 0x21, 0x00, 0x04, 0x01, 0x20, 0x01, 0x00, 0x80, 0x52, 0x49, 0x04, 0x09, 0x00,
    0x10, 0x88, 0x80, 0x20, 0x88, 0x80, 0xAC, 0x00, 0x08, 0x12, 0x00, 0x00, 0x01, 0x02, 0x40, 0x02,
    0x00, 0x80, 0x80, 0x00, 0x00, 0x00, 0x40, 0x00, 0x00, 0x00, 0x00, 0x00, 0x40, 0x20, 0x02, 0x08,
    0x00, 0x00, 0x00, 0x00, 0x00, 0x84, 0x00, 0x00, 0x00, 0x00, 0x00, 0x14, 0x41, 0x69, 0x29, 0x25,
    0x52, 0xDA, 0x56, 0xB6, 0xDB, 0xAA, 0x08, 0x22, 0x01, 0x10, 0x00, 0x00, 0x90, 0x40, 0x55, 0x2D,
    0x91, 0x80, 0x00, 0x00, 0x01, 0x10, 0x00, 0x00, 0x00, 0x44, 0x90, 0x00, 0x00, 0x00, 0x00, 0x40,
    0x10, 0x02, 0x20, 0x00, 0x01, 0x00, 0x00, 0x04, 0x08, 0x08, 0x00, 0x00, 0x00, 0x22, 0x10, 0x00,
    0x00, 0x80, 0x00, 0x10, 0x20, 0x00, 0x00, 0x10, 0x00, 0x00, 0x00, 0x00, 0x00, 0x00, 0x4C, 0x69,
    0x25, 0xAD, 0x41, 0x48, 0x25, 0xB3, 0x6D, 0xAD, 0x55, 0x93, 0x00, 0x90, 0x84, 0x04, 0x88, 0x00,
    0x90, 0xA8, 0x84, 0x2A, 0x02, 0x10, 0x00, 0x20, 0x44, 0x44, 0x12, 0x04, 0x25, 0x81, 0x40, 0x00,
    0x00, 0x00, 0x00, 0x00, 0x00, 0x00, 0x10, 0x00, 0x00, 0x00, 0x80, 0x00, 0x01, 0x90, 0x88, 0x00,
    0x00, 0x00, 0x01, 0x04, 0x00, 0x00, 0x00, 0x02, 0x01, 0x02, 0x00, 0x00, 0x00, 0x00, 0x00, 0x08,
    0x10, 0xAC, 0x90, 0x9A, 0x92, 0x08, 0xA8, 0x5A, 0xD9, 0xDA, 0x76, 0xAB, 0x24, 0x09, 0x00, 0x01,
    0x20, 0x01, 0x00, 0xA2, 0x4E, 0x52, 0x04, 0x00, 0x00, 0x48, 0x08, 0x00, 0x00, 0x00, 0x80, 0x98,
    0x00, 0x00, 0x00, 0x00, 0x00, 0x80, 0x00, 0x90, 0x04, 0x00, 0x00, 0x00, 0x00, 0x00, 0x00, 0x00,
    0x02, 0x00, 0x48, 0x00, 0x01, 0x48, 0x00, 0x00, 0x00, 0x02, 0x00, 0x00, 0x00, 0x00, 0x00, 0x10,
    0x00, 0x00, 0x00, 0x00, 0x14, 0x51, 0x65, 0x55, 0x4B, 0x52, 0xA5, 0x5A, 0xD5, 0xB6, 0xB5, 0x4A,
    0x90, 0x24, 0x10, 0x00, 0x00, 0x08, 0x50, 0x25, 0x97, 0x52, 0x00, 0x00, 0x00, 0x84, 0x20, 0x08,
    0x84, 0x10, 0x44, 0x02, 0x01, 0x08, 0x00, 0x80, 0x24, 0x00, 0x00, 0x80, 0x00, 0x40, 0x08, 0x20,
    0x00, 0x48, 0x40, 0x00, 0x00, 0x00, 0x10, 0x00, 0x00, 0x00, 0x09, 0x40, 0x00, 0x00, 0x00, 0x40,
    0x00, 0x00, 0x00, 0x00, 0x40, 0x00, 0x00, 0xAC, 0xA8, 0xAA, 0xAA, 0x84, 0x90, 0xB4, 0x2D, 0xBB,
    0x6D, 0x5B, 0x93, 0x04, 0x02, 0x04, 0x01, 0x20, 0x41, 0xAC, 0xB2, 0x49, 0x12, 0x20, 0x00, 0x20,
    0x00, 0x08, 0x22, 0x21, 0x00, 0x53, 0x80, 0x08, 0x01, 0x00, 0x00, 0x00, 0x04, 0x00, 0x00, 0x00,
    0x04, 0x80, 0x00, 0x40, 0x00, 0x08, 0x10, 0x12, 0x01, 0x02, 0x20, 0x00, 0x20, 0x00, 0x04, 0x20,
    0x00, 0x10, 0x00, 0x00, 0x00, 0x00, 0x00, 0x00, 0x00, 0x00, 0x2C, 0x51, 0x95, 0x54, 0x12, 0x60,
    0x4A, 0xD2, 0xDB, 0xB6, 0xAD, 0x24, 0x49, 0x48, 0x22, 0x88, 0x04, 0x00, 0x52, 0x9B, 0x24, 0x09,
    0x04, 0x00, 0x10, 0x22, 0x40, 0x00, 0x00, 0x82, 0x28, 0x01, 0x00, 0x00, 0x00, 0x04, 0x00, 0x21,
    0x22, 0x01, 0x00, 0x00, 0x00, 0x00, 0x08, 0x00, 0x01, 0x00, 0x00, 0x10, 0x00, 0x04, 0x00, 0x01,
    0x00, 0x00, 0x00, 0x00, 0x00, 0x00, 0x00, 0x00, 0x80, 0x00, 0x00, 0x00, 0x00, 0x94, 0xA8, 0x6A,
    0xAB, 0x49, 0x84, 0xAA, 0xAD, 0x6C, 0xDB, 0x56, 0x55, 0x92, 0x00, 0x00, 0x00, 0x00, 0x08, 0xA8,
    0x4C, 0x26, 0x09, 0x00, 0x21, 0x48, 0x08, 0x04, 0x00, 0x12, 0x00, 0x94, 0x10, 0x02, 0x00, 0x00,
    0x40, 0x40, 0x00, 0x00, 0x00, 0x40, 0x00, 0x00, 0x00, 0x00, 0x04, 0x00, 0x40, 0x00, 0x00, 0x40,
    0x00, 0x11, 0x00, 0x00, 0x00, 0x04, 0x22, 0x00, 0x00, 0x00, 0x00, 0x04, 0x00, 0x04, 0x10, 0x80,
    0x94, 0x58, 0x55, 0x92, 0x24, 0x42, 0x55, 0x55, 0x6F, 0xDB, 0xB6, 0x26, 0x01, 0x44, 0x04, 0x01,
    0x20, 0x40, 0x56, 0x65, 0x93, 0x84, 0x00, 0x00, 0x00, 0x40, 0x02, 0x92, 0x88, 0x48, 0x4A, 0x02,
    0x12, 0x10, 0x00, 0x00, 0x20, 0x00, 0x40, 0x08, 0x04, 0x40, 0x04, 0x00, 0x40, 0x00, 0x40, 0x02,
    0x40, 0x02, 0x02, 0x00, 0x00, 0x00, 0x00, 0x00, 0x00, 0x00, 0x00, 0x01, 0x08, 0x21, 0x00, 0x10,
    0x00, 0x00, 0x00, 0x4C, 0x94, 0x92, 0xD5, 0x92, 0x88, 0xA4, 0xDA, 0xA9, 0x6D, 0x4B, 0xA9, 0x24,
    0x90, 0x20, 0x20, 0x01, 0x81, 0xD2, 0x36, 0x51, 0x02, 0x00, 0x00, 0x90, 0x02, 0x20, 0x00, 0x00,
    0x00, 0x49, 0x01, 0x80, 0x00, 0x00, 0x00, 0x02, 0x01, 0x80, 0x00, 0x00, 0x02, 0x20, 0x00, 0x00,
    0x40, 0x08, 0x00, 0x08, 0x40, 0x00, 0x00, 0x00, 0x10, 0x21, 0x20, 0x20, 0x00, 0x00, 0x08, 0x00,
    0x00, 0x00, 0x00, 0x00, 0x00, 0x00, 0xAC, 0x64, 0xAD, 0x4A, 0x0A, 0x01, 0x52, 0x65, 0xDA, 0x6A,
    0x6B, 0x55, 0x92, 0x02, 0x00, 0x04, 0x00, 0x08, 0xA9, 0x92, 0x8A, 0x04, 0x00, 0x00, 0x09, 0x10,
    0x00, 0x21, 0x24, 0x01, 0x90, 0x40, 0x02, 0x00, 0x00, 0x40, 0x00, 0x00, 0x08, 0x00, 0x00, 0x00,
    0x00, 0x00, 0x00, 0x08, 0x00, 0x10, 0x01, 0x00, 0x20, 0x24, 0x00, 0x01, 0x00, 0x00, 0x00, 0x00,
    0x02, 0x40, 0x00, 0x00, 0x01, 0x00, 0x00, 0x01, 0x00, 0x4C, 0xA8, 0x52, 0x35, 0x55, 0x24, 0xA9,
    0x9A, 0xD6, 0xB6, 0xAA, 0x12, 0x09, 0x20, 0x09, 0x00, 0x08, 0x40, 0x36, 0xDB, 0x54, 0x02, 0x01,
    0x00, 0x24, 0x01, 0x09, 0x08, 0x01, 0x90, 0x4C, 0x00, 0x04, 0x08, 0x00, 0x00, 0x90, 0x20, 0x00,
    0x04, 0x00, 0x00, 0x00, 0x02, 0x82, 0x00, 0x00, 0x00, 0x00, 0x08, 0x04, 0x00, 0x08, 0x00, 0x00,
    0x00, 0x02, 0x10, 0x00, 0x00, 0x00, 0x44, 0x00, 0x00, 0x00, 0x00, 0x00, 0x54, 0x94, 0xAA, 0xAA,
    0x49, 0x12, 0x94, 0xAA, 0x6D, 0xB6, 0x55, 0xAD, 0x84, 0x04, 0x00, 0x01, 0x41, 0xD0, 0x52, 0x2D,
    0x25, 0x11, 0x00, 0x02, 0x80, 0x08, 0x00, 0x01, 0x48, 0x02, 0xA4, 0x04, 0x00, 0x00, 0x00, 0x10,
    0x00, 0x00, 0x80, 0x40, 0x00, 0x20, 0x00, 0x10, 0x00, 0x80, 0x04, 0x01, 0x00, 0x01, 0x00, 0x00,
    0x00, 0x00, 0x00, 0x00, 0x80, 0x00, 0x00, 0x00, 0x00, 0x20, 0x00, 0x00, 0x00, 0x20, 0x00, 0x8C,
    0x68, 0x55, 0x49, 0x92, 0x00, 0x48, 0x55, 0x69, 0xDB, 0xAA, 0x4A, 0x22, 0x41, 0x44, 0x24, 0x00,
    0x20, 0x9A, 0x52, 0xAA, 0x00, 0x10, 0x00, 0x10, 0x20, 0x40, 0x40, 0x02, 0x00, 0x92, 0x20, 0x04,
    0x00, 0x00, 0x00, 0x40, 0x04, 0x20, 0x00, 0x20, 0x00, 0x02, 0x00, 0x00, 0x04, 0x20, 0x20, 0x24,
    0x80, 0x00, 0x01, 0x01, 0x44, 0x04, 0x01, 0x00, 0x00, 0x40, 0x00, 0x80, 0x02, 0x08, 0x00, 0x42,
    0x00, 0x00, 0x56, 0xA0, 0xAA, 0xB6, 0x4A, 0x94, 0x50, 0xAA, 0x96, 0x29, 0x55, 0x52, 0x55, 0x20,
    0x00, 0x00, 0x08, 0x94, 0x4D, 0x9B, 0x49, 0x00, 0x00, 0x00, 0x8A, 0x04, 0x09, 0x14, 0x90, 0x10,
    0x49, 0x00, 0x42, 0x04, 0x00, 0x02, 0x01, 0x00, 0x04, 0x00, 0x00, 0x02, 0x10, 0x00, 0x20, 0x00,
    0x00, 0x00, 0x00, 0x10, 0x00, 0x10, 0x40, 0x00, 0x00, 0x20, 0x08, 0x00, 0x00, 0x00, 0x00, 0x00,
    0x00, 0x00, 0x00, 0x02, 0x00, 0x24, 0x54, 0x55, 0x49, 0x25, 0x22, 0x20, 0x55, 0x69, 0xD5, 0x5A,
    0xAB, 0x82, 0x04, 0x21, 0x00, 0x81, 0x68, 0xA5, 0xA5, 0x24, 0x00, 0x00, 0x10, 0x44, 0x00, 0x00,
    0x00, 0x02, 0x04, 0xA4, 0x00, 0x00, 0x00, 0x00, 0x10, 0x08, 0x01, 0x80, 0x04, 0x00, 0x00, 0x00,
    0x00, 0x00, 0x20, 0x00, 0x04, 0x00, 0x00, 0x20, 0x00, 0x00, 0x00, 0x00, 0x00, 0x00, 0x80, 0x00,
    0x00, 0x42, 0x09, 0x00, 0x00, 0x00, 0x00, 0x00, 0x9C, 0xA8, 0xAA, 0xAA, 0x92, 0x02, 0x82, 0x22,
    0xAD, 0x5E, 0xA5, 0x24, 0x12, 0x02, 0x08, 0x09, 0x00, 0x92, 0x6A, 0x29, 0x35, 0x40, 0x00, 0x80,
    0x00, 0x90, 0x04, 0x81, 0x48, 0x20, 0x28, 0x01, 0x02, 0x00, 0x10, 0x00, 0x40, 0x00, 0x10, 0x00,
    0x01, 0x00, 0x00, 0x00, 0x00, 0x01, 0x01, 0x80, 0x00, 0x02, 0x04, 0x00, 0x00, 0x00, 0x00, 0x00,
    0x00, 0x02, 0x00, 0x01, 0x90, 0x00, 0x00, 0x00, 0x00, 0x00, 0x02, 0x26, 0x50, 0x55, 0x55, 0x2A,
    0x11, 0x11, 0xA9, 0x92, 0xA2, 0x5A, 0x55, 0x49, 0x90, 0x00, 0x40, 0x10, 0x48, 0xAD, 0x96, 0x0A,
    0x04, 0x00, 0x01, 0x92, 0x04, 0x40, 0x10, 0x00, 0x02, 0x92, 0x08, 0x00, 0x10, 0x00, 0x01, 0x00,
    0x20, 0x00, 0x00, 0x00, 0x40, 0x00, 0x00, 0x00, 0x00, 0x88, 0x00, 0x24, 0x40, 0x00, 0x82, 0x08,
    0x20, 0x08, 0x00, 0x00, 0x00, 0x04, 0x00, 0x20, 0x80, 0x00, 0x01, 0x00, 0x20, 0x00, 0x14, 0xA4,
    0xAA, 0xAA, 0x49, 0x48, 0x00, 0xD4, 0x6A, 0x59, 0xA5, 0xAA, 0x84, 0x04, 0x90, 0x00, 0x02, 0xAD,
    0x56, 0xC9, 0x04, 0x00, 0x00, 0x00, 0x04, 0x00, 0x01, 0x02, 0x91, 0x48, 0x48, 0x00, 0x04, 0x00,
    0x00, 0x10, 0x20, 0x04, 0x80, 0x10, 0x00, 0x04, 0x82, 0x00, 0x22, 0x08, 0x00, 0x20, 0x00, 0x00,
    0x00, 0x00, 0x00, 0x02, 0x80, 0x00, 0x22, 0x00, 0x00, 0x08, 0x40, 0x00, 0x00, 0x00, 0x00, 0x00,
    0x00, 0x4A, 0x52, 0x55, 0x29, 0x25, 0x05, 0x04, 0x12, 0x49, 0xAD, 0x5A, 0x85, 0x24, 0x22, 0x02,
    0x12, 0x20, 0xA5, 0xB5, 0x2A, 0x09, 0x00, 0x20, 0x80, 0x20, 0x89, 0x24, 0x40, 0x08, 0x00, 0xA4,
    0x40, 0x20, 0x01, 0x00, 0x00, 0x80, 0x00, 0x10, 0x00, 0x40, 0x00, 0x00, 0x00, 0x00, 0x00, 0x00,
    0x04, 0x00, 0x08, 0x00, 0x00, 0x00, 0x00, 0x00, 0x20, 0x00, 0x00, 0x00, 0x00, 0x28, 0x02, 0x00,
    0x00, 0x00, 0x01, 0x00, 0x26, 0xA0, 0x52, 0xD5, 0x94, 0x48, 0x92, 0x48, 0xAD, 0x46, 0x4A, 0x52,
    0x12, 0x01, 0x00, 0x08, 0x49, 0xD2, 0x5A, 0xA5, 0x82, 0x00, 0x02, 0x40, 0x92, 0x00, 0x00, 0x09,
    0x80, 0x24, 0x90, 0x04, 0x02, 0x00, 0x20, 0x01, 0x00, 0x00, 0x00, 0x00, 0x00, 0x00, 0x00, 0x04,
    0x00, 0x40, 0x00, 0x00, 0x00, 0x41, 0x44, 0x20, 0x20, 0x80, 0x00, 0x00, 0x00, 0x10, 0x00, 0x00,
    0x12, 0x10, 0x00, 0x10, 0x08, 0x00, 0x00, 0x14, 0x52, 0xAD, 0x94, 0x2A, 0x21, 0x00, 0x90, 0x24,
    0x51, 0xA5, 0xAA, 0x42, 0x48, 0xA4, 0x44, 0x90, 0x9A, 0xA6, 0x52, 0x01, 0x00, 0x00, 0x20, 0x00,
    0x40, 0x40, 0x82, 0x24, 0x12, 0x49, 0x00, 0x00, 0x08, 0x02, 0x00, 0x04, 0x00, 0x80, 0x04, 0x00,
    0x00, 0x10, 0x00, 0x00, 0x02, 0x48, 0x80, 0x08, 0x00, 0x00, 0x00, 0x00, 0x00, 0x00, 0x00, 0x00,
    0x01, 0x00, 0x00, 0x08, 0x00, 0x00, 0x00, 0x00, 0x08, 0x00, 0x16, 0xA8, 0x52, 0x6B, 0x92, 0x08,
    0x29, 0x42, 0xD2, 0x2C, 0x35, 0x49, 0x88, 0x04, 0x00, 0x22, 0x00, 0x49, 0x5B, 0x99, 0x00, 0x04,
    0x00, 0x21, 0x24, 0x09, 0x09, 0x00, 0x00, 0x00, 0x94, 0x00, 0x00, 0x00, 0x00, 0x40, 0x80, 0x00,
    0x11, 0x00, 0x02, 0x20, 0x00, 0x00, 0x40, 0x00, 0x00, 0x00, 0x00, 0x00, 0x00, 0x02, 0x01, 0x00,
    0x10, 0x08, 0x00, 0x00, 0x10, 0x10, 0x04, 0x80, 0x00, 0x00, 0x00, 0x80, 0x04, 0x4A, 0x52, 0x5A,
    0x49, 0x95, 0x44, 0x40, 0x20, 0x29, 0xA5, 0x4A, 0x12, 0x11, 0x89, 0x08, 0x11, 0x91, 0xB4, 0x95,
    0x24, 0x21, 0x01, 0x00, 0x10, 0x12, 0x00, 0x00, 0x49, 0x12, 0x49, 0x20, 0x11, 0x04, 0x00, 0x00,
    0x04, 0x20, 0x10, 0x00, 0x00, 0x00, 0x01, 0x01, 0x20, 0x00, 0x80, 0x00, 0x08, 0x00, 0x00, 0x00,
    0x00, 0x00, 0x04, 0x00, 0x00, 0x08, 0x80, 0x00, 0x01, 0x49, 0x00, 0x00, 0x00, 0x00, 0x00, 0x00,
    0x12, 0xA1, 0xA5, 0x94, 0x4A, 0x12, 0x12, 0x00, 0x12, 0x49, 0x89, 0xA4, 0x22, 0x10, 0x40, 0x12,
    0x88, 0xAA, 0x2A, 0x55, 0x00, 0x00, 0x08, 0x20, 0x81, 0x40, 0x40, 0x00, 0x20, 0x24, 0x54, 0x00,
    0x00, 0x00, 0x08, 0x00, 0x00, 0x00, 0x20, 0x00, 0x00, 0x00, 0x00, 0x00, 0x01, 0x00, 0x00, 0x00,
    0x80, 0x00, 0x00, 0x00, 0x00, 0x00, 0x02, 0x81, 0x00, 0x00, 0x00, 0x00, 0x12, 0x00, 0x08, 0x00,
    0x40, 0x00, 0x00, 0x14, 0x52, 0xAA, 0x6D, 0x52, 0x22, 0x21, 0x91, 0x84, 0x92, 0x54, 0x12, 0x44,
    0x82, 0x04, 0x02, 0x4A, 0x55, 0xA5, 0x12, 0x00, 0x00, 0x00, 0x80, 0x10, 0x22, 0x20, 0x24, 0x04,
    0x00, 0x48, 0x82, 0x00, 0x11, 0x00, 0x00, 0x40, 0x02, 0x00, 0x22, 0x00, 0x00, 0x00, 0x01, 0x08,
    0x10, 0x24, 0x01, 0x09, 0x90, 0x24, 0x10, 0x44, 0x40, 0x00, 0x00, 0x00, 0x00, 0x00, 0x80, 0x24,
    0x00, 0x00, 0x00, 0x00, 0x00, 0x00, 0x16, 0x40, 0x55, 0x49, 0x29, 0x09, 0x84, 0x40, 0x64, 0x24,
    0x49, 0x92, 0x08, 0x11, 0x90, 0x00, 0xA0, 0xEC, 0x54, 0x89, 0x10, 0x40, 0x00, 0x30, 0x08, 0x00,
    0x09, 0x12, 0x01, 0x49, 0x49, 0x10, 0x04, 0x00, 0x40, 0x00, 0x04, 0x00, 0x00, 0x00, 0x00, 0x00,
    0x10, 0x00, 0x40, 0x02, 0x00, 0x20, 0x00, 0x02, 0x00, 0x01, 0x00, 0x00, 0x20, 0x00, 0x00, 0x01,
    0x00, 0x40, 0x12, 0x04, 0x00, 0x00, 0x02, 0x10, 0x00, 0x8A, 0xA4, 0x55, 0xA6, 0x96, 0x92, 0x40,
    0x04, 0x12, 0x41, 0x84, 0x48, 0x22, 0x24, 0x02, 0x00, 0x91, 0xB2, 0x96, 0x24, 0x00, 0x00, 0x40,
    0x08, 0x89, 0x10, 0x80, 0x00, 0x90, 0x10, 0x24, 0x04, 0x00, 0x00, 0x00, 0x10, 0x00, 0x00, 0x42,
    0x00, 0x84, 0x10, 0x00, 0x08, 0x00, 0x80, 0x00, 0x04, 0x00, 0x00, 0x00, 0x80, 0x00, 0x02, 0x00,
    0x12, 0x10, 0x00, 0x02, 0x84, 0x0A, 0x00, 0x00, 0x10, 0x00, 0x01, 0x00, 0x12, 0x49, 0xAA, 0x32,
    0x49, 0x49, 0x24, 0x02, 0x20, 0x2A, 0x52, 0x24, 0x90, 0x00, 0x24, 0x89, 0x42, 0x5D, 0x49, 0x06,
    0x80, 0x08, 0x02, 0x88, 0x10, 0x00, 0x00, 0xA4, 0x04, 0x04, 0x50, 0x42, 0x20, 0x00, 0x00, 0x00,
    0x80, 0x04, 0x00, 0x00, 0x00, 0x00, 0x01, 0x00, 0x00, 0x00, 0x00, 0x00, 0x48, 0x20, 0x02, 0x00,
    0x00, 0x00, 0x04, 0x80, 0x00, 0x08, 0x00, 0x20, 0x15, 0x00, 0x80, 0x00, 0x00, 0x00, 0x01, 0x12,
    0xA0, 0x54, 0x95, 0x52, 0x08, 0x89, 0x20, 0x10, 0x91, 0x22, 0x02, 0x05, 0x88, 0x20, 0x40, 0xB0,
    0xAA, 0xD5, 0x12, 0x00, 0x00, 0x00, 0x44, 0x04, 0x22, 0x49, 0x02, 0x40, 0xA0, 0x88, 0x20, 0x02,
    0x08, 0x04, 0x00, 0x10, 0x00, 0x10, 0x00, 0x00, 0x00, 0x00, 0x80, 0x00, 0x10, 0x20, 0x80, 0x00,
    0x02, 0x20, 0x12, 0x10, 0x20, 0x00, 0x00, 0x00, 0x00, 0x00, 0x40, 0x09, 0x10, 0x00, 0x00, 0x20,
    0x00, 0x00, 0x89, 0x44, 0xAB, 0x4A, 0x95, 0xA6, 0x40, 0x04, 0x89, 0x44, 0x08, 0x91, 0x20, 0x11,
    0x12, 0x00, 0x21, 0xA5, 0x24, 0x09, 0x00, 0x04, 0x00, 0x20, 0x48, 0x10, 0x00, 0x20, 0x01, 0x12,
    0x24, 0x14, 0x00, 0x01, 0x00, 0x01, 0x00, 0x00, 0x80, 0x04, 0x00, 0x00, 0x20, 0x00, 0x00, 0x01,
    0x02, 0x00, 0x00, 0x00, 0x00, 0x00, 0x02, 0x00, 0x00, 0x00, 0x10, 0x00, 0x10, 0x80, 0x84, 0x00,
    0x00, 0x00, 0x00, 0x08, 0x00, 0x24, 0xA4, 0x54, 0xB2, 0x22, 0x11, 0x92, 0x08, 0x40, 0x22, 0x92,
    0x24, 0x92, 0x40, 0x04, 0x48, 0x52, 0x5B, 0x92, 0x80, 0x00, 0x44, 0x10, 0x1A, 0x02, 0x00, 0x20,
    0x94, 0x20, 0x40, 0x50, 0x42, 0x10, 0x00, 0x00, 0x80, 0x80, 0x20, 0x00, 0x00, 0x00, 0x04, 0x00,
    0x01, 0x08, 0x00, 0x00, 0x08, 0x00, 0x00, 0x00, 0x00, 0x80, 0x00, 0x40, 0x00, 0x80, 0x00, 0x02,
    0x60, 0x0A, 0x00, 0x00, 0x00, 0x00, 0x40, 0x00, 0x16, 0x42, 0x49, 0x2B, 0x99, 0x48, 0x04, 0x21,
    0x00, 0x10, 0x41, 0x08, 0x04, 0x08, 0x01, 0x20, 0xA8, 0x4C, 0xAD, 0x04, 0x00, 0x03, 0x00, 0x84,
    0x24, 0x49, 0x04, 0x02, 0x88, 0x88, 0x08, 0x21, 0x02, 0x00, 0x10, 0x08, 0x00, 0x00, 0x08, 0x00,
    0x00, 0x20, 0x00, 0x10, 0x00, 0x00, 0x80, 0x00, 0x00, 0x08, 0x01, 0x00, 0x00, 0x00, 0x01, 0x02,
    0x02, 0x00, 0x00, 0x28, 0x05, 0x00, 0x00, 0x00, 0x02, 0x01, 0x00, 0x02, 0xA1, 0xAA, 0x92, 0x4A,
    0x96, 0x20, 0x12, 0x01, 0x88, 0x14, 0x42, 0x41, 0x84, 0x00, 0x81, 0x90, 0xA6, 0x52, 0x02, 0x84,
    0x08, 0x00, 0x49, 0x48, 0x00, 0x80, 0xA0, 0x04, 0x10, 0x44, 0x94, 0x40, 0x00, 0x00, 0x00, 0x20,
    0x00, 0x00, 0x00, 0x40, 0x00, 0x02, 0x00, 0x00, 0x44, 0x00, 0x80, 0x08, 0x00, 0x40, 0x40, 0x00,
    0x04, 0x00, 0x20, 0x00, 0x24, 0x00, 0x50, 0x05, 0x80, 0x00, 0x00, 0x40, 0x00, 0x04, 0x49, 0x48,
    0x55, 0x69, 0xA5, 0x02, 0x88, 0x24, 0x08, 0x01, 0x22, 0x91, 0x28, 0x22, 0x90, 0x40, 0xC8, 0x32,
    0x49, 0x00, 0x40, 0x04, 0x02, 0x0A, 0x12, 0x04, 0x20, 0x48, 0x00, 0x41, 0x20, 0x08, 0x11, 0x12,
    0x00, 0x00, 0x00, 0x04, 0x80, 0x10, 0x00, 0x00, 0x00, 0x80, 0x00, 0x00, 0x04, 0x00, 0x40, 0x00,
    0x08, 0x04, 0x10, 0x00, 0x00, 0x00, 0x00, 0x00, 0x44, 0x92, 0x42, 0x04, 0x00, 0x00, 0x00, 0x00,
    0x00, 0x2C, 0x44, 0x2A, 0x4D, 0x32, 0x69, 0x45, 0x80, 0x20, 0x40, 0x80, 0x08, 0x04, 0x11, 0x00,
    0x90, 0x50, 0x4A, 0x2A, 0x00, 0x00, 0x25, 0x20, 0x91, 0x84, 0x82, 0x04, 0x04, 0x24, 0x08, 0x12,
    0x42, 0x00, 0x00, 0x40, 0x00, 0x84, 0x00, 0x10, 0x00, 0x01, 0x00, 0x00, 0x00, 0x40, 0x00, 0x00,
    0x00, 0x00, 0x20, 0x00, 0x00, 0x02, 0x00, 0x08, 0x00, 0x10, 0x00, 0x00, 0xA8, 0x08, 0x00, 0x08,
    0x10, 0x00, 0x90, 0x00, 0x02, 0x82, 0xD2, 0x24, 0x95, 0x94, 0x00, 0x2A, 0x84, 0x08, 0x12, 0x42,
    0xA2, 0x08, 0x24, 0x49, 0x58, 0x2D, 0x15, 0x01, 0x40, 0x09, 0x40, 0x4A, 0x41, 0x10, 0x00, 0x81,
    0x02, 0x80, 0x24, 0x91, 0x84, 0x00, 0x00, 0x42, 0x00, 0x00, 0x01, 0x00, 0x00, 0x00, 0x00, 0x00,
    0x04, 0x10, 0x80, 0x08, 0x00, 0x00, 0x00, 0x00, 0x00, 0x40, 0x00, 0x00, 0x00, 0x00, 0x00, 0x94,
    0x04, 0x00, 0x80, 0x00, 0x48, 0x02, 0x00, 0x8A, 0x48, 0x95, 0xD6, 0x8A, 0x04, 0xA8, 0x44, 0x48,
    0x04, 0x00, 0x80, 0x48, 0x00, 0x41, 0x20, 0x8C, 0xA2, 0x92, 0x00, 0x80, 0x04, 0x80, 0x84, 0x24,
    0x00, 0x90, 0x50, 0x10, 0x24, 0x20, 0x08, 0x21, 0x04, 0x00, 0x00, 0x00, 0x00, 0x00, 0x01, 0x00,
    0x10, 0x20, 0x02, 0x00, 0x80, 0x10, 0x40, 0x00, 0x00, 0x00, 0x00, 0x00, 0x01, 0x80, 0x24, 0x02,
    0x01, 0x10, 0x49, 0x02, 0x00, 0x00, 0x00, 0x00, 0x00, 0x00, 0x15, 0x84, 0x68, 0x92, 0x64, 0x6A,
    0x45, 0x00, 0x02, 0x41, 0x01, 0x10, 0x00, 0x40, 0x08, 0x48, 0x42, 0x15, 0x09, 0x08, 0x00, 0x4A,
    0x02, 0x22, 0x02, 0x82, 0x04, 0x08, 0x84, 0x10, 0x14, 0x45, 0x00, 0x00, 0x04, 0x00, 0x80, 0x08,
    0x20, 0x00, 0x00, 0x01, 0x02, 0x00, 0x00, 0x00, 0x00, 0x00, 0x04, 0x04, 0x42, 0x22, 0x00, 0x00,
    0x00, 0x00, 0x00, 0x20, 0x00, 0xA4, 0x24, 0x00, 0x00, 0x80, 0x40, 0x00, 0x02, 0x12, 0x40, 0x26,
    0x55, 0x55, 0x12, 0x02, 0xA9, 0x24, 0x28, 0x52, 0x02, 0x01, 0x0A, 0x44, 0x20, 0x68, 0x49, 0x25,
    0x80, 0x04, 0x09, 0x80, 0x24, 0x41, 0x21, 0x20, 0x84, 0x00, 0x80, 0x88, 0x20, 0x12, 0x21, 0x00,
    0x00, 0x08, 0x00, 0x00, 0x00, 0x10, 0x00, 0x00, 0x10, 0x00, 0x01, 0x00, 0x00, 0x80, 0x40, 0x00,
    0x00, 0x10, 0x08, 0x00, 0x00, 0x10, 0x00, 0x00, 0x55, 0x00, 0x01, 0x00, 0x00, 0x00, 0x00, 0x00,
    0x02, 0x29, 0xD3, 0xAA, 0x8A, 0x92, 0x20, 0x42, 0x10, 0x05, 0x08, 0x00, 0x24, 0x41, 0x22, 0x14,
    0x95, 0x4A, 0x22, 0x00, 0x00, 0x09, 0x40, 0x49, 0x92, 0x00, 0x02, 0x42, 0x28, 0x02, 0x02, 0x94,
    0x04, 0x08, 0x00, 0x00, 0x00, 0x00, 0x00, 0x00, 0x00, 0x00, 0x00, 0x80, 0x00, 0x00, 0x00, 0x01,
    0x00, 0x00, 0x00, 0x00, 0x01, 0x00, 0x04, 0x00, 0x00, 0x00, 0x80, 0x4A, 0x02, 0x00, 0x00, 0x00,
    0x90, 0x48, 0x00, 0x05, 0x02, 0x29, 0x49, 0x32, 0xA5, 0x94, 0x10, 0x89, 0x20, 0x21, 0xA9, 0x48,
    0x24, 0x08, 0x20, 0x48, 0x49, 0x02, 0x00, 0x00, 0xA4, 0xA4, 0x24, 0x00, 0x08, 0x01, 0x21, 0x00,
    0x10, 0x30, 0x09, 0x80, 0x00, 0x00, 0x08, 0x40, 0x02, 0x22, 0x04, 0x00, 0x00, 0x00, 0x00, 0x10,
    0x00, 0x02, 0x20, 0x00, 0x00, 0x00, 0x00, 0x00, 0x00, 0x00, 0x80, 0x00, 0x44, 0x08, 0x91, 0x04,
    0x00, 0x00, 0x00, 0x00, 0x00, 0x00, 0x04, 0x80, 0x94, 0xB6, 0x49, 0x49, 0x42, 0x88, 0x44, 0x92,
    0x00, 0x04, 0x00, 0x00, 0x41, 0x10, 0xA5, 0x24, 0x01, 0x80, 0x22, 0x2A, 0x10, 0x12, 0x25, 0x81,
    0x48, 0x90, 0x04, 0x08, 0x88, 0x40, 0x22, 0x11, 0x40, 0x00, 0x00, 0x10, 0x00, 0x00, 0x00, 0x44,
    0x00, 0x00, 0x00, 0x20, 0x00, 0x00, 0x11, 0x00, 0x88, 0x00, 0x40, 0x40, 0x20, 0x04, 0x40, 0x00,
    0x40, 0x2A, 0x01, 0x20, 0x00, 0x00, 0x04, 0x00, 0x08, 0x82, 0x94, 0xCA, 0x24, 0x95, 0x24, 0x01,
    0x44, 0x22, 0x09, 0x94, 0x00, 0x95, 0x4A, 0x12, 0x88, 0xAA, 0x92, 0x04, 0x10, 0x00, 0x54, 0x40,
    0x82, 0x40, 0x20, 0x00, 0x0A, 0x40, 0x42, 0x0A, 0x24, 0x01, 0x00, 0x00, 0x00, 0x00, 0x00, 0x00,
    0x00, 0x00, 0x00, 0x88, 0x00, 0x00, 0x00, 0x20, 0x00, 0x80, 0x00, 0x00, 0x00, 0x00, 0x00, 0x00,
    0x00, 0x00, 0x00, 0x80, 0x4A, 0x08, 0x01, 0x00, 0x22, 0x90, 0x00, 0x00, 0x02, 0x42, 0x32, 0x99,
    0xAA, 0x94, 0xA8, 0x22, 0x10, 0xA0, 0x22, 0xA9, 0x40, 0x20, 0x00, 0x14, 0x51, 0x49, 0x00, 0x20,
    0x00, 0xA0, 0x24, 0xB1, 0x08, 0x04, 0x44, 0x80, 0x00, 0x00, 0x44, 0x12, 0x08, 0x12, 0x04, 0x00,
    0x02, 0x00, 0x90, 0x00, 0x00, 0x00, 0x00, 0x00, 0x02, 0x02, 0x00, 0x02, 0x00, 0x44, 0x00, 0x08,
    0x00, 0x04, 0x00, 0x00, 0x04, 0x00, 0xA0, 0x14, 0x02, 0x00, 0x20, 0x00, 0x00, 0x88, 0x00, 0x03,
    0x08, 0x49, 0xD5, 0x44, 0x4A, 0x44, 0x90, 0x0A, 0x45, 0x08, 0x04, 0x08, 0x89, 0x24, 0x01, 0xAC,
    0x24, 0x01, 0x00, 0x89, 0x28, 0x89, 0x14, 0x22, 0x40, 0x21, 0x24, 0x08, 0x08, 0x12, 0x08, 0x01,
    0x00, 0x00, 0x00, 0x80, 0x00, 0x00, 0x00, 0x40, 0x00, 0x00, 0x04, 0x10, 0x00, 0x00, 0x00, 0x00,
    0x00, 0x00, 0x40, 0x04, 0x00, 0x00, 0x20, 0x00, 0x00, 0x10, 0x49, 0x01, 0x00, 0x01, 0x00, 0x01,
    0x00, 0x00, 0x00, 0x41, 0xAB, 0x4A, 0x32, 0x25, 0x01, 0x09, 0x41, 0x12, 0x44, 0x11, 0x25, 0x12,
    0x02, 0x88, 0x4A, 0x52, 0x80, 0x00, 0x00, 0x50, 0x41, 0x22, 0x01, 0x00, 0x00, 0x12, 0x01, 0x01,
    0x08, 0x91, 0x90, 0x20, 0x00, 0x11, 0x10, 0x00, 0x00, 0x44, 0x00, 0x00, 0x00, 0x00, 0x00, 0x00,
    0x02, 0x00, 0x00, 0x00, 0x40, 0x00, 0x00, 0x40, 0x08, 0x01, 0x00, 0x20, 0xA2, 0x92, 0x24, 0x00,
    0x00, 0x00, 0x48, 0x00, 0x00, 0x02, 0x48, 0x52, 0x24, 0x2B, 0x51, 0x22, 0x22, 0x24, 0x88, 0x22,
    0x88, 0x80, 0x80, 0x10, 0xA1, 0xA4, 0x12, 0x00, 0x90, 0x00, 0x90, 0x32, 0x91, 0x48, 0x22, 0x24,
    0x01, 0x00, 0x40, 0x04, 0x20, 0x02, 0x08, 0x00, 0x00, 0x00, 0x08, 0x01, 0x00, 0x00, 0x80, 0x00,
    0x00, 0x00, 0x20, 0x00, 0x20, 0x04, 0x00, 0x02, 0x00, 0x80, 0x00, 0x00, 0x00, 0x40, 0x02, 0x40,
    0x2D, 0x00, 0x00, 0x00, 0x00, 0x00, 0x04, 0x20, 0x01, 0x84, 0x24, 0x55, 0x49, 0x8A, 0x48, 0x44,
    0x12, 0x41, 0x10, 0x42, 0x12, 0x49, 0x04, 0x44, 0xB2, 0x24, 0x02, 0x00, 0x44, 0x22, 0x89, 0x48,
    0x00, 0x00, 0x41, 0x90, 0x00, 0x04, 0x8A, 0x44, 0x00, 0x01, 0x10, 0x00, 0x00, 0x00, 0x20, 0x00,
    0x00, 0x08, 0x00, 0x20, 0x00, 0x01, 0x00, 0x00, 0x00, 0x00, 0x00, 0x00, 0x00, 0x00, 0x00, 0x00,
    0x02, 0x00, 0x50, 0x92, 0x0A, 0x02, 0x00, 0x00, 0x80, 0x00, 0x02, 0x01, 0x02, 0x95, 0xAA, 0xA4,
    0x54, 0x04, 0x88, 0x80, 0x28, 0x8A, 0x24, 0x24, 0x10, 0x01, 0x90, 0x4A, 0x04, 0x00, 0x24, 0x00,
    0xA0, 0x42, 0x54, 0x04, 0x40, 0x00, 0x24, 0x10, 0x00, 0x04, 0x80, 0x24, 0x10, 0x00, 0x00, 0x80,
    0x00, 0x00, 0x00, 0x00, 0x00, 0x10, 0x00, 0x00, 0x00, 0x10, 0x01, 0x40, 0x10, 0x00, 0x00, 0x00,
    0x04, 0x00, 0x20, 0x00, 0x00, 0x12, 0x49, 0x01, 0x00, 0x00, 0x00, 0x10, 0x20, 0x00, 0x00, 0x48,
    0x49, 0x92, 0x56, 0x22, 0x92, 0x12, 0x49, 0x12, 0x41, 0x00, 0x01, 0x85, 0x20, 0x11, 0x25, 0x09,
    0x00, 0x01, 0x02, 0x40, 0x25, 0x25, 0x22, 0x04, 0x92, 0x02, 0x01, 0x00, 0x02, 0x09, 0x02, 0x02
};
