// Image: 536x336 pixels, 1-bit monochrome
// Total size: 22512 bytes

const uint8_t leitz5006_2[22512] = {
    0x10, 0x00, 0x00, 0x42, 0x24, 0x91, 0x24, 0x41, 0x4A, 0xA5, 0xAA, 0xAA, 0xAA, 0xAA, 0x6D, 0x6B,
    0x55, 0x55, 0x15, 0x00, 0x00, 0x00, 0x00, 0x22, 0x00, 0x80, 0x00, 0x00, 0x00, 0x40, 0x02, 0x24,
    0x92, 0x24, 0x49, 0x02, 0x00, 0x00, 0x00, 0x00, 0x44, 0x00, 0x20, 0x10, 0x40, 0x88, 0x88, 0x08,
    0x11, 0x20, 0x00, 0x41, 0x88, 0x10, 0x04, 0x02, 0x00, 0x00, 0x00, 0x00, 0x00, 0x00, 0x10, 0x08,
    0x80, 0x00, 0x00, 0xAB, 0xDA, 0xB6, 0xA9, 0x52, 0x4A, 0x4A, 0x69, 0xB5, 0x5A, 0x55, 0x55, 0x55,
    0xD5, 0xA4, 0x95, 0xAA, 0xAA, 0x4A, 0x6D, 0x5B, 0xB5, 0xB6, 0x49, 0xDB, 0x36, 0xD5, 0xB6, 0x6D,
    0x3B, 0x15, 0x52, 0x49, 0x55, 0x25, 0x69, 0xDB, 0xB6, 0x6D, 0xDB, 0x2A, 0xDB, 0x96, 0xA6, 0x2D,
    0x53, 0x55, 0xA5, 0xA4, 0x96, 0x6D, 0x2A, 0x53, 0xA6, 0x69, 0x69, 0xDB, 0xB6, 0x6D, 0xDB, 0xB6,
    0x6D, 0xAB, 0x55, 0x55, 0xB5, 0x6D, 0x49, 0x25, 0x92, 0x54, 0x2A, 0x55, 0xA5, 0x12, 0x89, 0x92,
    0xAA, 0x6A, 0xDB, 0x56, 0xB6, 0x6A, 0x55, 0xD5, 0xAA, 0x92, 0x24, 0x09, 0x49, 0x34, 0x49, 0x92,
    0x2A, 0x49, 0x22, 0x92, 0x0A, 0x5B, 0xAD, 0xAA, 0xB6, 0x95, 0x24, 0x49, 0x92, 0x24, 0x91, 0x24,
    0x49, 0x49, 0x92, 0x24, 0x22, 0x52, 0x4A, 0x91, 0x24, 0x95, 0x24, 0x49, 0x92, 0x94, 0x24, 0x49,
    0x92, 0x24, 0x49, 0x92, 0x94, 0xA6, 0x92, 0x48, 0x22, 0x94, 0x90, 0x24, 0x25, 0x49, 0x89, 0x52,
    0xC2, 0x54, 0x6B, 0x55, 0xAB, 0xA4, 0x6A, 0x5B, 0xB5, 0xAA, 0x2A, 0x55, 0x00, 0x82, 0x48, 0x81,
    0x84, 0x92, 0xA4, 0x04, 0x20, 0x29, 0x49, 0x81, 0x89, 0x92, 0x24, 0x49, 0x92, 0x24, 0x89, 0x24,
    0x49, 0x4A, 0x92, 0xA4, 0x24, 0x49, 0x4A, 0x49, 0x29, 0x25, 0x29, 0x49, 0x49, 0x92, 0x24, 0x89,
    0x24, 0x11, 0x22, 0x89, 0x08, 0x00, 0x41, 0xAA, 0x28, 0x49, 0x0A, 0x48, 0x4A, 0x4A, 0x55, 0x29,
    0xA5, 0x52, 0x94, 0x52, 0xAB, 0x94, 0xAA, 0x54, 0x5B, 0xA9, 0xA4, 0x4D, 0x55, 0xA5, 0x24, 0x6D,
    0x59, 0x52, 0x5A, 0xD2, 0x24, 0x55, 0xD2, 0x96, 0x94, 0x6A, 0x4A, 0x64, 0x52, 0xD5, 0xAA, 0xAA,
    0xAA, 0x52, 0x92, 0x94, 0x54, 0x55, 0x2A, 0x92, 0x54, 0xA5, 0xAA, 0x94, 0x52, 0x4A, 0xAA, 0xA4,
    0x4A, 0x95, 0x54, 0x4A, 0xCA, 0x94, 0x54, 0xD2, 0xB6, 0x2C, 0x45, 0x4A, 0x2A, 0xA5, 0x55, 0x52,
    0x55, 0x92, 0x48, 0x29, 0xA9, 0x4A, 0x49, 0x52, 0x55, 0x55, 0xAB, 0xA5, 0x56, 0x6D, 0xAA, 0xAA,
    0xD4, 0xAA, 0x84, 0x24, 0x89, 0x24, 0x29, 0xA9, 0x22, 0x29, 0xA9, 0x52, 0x15, 0x45, 0x2B, 0xAD,
    0x2A, 0x55, 0x55, 0x52, 0x29, 0x55, 0x4A, 0x25, 0x22, 0x45, 0x55, 0x4A, 0x52, 0x44, 0x4A, 0x92,
    0x92, 0x44, 0x52, 0xA4, 0x48, 0x25, 0x25, 0x49, 0x92, 0x24, 0x25, 0x49, 0x92, 0x25, 0x45, 0x95,
    0x50, 0x22, 0x94, 0x22, 0x4A, 0xA6, 0x94, 0x14, 0xA5, 0xA4, 0x94, 0xAA, 0x2A, 0x55, 0x59, 0xAB,
    0x96, 0x55, 0x95, 0x2A, 0x95, 0x22, 0x02, 0x49, 0x92, 0x94, 0x94, 0x94, 0x95, 0x44, 0xAA, 0xA4,
    0x21, 0x49, 0x49, 0x92, 0x2A, 0x49, 0x89, 0x94, 0x22, 0x51, 0xA2, 0x54, 0x51, 0x22, 0xA5, 0x94,
    0xAA, 0x52, 0x29, 0x49, 0x29, 0x29, 0x29, 0x25, 0x22, 0x91, 0x24, 0x49, 0x92, 0x12, 0x00, 0x49,
    0x92, 0x40, 0xA5, 0x0A, 0x49, 0x29, 0x49, 0x29, 0x25, 0xA5, 0x4A, 0x52, 0x52, 0x6D, 0x55, 0xD5,
    0xAA, 0xAA, 0xD4, 0xD2, 0x5A, 0x69, 0x25, 0x49, 0x52, 0xB1, 0x24, 0x49, 0x4A, 0x4A, 0xAA, 0x48,
    0x29, 0x95, 0x5A, 0xB2, 0xA4, 0xA4, 0x69, 0xA5, 0xAA, 0xAC, 0x44, 0x49, 0x25, 0x99, 0x2A, 0x2A,
    0x29, 0x51, 0x4A, 0x52, 0x94, 0x94, 0x54, 0x4A, 0x95, 0x4A, 0x52, 0x99, 0xAA, 0x92, 0x54, 0x49,
    0xC9, 0xB6, 0x24, 0x49, 0xAA, 0x52, 0xA5, 0x54, 0x92, 0xAC, 0xA4, 0x92, 0x52, 0x52, 0x59, 0xA5,
    0x92, 0x4A, 0x2A, 0x55, 0x95, 0x2D, 0xB5, 0xAA, 0x94, 0xDA, 0x54, 0x8B, 0x14, 0x49, 0x52, 0x51,
    0x25, 0x25, 0xA5, 0xA4, 0x64, 0x92, 0x48, 0x5B, 0x35, 0x2D, 0x59, 0x55, 0x25, 0xA9, 0xA8, 0x92,
    0x92, 0x44, 0x49, 0x95, 0x94, 0x52, 0x89, 0x4A, 0x4A, 0x25, 0x92, 0x48, 0x25, 0x95, 0x92, 0x14,
    0x49, 0x22, 0x4A, 0x24, 0x49, 0x92, 0x2A, 0x49, 0x2D, 0x50, 0x22, 0x54, 0x45, 0x52, 0x59, 0x29,
    0x95, 0x8A, 0x2A, 0x49, 0xB5, 0xD2, 0x6A, 0x95, 0xD2, 0x4A, 0x95, 0xA6, 0x4A, 0xA6, 0x10, 0x42,
    0x92, 0x94, 0xA4, 0xA4, 0x94, 0x2A, 0x55, 0x49, 0x49, 0x49, 0x92, 0x92, 0xD2, 0xA6, 0x92, 0x92,
    0x12, 0x16, 0x49, 0x49, 0xA9, 0x54, 0xCA, 0xAA, 0x94, 0xA4, 0x24, 0xA5, 0xA8, 0x52, 0x4A, 0x52,
    0x89, 0xA4, 0x44, 0x29, 0x95, 0x92, 0x92, 0x10, 0x29, 0x51, 0x55, 0x22, 0x0B, 0x49, 0xA0, 0x52,
    0x95, 0xA4, 0x94, 0x6A, 0x52, 0x51, 0xB5, 0x4A, 0xA9, 0x94, 0x8A, 0x5A, 0xB5, 0xDA, 0x40, 0x35,
    0x29, 0x4D, 0x92, 0x24, 0x49, 0x4A, 0x92, 0x6A, 0x91, 0x92, 0x94, 0x6A, 0x66, 0x49, 0xCA, 0x2A,
    0xA9, 0x5A, 0x59, 0x49, 0x45, 0xAA, 0xA4, 0x54, 0x8A, 0x24, 0x12, 0xA5, 0x2A, 0xA5, 0x24, 0x45,
    0x29, 0x25, 0x49, 0x52, 0x55, 0xAA, 0x94, 0x48, 0x49, 0x4A, 0xA6, 0x92, 0x94, 0xAA, 0x95, 0xA4,
    0x54, 0x29, 0xAD, 0x24, 0x15, 0xA5, 0x24, 0xA5, 0x94, 0x4A, 0xA9, 0x36, 0xAB, 0x4A, 0x2D, 0x41,
    0x2B, 0x10, 0xD6, 0x52, 0x25, 0x29, 0x49, 0x92, 0x92, 0x6A, 0x92, 0x54, 0xA9, 0x52, 0x15, 0x29,
    0xAD, 0xA9, 0x54, 0x55, 0xA5, 0x4A, 0xAA, 0x68, 0x45, 0x2A, 0x25, 0xA5, 0x52, 0x49, 0x49, 0x52,
    0x52, 0x52, 0x2A, 0x04, 0xA9, 0x94, 0xAA, 0x88, 0x92, 0x44, 0x49, 0xA4, 0x24, 0x49, 0x24, 0x49,
    0x92, 0x48, 0x51, 0x22, 0x44, 0x25, 0xA9, 0xAA, 0x52, 0x95, 0x54, 0x4A, 0x55, 0x55, 0x49, 0x55,
    0x2D, 0xA5, 0x21, 0x15, 0x8B, 0x2A, 0x95, 0x92, 0x44, 0x92, 0xA4, 0x54, 0x25, 0x49, 0xA6, 0x4C,
    0xA9, 0xA4, 0xAA, 0x24, 0x55, 0xA5, 0xAA, 0x92, 0xA4, 0x54, 0x12, 0x92, 0x92, 0x22, 0x51, 0x94,
    0x54, 0x2A, 0x25, 0x29, 0x95, 0x92, 0x6A, 0x49, 0x22, 0x11, 0xA5, 0x24, 0x49, 0x92, 0x2A, 0xA9,
    0x24, 0x49, 0x92, 0x54, 0x55, 0x0A, 0x49, 0xA0, 0x52, 0x95, 0x44, 0x2A, 0xD2, 0x2A, 0x65, 0xAA,
    0x4A, 0xB2, 0xA9, 0x12, 0xB3, 0x90, 0x95, 0xA0, 0x49, 0x89, 0x94, 0x24, 0x91, 0x24, 0x89, 0x48,
    0x25, 0x49, 0x52, 0x4A, 0x52, 0x55, 0xD3, 0x94, 0x5A, 0x55, 0x5A, 0x95, 0x22, 0x49, 0x59, 0x49,
    0x99, 0x2A, 0xA5, 0x92, 0x92, 0x92, 0x94, 0x22, 0x49, 0x91, 0x24, 0x95, 0x94, 0x2A, 0x49, 0xAA,
    0x94, 0x44, 0x4A, 0x92, 0x92, 0x24, 0x49, 0x8A, 0xA4, 0x24, 0x0B, 0x29, 0x4A, 0x29, 0x95, 0x2A,
    0xC5, 0x92, 0x52, 0xA9, 0x95, 0xFE, 0x1B, 0x4A, 0x08, 0x88, 0x40, 0x44, 0x02, 0x00, 0x90, 0x24,
    0x49, 0x2A, 0x95, 0xA8, 0x92, 0x92, 0x54, 0x9B, 0x24, 0x59, 0x6A, 0xA5, 0xAA, 0x45, 0x52, 0x4A,
    0xA5, 0x44, 0xAA, 0xA4, 0x94, 0x2A, 0x29, 0x49, 0xA9, 0x4A, 0x49, 0xA9, 0x24, 0x95, 0x52, 0x4A,
    0x51, 0xAA, 0x12, 0x49, 0x92, 0x24, 0x29, 0x49, 0x92, 0x24, 0x21, 0x49, 0x4A, 0x24, 0x95, 0xA4,
    0xAA, 0x62, 0x29, 0x59, 0x5A, 0x29, 0x55, 0x49, 0xFF, 0x5F, 0xAD, 0x44, 0xC2, 0x10, 0x22, 0x50,
    0x92, 0x24, 0x92, 0x24, 0xA5, 0x2A, 0x95, 0x54, 0x29, 0xA5, 0x44, 0xAA, 0x24, 0x55, 0x55, 0x55,
    0xA9, 0x4A, 0xA9, 0x52, 0xAA, 0x54, 0x26, 0x49, 0x49, 0x95, 0x54, 0x4A, 0x49, 0xAA, 0x54, 0x4A,
    0x49, 0x29, 0xA5, 0x94, 0x12, 0x49, 0x49, 0x52, 0x92, 0x92, 0x94, 0xA4, 0xA4, 0x94, 0x24, 0x25,
    0x42, 0x52, 0x29, 0x15, 0xA9, 0x54, 0x25, 0x25, 0xCD, 0xB4, 0x66, 0x75, 0x3F, 0x57, 0x44, 0x51,
    0x20, 0x89, 0x24, 0x09, 0x01, 0x49, 0x95, 0x92, 0x44, 0x49, 0x92, 0x4C, 0x29, 0x69, 0x95, 0x96,
    0x95, 0x5A, 0xAA, 0x54, 0x29, 0x15, 0x29, 0x25, 0x45, 0x52, 0x52, 0x52, 0x4A, 0x25, 0x52, 0xA4,
    0x12, 0x25, 0x55, 0x52, 0x92, 0x52, 0x8A, 0xA4, 0xA4, 0x24, 0x29, 0x49, 0x49, 0x22, 0x49, 0x52,
    0x4A, 0x92, 0x50, 0x2A, 0xAA, 0x4A, 0x49, 0x55, 0xA6, 0xDA, 0x92, 0x92, 0x7A, 0x2B, 0xEA, 0x3F,
    0x7B, 0xB6, 0x29, 0xDD, 0x02, 0x4A, 0x45, 0x40, 0x90, 0x48, 0x52, 0xB2, 0xA4, 0x2A, 0xA5, 0x94,
    0x96, 0x52, 0x69, 0x6A, 0xA5, 0x92, 0x26, 0xA5, 0x4A, 0x49, 0x49, 0x29, 0x95, 0xAA, 0x2A, 0x52,
    0x92, 0x25, 0x25, 0x49, 0x22, 0x89, 0x94, 0x94, 0x24, 0x52, 0x49, 0x12, 0x92, 0x8A, 0x54, 0x94,
    0x94, 0x24, 0x25, 0x52, 0x49, 0x16, 0x24, 0x49, 0xA4, 0xAA, 0x54, 0x29, 0xA5, 0x6C, 0x65, 0xF9,
    0xBF, 0xA4, 0x3B, 0x7F, 0xF7, 0x3B, 0xEF, 0xA4, 0x29, 0x00, 0x04, 0x88, 0x24, 0xA9, 0x4A, 0x52,
    0x94, 0x52, 0x4A, 0x49, 0xAD, 0x24, 0x95, 0x54, 0x55, 0xA9, 0x9A, 0xA4, 0x94, 0x52, 0x52, 0x49,
    0x91, 0x94, 0x29, 0xA9, 0x28, 0x49, 0x92, 0x08, 0x20, 0x20, 0x49, 0x49, 0x25, 0x24, 0x49, 0x49,
    0x51, 0x8A, 0x22, 0x49, 0x4A, 0x92, 0x92, 0x24, 0x49, 0x92, 0x20, 0x2B, 0xA5, 0xAA, 0x54, 0x35,
    0x4B, 0x4A, 0xFE, 0x77, 0x53, 0x7F, 0x3E, 0xF3, 0x99, 0xFF, 0x72, 0x13, 0x7A, 0x40, 0x42, 0x92,
    0x4A, 0x95, 0x2A, 0x49, 0x29, 0x65, 0xB2, 0x52, 0xD6, 0x2A, 0x9B, 0x4A, 0x52, 0x49, 0x32, 0xA5,
    0x94, 0x94, 0xA4, 0x24, 0x49, 0x49, 0x15, 0x95, 0x10, 0x20, 0xC4, 0x4A, 0x0A, 0x42, 0x4A, 0x92,
    0x92, 0xA4, 0x54, 0xA4, 0x22, 0xA9, 0xA4, 0x24, 0x49, 0x49, 0x52, 0x49, 0xA9, 0x94, 0x52, 0x55,
    0x95, 0xA6, 0xCA, 0x24, 0xA5, 0xFE, 0xFF, 0x2B, 0xBD, 0x3E, 0xFB, 0x8E, 0x7B, 0xF9, 0x84, 0x5F,
    0xA9, 0x21, 0x92, 0x54, 0x62, 0x95, 0xA5, 0x94, 0x92, 0x4A, 0xA9, 0x29, 0x55, 0x49, 0x29, 0x95,
    0x54, 0x49, 0x49, 0x4A, 0x25, 0x55, 0x9A, 0xA4, 0x94, 0x48, 0x02, 0x8A, 0x56, 0xFB, 0xB6, 0xD7,
    0x24, 0x90, 0x48, 0x49, 0x12, 0x89, 0x4A, 0x54, 0x49, 0x4A, 0x92, 0xA4, 0x24, 0x95, 0x24, 0x14,
    0x49, 0xA9, 0xAA, 0x64, 0x51, 0xB5, 0xD4, 0x52, 0xFF, 0xFF, 0xAD, 0x7A, 0x7D, 0xF5, 0xDD, 0xDF,
    0x3C, 0xF2, 0xFF, 0xCB, 0x07, 0x25, 0x29, 0x99, 0x48, 0x52, 0x4A, 0x59, 0x55, 0x96, 0x94, 0xAA,
    0xB4, 0xAC, 0xA9, 0xA6, 0x4A, 0x92, 0x52, 0x92, 0x22, 0xC5, 0x4A, 0x4A, 0x8A, 0x40, 0xE5, 0xED,
    0xFF, 0xFF, 0xBD, 0x92, 0x44, 0x4A, 0x94, 0xA4, 0xA4, 0x24, 0x89, 0x24, 0x49, 0x92, 0x24, 0x2A,
    0x49, 0x52, 0x45, 0x82, 0x54, 0x94, 0x9A, 0x2A, 0x25, 0x09, 0x99, 0xB7, 0xDD, 0x5F, 0xED, 0x3A,
    0x7B, 0xCE, 0x3F, 0x5F, 0xFE, 0xFF, 0x37, 0x9A, 0x90, 0xA4, 0x25, 0x65, 0x2A, 0xA5, 0x24, 0xA9,
    0xA9, 0x66, 0x55, 0x4B, 0x45, 0x4A, 0x21, 0xA5, 0x54, 0x92, 0xAA, 0x94, 0x52, 0x24, 0x25, 0x01,
    0xFC, 0xFF, 0xFF, 0xFF, 0xFF, 0xFF, 0x7F, 0x03, 0x90, 0x22, 0x49, 0x4A, 0x92, 0x52, 0x92, 0x24,
    0x49, 0x4A, 0x91, 0x24, 0x25, 0x68, 0x29, 0x25, 0x65, 0x49, 0xA5, 0xD2, 0x22, 0xC9, 0x6F, 0x22,
    0xB5, 0x6A, 0x5D, 0xFB, 0xE6, 0x1F, 0x8F, 0xFF, 0x13, 0x14, 0x30, 0x4A, 0x4A, 0xCA, 0x2A, 0x95,
    0x55, 0xA6, 0x54, 0x55, 0x92, 0x24, 0xA9, 0xB2, 0x52, 0x5A, 0x29, 0x25, 0x95, 0x44, 0x4A, 0x29,
    0x29, 0x11, 0xF4, 0xFF, 0xFF, 0xFF, 0xDF, 0xFF, 0xFF, 0xFF, 0xBF, 0x02, 0x49, 0x92, 0x24, 0x49,
    0x29, 0x49, 0x92, 0x24, 0x51, 0x4A, 0x92, 0x48, 0x8A, 0x44, 0xAA, 0x2A, 0xB5, 0x54, 0x2D, 0x09,
    0xD2, 0xB6, 0x94, 0xA8, 0xB5, 0xBB, 0x79, 0xE7, 0x97, 0xE3, 0xBF, 0x94, 0x22, 0x29, 0x11, 0x91,
    0x54, 0x92, 0x49, 0x4A, 0x29, 0x4B, 0xAA, 0xAD, 0x56, 0x55, 0x2A, 0x95, 0x4A, 0x4A, 0x92, 0x22,
    0x29, 0xA5, 0x94, 0x92, 0x48, 0xFA, 0xFF, 0xFF, 0xFF, 0xFF, 0xF7, 0xFF, 0xFF, 0xFF, 0x52, 0x25,
    0x49, 0x92, 0xA4, 0x24, 0x25, 0x49, 0xAA, 0x24, 0x92, 0x54, 0x25, 0x51, 0x16, 0x52, 0x95, 0x4A,
    0x4B, 0x55, 0x55, 0xC4, 0x02, 0x01, 0xC4, 0xBA, 0x75, 0x7D, 0xF7, 0xCE, 0xF1, 0x4F, 0x40, 0x80,
    0x40, 0x20, 0x29, 0x25, 0x55, 0xAA, 0x32, 0x49, 0xA9, 0x55, 0x52, 0xA9, 0x56, 0x95, 0xA2, 0x24,
    0x25, 0xA9, 0x54, 0x92, 0x52, 0x4A, 0x49, 0xE0, 0xFF, 0xBF, 0xFF, 0xFF, 0xFE, 0xFE, 0xFF, 0xEF,
    0xFE, 0x5F, 0x22, 0x25, 0x49, 0x2A, 0x4A, 0xA9, 0xA4, 0x44, 0x92, 0x49, 0x89, 0x48, 0x48, 0x69,
    0x49, 0x52, 0xA5, 0xB4, 0xAA, 0xAA, 0x20, 0x90, 0xA4, 0x12, 0x50, 0x36, 0x7B, 0xF3, 0xE7, 0xFC,
    0x00, 0xFA, 0xFF, 0x1F, 0x44, 0x4A, 0x92, 0xA9, 0x54, 0xA5, 0xA6, 0x94, 0x54, 0x55, 0x95, 0xA8,
    0x4A, 0x55, 0xB2, 0x92, 0x4A, 0xA4, 0x4A, 0x29, 0xA5, 0x04, 0xFF, 0xFF, 0xFF, 0xFF, 0xF7, 0xFF,
    0xBF, 0xDB, 0xFF, 0xFF, 0xFF, 0x89, 0xA8, 0x24, 0x45, 0x92, 0x44, 0x52, 0x92, 0x4A, 0x54, 0x92,
    0x24, 0xA6, 0x10, 0x28, 0xA9, 0xB2, 0x4A, 0x95, 0x4A, 0x04, 0x4A, 0x08, 0x20, 0xCB, 0x56, 0x7B,
    0xF7, 0xF3, 0x5E, 0xA4, 0xF7, 0xFF, 0xFF, 0x0B, 0x20, 0xA9, 0x14, 0x93, 0x54, 0x52, 0x4A, 0xAA,
    0xAA, 0x4A, 0x95, 0x64, 0x29, 0x95, 0x54, 0x25, 0x93, 0xA4, 0x88, 0x24, 0xE0, 0xFF, 0xFF, 0xFD,
    0x7B, 0xFF, 0xF7, 0xFF, 0xFF, 0xFF, 0xF7, 0xBF, 0x2F, 0x49, 0x52, 0x52, 0x49, 0x2A, 0x09, 0x29,
    0x51, 0x8A, 0x4A, 0x4A, 0x49, 0xA6, 0xA6, 0x95, 0x4C, 0xA5, 0x54, 0x55, 0x4B, 0x04, 0x00, 0x4A,
    0xA9, 0x2C, 0x39, 0xF3, 0x32, 0x2E, 0xDA, 0xFF, 0xFF, 0xFF, 0x2B, 0x45, 0x4A, 0x4A, 0xA9, 0x4A,
    0x59, 0xA9, 0x55, 0x55, 0xB5, 0xAA, 0x2A, 0x4A, 0x49, 0x8A, 0xA8, 0x92, 0x24, 0x55, 0x12, 0xED,
    0xFF, 0xFF, 0xEF, 0xFF, 0xFF, 0xFF, 0xFF, 0xFF, 0xFE, 0xFF, 0xFF, 0xDF, 0x24, 0x49, 0x92, 0xA4,
    0x24, 0x65, 0x49, 0x29, 0x45, 0x24, 0x49, 0xA0, 0x52, 0x51, 0x52, 0x25, 0xB5, 0xAA, 0x48, 0x16,
    0x40, 0xFF, 0x05, 0xCC, 0x48, 0xBD, 0x7B, 0x39, 0x83, 0xFF, 0xFF, 0x5F, 0xF0, 0xDF, 0x88, 0x24,
    0xA5, 0x54, 0xA9, 0x8A, 0x54, 0xAA, 0xAA, 0x4A, 0x55, 0x55, 0x95, 0x52, 0x25, 0x55, 0x48, 0x92,
    0xA4, 0x82, 0xFE, 0xFF, 0xBF, 0xFF, 0xFF, 0xBF, 0xFF, 0xFB, 0xFF, 0xFF, 0xBF, 0xFF, 0xFF, 0x85,
    0x26, 0x89, 0x14, 0x91, 0x92, 0x24, 0x4A, 0x31, 0xA5, 0x24, 0x2C, 0x91, 0x98, 0xAA, 0xD4, 0x12,
    0x53, 0x2B, 0xCB, 0x92, 0xA4, 0xF6, 0x76, 0x3B, 0x7B, 0xFB, 0x0C, 0xF1, 0xFF, 0x7F, 0x01, 0xF9,
    0xFF, 0x02, 0x90, 0x2A, 0x25, 0x55, 0xD2, 0x4A, 0x49, 0x52, 0xB2, 0x4A, 0x92, 0x22, 0xA9, 0xB2,
    0x22, 0x55, 0x55, 0x4A, 0xE0, 0xFF, 0xFF, 0xF7, 0xFF, 0xEE, 0xFF, 0xBF, 0xBF, 0xFF, 0xBF, 0xFF,
    0xFF, 0xFF, 0x5F, 0xA8, 0x54, 0x92, 0x92, 0x24, 0x92, 0x92, 0x94, 0x52, 0x52, 0x95, 0x4C, 0x4A,
    0x55, 0xAB, 0xDA, 0x94, 0xA4, 0xF7, 0x4D, 0x52, 0x7B, 0x73, 0x2D, 0xB9, 0xD9, 0x8C, 0xFE, 0xFF,
    0x2D, 0xAA, 0x6C, 0xFF, 0x57, 0x4A, 0x52, 0xA9, 0x4A, 0x29, 0x65, 0xB5, 0x95, 0x55, 0x55, 0x29,
    0x59, 0x14, 0x09, 0x49, 0x25, 0x89, 0x12, 0xFC, 0xFF, 0x7F, 0xFF, 0xFF, 0xFF, 0xFB, 0xFD, 0xFF,
    0xDD, 0xF7, 0xFF, 0xFD, 0xFE, 0xBF, 0x44, 0xA5, 0x24, 0x49, 0x49, 0xA9, 0xA4, 0x24, 0x11, 0x25,
    0x49, 0x49, 0xA5, 0xA4, 0x52, 0x49, 0x4A, 0x95, 0xFB, 0x6E, 0x2B, 0xAD, 0x6D, 0x73, 0x9A, 0x3B,
    0xC5, 0xFF, 0xBB, 0x97, 0xD5, 0xA2, 0xFF, 0x3F, 0x20, 0x25, 0x52, 0x32, 0xAD, 0x34, 0x4A, 0x6A,
    0xAA, 0xAA, 0xCA, 0x94, 0xA6, 0xA4, 0xAC, 0xA8, 0xA4, 0x24, 0xFD, 0xFF, 0xF6, 0xFF, 0xEF, 0xFF,
    0xFF, 0xFF, 0xFF, 0xFF, 0xFF, 0xFD, 0xFF, 0xFF, 0xFF, 0x93, 0x12, 0x49, 0x49, 0x4A, 0x12, 0x49,
    0x4A, 0xAA, 0x48, 0xAA, 0xA4, 0x52, 0x52, 0x99, 0x36, 0xB3, 0xCA, 0xFD, 0xB7, 0x1C, 0xEA, 0xBE,
    0x56, 0xBA, 0x5D, 0xF2, 0x7F, 0xFF, 0xE3, 0x2A, 0x11, 0xFC, 0x3F, 0x81, 0x48, 0x25, 0x95, 0xC5,
    0x96, 0x55, 0x25, 0x55, 0x49, 0x92, 0x24, 0x49, 0x95, 0x44, 0x4A, 0x2A, 0x81, 0xFE, 0xEF, 0xFF,
    0xFF, 0xFE, 0x7F, 0xFF, 0xFF, 0xFF, 0xFF, 0xFF, 0xFF, 0xEF, 0xF7, 0xFF, 0x4F, 0x92, 0x24, 0x92,
    0x24, 0x92, 0x24, 0x91, 0x44, 0x4A, 0x24, 0x25, 0x29, 0x2D, 0x4D, 0xA9, 0x29, 0x41, 0x88, 0xD4,
    0x76, 0xD4, 0xD6, 0xA4, 0xD8, 0x5A, 0xF8, 0xEF, 0xFF, 0xBB, 0xB4, 0xFF, 0xDF, 0xFE, 0x17, 0x52,
    0x92, 0xA4, 0x28, 0x49, 0xA9, 0x94, 0x29, 0x35, 0x51, 0xAA, 0x94, 0x48, 0x2A, 0x25, 0x45, 0xD2,
    0xFF, 0xFD, 0xFF, 0xEF, 0x7F, 0xF7, 0xDF, 0x77, 0xF7, 0xFF, 0xFE, 0xDF, 0xFF, 0xBF, 0xFD, 0x3F,
    0x69, 0x92, 0x24, 0x49, 0x49, 0x92, 0x4A, 0x29, 0x25, 0x92, 0x92, 0x94, 0xC5, 0x64, 0x95, 0x4C,
    0x31, 0x45, 0x4A, 0xEB, 0xA4, 0xED, 0x6D, 0xB9, 0x36, 0xFD, 0xF6, 0xDF, 0x57, 0xDD, 0xFF, 0xFE,
    0xF7, 0x0F, 0x91, 0xAA, 0x52, 0x96, 0x6A, 0x26, 0xD3, 0xA4, 0x26, 0xA1, 0x92, 0x52, 0xAA, 0x92,
    0x24, 0xA9, 0xE8, 0xBF, 0xFF, 0xFF, 0xFE, 0xFF, 0xFF, 0xFF, 0xFF, 0xFF, 0xFF, 0xFF, 0xFF, 0xFF,
    0xFF, 0xDF, 0xFF, 0xB4, 0x4A, 0x49, 0x92, 0x24, 0x49, 0xA4, 0x24, 0x51, 0xA9, 0x54, 0xA6, 0xA8,
    0x36, 0x56, 0xA5, 0xD8, 0x08, 0x11, 0xE3, 0x2B, 0xBF, 0xC6, 0xB8, 0xAD, 0xFA, 0xFF, 0xFE, 0xEB,
    0xEE, 0xF4, 0xFF, 0xFF, 0x9F, 0x20, 0x11, 0x95, 0x52, 0x95, 0xD4, 0x5A, 0x5A, 0x92, 0x40, 0x4D,
    0x29, 0x25, 0x49, 0x92, 0x24, 0xF8, 0xF7, 0xBF, 0xEF, 0xFF, 0xFF, 0xFF, 0xFF, 0xFF, 0xFF, 0xEE,
    0xEF, 0xFE, 0xFE, 0xFF, 0xFF, 0xFD, 0x93, 0x24, 0x2A, 0x49, 0x92, 0x24, 0x25, 0x4A, 0x2A, 0x49,
    0xAA, 0x52, 0x56, 0x92, 0x69, 0x52, 0xFA, 0x37, 0x00, 0x94, 0x57, 0x69, 0xAB, 0x75, 0x9B, 0xFD,
    0xFF, 0xFF, 0x17, 0x00, 0x04, 0xFB, 0xFF, 0x1E, 0x44, 0x4A, 0x29, 0x29, 0x49, 0x2B, 0x89, 0x95,
    0x12, 0x50, 0xA2, 0xA4, 0x92, 0x24, 0xA9, 0x14, 0x7F, 0xFF, 0xFF, 0xFF, 0xFF, 0xED, 0xFF, 0xFB,
    0xFF, 0xFF, 0xFF, 0xFF, 0xFF, 0xEF, 0xFE, 0xFF, 0xDF, 0x6F, 0xA5, 0x44, 0x25, 0x49, 0xAA, 0x92,
    0x92, 0x44, 0x24, 0x93, 0x94, 0x92, 0x4A, 0x25, 0x2A, 0xFB, 0xEF, 0x15, 0x00, 0x9D, 0xD5, 0x9D,
    0x71, 0x6D, 0xBE, 0xFF, 0xDB, 0xD0, 0xFF, 0xFF, 0x64, 0xFF, 0x9F, 0x08, 0xA4, 0x44, 0x95, 0x6A,
    0xA9, 0x6A, 0x49, 0x25, 0xAC, 0x54, 0x56, 0xAA, 0xAA, 0x14, 0x85, 0xFF, 0xFF, 0xFF, 0xFD, 0xDF,
    0xFF, 0xBB, 0x7F, 0xFB, 0xEF, 0xFF, 0xFF, 0xFF, 0xFF, 0xFF, 0xFF, 0xFF, 0xBF, 0x52, 0x52, 0x92,
    0x24, 0x45, 0xA8, 0x24, 0x49, 0xAA, 0x48, 0x4A, 0x49, 0xB5, 0x94, 0x95, 0x78, 0x6B, 0x13, 0x91,
    0xAE, 0x6A, 0xCD, 0x79, 0x9A, 0xFE, 0xDD, 0x7F, 0xBA, 0xFF, 0xFF, 0xB6, 0xEF, 0xBF, 0x40, 0x22,
    0x95, 0xA4, 0x94, 0x54, 0x55, 0x6A, 0x02, 0x45, 0x2B, 0x49, 0x55, 0x92, 0xA4, 0x42, 0xFF, 0xFF,
    0xFB, 0xBF, 0xFB, 0xFF, 0xFF, 0xFF, 0xDF, 0xFE, 0xFF, 0xFD, 0xEF, 0xFF, 0xEF, 0xFD, 0xFF, 0x5B,
    0x2A, 0x29, 0x29, 0xA9, 0x28, 0x15, 0xA9, 0x24, 0x12, 0x65, 0xA9, 0x6A, 0x49, 0x53, 0x49, 0xB5,
    0x99, 0xFE, 0x48, 0x74, 0x96, 0xBB, 0x71, 0x37, 0xFF, 0xFF, 0x2F, 0xFD, 0xFF, 0xFF, 0x5F, 0xFD,
    0xF7, 0x88, 0x50, 0x52, 0x2A, 0xA5, 0xAA, 0x2A, 0x15, 0xC9, 0x52, 0x92, 0xA4, 0x22, 0x49, 0x52,
    0xE2, 0xFF, 0x6F, 0xFF, 0xFF, 0xFF, 0x7F, 0xFF, 0xFF, 0xFF, 0xFF, 0xDE, 0xFF, 0xFE, 0xFF, 0xFF,
    0x7F, 0xFF, 0xFF, 0x45, 0x92, 0x94, 0x44, 0x92, 0xA2, 0x44, 0x52, 0x49, 0x29, 0x25, 0x25, 0x56,
    0xAA, 0xB4, 0x58, 0x49, 0xA9, 0xA7, 0xE3, 0x1C, 0xDB, 0x73, 0x19, 0xF7, 0xFF, 0x86, 0xFF, 0xFF,
    0xFF, 0xFF, 0xF2, 0xFE, 0x03, 0x84, 0xAA, 0x92, 0x52, 0x25, 0xA5, 0x92, 0x24, 0xAD, 0xD4, 0x56,
    0x94, 0xAA, 0x4A, 0xF8, 0xF7, 0xFE, 0xBF, 0xFF, 0xFF, 0xFD, 0xFF, 0xF7, 0xFF, 0xFF, 0xFF, 0xEF,
    0xFF, 0xBD, 0xFF, 0xEF, 0xBB, 0xFF, 0x27, 0x25, 0x49, 0x29, 0x95, 0x54, 0x2A, 0x29, 0xA4, 0x94,
    0x54, 0x92, 0xA9, 0x94, 0x0A, 0x24, 0x24, 0x44, 0x5A, 0xAD, 0x73, 0xF4, 0x56, 0x9B, 0xFF, 0xEF,
    0xF1, 0xFF, 0xFB, 0xFF, 0xFF, 0xAD, 0xFF, 0x45, 0x82, 0x94, 0x54, 0xA9, 0x54, 0x55, 0x4D, 0x52,
    0x49, 0x2B, 0x29, 0xA9, 0x24, 0xA9, 0xF8, 0xFF, 0xFF, 0xFF, 0xFB, 0xFF, 0xFF, 0x7F, 0xFF, 0xFF,
    0xF7, 0xFF, 0xFF, 0xFF, 0xFF, 0xFD, 0xFF, 0xFF, 0xFF, 0x9B, 0x22, 0xA5, 0x92, 0x48, 0x92, 0x92,
    0x84, 0x54, 0xCA, 0x52, 0x55, 0x52, 0x25, 0x25, 0x01, 0x01, 0x49, 0xBA, 0x5E, 0xB7, 0xBE, 0x66,
    0x2E, 0xDF, 0xFD, 0xF4, 0x7F, 0xFF, 0xDD, 0xFF, 0xDF, 0xFF, 0x8F, 0x24, 0x22, 0xA5, 0x94, 0xAA,
    0x4A, 0x92, 0xA4, 0xA4, 0x54, 0x92, 0x45, 0x52, 0x14, 0xFE, 0xFF, 0xFF, 0xFB, 0xFF, 0xBD, 0xDF,
    0xF7, 0xBF, 0xFF, 0xFF, 0xF7, 0xFF, 0xDF, 0xFF, 0x7F, 0xFF, 0xFF, 0xFF, 0x9F, 0x95, 0x24, 0x91,
    0x24, 0x29, 0x91, 0x52, 0x26, 0x53, 0xAA, 0x2A, 0xAD, 0x92, 0x04, 0x48, 0x48, 0x22, 0xE5, 0xF8,
    0xCC, 0x71, 0xEF, 0x9D, 0xFF, 0x3F, 0xFE, 0xFB, 0xFF, 0xFF, 0xEE, 0x3F, 0xDB, 0x3F, 0x08, 0x54,
    0x49, 0x4A, 0x95, 0x64, 0x49, 0x2A, 0x5B, 0xAA, 0x4A, 0x28, 0x49, 0x0A, 0xFF, 0xBE, 0xFF, 0xFF,
    0xDF, 0xFF, 0xFF, 0xFF, 0xFF, 0xBB, 0xBF, 0xFF, 0xFE, 0xFD, 0xFF, 0xEF, 0xFF, 0xFF, 0xDF, 0x7F,
    0x4E, 0x29, 0x49, 0x92, 0x94, 0x4C, 0x29, 0x91, 0x24, 0x45, 0xC8, 0x92, 0xAC, 0x8A, 0x50, 0x92,
    0xD4, 0xD7, 0xF7, 0xBA, 0x77, 0x6B, 0x9A, 0xBF, 0x2B, 0xBE, 0xFF, 0xDF, 0xFF, 0xFF, 0xFF, 0xFC,
    0x7F, 0x01, 0x89, 0x28, 0xA5, 0x48, 0x2A, 0x4A, 0x92, 0x92, 0x55, 0xB5, 0x92, 0x2A, 0xC5, 0xFF,
    0xFF, 0xB7, 0xFF, 0xFF, 0xEF, 0xFF, 0xFF, 0xFF, 0xFF, 0xFF, 0xFF, 0xDF, 0xFF, 0xEF, 0xFF, 0xFF,
    0xFF, 0xFD, 0xFF, 0x9A, 0x4A, 0x2A, 0x49, 0x4A, 0x22, 0x49, 0xA8, 0x54, 0xA9, 0x26, 0x49, 0x53,
    0x24, 0xFD, 0xA6, 0xAA, 0xFE, 0xCF, 0x37, 0xCF, 0xF6, 0x9D, 0xFB, 0xCD, 0xFF, 0x6F, 0xEB, 0xF6,
    0x7F, 0xF7, 0xEB, 0xFF, 0xA7, 0x48, 0x95, 0x52, 0x52, 0x95, 0x92, 0x49, 0x49, 0xAA, 0x24, 0x95,
    0x44, 0xE1, 0xEF, 0xF7, 0xFF, 0x7F, 0xFF, 0xE7, 0xF7, 0xFE, 0xFB, 0xFF, 0xFF, 0xFF, 0xFF, 0xFF,
    0xFE, 0xFF, 0xEF, 0xDE, 0xFF, 0xFD, 0x25, 0x51, 0x91, 0xA4, 0x22, 0x95, 0x24, 0x4D, 0x92, 0x52,
    0xB2, 0xAC, 0x28, 0x93, 0x2C, 0x55, 0x55, 0x7F, 0xEB, 0x7F, 0xCD, 0xDD, 0x34, 0xFF, 0xCD, 0xFF,
    0xB5, 0x34, 0xED, 0xFF, 0xFF, 0x6D, 0xF7, 0x15, 0x50, 0x4A, 0x29, 0x2D, 0x49, 0x55, 0x6A, 0x6A,
    0x95, 0x96, 0x62, 0x52, 0xE2, 0xFF, 0xFF, 0xFE, 0xEF, 0xFF, 0xE7, 0xFE, 0xBF, 0xFF, 0xFF, 0x77,
    0xFB, 0xFF, 0xFF, 0xFF, 0xFE, 0xFD, 0xFF, 0xFF, 0xFF, 0x96, 0x24, 0x49, 0x52, 0x94, 0x48, 0x4A,
    0x24, 0x4B, 0x4A, 0x49, 0x25, 0xD5, 0x54, 0x09, 0x88, 0xBE, 0xEF, 0x7F, 0xFB, 0x3E, 0xEB, 0x9A,
    0x7F, 0xD3, 0xB7, 0x0A, 0x84, 0xA0, 0xFE, 0xFF, 0x9F, 0xFF, 0x4F, 0x82, 0x24, 0x49, 0xA1, 0xAA,
    0xA4, 0x24, 0x95, 0x52, 0x69, 0x29, 0x95, 0x78, 0xFF, 0xFF, 0xFF, 0xFD, 0xEF, 0xC7, 0xFF, 0xFF,
    0xFF, 0xFE, 0x7F, 0xDE, 0xFB, 0xEF, 0xFF, 0xFF, 0xFF, 0xFF, 0xEF, 0xFF, 0x8F, 0x92, 0x24, 0x09,
    0x49, 0x25, 0x25, 0x52, 0x69, 0x29, 0xAD, 0x52, 0x25, 0x25, 0xD4, 0x77, 0xF9, 0xFD, 0xFF, 0xEF,
    0x7A, 0xED, 0xBB, 0x6D, 0xF3, 0x1B, 0xF5, 0x5B, 0x15, 0xE9, 0xFB, 0x7F, 0xBD, 0x7F, 0x24, 0xA9,
    0xA6, 0x54, 0xA5, 0x2A, 0x95, 0x42, 0xAA, 0x24, 0x95, 0x22, 0xFC, 0xBB, 0xFD, 0xFF, 0xFF, 0xFF,
    0xE7, 0xDF, 0xFB, 0xEF, 0x77, 0x7F, 0xFF, 0xFB, 0xFE, 0xFF, 0xDF, 0xFF, 0xFF, 0xFF, 0xF7, 0xAF,
    0x92, 0x24, 0xA5, 0x4A, 0x52, 0x51, 0xAA, 0x14, 0xA5, 0x52, 0xAA, 0x52, 0x09, 0xEA, 0xFF, 0xF5,
    0x7F, 0xDB, 0xFF, 0xBB, 0xBE, 0x33, 0xBF, 0x79, 0xD5, 0x6E, 0xA5, 0x5A, 0xF4, 0xDF, 0xFF, 0xFA,
    0x7F, 0x08, 0x4A, 0x52, 0x4A, 0x52, 0x95, 0x4A, 0x59, 0x55, 0x9B, 0x24, 0x49, 0xFE, 0xFF, 0xDF,
    0xDD, 0xFF, 0xBE, 0xE7, 0xFF, 0xF5, 0xFF, 0xFF, 0xFF, 0xFF, 0xFB, 0xFF, 0x77, 0xFF, 0xBF, 0x7B,
    0xFF, 0xFF, 0x3F, 0x29, 0x49, 0x52, 0x24, 0x29, 0x2A, 0x12, 0xA5, 0x94, 0xA4, 0x25, 0xA9, 0x44,
    0xEC, 0xFE, 0xFF, 0xDB, 0xFF, 0xDA, 0x75, 0xD5, 0xD9, 0xDF, 0xF9, 0xEA, 0x37, 0x69, 0xAF, 0x68,
    0xFF, 0xFB, 0xFD, 0xFF, 0x80, 0x24, 0x29, 0xAB, 0x2A, 0x52, 0x52, 0xA6, 0x92, 0x64, 0x93, 0x14,
    0xFF, 0xFF, 0xFF, 0xFF, 0xFF, 0xFF, 0x8F, 0xFF, 0xE8, 0xFE, 0xFF, 0xFF, 0xFF, 0xBA, 0xFF, 0xFF,
    0xFD, 0xFF, 0xFF, 0xBF, 0xFF, 0x7F, 0x44, 0x92, 0x24, 0xA5, 0x44, 0x89, 0xA5, 0xD2, 0x56, 0x9A,
    0x54, 0x4A, 0x00, 0x00, 0xE8, 0x6F, 0xFF, 0x8B, 0x44, 0xEA, 0xED, 0x6F, 0xD7, 0x1A, 0x7E, 0xC0,
    0xFF, 0xFF, 0xC7, 0xFF, 0xFF, 0xA7, 0xF7, 0x23, 0xB1, 0xAD, 0x24, 0x95, 0x4A, 0x29, 0x49, 0xAA,
    0x94, 0x48, 0x85, 0xFF, 0xFF, 0xFF, 0xFF, 0xEF, 0xFF, 0xE7, 0x3D, 0xC0, 0xF9, 0xAF, 0x7B, 0xFF,
    0xBB, 0x97, 0x1E, 0xE0, 0xFB, 0xFF, 0xFF, 0xBF, 0xFF, 0xA4, 0x24, 0x49, 0x52, 0x52, 0x52, 0x52,
    0x2A, 0xA2, 0x45, 0xAA, 0x49, 0x80, 0x37, 0xFF, 0xFF, 0x5F, 0x50, 0xAA, 0x92, 0xBE, 0xE7, 0x7B,
    0xC9, 0x2F, 0xFE, 0xFF, 0xFF, 0xDF, 0x7E, 0xDF, 0xEF, 0xFF, 0x17, 0x48, 0x44, 0x55, 0x52, 0x35,
    0xCD, 0x56, 0x4B, 0xAB, 0x4C, 0x88, 0xFF, 0xDE, 0xFB, 0xFF, 0xFE, 0xFF, 0xCF, 0x3F, 0xAF, 0xDB,
    0x05, 0xFF, 0xFD, 0xBB, 0x07, 0x3E, 0x4B, 0xFF, 0xFF, 0xFF, 0xFD, 0xFF, 0x12, 0x49, 0x49, 0x12,
    0x95, 0x24, 0x29, 0x4B, 0x99, 0x68, 0x4B, 0x24, 0xA9, 0x9B, 0xFB, 0xFE, 0x2D, 0x6D, 0x53, 0x6D,
    0xF5, 0xDB, 0xB6, 0xFD, 0x97, 0xFF, 0xFF, 0xFF, 0xBF, 0xF7, 0xFF, 0x77, 0xBF, 0x07, 0x92, 0x6A,
    0xAA, 0x4A, 0xA2, 0x22, 0x29, 0x91, 0x48, 0x22, 0xC5, 0xEF, 0xFF, 0xFF, 0xEE, 0x7F, 0xEF, 0xC7,
    0x9F, 0x9F, 0xCD, 0x43, 0x7E, 0xFF, 0x9B, 0x81, 0x3D, 0x95, 0x7F, 0xDF, 0xFB, 0xFF, 0xF7, 0xA3,
    0x94, 0x24, 0x49, 0x49, 0x4A, 0xA4, 0xA4, 0x26, 0x95, 0xA4, 0x02, 0xC8, 0xE7, 0xFF, 0xBF, 0x97,
    0x92, 0xD4, 0x56, 0x69, 0xEF, 0xDB, 0x6B, 0xE1, 0xFF, 0xFF, 0xFF, 0xFF, 0xFF, 0x7F, 0x3F, 0xFB,
    0xAF, 0x48, 0x25, 0x49, 0x35, 0x99, 0xB4, 0xA4, 0x5A, 0x55, 0x95, 0xE2, 0xFD, 0xFF, 0xFF, 0xFF,
    0xFF, 0x7F, 0xCF, 0x9F, 0xBF, 0xDB, 0x70, 0xFD, 0xEE, 0x59, 0xF9, 0xF4, 0x9E, 0xFF, 0xFF, 0xFF,
    0xFF, 0xFF, 0x4B, 0x25, 0x49, 0x49, 0xA2, 0x52, 0x56, 0x55, 0xA9, 0x4A, 0x52, 0x89, 0xC6, 0xF8,
    0xEF, 0xFF, 0x4B, 0x2B, 0x09, 0xF2, 0xCF, 0xDF, 0xB7, 0xFE, 0xF0, 0x8F, 0xFF, 0xFB, 0xFF, 0xFF,
    0xFB, 0x7F, 0xFF, 0x1D, 0x40, 0xD2, 0x56, 0x92, 0x55, 0x95, 0x56, 0x89, 0x2A, 0x49, 0xF0, 0xFF,
    0xF7, 0xDE, 0xFF, 0xFF, 0xFF, 0xCF, 0xDF, 0xBF, 0xA9, 0xFC, 0x7A, 0xFD, 0xBD, 0xFC, 0xF3, 0xDC,
    0xFF, 0xFF, 0xFF, 0x7F, 0xFF, 0x27, 0x4A, 0x92, 0xA4, 0x54, 0x24, 0x92, 0x92, 0x94, 0x64, 0x2B,
    0xD0, 0x64, 0xFC, 0xFF, 0x77, 0xF5, 0xFE, 0x7F, 0x0B, 0x76, 0xF7, 0x6D, 0x3F, 0xFE, 0x51, 0x77,
    0xBF, 0xFF, 0xBF, 0xFF, 0xFF, 0xFC, 0x3F, 0x92, 0x94, 0xA4, 0xAA, 0xA4, 0x4A, 0x49, 0x66, 0x49,
    0x22, 0xF1, 0x7F, 0xFF, 0xFF, 0xFF, 0xF7, 0xFF, 0xCF, 0xBE, 0xBF, 0xBB, 0xFC, 0x7B, 0xFE, 0x1B,
    0xFE, 0xBB, 0xC8, 0xF7, 0xFB, 0xBF, 0xF7, 0xFF, 0x9F, 0x24, 0x49, 0x2A, 0x09, 0x49, 0x29, 0xA9,
    0x4A, 0x95, 0x48, 0x25, 0x29, 0xFF, 0xFE, 0xFE, 0xFE, 0xFF, 0xFF, 0xB7, 0xB9, 0xEF, 0xB6, 0x07,
    0x7F, 0xA5, 0xFF, 0xFF, 0xFB, 0xFB, 0xFF, 0xFB, 0xEF, 0x7F, 0x01, 0x4A, 0x52, 0x55, 0x92, 0x24,
    0xA9, 0x95, 0x54, 0x95, 0xFC, 0xFF, 0xFF, 0xFF, 0x7D, 0xFF, 0xFB, 0x87, 0x3F, 0x7F, 0x1B, 0xFF,
    0x75, 0xFF, 0x39, 0xFE, 0x4F, 0x94, 0xBF, 0xDF, 0xFD, 0xFF, 0xFF, 0x2F, 0xA5, 0x52, 0x92, 0x64,
    0x25, 0x54, 0x55, 0x65, 0x2A, 0xAD, 0x9A, 0x04, 0xFE, 0xF7, 0xFF, 0xFF, 0xFF, 0xDB, 0xFF, 0xF4,
    0xBD, 0xDB, 0x96, 0xEF, 0x92, 0xFF, 0xFF, 0x7F, 0xFF, 0xBD, 0xFF, 0xF3, 0x7D, 0x48, 0x6B, 0x5B,
    0x22, 0x5B, 0x55, 0x95, 0x28, 0xA5, 0x22, 0xF8, 0xF7, 0xFF, 0xFB, 0xFF, 0xBF, 0xFF, 0xCF, 0x5F,
    0xBF, 0x3B, 0xFF, 0x7B, 0xFD, 0x1D, 0xFF, 0x0F, 0xC1, 0xFF, 0xFF, 0xFF, 0xFF, 0xDF, 0x7F, 0x52,
    0x24, 0x49, 0x92, 0x48, 0x92, 0x4A, 0x2A, 0xC9, 0x52, 0x44, 0x85, 0xFE, 0xFF, 0xFF, 0xDF, 0x77,
    0xFF, 0xFD, 0x8F, 0xFF, 0xEF, 0xE7, 0x3F, 0xEC, 0xDF, 0x76, 0xFF, 0xFF, 0xFF, 0xFF, 0xFD, 0xFF,
    0x12, 0x90, 0x24, 0xAD, 0x24, 0x22, 0x52, 0xCA, 0x4A, 0x12, 0xFE, 0xFE, 0xBB, 0xFF, 0xEF, 0xFF,
    0xBF, 0x9F, 0xFF, 0x9A, 0x19, 0xFE, 0xF7, 0xBE, 0x03, 0xFE, 0xDF, 0xCF, 0xFF, 0xFF, 0xFF, 0x7F,
    0xFF, 0x7F, 0x90, 0x92, 0x24, 0x29, 0x52, 0xAB, 0x24, 0x95, 0x55, 0x92, 0x6A, 0xC2, 0xDF, 0xBF,
    0xF7, 0xFF, 0xFE, 0x7F, 0x4B, 0xAA, 0xFE, 0xBB, 0xF1, 0x9F, 0xF3, 0x27, 0xED, 0xEF, 0xDF, 0xFF,
    0xDF, 0x9F, 0xFF, 0x8B, 0x4C, 0xD5, 0x92, 0x92, 0x99, 0xA9, 0xB5, 0x34, 0x25, 0xFF, 0xFF, 0xFF,
    0xBF, 0xFF, 0xFF, 0xFF, 0xDF, 0xFF, 0x94, 0x1B, 0xFF, 0x77, 0x9F, 0x01, 0xFE, 0x8F, 0x9F, 0xFF,
    0xFF, 0xF7, 0xFE, 0xFB, 0xFF, 0x2B, 0xA9, 0x92, 0x4A, 0x25, 0x54, 0xDA, 0xAA, 0x24, 0x4D, 0x92,
    0xC0, 0xFF, 0xFF, 0x7F, 0xFF, 0xFF, 0xAB, 0x26, 0x55, 0xDB, 0xF6, 0xFA, 0x97, 0x75, 0xB3, 0xAA,
    0xFD, 0xFF, 0xDE, 0xFB, 0xEF, 0xFB, 0x23, 0xA2, 0x92, 0x54, 0x55, 0x4A, 0x4A, 0x12, 0x93, 0x12,
    0xFF, 0xBF, 0xFF, 0xFF, 0xFF, 0xFB, 0xFF, 0xFF, 0xFF, 0xAB, 0x39, 0xFF, 0x7F, 0xFE, 0x55, 0xFE,
    0x9F, 0xDF, 0xFF, 0xFF, 0xFF, 0xFF, 0xFF, 0xFF, 0x41, 0x15, 0xA9, 0x24, 0x49, 0x24, 0x25, 0x55,
    0x52, 0x65, 0x25, 0xE1, 0xFF, 0xFB, 0xFF, 0xFB, 0xDF, 0x56, 0x90, 0xAA, 0xF4, 0xFF, 0xFC, 0xED,
    0xFC, 0x01, 0x00, 0x7A, 0xFB, 0xFF, 0xFF, 0x7F, 0xFF, 0x27, 0x51, 0xAA, 0xAA, 0x4A, 0xA5, 0x94,
    0xCC, 0x4A, 0x09, 0xDF, 0xFF, 0xFF, 0xFB, 0xFF, 0xFF, 0xF6, 0xFF, 0xFD, 0x83, 0x1D, 0xEE, 0x57,
    0x9F, 0xA9, 0xB9, 0x1F, 0xDE, 0xEF, 0xBD, 0xFF, 0xFF, 0xFF, 0xFE, 0x53, 0xA2, 0x14, 0x91, 0x24,
    0xAB, 0x52, 0xA5, 0x2A, 0x29, 0x4A, 0xF8, 0xF7, 0xFF, 0xFF, 0xFF, 0xFB, 0x00, 0xD2, 0xFD, 0xFF,
    0x7F, 0xFF, 0x4B, 0x3E, 0x08, 0x00, 0xC0, 0xFF, 0xF7, 0xFF, 0x7F, 0xEF, 0x86, 0x3A, 0x55, 0x25,
    0xA9, 0x52, 0xA5, 0xAA, 0x34, 0x89, 0xFF, 0xFB, 0xDD, 0xFF, 0xBD, 0xFF, 0xFF, 0xFE, 0xFF, 0x81,
    0x9C, 0xFD, 0xA7, 0xBF, 0xB1, 0xF9, 0xDF, 0x9E, 0xFF, 0xFF, 0xFF, 0xF7, 0xFF, 0xEF, 0x27, 0x49,
    0x4A, 0x4A, 0x52, 0x50, 0xAD, 0x52, 0xA5, 0x54, 0x95, 0xF8, 0x7F, 0xFF, 0xF6, 0xBF, 0x2F, 0xA4,
    0x4A, 0x52, 0xFF, 0xFF, 0xDD, 0xA6, 0xBF, 0x24, 0x41, 0x90, 0xDF, 0xFF, 0xBE, 0xFB, 0xFD, 0x17,
    0x89, 0x89, 0x54, 0x25, 0x49, 0x52, 0x51, 0xAA, 0xC4, 0xFF, 0xFF, 0xFF, 0xFF, 0xFF, 0xEF, 0xFF,
    0xCF, 0xFF, 0xF4, 0xCD, 0xFA, 0xB7, 0xBF, 0x99, 0xF5, 0x9F, 0xDD, 0xFF, 0xFF, 0xDF, 0xFF, 0xFF,
    0xFF, 0x8F, 0x54, 0xA2, 0x24, 0x29, 0x95, 0x92, 0x9A, 0x54, 0x8B, 0x52, 0xFC, 0xFF, 0xDF, 0xBF,
    0xFF, 0x4F, 0x25, 0x95, 0xA4, 0xDA, 0xEE, 0xB7, 0xB1, 0x0F, 0x00, 0x08, 0x44, 0xFA, 0xFF, 0xFF,
    0xFF, 0xFE, 0x97, 0x54, 0xD2, 0xAA, 0xB4, 0xAC, 0x9A, 0xAC, 0x95, 0xC4, 0xBF, 0xFF, 0xFF, 0xDF,
    0xFF, 0xFF, 0xFF, 0xAF, 0x5F, 0x98, 0xC8, 0xB5, 0x37, 0x9B, 0xD8, 0xEB, 0xDF, 0xD9, 0xFF, 0xFF,
    0xFF, 0xFF, 0xEE, 0x7F, 0x4F, 0x25, 0x29, 0xA9, 0x92, 0x6A, 0x69, 0xA5, 0x9A, 0xA4, 0x28, 0xDF,
    0xFD, 0xFF, 0xFF, 0xFB, 0x83, 0x12, 0xED, 0x4D, 0xF4, 0xFF, 0x5B, 0xDA, 0x43, 0x95, 0x04, 0x01,
    0xFC, 0xFB, 0xF7, 0xFF, 0xF3, 0x2F, 0x4A, 0x55, 0x4A, 0x4B, 0x45, 0x92, 0x52, 0x52, 0xE2, 0xFB,
    0xBD, 0xFF, 0xFE, 0xF7, 0xFF, 0xEF, 0x8F, 0x1F, 0xDF, 0xE2, 0xA5, 0xA1, 0xCF, 0xDD, 0xA7, 0xCE,
    0xDB, 0xF7, 0xEF, 0xFD, 0xFF, 0xFF, 0xFF, 0x1F, 0x49, 0x95, 0x14, 0x49, 0x24, 0x9D, 0x4A, 0x25,
    0x29, 0x35, 0xFF, 0xDF, 0xFB, 0xFF, 0xFF, 0x69, 0x88, 0x28, 0x75, 0x7B, 0x7B, 0x6D, 0x4B, 0xE8,
    0xBB, 0x90, 0x08, 0xA4, 0xBF, 0xFF, 0xDF, 0xFB, 0x3F, 0xA9, 0x2A, 0xB5, 0x92, 0x32, 0x49, 0x49,
    0x4D, 0xF1, 0xFF, 0xFF, 0xEF, 0xFF, 0xFF, 0x7D, 0xFF, 0xDF, 0x8D, 0xEF, 0xF5, 0x5F, 0xB8, 0xC0,
    0xFF, 0x5F, 0xE2, 0xC7, 0xFF, 0xFE, 0xFF, 0xFB, 0x7F, 0xFF, 0x3F, 0x52, 0x92, 0x92, 0x24, 0x4A,
    0xA5, 0x54, 0xD2, 0x4A, 0x82, 0xFF, 0xFF, 0xFF, 0xFF, 0xBF, 0x15, 0x01, 0x82, 0xB2, 0x0D, 0xB9,
    0x25, 0xB5, 0x52, 0x6D, 0x4A, 0x44, 0xE2, 0xFF, 0xFF, 0xFD, 0xB7, 0x7F, 0x24, 0xA5, 0x25, 0x55,
    0x4A, 0xB5, 0xAC, 0x29, 0xF1, 0xFF, 0xFF, 0xFF, 0xFF, 0xFF, 0xFF, 0x7F, 0xFF, 0xE7, 0xFF, 0xF6,
    0x5F, 0xFD, 0xF2, 0xFF, 0x7F, 0xE5, 0xEF, 0xFF, 0xFF, 0xFF, 0xFF, 0xFF, 0xFF, 0xBF, 0x24, 0x49,
    0x49, 0x52, 0xA5, 0x6A, 0xAB, 0x2A, 0x52, 0xC9, 0xFF, 0xFF, 0xDF, 0xDD, 0xF7, 0x23, 0x40, 0x84,
    0xD8, 0xCB, 0xD6, 0xDA, 0x5A, 0xA1, 0x7D, 0x49, 0x02, 0xA0, 0xFD, 0xBF, 0xFF, 0xE7, 0xFF, 0x58,
    0x55, 0xCA, 0x4A, 0x95, 0x8A, 0x92, 0x24, 0xB9, 0xFF, 0xEF, 0xFD, 0xEF, 0xBE, 0xFF, 0xFF, 0xFF,
    0xF7, 0xFF, 0xFF, 0xEF, 0x7F, 0xFF, 0xFF, 0xFF, 0xFB, 0x8F, 0xFF, 0xFF, 0xBF, 0xDF, 0xFF, 0xFB,
    0x7B, 0x94, 0x24, 0x52, 0x29, 0x32, 0x59, 0x12, 0x49, 0x95, 0xC4, 0xBF, 0x7B, 0xFF, 0xFF, 0xFE,
    0x09, 0x08, 0x10, 0x68, 0xA5, 0xA5, 0xD5, 0xAE, 0x98, 0x24, 0x15, 0x20, 0x12, 0xDF, 0xFB, 0xFF,
    0xDF, 0xFB, 0x90, 0x2A, 0x35, 0x35, 0x29, 0x51, 0x55, 0x96, 0xF8, 0xDB, 0xFE, 0x7F, 0xFF, 0xFF,
    0xFF, 0xFF, 0xFB, 0xFF, 0xFF, 0xFF, 0xFF, 0xFF, 0xFF, 0xFF, 0xFF, 0xFF, 0xDF, 0xFF, 0xFF, 0xFE,
    0xFF, 0xFE, 0xBF, 0x7F, 0x49, 0xAA, 0x94, 0x94, 0x49, 0xAD, 0x6A, 0xAD, 0x24, 0xF1, 0xFF, 0xFF,
    0xFF, 0xFF, 0x7F, 0xA1, 0x27, 0x5A, 0x45, 0xF3, 0x4F, 0x6D, 0xA5, 0x5E, 0xAB, 0xA0, 0x7D, 0x01,
    0xFD, 0xFF, 0xEF, 0xAE, 0x7F, 0x49, 0xD2, 0x92, 0xAA, 0x52, 0x6D, 0xAA, 0x52, 0xF8, 0xFF, 0xFF,
    0xFF, 0xFF, 0xFF, 0xEF, 0xFB, 0xFF, 0xFF, 0xFF, 0xFF, 0xFF, 0xFF, 0xFF, 0xEE, 0xFF, 0xFF, 0xDF,
    0xEF, 0xEF, 0xFF, 0xFF, 0xFF, 0xFF, 0xFF, 0x48, 0x45, 0x49, 0x42, 0xAC, 0x52, 0x95, 0x44, 0x92,
    0xF8, 0xFB, 0xFF, 0xFB, 0xFF, 0xFF, 0x40, 0x40, 0x81, 0x22, 0xF3, 0xB7, 0xB2, 0x76, 0x22, 0xF5,
    0xCA, 0x96, 0x90, 0xF4, 0xFF, 0xFF, 0xBF, 0xFF, 0x51, 0x95, 0xCC, 0x52, 0xA5, 0x12, 0x49, 0x92,
    0xFC, 0xFF, 0x7F, 0xFF, 0xFF, 0xF7, 0xFF, 0xFF, 0xDF, 0xFF, 0xF7, 0x7F, 0xFF, 0xFD, 0xFF, 0xFF,
    0xFD, 0x7F, 0xDF, 0xFE, 0xFF, 0xFF, 0xFF, 0xEF, 0xFF, 0xFF, 0x51, 0x92, 0xA4, 0x2A, 0x92, 0xA4,
    0xAA, 0x52, 0x5B, 0xF1, 0xFF, 0xEF, 0x7F, 0xFB, 0xBF, 0x10, 0xB4, 0xA0, 0x09, 0x73, 0x1B, 0x5B,
    0x5B, 0xA5, 0xDA, 0x45, 0x6A, 0x0D, 0x78, 0xEF, 0xFE, 0x9F, 0xF7, 0x48, 0x4A, 0x65, 0x2C, 0x99,
    0xA4, 0x65, 0x25, 0xDE, 0xFF, 0xF7, 0xDF, 0xF7, 0xFF, 0xFD, 0xFF, 0xFF, 0xFF, 0xFF, 0xFB, 0xFB,
    0xFF, 0xF7, 0xFF, 0xDF, 0xFF, 0xFF, 0xFF, 0xFE, 0x7B, 0xFF, 0xFF, 0xFF, 0xFF, 0x24, 0x52, 0x4A,
    0x54, 0x55, 0x2A, 0x49, 0xAD, 0x20, 0xF8, 0x7F, 0xFF, 0xFF, 0xFF, 0x16, 0x8A, 0x00, 0x4F, 0xE0,
    0xCF, 0x6F, 0xAC, 0xA9, 0x49, 0xA4, 0x3F, 0x55, 0xAB, 0xC8, 0xFF, 0xFF, 0x7F, 0xFF, 0x83, 0xB2,
    0x32, 0xA5, 0x4A, 0x5A, 0x9A, 0x24, 0xFE, 0xFB, 0xFF, 0xFB, 0x7F, 0xFF, 0x7F, 0x7F, 0xFF, 0x7E,
    0xFF, 0xFF, 0xFF, 0x7F, 0xBF, 0xFF, 0xFB, 0xFF, 0xFF, 0xFF, 0xFF, 0xFF, 0xFB, 0x7F, 0xFF, 0xF7,
    0x93, 0x29, 0x49, 0x42, 0x69, 0x53, 0xAD, 0x24, 0x4D, 0xFC, 0xFE, 0xFF, 0xF7, 0xFF, 0x2F, 0x4A,
    0x09, 0x18, 0xFE, 0xAF, 0x7D, 0x65, 0x6D, 0xB6, 0x82, 0x7E, 0xB2, 0xB4, 0xE0, 0xFF, 0x77, 0x7F,
    0xFE, 0x53, 0x49, 0x9A, 0x56, 0x55, 0xA5, 0xA4, 0x12, 0xFE, 0x7F, 0xFF, 0xFF, 0xFF, 0xDF, 0xFF,
    0xF7, 0xFF, 0xFF, 0xBF, 0x0F, 0xF0, 0xE6, 0x3F, 0xFF, 0xF9, 0xFB, 0xFF, 0xFF, 0xFF, 0xF6, 0xBF,
    0xFF, 0xF7, 0xFE, 0xA3, 0x94, 0x24, 0x29, 0x94, 0x24, 0x49, 0x92, 0x92, 0xFC, 0xEF, 0x7F, 0xFF,
    0xFF, 0x3F, 0x21, 0x44, 0xDA, 0xFE, 0xBF, 0xDB, 0xDA, 0xB6, 0xAD, 0x5A, 0xBA, 0x69, 0x57, 0x64,
    0xF7, 0xFF, 0xFF, 0xFD, 0x87, 0x2C, 0xA5, 0xA9, 0xA4, 0x94, 0x52, 0x12, 0x7F, 0xFF, 0xFF, 0xFF,
    0xFE, 0xFF, 0xFF, 0xDB, 0xFF, 0xF7, 0xD3, 0x9F, 0xF6, 0xD2, 0xBF, 0xEF, 0xFF, 0x7D, 0xFF, 0xBF,
    0xAD, 0x69, 0xFF, 0xFF, 0xFF, 0xFF, 0x47, 0x92, 0x52, 0x95, 0x4A, 0xAA, 0x54, 0xAD, 0x24, 0xDE,
    0xFF, 0xF7, 0xBF, 0xB7, 0x07, 0x04, 0xA0, 0x79, 0xFF, 0x3F, 0xBF, 0x59, 0xAB, 0xD5, 0xA5, 0xE4,
    0x93, 0xAA, 0x85, 0x7F, 0xFF, 0x7F, 0xED, 0x4F, 0xCA, 0xDA, 0x94, 0x92, 0x6A, 0xAD, 0x09, 0xFF,
    0xF7, 0xBB, 0xFF, 0xFF, 0xFF, 0xBB, 0x44, 0xEF, 0xFF, 0x84, 0xC3, 0x73, 0x88, 0x3F, 0xFF, 0xFB,
    0x5D, 0xFF, 0x7B, 0xC5, 0x11, 0xFC, 0xFB, 0xFF, 0xFF, 0x27, 0x49, 0x89, 0x48, 0x55, 0x55, 0x2B,
    0x49, 0x15, 0xFF, 0xFB, 0xFE, 0xFF, 0xFF, 0x83, 0x00, 0x81, 0xF5, 0xEF, 0x7F, 0xF6, 0xA9, 0x5A,
    0xB6, 0x6E, 0xD1, 0xA7, 0xB5, 0x09, 0xFF, 0xFF, 0xFF, 0x7D, 0x0F, 0x25, 0x49, 0xD6, 0x5A, 0x4A,
    0x92, 0x94, 0xFF, 0xFF, 0xFF, 0xFD, 0xEF, 0xFD, 0x1F, 0x80, 0xFF, 0x5B, 0x80, 0xF9, 0x17, 0xB6,
    0x1E, 0xFF, 0xF7, 0xBC, 0xBE, 0xBF, 0x80, 0x5B, 0xFF, 0xFF, 0xFF, 0xFF, 0x4F, 0x92, 0x24, 0x25,
    0x24, 0x49, 0x92, 0x92, 0x08, 0x7F, 0xFF, 0xFF, 0xFF, 0xFF, 0x1B, 0xB5, 0xC8, 0xFE, 0xFF, 0xFD,
    0xDD, 0xD2, 0x6D, 0x5B, 0xB5, 0x9A, 0x4E, 0x5B, 0x12, 0xFD, 0xBB, 0xFB, 0xFB, 0x37, 0x52, 0x55,
    0x49, 0xA4, 0xA5, 0x54, 0xC2, 0xEF, 0xFF, 0xFF, 0xEF, 0xFF, 0xFF, 0xFF, 0xDF, 0xD7, 0xF7, 0xBF,
    0xFC, 0x97, 0x3F, 0x3F, 0xFF, 0xFB, 0x3D, 0xFF, 0x7F, 0x9F, 0xF9, 0xFF, 0xDF, 0xFF, 0xF7, 0x9F,
    0xA4, 0x54, 0x52, 0xAA, 0x55, 0x69, 0x6A, 0x12, 0xFF, 0xFF, 0xDF, 0xF6, 0xFE, 0x45, 0x8A, 0xE4,
    0xFF, 0xFF, 0xFF, 0xFA, 0xDB, 0x6A, 0x6B, 0x5B, 0x27, 0x9D, 0xAC, 0x0F, 0xDE, 0xFF, 0xFF, 0xFB,
    0x3F, 0xA9, 0xAA, 0xAA, 0x25, 0x59, 0x2B, 0x89, 0xFF, 0x7F, 0xFF, 0xFE, 0xFF, 0xBF, 0xFF, 0xDF,
    0xEF, 0xF7, 0xDF, 0xFE, 0x87, 0xBF, 0x8F, 0xBE, 0xFF, 0x79, 0xFF, 0xFF, 0xDB, 0xFD, 0xEF, 0xFF,
    0xBB, 0xBF, 0x1F, 0x29, 0x25, 0x29, 0x53, 0xAA, 0x26, 0x15, 0x0B, 0xFF, 0xBF, 0xFF, 0xFF, 0xBF,
    0x87, 0x16, 0xF5, 0x7F, 0xBB, 0xFF, 0xBB, 0xA5, 0xB6, 0xAD, 0xAD, 0xB5, 0xBA, 0xD4, 0x24, 0xFA,
    0xFF, 0xFF, 0xF3, 0x3F, 0x2C, 0x55, 0x55, 0x52, 0xA6, 0xA4, 0xE2, 0xFF, 0xF6, 0xFB, 0xFF, 0xFE,
    0xFF, 0xFF, 0xDF, 0xDF, 0xF3, 0xBF, 0xFC, 0xC7, 0xBF, 0x1F, 0xFF, 0xFF, 0xF9, 0xFE, 0xFF, 0xBF,
    0xFB, 0xFF, 0xFF, 0xFF, 0xFF, 0x3F, 0x4A, 0x22, 0x89, 0x90, 0x24, 0x91, 0xA2, 0xC4, 0xF7, 0xF7,
    0xFD, 0xFF, 0xF7, 0xEB, 0x41, 0xFF, 0xFF, 0xFF, 0xED, 0xF5, 0xD6, 0xAD, 0xD4, 0xD4, 0xDA, 0x74,
    0xB6, 0x1A, 0xFA, 0x7F, 0xF7, 0xE7, 0x7B, 0x92, 0xAA, 0x24, 0xAD, 0x52, 0x95, 0xC4, 0xF7, 0xFF,
    0xDF, 0xFF, 0xDF, 0xFB, 0xFF, 0xDF, 0xCF, 0xF7, 0x7F, 0x7E, 0xC7, 0xBF, 0x4F, 0xFF, 0xFF, 0x3C,
    0xEF, 0xF7, 0xBF, 0xB9, 0xFF, 0xFE, 0xFF, 0xFF, 0xBD, 0x24, 0x99, 0x52, 0x6D, 0x9B, 0xD4, 0x54,
    0xC2, 0xFF, 0xFE, 0xFF, 0xDF, 0xFE, 0x67, 0xF1, 0xFF, 0xF7, 0xFF, 0xFF, 0xEB, 0x4D, 0x6B, 0x6F,
    0xBB, 0x56, 0xE5, 0x51, 0x57, 0xB8, 0xFB, 0xFB, 0xEF, 0xF7, 0x48, 0xA5, 0xAA, 0x49, 0xAD, 0x52,
    0xE1, 0xFF, 0xFF, 0xFF, 0xFF, 0xFF, 0xFF, 0x7D, 0x81, 0xEF, 0x77, 0x00, 0xFD, 0xA7, 0xBD, 0xD7,
    0xFD, 0x77, 0xF1, 0xFE, 0xFF, 0xDD, 0xFD, 0xFF, 0xFF, 0xFF, 0xFF, 0x7F, 0x90, 0x92, 0x24, 0x44,
    0xD2, 0x2A, 0xAA, 0xC4, 0xFF, 0xFF, 0x6F, 0xFB, 0x7F, 0x67, 0xFA, 0x7F, 0xFF, 0xEE, 0xFF, 0xD7,
    0xAF, 0xDD, 0xAA, 0x56, 0xED, 0xD6, 0xD9, 0x34, 0xF8, 0xFF, 0xBB, 0xD7, 0x77, 0xA8, 0x54, 0x55,
    0x52, 0x52, 0x9A, 0xE4, 0xFF, 0xFF, 0xFF, 0xEE, 0xFF, 0xFF, 0x3F, 0xD5, 0xCF, 0xF7, 0x94, 0xFA,
    0xB3, 0x9F, 0xCF, 0xFE, 0xFF, 0x79, 0xFE, 0xFF, 0x92, 0xFB, 0xFB, 0x77, 0xFF, 0xFF, 0xFF, 0x4A,
    0x49, 0x49, 0xAA, 0x2A, 0x49, 0x45, 0xE2, 0xEF, 0xFF, 0xFD, 0xFE, 0xDB, 0xB3, 0xFC, 0xFF, 0xFF,
    0xFF, 0x7B, 0xEF, 0xD5, 0x6D, 0xB5, 0xB5, 0x5B, 0xAB, 0x67, 0xAB, 0xF0, 0xFF, 0xFB, 0xCF, 0x77,
    0x95, 0xAA, 0xAA, 0xAA, 0xAA, 0x49, 0xE0, 0x7E, 0xDF, 0xFF, 0xFF, 0xFE, 0xDF, 0xFF, 0xC2, 0xEF,
    0xE7, 0x85, 0xFB, 0x37, 0xBF, 0x67, 0xDD, 0xFF, 0xB8, 0xFE, 0xFE, 0x80, 0xFD, 0xFF, 0xFF, 0xBB,
    0xFB, 0xFF, 0xA4, 0xA4, 0x54, 0x55, 0x2D, 0xB5, 0x32, 0xE1, 0xFE, 0xBF, 0xBF, 0x6E, 0x7F, 0x53,
    0xFF, 0xFB, 0xFF, 0x7F, 0xDF, 0xD7, 0x2E, 0xDB, 0x6E, 0x6D, 0xB5, 0x1A, 0x8B, 0xDA, 0xE4, 0xBD,
    0xF7, 0xDF, 0xDF, 0x51, 0x49, 0x55, 0x49, 0x95, 0x54, 0xF2, 0xF7, 0xFF, 0xFE, 0xFF, 0x77, 0xFF,
    0xFF, 0xDF, 0xAF, 0xFF, 0xBF, 0xD3, 0x73, 0x9C, 0xF7, 0xFD, 0x7F, 0x71, 0xFE, 0xFF, 0x9F, 0xF9,
    0xEB, 0xFF, 0xFF, 0xFF, 0xFF, 0x11, 0x95, 0x24, 0xA4, 0x92, 0x92, 0x94, 0xF2, 0xFF, 0xF6, 0x2F,
    0xF7, 0xAE, 0xA5, 0xFF, 0xFF, 0xEF, 0xED, 0xFF, 0xAF, 0x2F, 0xB7, 0x5B, 0xDB, 0xDA, 0x6D, 0x5E,
    0xAD, 0xF0, 0xFF, 0xD7, 0xBF, 0xDF, 0x29, 0xB5, 0x94, 0xAC, 0x52, 0x26, 0xF1, 0xFF, 0xFF, 0xF7,
    0xFF, 0xFF, 0xFF, 0xDB, 0x1D, 0xDF, 0x27, 0xBF, 0xAF, 0x72, 0x9B, 0xE7, 0xFC, 0xFF, 0x3A, 0xFC,
    0xBF, 0xDF, 0xFA, 0xF5, 0xFF, 0xFF, 0xBF, 0xF7, 0x22, 0x49, 0x92, 0xAA, 0xD4, 0xAA, 0xAA, 0xF0,
    0xFF, 0x7F, 0xB7, 0xFD, 0x37, 0xF3, 0xBF, 0xFF, 0xFE, 0xFF, 0xFF, 0xBF, 0xB5, 0xED, 0xB5, 0xAD,
    0x6E, 0xAD, 0x9C, 0x56, 0xC9, 0xFF, 0xE7, 0x9D, 0xDD, 0xA1, 0x2A, 0xAB, 0x52, 0xAD, 0x92, 0xF8,
    0xFF, 0xFB, 0xBF, 0xFF, 0xFF, 0xFB, 0xDF, 0x8F, 0xCF, 0xF7, 0x5E, 0x57, 0xF1, 0x89, 0xA3, 0xFC,
    0x7E, 0x36, 0xFC, 0x7F, 0x9F, 0xFD, 0x7B, 0xFF, 0xFF, 0xFF, 0xFF, 0xA9, 0x24, 0x49, 0x52, 0x2A,
    0x49, 0x45, 0xF8, 0xDF, 0xFF, 0x8D, 0x3F, 0x9B, 0xFB, 0xFF, 0xEF, 0xFF, 0xFF, 0xF6, 0x9D, 0xB7,
    0x5E, 0xBB, 0xD5, 0x55, 0x6B, 0x39, 0xB5, 0xA5, 0xDB, 0x8F, 0xBE, 0xEF, 0x49, 0x49, 0x55, 0x49,
    0x52, 0x49, 0xF8, 0xBF, 0xFF, 0xFF, 0xF7, 0xFF, 0xFF, 0x1F, 0x6F, 0x8E, 0xF7, 0xB8, 0x7F, 0xFB,
    0x97, 0x03, 0xF8, 0xFF, 0xA6, 0xBD, 0x7B, 0xBA, 0xFD, 0xF7, 0xFB, 0xFF, 0xFF, 0xFF, 0x47, 0x52,
    0x25, 0x4D, 0x45, 0x2A, 0x29, 0xB9, 0xFB, 0xED, 0xCB, 0xD7, 0xBD, 0xF5, 0xFD, 0xFF, 0xFF, 0xDB,
    0xBF, 0xBF, 0x2E, 0x6B, 0xDB, 0x7A, 0xED, 0x56, 0x73, 0xAA, 0xC2, 0xFF, 0x9E, 0x3F, 0xBF, 0x23,
    0xB5, 0x2A, 0xAD, 0x55, 0x2A, 0xF9, 0xFE, 0xFF, 0xFF, 0xFF, 0xFF, 0xBF, 0x7F, 0xDE, 0x4C, 0xD6,
    0x93, 0xFF, 0xF3, 0xBF, 0xF3, 0xFB, 0x7F, 0x8E, 0xF9, 0xFF, 0xB4, 0xFA, 0xF3, 0x7F, 0xBF, 0xFB,
    0xFF, 0x23, 0x29, 0x52, 0xA4, 0xB2, 0xA5, 0x94, 0xFC, 0xFF, 0xBF, 0xF3, 0xB5, 0x9B, 0xF9, 0x7F,
    0xFF, 0xDE, 0xFF, 0xFF, 0x6F, 0x6D, 0xB6, 0xAD, 0xAD, 0x6E, 0xBB, 0xE5, 0x6C, 0x91, 0xFF, 0x4F,
    0x3F, 0xBF, 0xA3, 0x4A, 0xA5, 0x44, 0x2A, 0x95, 0xF8, 0xFF, 0xDF, 0xFF, 0xFF, 0xDE, 0xFF, 0xBF,
    0xC9, 0xC2, 0xF2, 0xCF, 0xFF, 0xF7, 0x9F, 0xB9, 0xFB, 0x7F, 0xCE, 0xFD, 0xFF, 0x93, 0xFD, 0xF7,
    0xFF, 0xFB, 0xFF, 0xFE, 0x4F, 0x4A, 0x49, 0x32, 0x99, 0x94, 0x4A, 0xFC, 0xDF, 0xFE, 0xF3, 0x7A,
    0x2D, 0xFB, 0xFF, 0x7F, 0xFF, 0x7F, 0xDB, 0x76, 0x5B, 0xFE, 0xDB, 0x56, 0xB7, 0xD5, 0xCA, 0x50,
    0xAB, 0xFE, 0x2F, 0x7D, 0x3F, 0x93, 0xA4, 0xD4, 0x5A, 0xAA, 0x42, 0xFC, 0xEF, 0xFF, 0x7E, 0xFF,
    0xFF, 0xFF, 0xFF, 0xE4, 0xE5, 0xF2, 0x8F, 0xFF, 0xF3, 0xCF, 0xFB, 0xD7, 0x3F, 0xDF, 0xF3, 0xFF,
    0x8D, 0xA5, 0xF1, 0xFF, 0xFF, 0xFF, 0xFF, 0x97, 0x92, 0x2A, 0x4D, 0x4D, 0x6B, 0x52, 0x7E, 0xFB,
    0x6F, 0x69, 0xAF, 0x9F, 0xBD, 0xDF, 0xFB, 0xFE, 0xDB, 0xFF, 0x7F, 0x6F, 0xAA, 0xF6, 0xF6, 0xB2,
    0x6E, 0xAB, 0xBB, 0x11, 0xEF, 0x9F, 0x7E, 0x7E, 0x4B, 0x5A, 0x2B, 0xA5, 0x55, 0x49, 0xBE, 0xFF,
    0xFD, 0xFF, 0xF7, 0xFF, 0xFD, 0xFF, 0xE3, 0xE7, 0xE1, 0xBF, 0xFF, 0xFB, 0xDF, 0xF9, 0xEF, 0xBB,
    0xFF, 0xF7, 0xFF, 0xCF, 0xE7, 0xF9, 0xFF, 0xFF, 0xFF, 0xFF, 0x8F, 0x24, 0x91, 0xA4, 0xA4, 0x24,
    0x29, 0xFE, 0x7F, 0xFB, 0xB8, 0x6D, 0xDB, 0xFD, 0xFB, 0xFF, 0xEF, 0xFF, 0x7D, 0x5B, 0x5A, 0xDE,
    0x2D, 0xAB, 0xDD, 0x6D, 0x15, 0xC5, 0x66, 0xFB, 0x7F, 0x7D, 0xFD, 0x46, 0x25, 0xA9, 0x4A, 0x92,
    0x94, 0xFC, 0xFF, 0xFF, 0xF7, 0xFF, 0xFB, 0xEF, 0xFD, 0xE7, 0xE7, 0xF3, 0x9E, 0xFB, 0xB3, 0xFF,
    0xF8, 0xFF, 0xDF, 0xFF, 0xF7, 0xFF, 0x9F, 0x1F, 0x78, 0xF7, 0xFF, 0xF7, 0xF7, 0x5F, 0x52, 0x4A,
    0xB2, 0x5A, 0x95, 0x4A, 0xB6, 0xED, 0x3F, 0xBD, 0xDB, 0x9B, 0xFB, 0xFF, 0xF7, 0x7F, 0xFF, 0xDF,
    0xEF, 0x6D, 0xD6, 0xDE, 0xDD, 0xAE, 0x56, 0xBB, 0x45, 0x45, 0xDC, 0x9E, 0xFC, 0xFD, 0xAE, 0xA4,
    0x55, 0x35, 0x49, 0x42, 0xFC, 0xBD, 0xFF, 0xFF, 0xFF, 0xFF, 0xFF, 0xFF, 0xEF, 0xFF, 0xF7, 0xBF,
    0xFF, 0xFB, 0xFF, 0xFD, 0xFF, 0xFF, 0xFF, 0xFB, 0xFB, 0xFF, 0x5F, 0xFE, 0xFF, 0xBF, 0xFF, 0xFF,
    0x5F, 0x2A, 0x25, 0x15, 0xA5, 0xD2, 0x14, 0x7F, 0xFF, 0x2F, 0xDC, 0xBD, 0xDD, 0xFD, 0xDF, 0xFE,
    0xFE, 0x6F, 0xF7, 0xFD, 0x5C, 0x7A, 0xEB, 0xB6, 0xD5, 0xED, 0x56, 0xB6, 0x4A, 0xFE, 0xBF, 0xFC,
    0x7C, 0x06, 0x9A, 0x94, 0x92, 0xB5, 0x4A, 0xFE, 0xFF, 0xFF, 0xFF, 0xDF, 0xDF, 0xFF, 0xFF, 0xEF,
    0xFF, 0xFF, 0xDF, 0xDF, 0xFF, 0xF7, 0x7F, 0xFF, 0xFF, 0xFF, 0xFF, 0xFF, 0xEF, 0xFF, 0xFE, 0xFF,
    0xFB, 0xFF, 0xFF, 0x1F, 0x45, 0xA9, 0xCA, 0x4A, 0x4A, 0x24, 0xFF, 0xDF, 0x34, 0xDE, 0xDE, 0x96,
    0xBD, 0xFF, 0xDF, 0xFF, 0xFB, 0xBF, 0xB7, 0x6C, 0xDD, 0x76, 0x6B, 0x7B, 0x5B, 0xAD, 0x88, 0x86,
    0xEC, 0xBF, 0xF9, 0xFD, 0x4F, 0x45, 0x6A, 0xAD, 0x24, 0x65, 0xFE, 0xFF, 0xDD, 0xFF, 0xFF, 0xFF,
    0xFF, 0xFF, 0xFF, 0xFF, 0xFF, 0xFF, 0xFF, 0xFF, 0xFF, 0xFF, 0xDF, 0xBF, 0xFD, 0xBF, 0xEF, 0xFF,
    0xFF, 0xFF, 0xDF, 0xFF, 0x7F, 0x7F, 0x3F, 0x51, 0x12, 0xA9, 0x54, 0x29, 0x13, 0xAD, 0xEA, 0x0C,
    0x6F, 0x67, 0xDB, 0xF9, 0xFB, 0xFF, 0x6F, 0xBF, 0xFB, 0xDF, 0x5B, 0xAC, 0xBD, 0xBD, 0xAD, 0xB6,
    0xDB, 0x39, 0x8D, 0xD8, 0x7D, 0xFA, 0xF9, 0x9D, 0x68, 0x4B, 0x52, 0x92, 0x10, 0xBF, 0xFF, 0xFF,
    0xBD, 0xFD, 0xFF, 0xBF, 0xDD, 0xFF, 0xDF, 0xFF, 0xFF, 0xFF, 0xFF, 0xFF, 0xFF, 0xFF, 0x1F, 0xEF,
    0xFF, 0xFF, 0xFF, 0xFF, 0xFF, 0xFF, 0xFF, 0xFF, 0xFF, 0x3F, 0x98, 0x4A, 0x54, 0xAA, 0xA6, 0x14,
    0xF7, 0x7D, 0x8E, 0xB5, 0x9B, 0x9D, 0xFD, 0x6F, 0xFB, 0xFD, 0xFF, 0xBE, 0xED, 0x68, 0xF6, 0xCB,
    0xD6, 0xD6, 0x6D, 0xB5, 0x34, 0x49, 0xF5, 0x7F, 0xF3, 0xFB, 0x1C, 0x95, 0x24, 0x4B, 0x5B, 0x25,
    0xFF, 0xDB, 0xFF, 0xFF, 0xFF, 0xFE, 0xFE, 0xFF, 0xFD, 0xFE, 0xDE, 0xFD, 0xFF, 0xBD, 0xFF, 0xFF,
    0xFF, 0x3F, 0xFF, 0xFF, 0xFF, 0xFF, 0xFB, 0xBF, 0xFF, 0xFF, 0xFF, 0xFB, 0x3F, 0x86, 0xA4, 0x26,
    0x95, 0x54, 0x09, 0xDF, 0x2E, 0x8C, 0xDB, 0x9A, 0xD6, 0xE1, 0xFF, 0xBF, 0xFF, 0xED, 0xDF, 0x7B,
    0xBB, 0xBC, 0xF6, 0xB6, 0xED, 0xB6, 0xAE, 0xE9, 0x8C, 0xB9, 0x6F, 0xF2, 0xF3, 0x8D, 0x4A, 0xB5,
    0x35, 0x49, 0x12, 0xF7, 0xFF, 0xDB, 0xFF, 0xFF, 0xFF, 0xFF, 0xFF, 0xFF, 0xFF, 0xFF, 0xBF, 0xFB,
    0xFF, 0xBF, 0xBF, 0xFF, 0x9D, 0xFF, 0xFD, 0xFF, 0xFD, 0xDF, 0xFF, 0xFF, 0xFF, 0xFF, 0xFF, 0xBF,
    0xA2, 0x24, 0xA9, 0x4A, 0x2A, 0x25, 0x37, 0x29, 0x86, 0x6F, 0xC7, 0xAB, 0xF3, 0xFF, 0xFF, 0xB7,
    0x7F, 0xF7, 0xB7, 0xDB, 0xAC, 0x5D, 0xDB, 0x36, 0x5B, 0x6B, 0xCB, 0x2C, 0xD2, 0x7F, 0xED, 0xEB,
    0x9B, 0xB4, 0x4A, 0xA9, 0x2A, 0x11, 0xFF, 0x7F, 0xA5, 0x4B, 0xEF, 0xE5, 0xF7, 0xFF, 0xFF, 0xFF,
    0xFF, 0xFF, 0xFF, 0xFF, 0xFD, 0xFB, 0xF7, 0xBF, 0xFF, 0xFF, 0xBF, 0x6F, 0xFF, 0x7B, 0xEB, 0xD5,
    0xF6, 0xFF, 0x7F, 0x58, 0x52, 0x54, 0x65, 0x93, 0x12, 0xEB, 0x18, 0xC7, 0xDA, 0x65, 0x95, 0xD1,
    0xBE, 0x6D, 0xFF, 0xFF, 0x7B, 0xDD, 0xB1, 0xDC, 0xDB, 0xB6, 0x6D, 0xDB, 0xB5, 0xCD, 0x9B, 0xE9,
    0xFD, 0xE5, 0xF3, 0x1B, 0x49, 0xA9, 0x4A, 0xA5, 0x92, 0xBF, 0x7F, 0x00, 0x93, 0x7C, 0xD0, 0xEF,
    0xFF, 0x6F, 0xFF, 0xFF, 0xFF, 0xEF, 0xFD, 0xFE, 0xFF, 0xBF, 0xFF, 0xFF, 0xEF, 0xFB, 0xFF, 0xF7,
    0x2F, 0xD8, 0xAA, 0xFA, 0xFF, 0xFD, 0x24, 0x29, 0x25, 0x92, 0x94, 0x94, 0x77, 0x0C, 0xE2, 0xAD,
    0xB2, 0xA5, 0xD9, 0xEF, 0xFF, 0xFF, 0xB6, 0xBF, 0x7B, 0xFB, 0xF4, 0xB6, 0x6D, 0xDB, 0xB5, 0xDA,
    0xA6, 0xC9, 0xB4, 0xEF, 0xD0, 0xE7, 0x3B, 0xAA, 0x56, 0xB5, 0x54, 0x89, 0xFF, 0x7E, 0x08, 0x07,
    0x79, 0x82, 0xD7, 0x6B, 0x9F, 0xDA, 0xA3, 0x7F, 0x7E, 0x7C, 0xF8, 0xFF, 0xFF, 0xFA, 0xEF, 0xA0,
    0xF7, 0xF9, 0xD3, 0x1F, 0xC1, 0x01, 0xF9, 0xDF, 0xFF, 0x88, 0x8A, 0x4A, 0x4D, 0xAA, 0x8A, 0x56,
    0x96, 0x62, 0x4B, 0xD9, 0xB0, 0xBD, 0xFF, 0xFF, 0xDB, 0x7F, 0xDB, 0xB7, 0xB3, 0x5C, 0x6D, 0xDB,
    0xB6, 0xAE, 0xAD, 0x1A, 0xA9, 0xE5, 0xBF, 0xC5, 0xE7, 0x33, 0xA5, 0x52, 0x25, 0x93, 0x88, 0xFF,
    0x7F, 0x36, 0x2B, 0xFC, 0x90, 0xC7, 0xE7, 0x07, 0xF4, 0xA1, 0x1D, 0x7F, 0x7A, 0xF8, 0xFF, 0x1F,
    0xF8, 0x7C, 0xC0, 0xE7, 0xF1, 0xC3, 0x0F, 0x80, 0x00, 0xF0, 0xFE, 0x7F, 0x51, 0x51, 0xA4, 0x52,
    0x49, 0x89, 0x63, 0x44, 0xA3, 0xCD, 0x74, 0x38, 0x5B, 0xFB, 0xD6, 0xFE, 0xFB, 0xED, 0xEE, 0xB7,
    0xB9, 0xDF, 0xB6, 0x6D, 0xDB, 0xB6, 0x35, 0x97, 0xD2, 0xBE, 0xCC, 0xDF, 0x37, 0x52, 0xAD, 0xAA,
    0xAA, 0xC4, 0xFF, 0x3F, 0x3E, 0x7E, 0x78, 0x88, 0xC7, 0xE3, 0x03, 0xF0, 0x00, 0x3F, 0xF8, 0x78,
    0xB1, 0xEF, 0x1F, 0x64, 0x3E, 0x08, 0xE3, 0xF1, 0xA1, 0x0F, 0x8F, 0x27, 0xF0, 0xFF, 0xFF, 0x29,
    0x24, 0x32, 0x29, 0x25, 0x89, 0x65, 0x26, 0x71, 0x63, 0x9C, 0x2C, 0x33, 0x6F, 0xFF, 0x7F, 0xBF,
    0xBF, 0xDD, 0xEA, 0xEC, 0x6A, 0xDB, 0xB6, 0x6D, 0x5B, 0x5B, 0x96, 0x61, 0xB7, 0xC3, 0xCF, 0x37,
    0xA9, 0x52, 0x55, 0x49, 0x8A, 0xFB, 0x7F, 0x7C, 0xFE, 0xF8, 0x00, 0x8E, 0x83, 0x43, 0x61, 0x90,
    0x3E, 0xF8, 0xF8, 0xF0, 0x7F, 0x87, 0x60, 0x3C, 0x0A, 0xE2, 0xE1, 0x83, 0x8F, 0x9F, 0xFB, 0xE0,
    0xFF, 0xFF, 0x85, 0x4A, 0x4A, 0xB5, 0x54, 0x15, 0x33, 0x23, 0xD0, 0x52, 0x5E, 0x34, 0xFB, 0xFE,
    0xBF, 0xDB, 0xEF, 0xD6, 0x7B, 0x77, 0x79, 0xB7, 0x6D, 0xDB, 0xD6, 0xAA, 0xAD, 0xAE, 0xA9, 0x3F,
    0xCB, 0xDF, 0x37, 0x54, 0xAD, 0xAA, 0x24, 0xC1, 0xFF, 0x7B, 0x70, 0xFC, 0xF8, 0x91, 0xC6, 0x83,
    0xA3, 0x82, 0x18, 0x3C, 0xF9, 0xF0, 0xE0, 0xFF, 0x0F, 0x63, 0x78, 0x5D, 0xC6, 0xF1, 0x03, 0x8F,
    0x0F, 0x7F, 0xF1, 0xF7, 0xFF, 0x51, 0x49, 0xA5, 0x94, 0x2A, 0x8A, 0x13, 0x13, 0xA3, 0x30, 0x07,
    0xAC, 0x74, 0xF6, 0xF6, 0xFF, 0x75, 0xFB, 0xDE, 0xA7, 0xB4, 0x7D, 0xDB, 0xB6, 0x6D, 0xB7, 0xD5,
    0x8C, 0xC1, 0x7F, 0x83, 0xCF, 0x6F, 0x2A, 0xA9, 0x4A, 0x56, 0xAA, 0xBF, 0xFF, 0x74, 0xC4, 0xF8,
    0x01, 0x86, 0x93, 0xE1, 0xA7, 0x3C, 0x1E, 0xE8, 0xE0, 0xC4, 0xFF, 0xCF, 0xC3, 0x74, 0x3F, 0xC4,
    0xE1, 0x03, 0x0F, 0x1F, 0xFE, 0xE1, 0xFF, 0xFD, 0x23, 0x24, 0x94, 0x4A, 0x92, 0x81, 0x19, 0x90,
    0x70, 0x9C, 0x25, 0x2E, 0xB9, 0xBC, 0x7F, 0xDB, 0xFE, 0x5F, 0x6D, 0xE5, 0xDB, 0xAB, 0xB5, 0x6D,
    0xDB, 0xDA, 0xEA, 0xB8, 0x48, 0x7B, 0x13, 0x9F, 0x6F, 0xA4, 0x56, 0xB5, 0x92, 0xC4, 0xFF, 0xFF,
    0x41, 0x0C, 0xB8, 0x00, 0x0E, 0x03, 0xE2, 0x8F, 0x7F, 0x38, 0xE1, 0xC3, 0xC0, 0xFE, 0xFF, 0x00,
    0xF1, 0xFF, 0xC4, 0xC0, 0x31, 0x0C, 0x38, 0xBF, 0xC1, 0xFF, 0xFF, 0x93, 0x92, 0x52, 0xB2, 0xA9,
    0x94, 0x99, 0x89, 0x28, 0xC4, 0x26, 0x64, 0xF2, 0xDA, 0xDB, 0xBF, 0xAF, 0xB5, 0xB7, 0xD7, 0xF8,
    0xB6, 0x6D, 0xBB, 0x6D, 0xDB, 0x5E, 0xB3, 0xC8, 0x7E, 0x82, 0xBF, 0x57, 0x52, 0xA9, 0x4A, 0xA9,
    0xC2, 0xFF, 0xFF, 0x43, 0x18, 0x68, 0x04, 0x0C, 0x07, 0xE3, 0x0F, 0xFF, 0x1C, 0xC3, 0x91, 0xC0,
    0xFF, 0x7F, 0x80, 0xF1, 0xFF, 0x88, 0xC1, 0x53, 0x3C, 0x29, 0x3C, 0xC0, 0xDF, 0xFF, 0x4B, 0x55,
    0x4A, 0x95, 0x54, 0x8A, 0x88, 0x18, 0x48, 0xE6, 0x23, 0xB6, 0x72, 0xF5, 0xFD, 0xED, 0xF5, 0xEE,
    0xFB, 0x67, 0x59, 0xDD, 0xB6, 0x6D, 0xDB, 0xB6, 0xB5, 0x72, 0x8C, 0x7F, 0x27, 0xBF, 0x6F, 0x28,
    0x55, 0xA5, 0x4A, 0xE4, 0xF7, 0xED, 0x0D, 0xD8, 0x30, 0x20, 0x86, 0x22, 0xE0, 0x1F, 0xFF, 0x18,
    0xC7, 0x01, 0x88, 0xF7, 0x3F, 0xC4, 0xE1, 0xF7, 0x88, 0xC0, 0x71, 0x1C, 0x10, 0x9C, 0xC0, 0xFF,
    0xEF, 0x43, 0x22, 0xA5, 0x4A, 0x26, 0x81, 0x1A, 0x88, 0x24, 0x62, 0x24, 0x34, 0xF6, 0x7A, 0x6F,
    0xFB, 0x7E, 0x77, 0x5D, 0xDD, 0xDB, 0xDB, 0xB6, 0xAD, 0x6D, 0x5B, 0xAB, 0xCD, 0x98, 0xED, 0xA5,
    0xBE, 0x6F, 0x92, 0xAA, 0x5A, 0x55, 0xE2, 0xFF, 0xFF, 0x5F, 0xF0, 0x23, 0x70, 0x0C, 0xA2, 0xE0,
    0x1F, 0xFF, 0x18, 0x80, 0x43, 0x18, 0x7F, 0x1F, 0xFE, 0xE3, 0xFF, 0x11, 0x88, 0x11, 0x78, 0x01,
    0x3C, 0x00, 0xFF, 0xFF, 0x27, 0x49, 0x52, 0x52, 0xA9, 0x14, 0x09, 0x88, 0x2C, 0x59, 0x05, 0xA9,
    0xB2, 0xB5, 0xB7, 0xBF, 0xAF, 0xBB, 0xB7, 0xCF, 0xF0, 0x6E, 0xDB, 0xD6, 0x56, 0xAD, 0xDD, 0xCA,
    0x2C, 0xFF, 0x44, 0x3E, 0x5F, 0x49, 0x55, 0x4B, 0x22, 0xE1, 0xFF, 0xFF, 0x7F, 0xF0, 0xE7, 0xD0,
    0x11, 0x60, 0x40, 0x3F, 0xF7, 0x11, 0x00, 0xC7, 0x18, 0xFE, 0x0F, 0xFF, 0xC3, 0xF9, 0x59, 0x88,
    0x03, 0xF0, 0x03, 0x78, 0x8B, 0xFF, 0xFF, 0xAF, 0x54, 0x29, 0x29, 0x95, 0x8A, 0x88, 0xCC, 0x14,
    0x91, 0x2A, 0x5C, 0x76, 0xEB, 0xFD, 0xDB, 0xF6, 0x6D, 0xFB, 0xD5, 0x6D, 0x6D, 0x6B, 0xBB, 0xEA,
    0xDA, 0x6A, 0xCD, 0x2A, 0xFF, 0x46, 0xBE, 0xDF, 0xA4, 0xAA, 0x64, 0x95, 0xE4, 0xFD, 0xFF, 0x3F,
    0x10, 0x43, 0xC8, 0x08, 0x62, 0x82, 0x1D, 0xF9, 0x11, 0x45, 0xD2, 0x3A, 0xFC, 0x17, 0xFF, 0xC3,
    0xF4, 0x11, 0x9C, 0x41, 0xE0, 0xA3, 0xF8, 0x87, 0xFF, 0xFF, 0x47, 0x22, 0x95, 0xD6, 0x4A, 0x09,
    0x4C, 0x40, 0x88, 0x2C, 0x12, 0x69, 0xB2, 0xF5, 0xBE, 0xFD, 0xDD, 0xDE, 0xDD, 0xD6, 0xB9, 0xDB,
    0xB6, 0xD6, 0x5D, 0xB7, 0x6D, 0xAB, 0x73, 0xEF, 0xE6, 0x3E, 0x5F, 0x52, 0x52, 0x2B, 0xA9, 0xE4,
    0xBF, 0x7F, 0x1F, 0x0A, 0x40, 0x43, 0x90, 0xF3, 0x08, 0x0A, 0xB1, 0x31, 0x15, 0xC5, 0x7F, 0xFC,
    0x1F, 0x3B, 0xCE, 0xD1, 0x39, 0x0C, 0x61, 0xC2, 0x71, 0xF8, 0x9F, 0xDE, 0xFD, 0x27, 0x95, 0x52,
    0x29, 0xA9, 0x90, 0x04, 0x8A, 0x4C, 0x84, 0x82, 0xD4, 0xD4, 0x6B, 0xD7, 0xB7, 0x7F, 0xB7, 0xB7,
    0x4F, 0xF1, 0xB6, 0xDD, 0xB5, 0xB6, 0x6D, 0xDB, 0x1A, 0x73, 0xFB, 0x55, 0xBD, 0x5E, 0x25, 0x95,
    0x94, 0x56, 0xF2, 0xFF, 0xFB, 0x0F, 0x22, 0xC0, 0x03, 0x00, 0xF3, 0x10, 0x80, 0x41, 0x18, 0x3F,
    0xC4, 0x7F, 0xF8, 0x0F, 0x10, 0x86, 0xA1, 0x38, 0x1C, 0xF3, 0xC7, 0xF0, 0xF0, 0x0F, 0xFE, 0xDF,
    0x4F, 0x49, 0xAA, 0x54, 0x55, 0x1A, 0x48, 0x48, 0x44, 0x52, 0x01, 0x69, 0xEA, 0xD6, 0xFB, 0xFE,
    0xD6, 0x7B, 0xFB, 0xDD, 0xBA, 0x6D, 0x6B, 0xDB, 0xB6, 0xB5, 0xAD, 0x56, 0x56, 0xFE, 0x4B, 0xBE,
    0xDE, 0x92, 0xCA, 0x6A, 0x89, 0xE4, 0xFE, 0xCF, 0xC7, 0xF3, 0x86, 0x1F, 0x91, 0xFF, 0x71, 0x81,
    0x07, 0x18, 0x7F, 0xC0, 0xFF, 0xF9, 0x3F, 0x00, 0x8E, 0x43, 0x70, 0x3E, 0xF0, 0x8F, 0xF8, 0xF1,
    0x1F, 0xFF, 0xFF, 0x8F, 0x24, 0x95, 0xA6, 0x24, 0x4B, 0x04, 0xC4, 0x24, 0x41, 0x50, 0x59, 0xB5,
    0xB6, 0xBD, 0xAD, 0xBB, 0xDD, 0x6E, 0xCF, 0x53, 0xDB, 0xB6, 0x6E, 0xDB, 0xB6, 0x6D, 0x37, 0x66,
    0xDE, 0xCA, 0x7C, 0x5E, 0x91, 0x54, 0x55, 0x62, 0xF2, 0xF7, 0x9F, 0xC7, 0xF7, 0xD7, 0xFF, 0x98,
    0xFF, 0xF3, 0xF5, 0x1B, 0x99, 0xFF, 0xD4, 0xFF, 0xFC, 0x3F, 0x09, 0x9E, 0x0F, 0x3C, 0x3E, 0xF3,
    0xDB, 0xFA, 0xF9, 0x3F, 0xFE, 0xFF, 0x9F, 0x92, 0x48, 0x52, 0xAA, 0x44, 0x24, 0x44, 0x88, 0xA8,
    0x84, 0xA4, 0x64, 0xE7, 0xD6, 0xF7, 0xFD, 0xEE, 0xBF, 0x5B, 0xF3, 0xB7, 0xDD, 0xB5, 0x6D, 0xDB,
    0xB6, 0x35, 0xCE, 0xF6, 0x4B, 0xFD, 0xDE, 0x4A, 0xA9, 0x24, 0x55, 0xF2, 0xFF, 0xCF, 0xEF, 0xFF,
    0xDF, 0x7F, 0x32, 0xFF, 0xF3, 0xEE, 0x4F, 0x9E, 0xFF, 0xED, 0xFF, 0xDD, 0xFF, 0x82, 0x9E, 0x17,
    0x7C, 0x7E, 0xFB, 0xDF, 0xFD, 0x7B, 0x3F, 0xFE, 0xFF, 0x4F, 0x55, 0x66, 0x2B, 0x53, 0x52, 0x80,
    0x48, 0x24, 0x50, 0x08, 0xD9, 0xEA, 0xCB, 0xBF, 0xDD, 0x56, 0x77, 0xF5, 0xBD, 0xB3, 0x6C, 0x6B,
    0xDB, 0xB6, 0x6D, 0xDB, 0xAA, 0x4C, 0xBD, 0x9B, 0x7C, 0x5E, 0x41, 0x26, 0xD5, 0x12, 0xE1, 0xFF,
    0xFF, 0xFF, 0xFF, 0xFF, 0xFF, 0xFF, 0xFF, 0xFF, 0xFF, 0xFF, 0xFF, 0xFF, 0xFF, 0xFF, 0xFF, 0xFF,
    0xFF, 0xFF, 0xBF, 0xFF, 0xFE, 0xFF, 0xFF, 0xFF, 0xFF, 0xBF, 0xEF, 0xFF, 0x1F, 0x22, 0x92, 0xA4,
    0x94, 0x9A, 0x04, 0x44, 0x02, 0x14, 0x84, 0x52, 0xE5, 0xEE, 0x6A, 0xBB, 0xEF, 0xBB, 0xBF, 0x9F,
    0x69, 0xDF, 0xB6, 0x6E, 0xDB, 0xD6, 0x56, 0x5D, 0x89, 0xFC, 0x93, 0x7D, 0x5E, 0x51, 0x92, 0x4A,
    0xAA, 0xF2, 0xBF, 0xFF, 0xFF, 0xFF, 0xFD, 0xFB, 0xFF, 0xFF, 0xE2, 0xFF, 0xFF, 0xFF, 0xFF, 0xFF,
    0xFB, 0xFF, 0xFF, 0xFF, 0xFF, 0xFF, 0xFF, 0xFF, 0xFF, 0xFF, 0xFF, 0xFF, 0xFF, 0xFF, 0x7B, 0x5F,
    0x95, 0x29, 0x55, 0x4A, 0x45, 0x80, 0x4C, 0x48, 0x2A, 0x42, 0xA9, 0xB2, 0xAD, 0xFD, 0x77, 0xBB,
    0xDD, 0xDB, 0xAB, 0xB3, 0xB3, 0xDD, 0xB5, 0xAD, 0xB6, 0xB5, 0x2B, 0xA1, 0xDE, 0x9B, 0xFC, 0xBD,
    0x94, 0x54, 0x32, 0x4B, 0xF0, 0xFF, 0xFF, 0xFF, 0xBF, 0xFF, 0xFF, 0xFF, 0xFF, 0xE5, 0xFF, 0xFF,
    0xFF, 0xFF, 0xFF, 0xFF, 0xFF, 0xFE, 0xFF, 0xFF, 0xFF, 0xFF, 0xFF, 0xFF, 0xFF, 0xFF, 0xFF, 0xFB,
    0xFF, 0xFF, 0x1F, 0x49, 0xAD, 0xAA, 0x69, 0x92, 0x10, 0x44, 0x00, 0x25, 0x82, 0x62, 0xC9, 0xCF,
    0xB7, 0xDD, 0xDD, 0xEE, 0xF6, 0x7D, 0x6B, 0x6D, 0x6B, 0xDB, 0x76, 0xDB, 0xAE, 0x35, 0x52, 0x74,
    0xAB, 0x7A, 0x5E, 0x43, 0x4A, 0x49, 0x51, 0xF2, 0xFB, 0xFE, 0xFD, 0xFF, 0xBF, 0xFF, 0xFF, 0x77,
    0xE8, 0xFF, 0xFF, 0xFF, 0xF7, 0xFF, 0xFF, 0xFF, 0xFF, 0xFF, 0xDD, 0xFF, 0xFF, 0xDF, 0xDF, 0xFD,
    0xFF, 0xFF, 0xFF, 0xFF, 0xFF, 0x9F, 0x24, 0x92, 0x24, 0x25, 0x52, 0x02, 0x89, 0x24, 0x12, 0x01,
    0xD3, 0xD6, 0x6D, 0xDB, 0xEE, 0xEE, 0x76, 0x7F, 0xB7, 0x56, 0x7B, 0x5B, 0x6D, 0xAB, 0x6D, 0xDB,
    0x5A, 0x30, 0xFD, 0x37, 0xD9, 0xBC, 0x29, 0xA5, 0xAC, 0x94, 0xB2, 0xFF, 0xFF, 0xFF, 0xFD, 0xFF,
    0xFF, 0xFF, 0xBF, 0xFF, 0x7D, 0xFF, 0xBF, 0xFF, 0xFB, 0xFF, 0xFE, 0xF7, 0xFF, 0xFF, 0xFE, 0xFF,
    0x7F, 0xFE, 0xFF, 0xEF, 0xFD, 0xFF, 0xBF, 0xFF, 0x3F, 0xAB, 0x52, 0x95, 0x54, 0x2B, 0x85, 0x14,
    0x84, 0x8A, 0x10, 0x69, 0x4D, 0x4D, 0xFF, 0x77, 0x77, 0xB7, 0xDB, 0x3E, 0xA3, 0xAD, 0xED, 0xB6,
    0xDD, 0xAA, 0xD5, 0x26, 0x88, 0xBA, 0x47, 0x7A, 0xBD, 0x40, 0x52, 0x92, 0x2A, 0xF1, 0xFF, 0xDF,
    0xEF, 0xFF, 0xFF, 0xDF, 0xDF, 0xFF, 0xFF, 0xFF, 0xED, 0xFD, 0xBF, 0xBF, 0x7F, 0xFF, 0xFF, 0xFB,
    0xFF, 0x7F, 0xFF, 0x7E, 0xFE, 0x6E, 0xFF, 0xFF, 0xFF, 0xFF, 0xFF, 0x3F, 0x11, 0x4D, 0xDA, 0x4A,
    0x91, 0x40, 0x8C, 0x00, 0x49, 0x08, 0x8D, 0xCA, 0xAE, 0xAD, 0xBD, 0xBB, 0xED, 0xEF, 0x6F, 0xAF,
    0xD6, 0x6D, 0xDB, 0xB6, 0xDD, 0x6E, 0x45, 0xC6, 0xDC, 0xB5, 0xFA, 0x5C, 0x25, 0x29, 0x4B, 0x92,
    0xF8, 0xFF, 0xFF, 0xFF, 0xFF, 0xFD, 0xFF, 0xFD, 0xFF, 0xFF, 0xFF, 0xF6, 0xFF, 0xFF, 0xFF, 0x7B,
    0xF6, 0xBF, 0xFF, 0xFF, 0xFF, 0xEF, 0x7F, 0xF5, 0x53, 0xFF, 0xDF, 0xFF, 0xFB, 0xDF, 0xBD, 0x4C,
    0xA2, 0x22, 0xA9, 0xAC, 0x08, 0x92, 0x94, 0x44, 0x80, 0xCA, 0x96, 0xDB, 0x77, 0xFF, 0x8D, 0x74,
    0xFD, 0x76, 0x52, 0xFB, 0x5A, 0x5B, 0xB5, 0x6D, 0x75, 0x23, 0x88, 0xF8, 0x66, 0xD9, 0x7C, 0x91,
    0x94, 0x64, 0x49, 0xF1, 0xFF, 0xFF, 0xFF, 0xFF, 0xEF, 0xFD, 0xFF, 0xFE, 0xFF, 0xDE, 0x90, 0xFF,
    0xFF, 0x7F, 0xFF, 0xFF, 0xFF, 0xFF, 0xBF, 0xF5, 0xFF, 0xFF, 0xF2, 0x00, 0xFD, 0xFF, 0xDF, 0xFF,
    0xFF, 0x3F, 0xAA, 0x54, 0x55, 0x95, 0x4A, 0x82, 0x4C, 0x49, 0x24, 0x42, 0x56, 0x4D, 0x8D, 0xFE,
    0xD7, 0x17, 0x90, 0x6F, 0xDF, 0xA6, 0x2D, 0xED, 0xB6, 0xDB, 0xB6, 0x9B, 0x40, 0x28, 0xDD, 0x47,
    0x7A, 0xBD, 0x24, 0x49, 0x29, 0x2D, 0xF9, 0xDB, 0xFB, 0xFF, 0xDF, 0xFF, 0xFF, 0xFF, 0xF5, 0x97,
    0xFF, 0x27, 0xDD, 0xFB, 0xBF, 0xFE, 0x9F, 0xFF, 0xBC, 0x0B, 0xD8, 0xFE, 0xFF, 0x8B, 0x3F, 0xFD,
    0xFF, 0xFF, 0xFF, 0xFD, 0x3F, 0x55, 0x4A, 0xAA, 0x52, 0x25, 0xC1, 0x88, 0x54, 0x28, 0x11, 0x2B,
    0x9B, 0xCE, 0xBB, 0xFB, 0x7E, 0x23, 0xDD, 0x7B, 0xD6, 0xD6, 0xB7, 0xB5, 0x6D, 0xB5, 0x6D, 0x51,
    0x16, 0x72, 0xC3, 0xD8, 0x29, 0x4B, 0x52, 0x4A, 0x92, 0xF4, 0xFF, 0xFF, 0xFD, 0xFD, 0xFF, 0xFF,
    0x7F, 0xE2, 0x00, 0xFF, 0x5A, 0xFE, 0xFF, 0x2D, 0xF9, 0xDF, 0x3D, 0xF2, 0x5F, 0x25, 0xC2, 0xF7,
    0x47, 0x7F, 0xFE, 0xFF, 0xFF, 0xFF, 0xFF, 0x7F, 0x4A, 0xA5, 0x12, 0x49, 0x92, 0x00, 0x04, 0xB8,
    0x92, 0x88, 0x94, 0x5D, 0x6B, 0xDD, 0x7D, 0xFF, 0x49, 0xFA, 0xEF, 0xCA, 0xF6, 0x5A, 0xDB, 0x56,
    0xDB, 0x36, 0x50, 0x20, 0xF9, 0x46, 0xF9, 0xDC, 0x82, 0xA4, 0x92, 0x92, 0xB8, 0xFF, 0xDF, 0xDF,
    0xFF, 0xFF, 0xDF, 0xBB, 0xAA, 0x2D, 0x17, 0x34, 0xF2, 0xFF, 0xCF, 0x75, 0xDF, 0x9E, 0xF6, 0xFF,
    0x23, 0xF1, 0xFF, 0x4F, 0x7C, 0x7B, 0xFF, 0xFE, 0xFF, 0xFF, 0x3F, 0xB4, 0x52, 0xA9, 0xAA, 0x92,
    0x84, 0x84, 0x6A, 0xB1, 0x48, 0x6A, 0x2A, 0x25, 0xF7, 0xAE, 0xA5, 0x07, 0xA9, 0x7D, 0x65, 0x2D,
    0xAD, 0x6D, 0xB5, 0xDB, 0x16, 0x80, 0x28, 0xB1, 0xC7, 0x58, 0x79, 0x69, 0x92, 0xA4, 0x54, 0xF8,
    0xFF, 0xFF, 0xFF, 0xFF, 0xFF, 0xFE, 0x5F, 0xDF, 0x3F, 0x0F, 0x50, 0xF0, 0xFF, 0xF7, 0xF9, 0x5D,
    0xDE, 0xE7, 0xFF, 0x2E, 0xE9, 0xFF, 0x67, 0x7E, 0xFF, 0xFF, 0xFF, 0xEF, 0xFF, 0x7F, 0x4A, 0x59,
    0xD6, 0x24, 0x49, 0xC2, 0x40, 0xD1, 0x62, 0x24, 0xB6, 0x9E, 0xAE, 0x5B, 0xA5, 0x10, 0x08, 0xD0,
    0xEE, 0xAD, 0xDB, 0xF7, 0xAD, 0xBB, 0xAD, 0x09, 0x20, 0x54, 0xE8, 0x45, 0xE9, 0x35, 0x45, 0x2A,
    0x49, 0xA2, 0xF4, 0x7F, 0xFF, 0xFF, 0xFF, 0xEE, 0xFF, 0xBF, 0x9F, 0x3F, 0xC3, 0x63, 0xA7, 0xEF,
    0xFF, 0xE0, 0xDD, 0xDD, 0xCB, 0xFF, 0x6F, 0xFF, 0xFF, 0xF7, 0x6F, 0xFF, 0xFB, 0xFF, 0xFF, 0xDF,
    0xBD, 0x54, 0x94, 0x2A, 0x95, 0x54, 0x82, 0xC4, 0xA8, 0x4D, 0x22, 0xF6, 0x6A, 0xCA, 0x24, 0x12,
    0x82, 0x00, 0x40, 0xF7, 0xC9, 0xF6, 0x5A, 0x96, 0xDA, 0x76, 0x05, 0x00, 0x24, 0xD6, 0xCB, 0x68,
    0xB9, 0x25, 0x52, 0x2A, 0x15, 0xF9, 0xFB, 0xFF, 0xFF, 0xEF, 0xFF, 0xFF, 0xDF, 0x87, 0x7F, 0xF1,
    0x77, 0x4F, 0xFF, 0x0F, 0xF0, 0xDC, 0x3D, 0xC1, 0xFB, 0x6F, 0xFF, 0xEF, 0xE7, 0x13, 0xFF, 0xFF,
    0x7F, 0xFF, 0xFE, 0x7F, 0xA8, 0x4B, 0x25, 0x69, 0x25, 0x89, 0xC0, 0x90, 0x46, 0x21, 0xBA, 0x74,
    0x26, 0x95, 0x00, 0x00, 0x24, 0xA4, 0xBE, 0x95, 0x2D, 0xAD, 0xD7, 0x6D, 0xDB, 0x82, 0x00, 0x32,
    0xE4, 0xA6, 0xB1, 0x59, 0x91, 0x92, 0x44, 0x92, 0xF8, 0xFF, 0xFB, 0xFD, 0xFF, 0xFF, 0xEF, 0xDF,
    0xCB, 0x3F, 0xFB, 0x6F, 0xAF, 0xFF, 0x2F, 0xF0, 0xCE, 0xBC, 0xC0, 0xFF, 0x6E, 0x7F, 0xFF, 0xEF,
    0x13, 0xFF, 0xFF, 0xF7, 0xFF, 0xFF, 0x7F, 0x4C, 0xA8, 0xB4, 0x0A, 0x29, 0x09, 0x41, 0x0C, 0xAB,
    0x72, 0x54, 0x6D, 0x09, 0x02, 0x00, 0x00, 0x00, 0x00, 0xD2, 0x5A, 0xDB, 0xDB, 0x89, 0x56, 0xAD,
    0x00, 0x08, 0x48, 0x50, 0x93, 0xF1, 0x75, 0x21, 0x29, 0x29, 0xA1, 0xF4, 0xFF, 0xDF, 0xEF, 0xFE,
    0xFF, 0x7F, 0xFF, 0x40, 0x33, 0xFD, 0x77, 0xDF, 0xFF, 0xC5, 0x7F, 0xDD, 0x17, 0xE8, 0x3F, 0x61,
    0xFF, 0xFF, 0xF7, 0x0D, 0xFD, 0xFF, 0xFF, 0xFF, 0xFF, 0x6F, 0x52, 0x55, 0x12, 0xA5, 0x92, 0x84,
    0x70, 0xB4, 0x54, 0xB9, 0xEC, 0xA9, 0x84, 0x20, 0x55, 0x2D, 0x01, 0x00, 0x68, 0xC3, 0x76, 0x6D,
    0x6D, 0xBB, 0x6B, 0x20, 0x2D, 0x30, 0xCD, 0xA7, 0xB0, 0xB8, 0x94, 0x94, 0x92, 0x14, 0x71, 0xFF,
    0xFF, 0xFF, 0xFF, 0xFF, 0xFE, 0x3F, 0xE0, 0x03, 0xF1, 0x67, 0xFF, 0xFF, 0xF9, 0xFF, 0xDC, 0xC1,
    0xFF, 0xFF, 0x21, 0xFF, 0xFF, 0xE7, 0x7F, 0xFF, 0xBF, 0xFF, 0xFF, 0xFF, 0x7F, 0xAA, 0x24, 0xAB,
    0x52, 0x49, 0xA3, 0x40, 0x5A, 0x1A, 0x5D, 0x3A, 0x5B, 0x4A, 0x5D, 0xA9, 0x24, 0x49, 0x80, 0xA4,
    0x9A, 0xAD, 0xB6, 0xC6, 0xAD, 0x5D, 0x10, 0x13, 0x9A, 0xC8, 0x92, 0xB3, 0x69, 0x49, 0x22, 0x49,
    0x25, 0xF9, 0xDF, 0xFF, 0xFF, 0xFF, 0xEE, 0xFF, 0x2F, 0xFD, 0x2F, 0xCF, 0x77, 0xFF, 0xEF, 0xFB,
    0x77, 0xCE, 0xF8, 0xFF, 0xFE, 0x6E, 0xBF, 0xDF, 0xEF, 0x7F, 0xBF, 0xFF, 0xFF, 0xFB, 0xDF, 0x7F,
    0x54, 0x4A, 0x49, 0x29, 0x54, 0x12, 0x62, 0x56, 0xCD, 0xFB, 0xD8, 0xB6, 0xA5, 0xA6, 0x96, 0xD6,
    0x96, 0x04, 0x10, 0xC5, 0x76, 0x6B, 0xD3, 0xD6, 0x2A, 0x48, 0x55, 0x24, 0x41, 0xA3, 0xE8, 0x3D,
    0x51, 0x95, 0xA4, 0x48, 0xF9, 0xFB, 0xFF, 0xFF, 0xEF, 0xFF, 0xFF, 0x97, 0xFE, 0x7F, 0x6F, 0x77,
    0xFF, 0xFF, 0xF9, 0x67, 0xEE, 0xFB, 0xDF, 0xEF, 0x27, 0x5F, 0xFF, 0xE7, 0x7E, 0xFF, 0xFF, 0xFF,
    0xDF, 0xFD, 0xBF, 0x48, 0xAD, 0x94, 0x94, 0x25, 0x89, 0x31, 0xAD, 0xF1, 0x5E, 0xD9, 0xB6, 0x69,
    0xB2, 0xD4, 0x2A, 0xA9, 0x2A, 0x40, 0x8A, 0xB6, 0xB5, 0x69, 0xFB, 0x16, 0xAD, 0x2D, 0x28, 0xA9,
    0xBB, 0x61, 0xD9, 0x28, 0x22, 0x29, 0xA5, 0xF4, 0xFF, 0xFE, 0xFF, 0xFF, 0xFF, 0xFF, 0xEF, 0x5F,
    0xBF, 0x2E, 0x62, 0xFF, 0xFE, 0xFB, 0x7F, 0xCD, 0xF9, 0xC7, 0xBF, 0x6F, 0x7F, 0xFF, 0xF7, 0x74,
    0xFF, 0xFD, 0xFF, 0xFF, 0xFF, 0x7F, 0xAC, 0x44, 0xAA, 0x4A, 0x92, 0x92, 0x80, 0xCB, 0x52, 0xBF,
    0xEA, 0x6D, 0x55, 0x2D, 0x6B, 0x55, 0x55, 0x52, 0x02, 0x44, 0xC9, 0xDA, 0xB4, 0x2D, 0x89, 0xA0,
    0x12, 0x14, 0x22, 0x23, 0xB3, 0xB1, 0x94, 0x94, 0x94, 0x34, 0xF1, 0xFF, 0xF7, 0xEE, 0xFE, 0xFF,
    0xEF, 0xE7, 0xDF, 0x3B, 0x7F, 0x71, 0xFE, 0xFF, 0xE3, 0x4F, 0xE6, 0xE3, 0xDF, 0x7F, 0x6E, 0x3F,
    0xFF, 0x6F, 0x4B, 0xFE, 0xFF, 0xFF, 0xFF, 0x7F, 0x7F, 0x54, 0x32, 0x53, 0x25, 0x49, 0x09, 0xA1,
    0x56, 0xA7, 0xB6, 0xB5, 0x6E, 0xAB, 0x52, 0x29, 0xAD, 0xAA, 0x4D, 0x09, 0x90, 0x24, 0xAD, 0xB4,
    0xB5, 0x13, 0x52, 0x25, 0x2A, 0x51, 0xB3, 0xF2, 0x79, 0xC8, 0xAA, 0xCA, 0x12, 0xF9, 0xFF, 0xFF,
    0xFF, 0xFF, 0xFF, 0x7E, 0xEF, 0x9F, 0x35, 0x3F, 0x70, 0xFF, 0xFF, 0xB7, 0x6F, 0xE7, 0xD1, 0xBF,
    0xBF, 0x82, 0x7B, 0xFF, 0xE7, 0x27, 0xF7, 0xFF, 0xDD, 0xFF, 0xFF, 0x7F, 0x4A, 0x4D, 0x29, 0x52,
    0x55, 0x4A, 0x92, 0xA5, 0xC2, 0x6D, 0x53, 0xB7, 0x6B, 0xC9, 0x94, 0x52, 0x55, 0xA4, 0x94, 0x02,
    0x50, 0x31, 0x6D, 0x6B, 0x81, 0x84, 0x12, 0x89, 0xA2, 0x5A, 0x63, 0x59, 0x24, 0x11, 0x25, 0xAD,
    0xF1, 0xFE, 0xFF, 0xFF, 0xDF, 0xED, 0xFF, 0xAF, 0x5F, 0x63, 0x1E, 0x62, 0xFF, 0xEF, 0xCF, 0x56,
    0xD7, 0xA9, 0xDF, 0xFF, 0x64, 0x3F, 0xF7, 0xF7, 0x3F, 0xFF, 0xFF, 0xFF, 0xFF, 0xFF, 0x7F, 0xA8,
    0x48, 0x4A, 0xA9, 0x88, 0x12, 0xA1, 0x55, 0x23, 0xBF, 0xEA, 0x6A, 0x5D, 0xA5, 0xD2, 0xAA, 0x4A,
    0x52, 0x4A, 0x21, 0x8A, 0xB4, 0xDA, 0x5A, 0x6C, 0x4B, 0x11, 0x0A, 0x22, 0x33, 0xB3, 0xB5, 0x90,
    0xA4, 0xB2, 0xA4, 0xF0, 0xEF, 0xFF, 0xFF, 0xFF, 0xFF, 0xFF, 0x1F, 0xDF, 0x0D, 0x0F, 0x33, 0xF7,
    0xFF, 0x17, 0x61, 0x46, 0x29, 0x96, 0xFF, 0x23, 0x3E, 0xBF, 0xEF, 0x5F, 0xFE, 0xEF, 0xFF, 0xFF,
    0xFF, 0xBF, 0x54, 0x25, 0xA5, 0x4A, 0x52, 0x85, 0xD0, 0xCA, 0x2A, 0x55, 0xA7, 0x7D, 0xEB, 0x22,
    0x41, 0x20, 0x01, 0x00, 0x01, 0x90, 0x95, 0x6C, 0xEF, 0xAE, 0xBE, 0x07, 0x0A, 0x89, 0x45, 0xB9,
    0xE9, 0x71, 0x48, 0xAD, 0x4C, 0x55, 0xF2, 0x7F, 0xDF, 0xFF, 0xFF, 0xFF, 0xFF, 0xBF, 0x94, 0x1F,
    0xC7, 0xB3, 0x7F, 0xFF, 0xBF, 0x32, 0xAF, 0xBC, 0xC0, 0xFB, 0xE7, 0x02, 0xFF, 0xF7, 0xFF, 0xFF,
    0xFF, 0xFF, 0x7F, 0xF7, 0x7B, 0x4A, 0x54, 0x99, 0x24, 0x4B, 0x52, 0x22, 0x4D, 0x93, 0xEA, 0xD5,
    0xAD, 0x6D, 0x4B, 0x8A, 0x44, 0x90, 0x08, 0x24, 0xA0, 0x6D, 0x7B, 0x75, 0x95, 0xA4, 0x80, 0x04,
    0x84, 0x62, 0x2A, 0x63, 0x69, 0xAC, 0x4A, 0xAB, 0x4A, 0xE3, 0xFF, 0xFF, 0xDD, 0xFD, 0xFF, 0xFF,
    0x7F, 0xC2, 0x3F, 0xE5, 0xF7, 0xFF, 0x7F, 0xFF, 0x3A, 0xF7, 0xFE, 0xCA, 0xFF, 0xEF, 0xCB, 0xFF,
    0xF7, 0x7F, 0xFF, 0xFF, 0xFF, 0xF7, 0xFF, 0x7F, 0xA8, 0xAA, 0x4A, 0x95, 0xA4, 0x0A, 0xA1, 0x97,
    0x32, 0xAD, 0xEE, 0xD6, 0x76, 0x8B, 0x04, 0x00, 0x02, 0x00, 0x00, 0x69, 0x9B, 0xAE, 0xAE, 0x56,
    0x56, 0x10, 0x00, 0x8B, 0x82, 0x9A, 0xB2, 0x3A, 0x90, 0xA4, 0x54, 0xB5, 0xF0, 0xFE, 0xFF, 0xFF,
    0xFF, 0xBF, 0xF7, 0xFE, 0xE1, 0x7F, 0xF3, 0xBB, 0xFF, 0xFF, 0xFF, 0xBD, 0x77, 0xFF, 0xF1, 0xFF,
    0xFF, 0xC5, 0xFF, 0xF7, 0xFF, 0x7F, 0xFF, 0x7F, 0xFF, 0xFF, 0xBF, 0x54, 0x11, 0x51, 0x52, 0x32,
    0x95, 0x84, 0x4A, 0x61, 0x6C, 0x5B, 0x7B, 0x9B, 0x5A, 0x00, 0x00, 0x00, 0x00, 0xE8, 0xDE, 0xF6,
    0xD7, 0xDB, 0x0B, 0x01, 0x00, 0x90, 0x42, 0x45, 0xB5, 0xD9, 0x59, 0x64, 0x5B, 0xB6, 0x56, 0xE2,
    0xF7, 0xFB, 0xFF, 0xEF, 0xFE, 0xFF, 0xFF, 0xFF, 0xFF, 0xF9, 0xFF, 0xFF, 0xF7, 0xFF, 0xFF, 0xFF,
    0xFF, 0xFF, 0xDF, 0xFF, 0xFF, 0xFF, 0xFF, 0xFE, 0xFF, 0xFF, 0xFF, 0xFF, 0xBF, 0x7F, 0x48, 0x4A,
    0x2A, 0x29, 0x49, 0x22, 0x42, 0xAD, 0x30, 0xB4, 0xB5, 0xAD, 0x6D, 0x85, 0x24, 0x70, 0xFF, 0x53,
    0x50, 0xB5, 0x6D, 0x75, 0xD5, 0x0A, 0x00, 0x85, 0x48, 0x81, 0x92, 0x1C, 0xAA, 0x75, 0x5A, 0x52,
    0xCB, 0xCA, 0xE2, 0xFF, 0xFF, 0xFF, 0xFF, 0xFF, 0xFF, 0xFF, 0xFF, 0xFF, 0xFF, 0xFF, 0xEF, 0xFF,
    0xFF, 0xFF, 0xFF, 0xFF, 0xFF, 0xFF, 0xFE, 0xFF, 0xFF, 0xFF, 0xFF, 0xFF, 0xFF, 0xFD, 0xFF, 0xFF,
    0xFF, 0xA8, 0x54, 0x49, 0x49, 0x95, 0x14, 0xA1, 0x32, 0x94, 0xD6, 0x6E, 0xDB, 0x76, 0x29, 0x01,
    0xBA, 0xFB, 0x21, 0x60, 0xAB, 0x6D, 0xBB, 0x6E, 0x85, 0x14, 0x62, 0x49, 0x92, 0x21, 0x2D, 0x33,
    0x39, 0x24, 0x6B, 0x69, 0xB5, 0xE4, 0xFF, 0xDF, 0xFF, 0xFF, 0xFF, 0xFF, 0xFF, 0xFF, 0xFF, 0xFF,
    0xFF, 0xFE, 0xFE, 0xF7, 0xFF, 0xFF, 0xFF, 0xFF, 0xFF, 0xFF, 0xFF, 0xFF, 0xFF, 0xFF, 0xF7, 0xEF,
    0xFF, 0xFF, 0xFF, 0xFF, 0x54, 0x89, 0x54, 0x4A, 0x4A, 0x49, 0x44, 0x59, 0x0B, 0xC9, 0xB6, 0xED,
    0xB6, 0x5A, 0x92, 0xFC, 0xFF, 0x12, 0x91, 0x76, 0xDB, 0xDE, 0xB7, 0x27, 0x0F, 0xC1, 0xA0, 0x42,
    0x81, 0x1A, 0x99, 0x29, 0xA4, 0x95, 0x36, 0xAD, 0xA2, 0x7F, 0xFF, 0x77, 0xFF, 0xF7, 0xFE, 0xEE,
    0xBF, 0xFB, 0xFF, 0xFF, 0xFF, 0xFF, 0xFF, 0xFF, 0xFF, 0xFF, 0xFF, 0xFF, 0xEF, 0xFF, 0xDF, 0xFF,
    0xFB, 0xFF, 0xFF, 0xFF, 0xBF, 0xFB, 0x7F, 0xA8, 0x52, 0x92, 0x52, 0xA2, 0x24, 0x22, 0xD9, 0x05,
    0x64, 0xDB, 0xB6, 0x6D, 0xD7, 0x5B, 0xE8, 0xFF, 0x5B, 0x48, 0xDA, 0xB6, 0x55, 0x69, 0x51, 0x0F,
    0xA4, 0x92, 0xC8, 0x92, 0x1C, 0xAA, 0x35, 0xD8, 0x6A, 0xAD, 0x53, 0xE2, 0xFD, 0xFF, 0xFF, 0xFF,
    0xFF, 0xF7, 0xFF, 0xFF, 0xDF, 0xBF, 0xFE, 0xFF, 0x7F, 0xFF, 0xFF, 0xFF, 0xFF, 0xFF, 0xFD, 0xFF,
    0xFF, 0xFE, 0xFE, 0xB7, 0xFF, 0xFF, 0xFF, 0xFF, 0xFF, 0xFD, 0x4C, 0xA4, 0xAA, 0x24, 0x29, 0x4A,
    0xC4, 0xAC, 0x20, 0xC9, 0xB6, 0x6D, 0xDB, 0xBA, 0x2F, 0x92, 0xDA, 0x21, 0x5A, 0xAD, 0xED, 0xEE,
    0xBE, 0xB1, 0x6E, 0x60, 0x51, 0x49, 0x41, 0x14, 0x93, 0x34, 0x2A, 0xAD, 0xD2, 0x5A, 0xE5, 0xEF,
    0xFF, 0xFF, 0xBF, 0xFF, 0xFF, 0xFF, 0xFF, 0xFF, 0x7F, 0xFF, 0x7F, 0x8B, 0xFF, 0x7E, 0xEF, 0xED,
    0xFF, 0xFF, 0xFE, 0xC6, 0xFF, 0xAB, 0xF7, 0x7F, 0xFF, 0xDF, 0xFD, 0xFF, 0xFF, 0x52, 0x2A, 0x11,
    0x95, 0x4A, 0x25, 0x41, 0xD2, 0x82, 0x94, 0xB5, 0x6D, 0xDB, 0xD6, 0x7D, 0x48, 0xED, 0x1A, 0x91,
    0x6C, 0xDB, 0xB6, 0xD6, 0xD2, 0x2A, 0xC0, 0xA8, 0xA4, 0x92, 0x2C, 0x99, 0x29, 0xA5, 0xD5, 0x6E,
    0x8D, 0xA2, 0xFF, 0xFB, 0xFE, 0xFB, 0xFF, 0xFF, 0x5F, 0xFB, 0xFF, 0x75, 0xFE, 0xF7, 0x92, 0x2D,
    0xF7, 0xFF, 0xFF, 0xDF, 0x1F, 0xF9, 0xA1, 0x7F, 0x45, 0xF7, 0xFB, 0xFF, 0xFF, 0xFF, 0xFF, 0x7F,
    0xA8, 0x45, 0x55, 0x49, 0x91, 0x90, 0xA8, 0x58, 0x41, 0xC0, 0x6D, 0xDB, 0xB6, 0x6D, 0x5B, 0x24,
    0xB5, 0x53, 0x68, 0xDA, 0xB6, 0x6D, 0x6B, 0x41, 0x95, 0xA0, 0x41, 0x62, 0x24, 0x99, 0xCA, 0x18,
    0xDA, 0x6A, 0xB5, 0xB6, 0xC4, 0xFF, 0xFF, 0xFF, 0xFF, 0xFF, 0xFF, 0xAF, 0x7F, 0xFF, 0x7A, 0xF7,
    0x7E, 0x04, 0x13, 0xFA, 0xFF, 0xFD, 0xDB, 0x07, 0xF4, 0x10, 0xB7, 0x01, 0xF7, 0xFD, 0x7F, 0xFF,
    0xFF, 0xDF, 0xFF, 0x54, 0xA8, 0xA8, 0x48, 0x54, 0x2A, 0x49, 0x61, 0x18, 0xC8, 0xB6, 0x6D, 0xDB,
    0xB6, 0x2E, 0x91, 0x88, 0xA4, 0x48, 0xB6, 0x6D, 0xDB, 0x5D, 0x33, 0x4D, 0x40, 0x51, 0x51, 0x50,
    0x4C, 0xC9, 0x14, 0x25, 0xB5, 0x56, 0x5B, 0xA5, 0xFF, 0xFF, 0xDF, 0xFF, 0xBB, 0xBF, 0x07, 0x7C,
    0x7B, 0xE0, 0x7E, 0xBF, 0x2B, 0x82, 0xF8, 0xFF, 0xFB, 0xD9, 0xFE, 0x71, 0x5E, 0xB3, 0x3F, 0xF6,
    0xFE, 0xFF, 0xFF, 0xFF, 0xFF, 0x7F, 0x48, 0x55, 0x0A, 0xA5, 0x2A, 0x95, 0xC4, 0x62, 0x1D, 0x95,
    0xDA, 0xF6, 0x5B, 0xDB, 0xF7, 0x49, 0x48, 0x02, 0x90, 0x6E, 0xDB, 0xB6, 0xAA, 0x91, 0x08, 0xB4,
    0xA9, 0x51, 0x46, 0x48, 0x4D, 0x2D, 0x6A, 0x5B, 0xAB, 0xA5, 0x8A, 0x7F, 0xDF, 0xFF, 0xFF, 0xFF,
    0xFD, 0x73, 0xB8, 0x3C, 0xCC, 0x7E, 0xFE, 0x7F, 0x74, 0xF1, 0xF7, 0xB3, 0x59, 0xFD, 0x3B, 0x7E,
    0x97, 0xFF, 0xF6, 0xFB, 0xFB, 0xFF, 0xEF, 0xFD, 0xFD, 0xA8, 0x22, 0xA5, 0x4A, 0x22, 0x49, 0x91,
    0x72, 0x0C, 0xCC, 0x6D, 0xDB, 0xB6, 0xB5, 0xDD, 0x8A, 0x4A, 0x52, 0x7A, 0xDB, 0xB6, 0xDB, 0xDD,
    0x28, 0x92, 0xDA, 0x90, 0x28, 0x60, 0xB4, 0xCA, 0x34, 0x95, 0xAA, 0x75, 0xDB, 0x84, 0xFB, 0xFF,
    0xFF, 0xBF, 0xFF, 0xFF, 0xF3, 0x34, 0x1D, 0x9B, 0xFD, 0xFE, 0x3F, 0xFA, 0x79, 0xFF, 0xFB, 0xD8,
    0xFD, 0x77, 0x3F, 0xDB, 0xFF, 0xF6, 0xF9, 0xFF, 0xFF, 0xFF, 0xFF, 0x7F, 0x54, 0x94, 0x52, 0x91,
    0x94, 0x52, 0x22, 0x49, 0xB5, 0xCA, 0xB6, 0xED, 0xFF, 0x6E, 0xBB, 0x6D, 0x23, 0xAD, 0xDD, 0xB6,
    0xBB, 0x6D, 0x6B, 0xB5, 0x25, 0x4B, 0x91, 0x58, 0x46, 0x28, 0x8F, 0x19, 0x6D, 0xD5, 0xAD, 0x5A,
    0x95, 0xFF, 0xFF, 0xFD, 0xFD, 0xFF, 0xFF, 0x3F, 0xF0, 0x19, 0xFF, 0x7A, 0xFE, 0x3F, 0xFF, 0xFE,
    0xFF, 0xE7, 0x9C, 0xFD, 0x33, 0xFF, 0xB7, 0xFF, 0xE6, 0xFD, 0xFF, 0xEF, 0xFF, 0xFF, 0xFF, 0x24,
    0xAA, 0x94, 0x54, 0x49, 0x89, 0x90, 0x66, 0x1A, 0x4F, 0xB5, 0xB6, 0x6D, 0xB7, 0xEF, 0xF7, 0x9D,
    0x6E, 0xAF, 0x6D, 0x6D, 0xDB, 0xB6, 0x69, 0xDB, 0xB5, 0x61, 0x14, 0x21, 0x98, 0xC6, 0x0C, 0xC9,
    0x6E, 0x56, 0xA7, 0x2A, 0xEF, 0xFB, 0xFF, 0xFF, 0xFF, 0xDF, 0x07, 0x20, 0xCD, 0x7F, 0x7C, 0xFF,
    0x3F, 0xFE, 0xFD, 0xDF, 0x3F, 0xDE, 0x9D, 0x7B, 0x7E, 0x37, 0xFF, 0xF6, 0xBB, 0xFF, 0xFF, 0xFF,
    0xFF, 0x7F, 0xA8, 0x45, 0x4A, 0xAA, 0x92, 0x24, 0x25, 0xD2, 0x0C, 0x93, 0xDB, 0xB6, 0xFF, 0xDB,
    0x75, 0xAD, 0x56, 0xDB, 0xF2, 0xB6, 0xDB, 0xB6, 0x5D, 0x51, 0x55, 0x6A, 0x21, 0x0A, 0x41, 0x61,
    0xCD, 0x84, 0x32, 0xAB, 0xB6, 0xD9, 0x04, 0xFF, 0xFF, 0xDF, 0xFF, 0xF7, 0xFF, 0x8B, 0xA6, 0xED,
    0x7F, 0x79, 0xDF, 0x3F, 0xFE, 0xFD, 0xFF, 0x17, 0xDE, 0x7D, 0xF2, 0x38, 0xB3, 0x6B, 0xF6, 0xFA,
    0x7F, 0x7F, 0xFF, 0xDF, 0xFF, 0x54, 0x52, 0xA5, 0x12, 0x4A, 0x2A, 0x29, 0x49, 0xB5, 0x95, 0x6D,
    0xDB, 0xB6, 0x7D, 0xBB, 0xDE, 0xBB, 0xB5, 0x5D, 0xBB, 0x6D, 0xDB, 0xB7, 0xB9, 0x6B, 0x9B, 0x52,
    0x88, 0x22, 0x30, 0x47, 0x15, 0xAD, 0x55, 0x6B, 0x6D, 0x32, 0xFF, 0xDF, 0xFF, 0xBF, 0xFF, 0xFE,
    0xE1, 0x3F, 0xE3, 0xFF, 0x38, 0xFF, 0x15, 0xFD, 0xFD, 0xFF, 0x1F, 0xCF, 0x5D, 0xF0, 0x7B, 0xB7,
    0x95, 0xE6, 0xFA, 0xFF, 0xFF, 0xBF, 0xFF, 0x7B, 0x5A, 0x29, 0x92, 0xA4, 0x51, 0x91, 0x44, 0x9C,
    0x99, 0xCD, 0xB6, 0x6D, 0xFF, 0xEF, 0xDE, 0x77, 0xED, 0x6E, 0xDB, 0xD6, 0xB6, 0xED, 0xBA, 0x69,
    0xB5, 0xB5, 0x11, 0x86, 0x90, 0x28, 0xC6, 0x84, 0xD5, 0xBA, 0xB5, 0x56, 0x1B, 0x7E, 0xFF, 0xFF,
    0xFB, 0xFF, 0xFF, 0xFD, 0x3F, 0xE3, 0xEF, 0x36, 0xFF, 0x80, 0xFA, 0xFC, 0xFD, 0x8F, 0xDF, 0xFD,
    0xF3, 0x25, 0x57, 0x0B, 0xF6, 0xFC, 0xFB, 0xFF, 0xFF, 0xFF, 0x3F, 0xA4, 0x94, 0x59, 0x49, 0x2A,
    0x4A, 0x52, 0x22, 0x19, 0x1B, 0xDB, 0xB6, 0xDB, 0xFE, 0xED, 0xEA, 0x76, 0xDB, 0xB6, 0xBB, 0x6D,
    0x5B, 0x6F, 0xD1, 0x9A, 0xDA, 0x20, 0x45, 0xA0, 0x30, 0x46, 0x09, 0x52, 0xAD, 0x56, 0xAB, 0x25,
    0xFD, 0xFF, 0xFB, 0xFF, 0xFF, 0xDF, 0xFD, 0x7B, 0xC7, 0xFF, 0x36, 0xFF, 0x9B, 0xF9, 0xDD, 0xFF,
    0x8F, 0xCF, 0xF9, 0xF7, 0x0F, 0x73, 0x6F, 0x06, 0xF8, 0xFF, 0xFF, 0xFD, 0xFF, 0x7F, 0x54, 0xA5,
    0x24, 0x92, 0x44, 0x49, 0xA2, 0x98, 0xAA, 0x96, 0x6D, 0xFB, 0xF6, 0xB7, 0xB7, 0xBD, 0xBB, 0xB7,
    0x6D, 0x6D, 0xDB, 0xB6, 0xB5, 0xB5, 0xD6, 0xAD, 0x44, 0x42, 0x44, 0x28, 0x43, 0x84, 0x6D, 0xD3,
    0xAA, 0xB5, 0x54, 0xFE, 0xFF, 0xFF, 0xFF, 0xDD, 0xFF, 0xF9, 0x37, 0xC3, 0xFF, 0x9A, 0xFF, 0xBF,
    0xF3, 0xFD, 0xFF, 0x17, 0xDF, 0xFD, 0xF3, 0x0F, 0x37, 0x7F, 0xA6, 0xFC, 0xFF, 0xEF, 0xFF, 0xFF,
    0x3F, 0x4A, 0x28, 0x49, 0x95, 0xA4, 0x24, 0x09, 0x31, 0x32, 0x0D, 0x6B, 0x5B, 0x7D, 0xFB, 0xFE,
    0x77, 0xAF, 0x6D, 0xDB, 0xD6, 0xB6, 0xED, 0x7E, 0xD3, 0xB6, 0xD6, 0x04, 0x31, 0x90, 0x94, 0x86,
    0xC8, 0x36, 0x6D, 0xD5, 0x5A, 0x2B, 0xEC, 0xBB, 0x7F, 0xFF, 0xFF, 0xFF, 0xF5, 0xAF, 0xC7, 0x7D,
    0x96, 0xF7, 0x9E, 0xE7, 0xFC, 0xDF, 0xE3, 0xCE, 0xCD, 0xF7, 0x03, 0x73, 0x7C, 0xF6, 0xFB, 0xBF,
    0xFF, 0xFF, 0xF7, 0x7F, 0xA8, 0x95, 0x2A, 0x49, 0x52, 0x92, 0x45, 0x61, 0xA6, 0x90, 0xB6, 0xAD,
    0xAB, 0xDF, 0xDB, 0xDE, 0x76, 0xDB, 0xB6, 0xBB, 0xED, 0xDE, 0xD7, 0x62, 0x5B, 0x6B, 0xA2, 0x00,
    0x42, 0x20, 0xC5, 0x44, 0xCA, 0xAA, 0x6E, 0xAD, 0xA4, 0xFC, 0xFF, 0xFF, 0xEF, 0xFF, 0xFB, 0xEB,
    0x6F, 0x97, 0xFF, 0x96, 0xFF, 0xB2, 0xDF, 0xFE, 0xFF, 0xE3, 0xCC, 0x93, 0xF3, 0x21, 0x79, 0xF2,
    0xF5, 0xFB, 0xFF, 0xFF, 0xBF, 0x7F, 0x3F, 0x2C, 0x4A, 0x91, 0x4A, 0x29, 0xA5, 0x28, 0x44, 0x75,
    0x15, 0xDB, 0xF6, 0xF6, 0xFD, 0xFF, 0x6F, 0xDB, 0xB6, 0x6D, 0x6D, 0xDB, 0xF6, 0xBA, 0xB5, 0xAA,
    0x6D, 0x85, 0x10, 0x82, 0x28, 0x52, 0x40, 0xDB, 0x56, 0xAB, 0x6A, 0x95, 0xF8, 0xFF, 0xF7, 0xFF,
    0xFF, 0xFF, 0x63, 0x27, 0x73, 0x7F, 0xC2, 0xFF, 0x35, 0x4F, 0xFD, 0xFD, 0xF8, 0xD5, 0x3D, 0xFA,
    0x31, 0x39, 0x63, 0xE6, 0xF9, 0xFF, 0xFF, 0xFF, 0xFF, 0x7F, 0x46, 0xA4, 0x94, 0xA4, 0x24, 0x49,
    0x92, 0xC4, 0xD8, 0x2A, 0xAD, 0xB6, 0x6D, 0x6F, 0xDB, 0xB6, 0xEF, 0x6D, 0xDB, 0xB6, 0xB7, 0xB5,
    0x7D, 0xB3, 0xDD, 0x5A, 0x42, 0x08, 0xA1, 0x10, 0x4B, 0xA4, 0x2D, 0x6B, 0xD5, 0x56, 0x25, 0x79,
    0xFF, 0xFF, 0xFF, 0xBF, 0xFF, 0x9F, 0x93, 0x3B, 0x1B, 0xA7, 0xFF, 0x8F, 0x7F, 0xFE, 0xFF, 0xF8,
    0xCB, 0xF9, 0x72, 0x7C, 0x31, 0x0F, 0xF2, 0xFB, 0xFE, 0xFF, 0xFD, 0xFF, 0x3F, 0xB2, 0x92, 0x4A,
    0x49, 0x4A, 0x49, 0x4A, 0xA2, 0x95, 0x95, 0x76, 0x6B, 0xBF, 0xF7, 0x7E, 0xFF, 0x75, 0xDB, 0xB6,
    0xDB, 0xDA, 0x6E, 0xD7, 0x52, 0xB5, 0x36, 0x21, 0x02, 0x44, 0x20, 0x51, 0xC4, 0x64, 0xB5, 0x56,
    0xB5, 0x92, 0xF8, 0xBF, 0xFF, 0xBF, 0xFB, 0xDF, 0x8F, 0x32, 0x33, 0x1E, 0xC7, 0xFF, 0x87, 0x7F,
    0xDC, 0xFF, 0xFC, 0xC3, 0xFD, 0x30, 0x3E, 0x31, 0x4F, 0xF5, 0xFB, 0xFF, 0xFB, 0xFF, 0xFF, 0x7F,
    0x54, 0xAA, 0x24, 0x25, 0xA5, 0x24, 0x25, 0x11, 0xEB, 0x3A, 0xDB, 0xB6, 0xD5, 0xDA, 0xEF, 0xAD,
    0xBA, 0x6E, 0xDB, 0xB6, 0x6D, 0xDF, 0xED, 0xC5, 0x56, 0xDB, 0x14, 0x21, 0x22, 0x02, 0x29, 0x42,
    0xB6, 0x96, 0x69, 0xDB, 0x5A, 0xF1, 0xF7, 0xBF, 0xFD, 0xFF, 0xFF, 0x3F, 0x70, 0xF8, 0x80, 0xE7,
    0xF7, 0x3F, 0xFF, 0xFC, 0x7F, 0xFC, 0x27, 0xFC, 0x3B, 0xFF, 0x8F, 0x3F, 0xFF, 0xFB, 0xF7, 0xFF,
    0xFF, 0xFF, 0x3F, 0x4A, 0x48, 0x92, 0x92, 0x52, 0xAA, 0x92, 0x88, 0x59, 0x2D, 0x54, 0xDB, 0xEE,
    0xFD, 0xB6, 0x77, 0xDF, 0xB7, 0x6D, 0x6D, 0xB7, 0xB5, 0x7B, 0xEB, 0xB6, 0x55, 0x02, 0x80, 0x42,
    0xA0, 0x18, 0x60, 0xAB, 0xDA, 0xB6, 0x56, 0x89, 0xE4, 0xFF, 0xFF, 0xFF, 0xFF, 0xFD, 0xFF, 0xFD,
    0xFF, 0xF7, 0xEF, 0xFF, 0xFF, 0x7F, 0xFB, 0x7F, 0xFF, 0xFF, 0xFE, 0xFB, 0xFF, 0xFF, 0x7F, 0xFE,
    0xFB, 0xFF, 0xFF, 0xFF, 0xFD, 0x3F, 0xA4, 0x24, 0xA9, 0x54, 0x29, 0x45, 0x92, 0x24, 0xAC, 0x35,
    0xBB, 0xB5, 0xBB, 0x6E, 0xFF, 0xDF, 0x6B, 0x59, 0xDB, 0xB6, 0x6D, 0xFB, 0xAE, 0x25, 0x6B, 0xBB,
    0x44, 0x12, 0x51, 0x12, 0x09, 0xA8, 0x54, 0x2B, 0x55, 0x29, 0x6D, 0xF2, 0x7E, 0xFB, 0xFF, 0xFF,
    0xFF, 0xFF, 0xFE, 0xFF, 0xFF, 0xFF, 0xFF, 0x7F, 0xFF, 0xFB, 0xFB, 0xFF, 0xFF, 0xFF, 0xDF, 0xFF,
    0xFF, 0x7F, 0xFF, 0xFB, 0xBF, 0xDF, 0xEF, 0x7F, 0x7F, 0x56, 0x40, 0x49, 0x25, 0x49, 0x29, 0x49,
    0x12, 0xD6, 0xAA, 0x6C, 0xDB, 0x6D, 0xDB, 0x77, 0xBB, 0xBD, 0xEF, 0x6E, 0xB7, 0x6D, 0xAF, 0xDD,
    0xCD, 0xB5, 0x56, 0x22, 0x90, 0x20, 0x82, 0x50, 0x92, 0x6A, 0xD5, 0x6A, 0xDB, 0x2A, 0xE1, 0xFF,
    0xFF, 0xF7, 0xDE, 0xFF, 0xFE, 0xFF, 0xFF, 0xFF, 0xFF, 0xBF, 0xFF, 0xF7, 0xDF, 0xFF, 0xDF, 0xFF,
    0xFF, 0xFF, 0xFF, 0xFF, 0xFF, 0xEF, 0xFB, 0xFF, 0xFF, 0xFF, 0xFF, 0x3F, 0x29, 0xAA, 0x54, 0x92,
    0x94, 0x24, 0x25, 0x49, 0x51, 0x6D, 0x94, 0xAD, 0xDD, 0xF7, 0xBA, 0x7F, 0xDB, 0xB6, 0x75, 0xDB,
    0xDA, 0x76, 0x77, 0xAB, 0x5A, 0xAB, 0x12, 0x88, 0x08, 0x81, 0x4C, 0x50, 0xA5, 0x6A, 0xAB, 0xB6,
    0x94, 0xC4, 0xFF, 0xFF, 0xFF, 0xFF, 0xEF, 0xFF, 0x7F, 0xFF, 0xFF, 0xBF, 0xFB, 0xFF, 0xFF, 0xFF,
    0xFF, 0xFF, 0xFE, 0xFF, 0xFF, 0xDF, 0xFF, 0xFF, 0xFF, 0xFF, 0xFF, 0xFF, 0xFF, 0xFF, 0x3F, 0xA5,
    0x52, 0x4A, 0x52, 0x52, 0x92, 0x4A, 0x22, 0xAC, 0xB6, 0xEC, 0xD6, 0xEE, 0xAC, 0xFD, 0xD6, 0x6E,
    0x5B, 0xBB, 0x6D, 0xB7, 0xDB, 0xBB, 0x4D, 0xCD, 0x5A, 0x81, 0x00, 0x21, 0x92, 0x24, 0xC8, 0x5A,
    0x35, 0x55, 0xA9, 0x76, 0xC9, 0xFF, 0xDF, 0xFF, 0xFF, 0xFF, 0xF7, 0xFF, 0xFF, 0xFF, 0xFF, 0xFF,
    0x3D, 0xFD, 0xFF, 0xFF, 0xFF, 0xF7, 0xDF, 0xFF, 0xFD, 0x4F, 0xFF, 0xFF, 0xFF, 0xFF, 0xFF, 0xFF,
    0xFF, 0xBF, 0x54, 0x24, 0x25, 0x95, 0xAA, 0xAA, 0x24, 0x24, 0xD1, 0x4A, 0xB4, 0xDA, 0x76, 0x77,
    0xD7, 0xBB, 0xF7, 0xEF, 0xCE, 0xB6, 0xDA, 0xBD, 0xDD, 0x97, 0xEB, 0x56, 0x04, 0x88, 0x90, 0x42,
    0x50, 0x52, 0xD5, 0xAA, 0xED, 0x56, 0x29, 0x85, 0xEF, 0xFF, 0xFF, 0x7F, 0xFF, 0xFF, 0xFB, 0xFF,
    0x5D, 0xFB, 0xFF, 0x37, 0xB2, 0xFF, 0xBF, 0xFF, 0xFF, 0xFE, 0xFF, 0xFF, 0x93, 0xFC, 0xFF, 0xFF,
    0xFE, 0xFF, 0xFE, 0xF7, 0x1F, 0x53, 0x4A, 0xA9, 0xA4, 0x14, 0x49, 0x92, 0x92, 0x68, 0x2D, 0x51,
    0xB7, 0xB6, 0xDF, 0xB6, 0x7D, 0xBB, 0xDA, 0x76, 0x6B, 0xDB, 0xEE, 0xEE, 0x3A, 0x35, 0xAD, 0x12,
    0x09, 0x09, 0x81, 0x2C, 0xA8, 0xAA, 0x6A, 0x35, 0xB5, 0xAD, 0x52, 0x7F, 0xFF, 0x77, 0xF7, 0xFF,
    0xFF, 0xFF, 0xFF, 0x2F, 0xFE, 0xFF, 0x9F, 0xE8, 0xDF, 0xFD, 0xF5, 0xFF, 0xBF, 0xFF, 0xEF, 0x01,
    0xFA, 0xBF, 0xFF, 0xFF, 0xFB, 0xBF, 0xFF, 0x1F, 0xAA, 0x55, 0x52, 0x4A, 0xA2, 0x24, 0x29, 0x49,
    0x6A, 0x95, 0xD8, 0x6A, 0xBB, 0xB5, 0xED, 0xD6, 0x6D, 0xB7, 0xB6, 0xB6, 0x6D, 0x6B, 0x77, 0x17,
    0xDB, 0x36, 0x81, 0xC0, 0x20, 0x42, 0x24, 0x94, 0x6D, 0xB5, 0x52, 0xDB, 0x54, 0x22, 0xFF, 0x7B,
    0xFF, 0xFF, 0xBF, 0xBF, 0xBF, 0xDB, 0x0F, 0xBC, 0xFB, 0x07, 0x92, 0xEF, 0x7F, 0xE8, 0xCF, 0x7F,
    0xBB, 0x92, 0xF9, 0xF5, 0xFD, 0xFF, 0xDF, 0xFF, 0xFF, 0x7F, 0x9F, 0x54, 0xA4, 0x24, 0x25, 0x29,
    0x55, 0x95, 0x44, 0xA2, 0x4B, 0xA8, 0xDA, 0xD6, 0xED, 0x7B, 0xEF, 0xDE, 0x6D, 0xDB, 0x6D, 0xDB,
    0x7D, 0xDB, 0xB7, 0xAD, 0x55, 0x81, 0x20, 0x14, 0x41, 0x20, 0x54, 0x55, 0x57, 0xDB, 0xAA, 0x6A,
    0x15, 0xFF, 0xFF, 0xFF, 0xFF, 0xFB, 0xFF, 0xFF, 0xFF, 0xC7, 0x5A, 0xD4, 0xA0, 0x0C, 0xDD, 0x3D,
    0xE2, 0x07, 0x9E, 0x5F, 0x81, 0xFC, 0xF3, 0xFF, 0xF7, 0xFF, 0xFF, 0xFF, 0xFF, 0x1F, 0x25, 0x2A,
    0x25, 0x29, 0x49, 0x92, 0x52, 0x92, 0xD2, 0x1A, 0xD1, 0x6D, 0x6D, 0xBB, 0xB6, 0x75, 0xB7, 0xDB,
    0x6D, 0xBB, 0x6D, 0xDB, 0xFA, 0x3A, 0xD6, 0xAA, 0x42, 0x88, 0x40, 0x22, 0x26, 0xA8, 0xDA, 0x6A,
    0x6D, 0x65, 0xAD, 0x28, 0xFD, 0xFF, 0xFF, 0xFF, 0xFF, 0xFD, 0xFF, 0xFF, 0xE3, 0x59, 0xC9, 0xD9,
    0xBA, 0xDE, 0x1C, 0xD5, 0x83, 0x3E, 0x7F, 0x4D, 0xFE, 0xF3, 0xFF, 0xFF, 0xFF, 0xFF, 0xFF, 0xFF,
    0x8F, 0xAA, 0x92, 0x92, 0x94, 0x54, 0x29, 0x49, 0xA9, 0x44, 0x8A, 0xA9, 0xAA, 0xF6, 0xB6, 0xDD,
    0xDB, 0xF6, 0xB6, 0xDA, 0x56, 0xDB, 0x6E, 0x69, 0x2F, 0xB5, 0xB6, 0x20, 0x92, 0x48, 0x02, 0x21,
    0x56, 0x2B, 0xB5, 0xA4, 0xB6, 0x52, 0x45, 0xEE, 0xFF, 0xEF, 0xBD, 0xFF, 0xEF, 0xFE, 0xFF, 0xF1,
    0xB5, 0x80, 0xFC, 0x39, 0xEC, 0x0D, 0x8F, 0xF1, 0xFC, 0xE7, 0x7F, 0xFC, 0xF5, 0xFF, 0xFF, 0xFF,
    0xDF, 0xFB, 0xFF, 0x4F, 0x55, 0x49, 0xA9, 0x4A, 0x25, 0x4A, 0xAA, 0x24, 0x25, 0xC6, 0x55, 0xDD,
    0x55, 0xDF, 0x6E, 0xBD, 0xBB, 0x6D, 0xB7, 0xED, 0x4D, 0xB7, 0xFD, 0xDB, 0xAC, 0x55, 0x91, 0x40,
    0x04, 0x01, 0x22, 0x48, 0xD5, 0x56, 0xDB, 0x5A, 0xAD, 0x52, 0x7C, 0xEF, 0xFE, 0xFF, 0xFF, 0xFF,
    0x77, 0xFF, 0xFD, 0xF3, 0x3F, 0xFE, 0x73, 0xC8, 0xC4, 0x7F, 0xFB, 0x19, 0xEF, 0xFF, 0xB8, 0xF7,
    0xFF, 0xFF, 0xFD, 0xFF, 0xFF, 0xFB, 0x1F, 0xA9, 0xA4, 0x54, 0x52, 0x92, 0x92, 0x92, 0x4A, 0x92,
    0x82, 0xA8, 0x67, 0xAD, 0xEB, 0xD6, 0xD6, 0x6D, 0xB7, 0xDB, 0x6E, 0x4D, 0x7B, 0xBB, 0x6D, 0x6E,
    0xAD, 0x40, 0x60, 0xA0, 0x20, 0x11, 0xB6, 0xAA, 0x6A, 0x5B, 0xA5, 0x55, 0x99, 0xFC, 0xFF, 0xFF,
    0xFF, 0xF7, 0xFF, 0xFF, 0xEF, 0xF9, 0xF3, 0x9F, 0xFC, 0xBB, 0xEB, 0xED, 0xBF, 0xFD, 0xB7, 0xE7,
    0xBF, 0xF6, 0xF3, 0xEF, 0xFE, 0xFF, 0xFE, 0xDF, 0xFF, 0x87, 0x54, 0x56, 0x12, 0x29, 0x49, 0x29,
    0x49, 0x52, 0x12, 0xE0, 0xC9, 0xB4, 0x6A, 0x6D, 0xBB, 0xFB, 0xDE, 0x6D, 0xB5, 0xB5, 0x96, 0xDB,
    0xF6, 0x7F, 0x54, 0x6B, 0x29, 0x54, 0x44, 0x02, 0x02, 0x56, 0x5B, 0xB5, 0xAA, 0xB6, 0x56, 0x26,
    0xFA, 0xFF, 0xFF, 0xFF, 0xFF, 0xFF, 0xFF, 0xFF, 0xFD, 0xF7, 0xDF, 0xFC, 0x3B, 0xD3, 0xE4, 0x7F,
    0xFE, 0x33, 0xEF, 0x7F, 0xF3, 0xB7, 0xFF, 0xDF, 0xFF, 0xFF, 0xFF, 0xBF, 0xCF, 0xA6, 0x22, 0xA9,
    0x94, 0x2A, 0x49, 0xA9, 0x92, 0x2A, 0xF9, 0x55, 0xAE, 0xDD, 0xB6, 0xDD, 0xAD, 0xD6, 0xDA, 0xDE,
    0xB6, 0xCB, 0x6E, 0x7F, 0xAB, 0xEC, 0x96, 0x50, 0x28, 0x42, 0x00, 0x91, 0x49, 0x65, 0x5B, 0x6D,
    0x5B, 0xA9, 0x92, 0xF8, 0xFD, 0x77, 0x77, 0xBF, 0xFF, 0xFF, 0xFF, 0xF9, 0xF7, 0xBF, 0xFA, 0xBB,
    0xC7, 0xF4, 0xFF, 0xFE, 0xB7, 0x43, 0x2A, 0xCF, 0xF7, 0xFF, 0xFF, 0xFF, 0xFF, 0xFF, 0xFF, 0x4F,
    0x52, 0xA9, 0x4A, 0x49, 0x92, 0xA4, 0x94, 0x94, 0xA4, 0x72, 0xB1, 0xD6, 0x56, 0xFB, 0x6E, 0xDB,
    0x7B, 0xB7, 0x6B, 0xDB, 0x62, 0xB7, 0xDB, 0xDD, 0xB6, 0x6A, 0x48, 0x50, 0xA0, 0x80, 0x88, 0xEC,
    0xB4, 0xAA, 0x55, 0xA5, 0x6D, 0x25, 0xF1, 0x7F, 0xFF, 0xFF, 0xFF, 0xFF, 0xEF, 0xFD, 0xF1, 0x77,
    0x13, 0xF3, 0xBB, 0x6F, 0xF1, 0xFF, 0xFD, 0xB7, 0xA7, 0x00, 0x2F, 0xF3, 0xFF, 0xFF, 0xEF, 0xFF,
    0xFF, 0xFF, 0x47, 0xB2, 0x54, 0x91, 0xA4, 0x54, 0x2A, 0x25, 0x49, 0x52, 0xD8, 0x32, 0xB3, 0xB5,
    0x5A, 0xDB, 0x76, 0xAD, 0x6D, 0xB5, 0x6D, 0xEB, 0xFB, 0xFD, 0xDF, 0xB0, 0x36, 0x28, 0x28, 0x54,
    0x40, 0x02, 0x26, 0x5B, 0xD5, 0xB2, 0xB6, 0x9A, 0x2A, 0xE1, 0xEF, 0xFF, 0xFF, 0xFF, 0x77, 0xFF,
    0xFF, 0xAF, 0xF7, 0x81, 0xD5, 0x7B, 0x6F, 0xEC, 0xFF, 0xEC, 0x6B, 0xE3, 0x26, 0x7F, 0xF1, 0xFF,
    0xFF, 0xFF, 0xDF, 0xFF, 0xFF, 0xA7, 0x4D, 0x0A, 0x4A, 0x25, 0x25, 0x45, 0x92, 0x24, 0x29, 0xB3,
    0x6B, 0x6D, 0x6D, 0xB7, 0xB7, 0xBD, 0x77, 0xDB, 0x6E, 0xDB, 0x66, 0xAD, 0x6E, 0x6B, 0xDD, 0x15,
    0x4A, 0x14, 0x21, 0x90, 0x90, 0xD5, 0xAA, 0x6D, 0xDD, 0x5A, 0xD5, 0xD4, 0xD4, 0xFF, 0xFF, 0xFF,
    0xFD, 0xFF, 0xFF, 0xFF, 0xC7, 0x72, 0x94, 0xAF, 0x39, 0x57, 0xE4, 0xFB, 0xFF, 0x2F, 0xE3, 0x37,
    0xFF, 0xF0, 0xFB, 0xFF, 0xFF, 0xFF, 0xFF, 0xFD, 0x43, 0xA4, 0x61, 0xA5, 0x52, 0x92, 0x52, 0x92,
    0xAA, 0x8A, 0xE2, 0xA3, 0xB6, 0xB6, 0xED, 0xED, 0x6E, 0xBB, 0xED, 0xB6, 0x6D, 0xA3, 0xDE, 0xFB,
    0xBE, 0xA9, 0x5A, 0x14, 0x2A, 0x28, 0x21, 0x81, 0x6A, 0xB5, 0x56, 0x56, 0xCB, 0xB6, 0xAA, 0xC4,
    0xFF, 0xEF, 0xFD, 0xEF, 0xFF, 0xFB, 0xEF, 0x1F, 0xF1, 0x9F, 0x5F, 0xB8, 0x4F, 0xC4, 0xFF, 0xFC,
    0x77, 0xE1, 0x7F, 0xFF, 0xF0, 0xFF, 0x7D, 0xFF, 0xFE, 0xFD, 0xFF, 0xA3, 0x52, 0x94, 0x10, 0x49,
    0x52, 0x28, 0x49, 0x12, 0x51, 0x60, 0x65, 0x5B, 0xD7, 0xB4, 0xBA, 0xB5, 0x5D, 0x5B, 0xB5, 0x6D,
    0xD3, 0xE2, 0xB6, 0xD7, 0xD4, 0x26, 0x10, 0x92, 0x54, 0x40, 0x42, 0x95, 0x56, 0xA9, 0xAA, 0xB4,
    0x5A, 0x55, 0xE2, 0xFD, 0xFE, 0xEF, 0x7F, 0x9F, 0x67, 0xFD, 0x1F, 0xB8, 0x9F, 0x2F, 0xB8, 0x1F,
    0x5D, 0xFF, 0xFD, 0x2F, 0xCC, 0x3F, 0x7F, 0xF2, 0xDF, 0xFF, 0xFF, 0xFF, 0xEF, 0xDF, 0x53, 0xAD,
    0x0A, 0x95, 0x24, 0x29, 0x45, 0x55, 0x49, 0x4A, 0xB3, 0x6B, 0xDB, 0x59, 0x6F, 0x6F, 0xDB, 0xED,
    0xB6, 0xDB, 0xB6, 0x6B, 0x50, 0xDA, 0x52, 0x69, 0x15, 0x0A, 0x14, 0x08, 0x80, 0x90, 0xDA, 0xDA,
    0xB6, 0x55, 0xAB, 0x4D, 0x2B, 0x89, 0xFF, 0xFF, 0xFF, 0xFF, 0xBF, 0xEA, 0xF9, 0x87, 0x74, 0x7D,
    0x1F, 0x3B, 0x87, 0x2D, 0xFD, 0xBD, 0x2B, 0xEE, 0x7B, 0x3F, 0xF4, 0xFF, 0xFF, 0xFF, 0xFF, 0xFF,
    0xFF, 0x23, 0x4A, 0x51, 0x49, 0x95, 0x44, 0x49, 0x22, 0xAD, 0xA4, 0xE0, 0xA6, 0xD5, 0xDA, 0xB2,
    0xDB, 0xDE, 0xB6, 0x6D, 0xDB, 0xD6, 0x26, 0xA4, 0x4D, 0x6D, 0x59, 0x0B, 0x25, 0x0A, 0x54, 0x24,
    0xA1, 0x4D, 0x6B, 0x5B, 0xDA, 0xD6, 0xEA, 0x94, 0x84, 0xEF, 0xFF, 0xFF, 0xFF, 0x7F, 0xEE, 0xF9,
    0x01, 0x75, 0x9C, 0x87, 0xB9, 0x8F, 0x3B, 0x7E, 0xFC, 0x37, 0xCE, 0x74, 0x1F, 0xF7, 0xFF, 0xFF,
    0xF7, 0xFF, 0xFF, 0xFF, 0xA1, 0x52, 0x24, 0x82, 0x48, 0x92, 0x24, 0x49, 0x12, 0x29, 0x65, 0xC7,
    0xBA, 0xAE, 0x6D, 0xED, 0x6B, 0x6F, 0xB7, 0x6D, 0xDB, 0x66, 0x09, 0xB5, 0x2A, 0xB6, 0x15, 0x08,
    0x95, 0x2A, 0x84, 0xC0, 0xB2, 0x94, 0xAA, 0x6D, 0x69, 0x35, 0xDB, 0x48, 0xFF, 0xBF, 0x7F, 0xFF,
    0xFB, 0xDF, 0xBF, 0xF0, 0xF7, 0x91, 0xC3, 0x9B, 0xC7, 0xFD, 0x21, 0xF6, 0x83, 0xEF, 0x05, 0x87,
    0xB3, 0xFF, 0xFF, 0xFF, 0xFF, 0xFF, 0xFF, 0x59, 0x95, 0x92, 0x54, 0x4A, 0x52, 0x92, 0x2A, 0x49,
    0x49, 0x85, 0x6B, 0x57, 0x6B, 0xDB, 0x76, 0xB6, 0xDB, 0xDA, 0xB6, 0x6D, 0xFB, 0x56, 0xAA, 0x84,
    0xAC, 0x0A, 0x85, 0x0A, 0x14, 0xA4, 0x40, 0xDA, 0xB6, 0x55, 0x95, 0x9A, 0xAE, 0x95, 0x24, 0xFE,
    0xFB, 0xFD, 0xFF, 0xFF, 0xFF, 0xFF, 0xFE, 0xF9, 0xA7, 0xF9, 0xC9, 0xF3, 0xF9, 0x0B, 0xCB, 0xD0,
    0xCF, 0x2F, 0xC3, 0xFF, 0xFF, 0xDF, 0xFF, 0xEF, 0x7F, 0xFF, 0xA5, 0x24, 0x94, 0xA4, 0x24, 0x25,
    0xA9, 0x94, 0xA4, 0x24, 0xE2, 0xCD, 0xDB, 0xB5, 0xAA, 0xBB, 0xDD, 0xB5, 0x6D, 0xDB, 0xF6, 0x5D,
    0x55, 0x55, 0x52, 0x6B, 0x0B, 0x09, 0x2A, 0x0A, 0x44, 0x64, 0x57, 0xDB, 0xB6, 0xDA, 0xB6, 0xD5,
    0x4A, 0x12, 0xBF, 0xFF, 0xFF, 0xF7, 0x7F, 0xFF, 0xFF, 0xFC, 0xFD, 0x8B, 0xF1, 0xFD, 0xEF, 0xFF,
    0x97, 0xAE, 0xDC, 0xEF, 0x1F, 0xF1, 0xFB, 0xFF, 0xFD, 0xFF, 0xFE, 0xFF, 0xFF, 0x90, 0x4A, 0x49,
    0x12, 0xA4, 0x92, 0x14, 0xA5, 0x52, 0x92, 0xC4, 0x46, 0xAD, 0xAD, 0xDD, 0xDD, 0xEF, 0x6E, 0xB7,
    0x6D, 0xBB, 0xAE, 0xAD, 0x52, 0xA1, 0xD6, 0x84, 0x84, 0x05, 0x15, 0x92, 0x50, 0xA9, 0xAA, 0xAA,
    0x6A, 0x49, 0x35, 0x6D, 0x25, 0xFC, 0xFF, 0xEF, 0xBF, 0xFF, 0xFF, 0xFF, 0xFF, 0xFF, 0x9F, 0xFF,
    0xFF, 0xFF, 0xFB, 0xFF, 0x1F, 0xFC, 0xEF, 0x7F, 0xFA, 0xFF, 0xFD, 0xFF, 0xFF, 0x7F, 0xFF, 0xFB,
    0x58, 0x51, 0x48, 0x92, 0x29, 0x49, 0xA2, 0x52, 0x29, 0x55, 0x85, 0xDD, 0x6E, 0xDB, 0x66, 0x6D,
    0x75, 0xBB, 0xDB, 0xB6, 0x5D, 0xF7, 0x6A, 0x25, 0xBA, 0xAD, 0x8A, 0xC4, 0x0A, 0x85, 0x65, 0xA0,
    0x6D, 0x6D, 0x55, 0x25, 0xDB, 0xCA, 0xAA, 0x94, 0xFC, 0xFF, 0xFF, 0xFF, 0xFF, 0xF7, 0xED, 0xFF,
    0xFF, 0xFF, 0xFF, 0xFB, 0xFF, 0xFF, 0xFF, 0xFF, 0xFF, 0xFF, 0xFF, 0xFF, 0xFF, 0xFF, 0xFF, 0xFD,
    0xFF, 0xFF, 0x7F, 0x88, 0x24, 0x25, 0x49, 0x92, 0x24, 0x25, 0x29, 0x84, 0x22, 0xD2, 0x8F, 0x77,
    0x6D, 0x6B, 0xB7, 0xBB, 0x6F, 0x6D, 0xDB, 0xEE, 0x6B, 0xB7, 0x8A, 0x56, 0xDB, 0x46, 0x42, 0x84,
    0x02, 0x45, 0xD0, 0xA6, 0x56, 0xDB, 0xBA, 0x65, 0x6D, 0x55, 0x25, 0xF6, 0xFB, 0x7F, 0xFF, 0xF7,
    0xFF, 0xFF, 0xFF, 0x7F, 0xFF, 0xFF, 0xFF, 0xFE, 0xBF, 0xFF, 0xFF, 0xFF, 0xFF, 0xFF, 0xFF, 0xFF,
    0xEF, 0xFF, 0xFF, 0xFF, 0xFB, 0x7F, 0x4C, 0x92, 0x52, 0x92, 0x90, 0x52, 0x12, 0x49, 0x53, 0x29,
    0xC9, 0x5A, 0xBB, 0x56, 0xBB, 0xDB, 0xAE, 0xD5, 0xB6, 0x6D, 0xB7, 0xBC, 0x55, 0x45, 0xAD, 0x55,
    0x25, 0x85, 0x85, 0x8A, 0xA6, 0xB0, 0xB4, 0xD5, 0x6A, 0x4D, 0xAD, 0xB5, 0xAD, 0x4A, 0xF8, 0x7F,
    0xFF, 0xFF, 0xFF, 0xFF, 0xFF, 0xFF, 0xFF, 0xFF, 0xFF, 0xFF, 0xBF, 0xFF, 0xFF, 0xFF, 0xFF, 0xFF,
    0xFD, 0xFF, 0xFF, 0xFF, 0xFF, 0xEF, 0xFF, 0xFF, 0xBF, 0x24, 0x49, 0x24, 0x49, 0x4A, 0x29, 0xC9,
    0x24, 0x29, 0x94, 0x94, 0x9D, 0xDE, 0xBB, 0x55, 0xFD, 0x76, 0xBB, 0xDB, 0xB6, 0xDB, 0xB7, 0xAD,
    0x42, 0xDB, 0xAA, 0x02, 0xA1, 0x22, 0x81, 0x52, 0x48, 0x5B, 0xB5, 0x96, 0xD6, 0xB4, 0x96, 0xAA,
    0xA5, 0x70, 0xFF, 0xFF, 0x7F, 0x7F, 0xDF, 0xFF, 0xFF, 0xEF, 0xDF, 0xFF, 0xEF, 0xFF, 0xFD, 0x6D,
    0xFF, 0xFF, 0xFF, 0xFF, 0xFF, 0xFE, 0xFF, 0xFF, 0xFF, 0xFF, 0xFF, 0x3F, 0x92, 0x24, 0x92, 0x24,
    0x49, 0x8A, 0x54, 0x52, 0x49, 0x43, 0xC9, 0x5B, 0xF7, 0xDA, 0xEE, 0x56, 0xFB, 0x6E, 0x6D, 0xED,
    0xBA, 0x6D, 0xDB, 0xEB, 0x6A, 0x5B, 0xC7, 0x50, 0x44, 0x63, 0x25, 0x68, 0xA5, 0x5A, 0xB5, 0xA9,
    0x56, 0x75, 0x55, 0xB5, 0xF2, 0xF7, 0xF7, 0xF7, 0xFF, 0xFF, 0xFF, 0xFF, 0x7F, 0xFE, 0xDE, 0xFF,
    0xFB, 0xFF, 0x3F, 0xFF, 0xFF, 0xFF, 0xFF, 0xFF, 0xEF, 0xFF, 0xEE, 0xFF, 0xFD, 0xFF, 0x3D, 0xAA,
    0x54, 0x49, 0x92, 0xA4, 0x52, 0x22, 0x25, 0xAA, 0x28, 0x92, 0xB6, 0x7D, 0x6D, 0xB5, 0xB7, 0xAF,
    0xB7, 0xDB, 0x76, 0xB7, 0xDD, 0x76, 0xD1, 0x36, 0xB5, 0x22, 0x20, 0x83, 0xA0, 0x55, 0x94, 0x6A,
    0xAB, 0x6D, 0xD6, 0xDA, 0x6A, 0xDB, 0x4A, 0xE1, 0xFF, 0xFF, 0xFF, 0xFB, 0xFF, 0xEF, 0xEE, 0x3E,
    0xFA, 0xFF, 0xFF, 0xFF, 0xF9, 0xDF, 0xFF, 0x5F, 0xFD, 0xEF, 0xFD, 0xFF, 0xFF, 0xFF, 0xFF, 0xEF,
    0xFF, 0x1F, 0x4B, 0x4A, 0x24, 0x25, 0x49, 0x24, 0x29, 0x49, 0x25, 0x55, 0x89, 0x3D, 0xDD, 0xB7,
    0x6D, 0xED, 0xD9, 0xDA, 0xB6, 0xBB, 0xDD, 0x76, 0x5B, 0x6B, 0xDB, 0x56, 0x85, 0x52, 0x61, 0xB2,
    0x22, 0xA8, 0x9A, 0xD5, 0x2A, 0x2D, 0x49, 0xAD, 0xAA, 0x56, 0xD2, 0xBF, 0x7F, 0xFF, 0xFF, 0xFB,
    0xFE, 0xFF, 0x5F, 0xF5, 0xFB, 0xDF, 0xFE, 0x3D, 0xFF, 0xDF, 0x9F, 0xDA, 0xFF, 0xEF, 0x7F, 0xFF,
    0xFF, 0xFF, 0xFF, 0xEF, 0x9F, 0x24, 0x25, 0x12, 0x49, 0x49, 0x4A, 0x95, 0x92, 0xB2, 0x24, 0x12,
    0xB7, 0xEE, 0xDA, 0xB6, 0xBB, 0x7E, 0xB7, 0x6D, 0xDD, 0xEE, 0xBB, 0xED, 0x52, 0x6D, 0x5B, 0xA3,
    0xA8, 0x12, 0x49, 0x2D, 0x52, 0xD5, 0xAA, 0x56, 0xAB, 0x6D, 0xB3, 0x55, 0x69, 0xC3, 0xFF, 0xFF,
    0xFF, 0xDF, 0xFF, 0xFF, 0xFF, 0xFF, 0xF0, 0xF7, 0x6D, 0xE9, 0xBA, 0xFF, 0xCF, 0x0B, 0xB4, 0xFF,
    0xFF, 0xFF, 0xFB, 0x7F, 0xFF, 0xFF, 0xFF, 0x1F, 0x92, 0x92, 0xA4, 0x24, 0x92, 0x92, 0x48, 0x29,
    0x49, 0x22, 0x29, 0x6F, 0xFA, 0x6D, 0xDB, 0xDE, 0xAD, 0xED, 0xDE, 0xEE, 0x77, 0xDD, 0x6D, 0xB3,
    0x56, 0xA5, 0x41, 0x90, 0xA0, 0xA8, 0x12, 0x94, 0x4A, 0x5A, 0xDB, 0x54, 0xAA, 0x5A, 0x6D, 0x2D,
    0x89, 0xFD, 0xFB, 0xDF, 0xFF, 0xFF, 0xFF, 0xFF, 0xFF, 0x87, 0x77, 0x07, 0xF0, 0x3B, 0xFE, 0x9D,
    0x27, 0x51, 0x5F, 0xFF, 0xFF, 0xFF, 0xFF, 0xF7, 0x7F, 0xFF, 0x87, 0x49, 0x51, 0x92, 0xA4, 0x24,
    0x91, 0xA4, 0x94, 0x24, 0x95, 0x24, 0xF7, 0xBC, 0xDF, 0x7D, 0x6B, 0xF7, 0x5B, 0x6B, 0x77, 0xB5,
    0x6E, 0x5B, 0xEB, 0xAA, 0x5A, 0x92, 0x54, 0xC1, 0x54, 0x0A, 0x49, 0xB5, 0xB5, 0xA4, 0x9A, 0x54,
    0xAD, 0xAA, 0x4A, 0x95, 0xFF, 0xFF, 0xFF, 0xFF, 0xFF, 0xFF, 0xFF, 0xFF, 0x0F, 0xFB, 0x76, 0xF3,
    0x39, 0xBF, 0xCF, 0xE3, 0x6B, 0xBF, 0xFF, 0xFE, 0xFF, 0xFF, 0xFF, 0xFF, 0xFF, 0xCF, 0x4A, 0x2A,
    0x49, 0x52, 0x92, 0x24, 0x25, 0xA6, 0x92, 0x92, 0x32, 0x6D, 0xEE, 0xEB, 0xAE, 0xB7, 0x5B, 0xBD,
    0xB5, 0xB5, 0xDE, 0xEB, 0xF6, 0x32, 0xDB, 0xAD, 0x21, 0x92, 0x30, 0xA5, 0x25, 0x68, 0x29, 0x4D,
    0x5B, 0x4D, 0xB2, 0x55, 0x95, 0xB5, 0x04, 0xEF, 0xDF, 0xFD, 0xFD, 0xBB, 0x6F, 0xB7, 0xFD, 0x9F,
    0x77, 0xFD, 0xF3, 0x7D, 0xFF, 0xDF, 0xF3, 0x2B, 0x5F, 0xFF, 0xFF, 0x7F, 0xFF, 0xFF, 0xFF, 0xFF,
    0x47, 0x92, 0x44, 0x24, 0x09, 0x29, 0x49, 0x92, 0x52, 0xA9, 0xA4, 0x24, 0xDF, 0x75, 0x77, 0xF7,
    0xDD, 0xED, 0xD6, 0xDE, 0xDE, 0xB7, 0x7D, 0x6F, 0x53, 0x6D, 0x95, 0x10, 0xA8, 0x90, 0x5A, 0x15,
    0x96, 0x94, 0xB2, 0xAA, 0xEA, 0x82, 0xAA, 0xED, 0xB6, 0x22, 0xFE, 0xFF, 0xFF, 0xEF, 0xFF, 0xFF,
    0xFF, 0xFF, 0x2F, 0x79, 0xFF, 0xFF, 0x79, 0x9E, 0xDF, 0xF3, 0xEF, 0x9F, 0xFF, 0xFF, 0xFF, 0xFB,
    0x7F, 0xFF, 0xFF, 0x21, 0x49, 0x52, 0x80, 0x24, 0x49, 0x92, 0xC8, 0x94, 0x44, 0x24, 0x25, 0xEE,
    0xF9, 0x5F, 0x5B, 0xED, 0x7E, 0xEF, 0xB6, 0xED, 0xED, 0x56, 0x5B, 0xAF, 0xAB, 0x6A, 0x49, 0x4D,
    0x54, 0x49, 0x0A, 0x49, 0x56, 0x55, 0x55, 0x35, 0x29, 0xD9, 0x32, 0x49, 0x9A, 0xFC, 0xFE, 0xEF,
    0xFF, 0xFF, 0xFF, 0xFF, 0xFF, 0x6F, 0x72, 0xDE, 0xE7, 0x71, 0x7E, 0x9F, 0xF9, 0x6F, 0xDF, 0xF7,
    0xF7, 0xFF, 0xFF, 0xFF, 0xFF, 0xDF, 0x91, 0x24, 0x29, 0x52, 0x92, 0x44, 0x44, 0x2A, 0x24, 0x95,
    0x92, 0x28, 0x77, 0xD5, 0xEE, 0xBB, 0xB7, 0xAD, 0x75, 0xDB, 0xBB, 0xBA, 0xED, 0xF6, 0xD2, 0x54,
    0x97, 0x20, 0x22, 0x29, 0xA5, 0xC5, 0xAA, 0xA2, 0xAA, 0xA4, 0x96, 0x4D, 0x4C, 0xD6, 0x56, 0x4B,
    0xFC, 0xFF, 0xFF, 0x7F, 0xFF, 0xFD, 0xFF, 0xDF, 0xEF, 0x79, 0xAD, 0xF2, 0x79, 0xBC, 0x9F, 0xF3,
    0x2F, 0x9F, 0xFF, 0xFF, 0xFF, 0xFF, 0xFF, 0x7B, 0xFF, 0xA2, 0x92, 0x94, 0x08, 0x92, 0x94, 0x22,
    0x11, 0x23, 0x29, 0x25, 0x65, 0xBA, 0xEB, 0x7F, 0xED, 0x7B, 0xDB, 0x5B, 0xDB, 0x76, 0x6F, 0x7B,
    0x5B, 0x67, 0xBB, 0x69, 0x98, 0x94, 0xA4, 0x34, 0x42, 0x54, 0x29, 0x49, 0x55, 0xC9, 0x26, 0x62,
    0xAB, 0xAA, 0x24, 0xF9, 0xF7, 0xFF, 0xFF, 0xFF, 0xFF, 0xFF, 0xFF, 0xEF, 0x79, 0x46, 0xF0, 0x69,
    0x3E, 0x8F, 0xE7, 0xEF, 0xCE, 0xFF, 0xBF, 0xFB, 0xFF, 0xFD, 0xFF, 0xFF, 0x28, 0x49, 0x49, 0x40,
    0x49, 0xA2, 0x94, 0xA4, 0x94, 0x92, 0x48, 0x22, 0x5E, 0xF3, 0x5D, 0x77, 0xAD, 0x77, 0xBD, 0xDB,
    0xDE, 0xDB, 0x9E, 0xA4, 0x8D, 0xAD, 0x9A, 0x44, 0x52, 0x54, 0x93, 0x52, 0x8A, 0x2C, 0x95, 0x4A,
    0x6D, 0x72, 0x21, 0x55, 0x55, 0xA9, 0xE8, 0xFF, 0x7E, 0xFF, 0xEF, 0xDF, 0xFD, 0xFD, 0xCF, 0x3B,
    0x5E, 0xF0, 0x74, 0xBC, 0x87, 0xE7, 0x6F, 0xE7, 0xBF, 0xFF, 0xFF, 0xDF, 0xFF, 0xFF, 0x7F, 0x44,
    0x24, 0x52, 0x2A, 0x49, 0x4A, 0x22, 0x49, 0x24, 0x49, 0x95, 0xD4, 0xEE, 0x4B, 0xFB, 0xBB, 0xDE,
    0xED, 0xD6, 0xB6, 0xED, 0xF6, 0x45, 0x42, 0x4A, 0x55, 0x65, 0x20, 0x49, 0x4A, 0x4A, 0xA1, 0x52,
    0xC5, 0x54, 0xA9, 0x24, 0x2D, 0x49, 0xAB, 0xB6, 0x96, 0xF2, 0xFF, 0xFF, 0xFB, 0xFF, 0xFF, 0xEF,
    0x7F, 0xEF, 0x3B, 0xFF, 0xF7, 0x6D, 0xBC, 0xEF, 0x9E, 0xEF, 0xEE, 0xFF, 0xFF, 0xFF, 0xFF, 0xFF,
    0xFF, 0xBF, 0x90, 0x52, 0xA5, 0x92, 0x24, 0x25, 0x49, 0x92, 0x92, 0x24, 0x22, 0x49, 0xBC, 0xD6,
    0xBF, 0xDD, 0xB7, 0xBD, 0x6B, 0x6D, 0xB7, 0xBD, 0x2A, 0x10, 0x82, 0xAA, 0x2D, 0x94, 0x24, 0xA5,
    0xB4, 0x24, 0xA9, 0x52, 0xAA, 0x94, 0xD6, 0x92, 0x8A, 0xD5, 0x5A, 0x53, 0x41, 0xDF, 0xF7, 0xFF,
    0xFE, 0xFF, 0xFF, 0xFF, 0xEF, 0x39, 0xFE, 0x73, 0x65, 0xBD, 0xA7, 0x5E, 0xCD, 0xE6, 0xFF, 0xFF,
    0xBF, 0xFF, 0xFF, 0xFF, 0x3F, 0x4C, 0x24, 0x29, 0x44, 0x2A, 0x91, 0x94, 0x24, 0x49, 0x4A, 0xA9,
    0x64, 0xDE, 0xCD, 0xDF, 0xEE, 0xFA, 0xB6, 0xDD, 0xB6, 0xDB, 0x5B, 0x03, 0x95, 0x20, 0xD9, 0x2A,
    0x49, 0x95, 0xB2, 0x4A, 0x52, 0x25, 0x29, 0x45, 0x4A, 0x29, 0xD5, 0xB5, 0x5A, 0xA5, 0xAA, 0xE5,
    0xFF, 0xFF, 0xFF, 0xFF, 0xFE, 0xFF, 0xFF, 0xEF, 0x1A, 0xFC, 0xF7, 0xB6, 0x3A, 0x67, 0xBE, 0xE2,
    0x66, 0xFF, 0xFF, 0xFF, 0xFF, 0xDF, 0xFF, 0x1D, 0x49, 0x92, 0x52, 0xA9, 0x44, 0x2A, 0x49, 0x92,
    0xA4, 0x92, 0x54, 0x4A, 0xEC, 0x9D, 0xF6, 0x6B, 0xB7, 0xDB, 0xB6, 0x6D, 0xFD, 0xB6, 0x50, 0xA2,
    0x44, 0x28, 0x55, 0x48, 0x22, 0x49, 0x52, 0x91, 0x54, 0x8A, 0x92, 0x52, 0xA5, 0xAA, 0x54, 0xA5,
    0x6A, 0x5D, 0x82, 0xFF, 0xFF, 0xEF, 0xEF, 0xFF, 0xFF, 0xEF, 0xCF, 0x4D, 0xCF, 0x77, 0x0C, 0xBB,
    0x21, 0xFE, 0xE0, 0xF2, 0xF7, 0xF7, 0xFF, 0xFF, 0xFF, 0xEF, 0x0F, 0x25, 0xA5, 0x94, 0x90, 0x24,
    0x91, 0x24, 0x49, 0x2A, 0x49, 0x0A, 0x45, 0x7E, 0x5B, 0xFF, 0xBD, 0xDD, 0xFD, 0x6F, 0xDB, 0x56,
    0x2D, 0x88, 0x10, 0x09, 0x52, 0x13, 0xA5, 0x94, 0x4C, 0xA9, 0x4C, 0xAA, 0x52, 0xA9, 0xA4, 0x54,
    0x29, 0xAB, 0x5A, 0x5B, 0xC5, 0x12, 0xFB, 0xFF, 0xFF, 0xFF, 0xEF, 0x6E, 0x2C, 0xEF, 0xC9, 0x8E,
    0x76, 0x1F, 0x9B, 0x01, 0x7C, 0xD8, 0xF9, 0x7F, 0xBF, 0xFB, 0xFB, 0xFE, 0xFF, 0x27, 0x49, 0x52,
    0x4A, 0x8A, 0x24, 0x49, 0x92, 0xA4, 0x92, 0xA4, 0xA4, 0xD0, 0xBA, 0xB7, 0x6E, 0xDB, 0x6F, 0x57,
    0xF5, 0xB6, 0xBB, 0x17, 0x25, 0x44, 0x00, 0xA4, 0x1A, 0x12, 0x49, 0xA5, 0x26, 0xA5, 0x12, 0x25,
    0x14, 0x49, 0xAA, 0x56, 0xB5, 0xD5, 0xB4, 0x6A, 0x15, 0xBF, 0x7B, 0x7F, 0xFF, 0xFF, 0xDF, 0x9A,
    0xEF, 0xE2, 0x5C, 0x76, 0x8F, 0xA3, 0xA5, 0x7E, 0xEC, 0xF8, 0xFF, 0xFF, 0xFF, 0xFF, 0xFF, 0xFF,
    0x87, 0x92, 0x92, 0x52, 0x51, 0x92, 0x24, 0x49, 0x52, 0x44, 0x12, 0xA9, 0x54, 0x7C, 0x7B, 0xF6,
    0xB7, 0xB5, 0xBB, 0xAD, 0xB6, 0xED, 0x42, 0x12, 0x89, 0x24, 0x60, 0x95, 0xA2, 0xA4, 0x28, 0x51,
    0x52, 0xA4, 0x92, 0x92, 0x52, 0x25, 0xA9, 0x54, 0xAA, 0xAA, 0x5D, 0x2A, 0xFE, 0xFF, 0xFF, 0xFF,
    0xFF, 0xC7, 0x59, 0xEE, 0xE1, 0x3E, 0x71, 0x3E, 0x9F, 0xF9, 0x19, 0xCE, 0xF9, 0xFF, 0xFF, 0xFF,
    0xFF, 0xFF, 0xFE, 0x43, 0x24, 0x49, 0x29, 0x24, 0x49, 0x92, 0x24, 0x29, 0x29, 0x49, 0x49, 0x4A,
    0xED, 0xDD, 0x7C, 0xEF, 0xFE, 0xED, 0x76, 0xDB, 0x76, 0x85, 0x00, 0x00, 0x00, 0xA0, 0x1A, 0x49,
    0x12, 0x55, 0x2A, 0x29, 0x55, 0x49, 0x21, 0x89, 0x92, 0x4A, 0xAB, 0x55, 0x55, 0xA5, 0x4D, 0xF8,
    0xFF, 0xFF, 0xF7, 0xFE, 0xDF, 0x7F, 0xE6, 0x7D, 0xFF, 0xB0, 0xFF, 0xC7, 0xF9, 0x83, 0xEF, 0xFD,
    0xFF, 0xFF, 0xBF, 0xFF, 0xFF, 0xFF, 0x21, 0x49, 0xA9, 0xA4, 0x92, 0x24, 0x49, 0x92, 0x94, 0x92,
    0x24, 0x52, 0xA2, 0xFC, 0xAE, 0xB5, 0xBF, 0xAD, 0x7E, 0xDB, 0xDD, 0xBE, 0x22, 0x04, 0x00, 0x00,
    0x41, 0x15, 0x15, 0xA5, 0x22, 0x49, 0x95, 0x22, 0x28, 0x94, 0x54, 0x69, 0xA5, 0x94, 0xAA, 0xB6,
    0xB6, 0xD6, 0xF8, 0xDF, 0xF7, 0xFF, 0xFF, 0xFF, 0xFF, 0xE7, 0xFF, 0xFD, 0xB3, 0xFF, 0xDF, 0xFD,
    0xD3, 0xEF, 0xFC, 0xFF, 0xFF, 0xFF, 0xFF, 0xF7, 0xFF, 0xB0, 0x92, 0x24, 0x55, 0x48, 0x92, 0x24,
    0x49, 0x22, 0x49, 0x92, 0x94, 0x54, 0xD9, 0xF7, 0xD9, 0xDB, 0xDB, 0xAB, 0x6D, 0x6B, 0x4B, 0x11,
    0x91, 0xA4, 0x00, 0xA0, 0x8A, 0x84, 0x24, 0x49, 0x95, 0x4A, 0x99, 0x96, 0x4A, 0xA2, 0x4C, 0x9A,
    0x6A, 0xAD, 0xD2, 0x5A, 0xA5, 0xD0, 0xFF, 0xBF, 0xFF, 0x77, 0xFF, 0xFF, 0xEF, 0xFF, 0xFE, 0xB3,
    0xFF, 0xDF, 0xF9, 0xE3, 0xFF, 0xFD, 0xBB, 0xFF, 0xFD, 0xDF, 0xFF, 0x77, 0x10, 0x24, 0x55, 0x2A,
    0x49, 0x49, 0x22, 0x92, 0xA4, 0x24, 0x95, 0x22, 0x89, 0x7C, 0xBB, 0xE5, 0xFD, 0xFD, 0xDD, 0xB6,
    0xDD, 0xB6, 0x20, 0x40, 0x9A, 0xA4, 0xCA, 0x44, 0x49, 0x92, 0x94, 0x48, 0xB2, 0x4A, 0x21, 0x21,
    0x49, 0x92, 0x52, 0x95, 0x52, 0x2D, 0xCB, 0x5A, 0xE2, 0xFD, 0xFF, 0xFF, 0xFF, 0xFF, 0xFF, 0xFF,
    0xFF, 0xFF, 0xFF, 0xFF, 0xFF, 0xFE, 0xFF, 0xFF, 0xBE, 0xFF, 0xEF, 0xFF, 0xFF, 0xFF, 0x3F, 0x94,
    0x52, 0x92, 0x92, 0x92, 0x24, 0x49, 0x49, 0x4A, 0x92, 0x48, 0x92, 0xA4, 0xFC, 0x6D, 0xAF, 0xBE,
    0xAE, 0x6E, 0xB7, 0x6D, 0x5B, 0x14, 0x54, 0x6B, 0x12, 0x56, 0x8B, 0x22, 0x49, 0x2A, 0x25, 0x95,
    0x44, 0x94, 0x90, 0x24, 0x65, 0xA9, 0x52, 0x95, 0x6A, 0xB5, 0x2D, 0x85, 0xFF, 0xFE, 0xBB, 0xFF,
    0x77, 0xFF, 0xFF, 0xFF, 0xFF, 0xFF, 0xF7, 0xFF, 0xFF, 0xFF, 0xFF, 0xFF, 0xFF, 0xFF, 0xFF, 0xFD,
    0xFF, 0x3F, 0xA4, 0x24, 0x49, 0x49, 0x20, 0x92, 0x24, 0x44, 0x52, 0x92, 0x24, 0x49, 0x25, 0xB5,
    0xF7, 0x4B, 0xD7, 0x77, 0xB7, 0xDB, 0xB6, 0x2D, 0x40, 0x2B, 0x35, 0x22, 0xA9, 0x84, 0x90, 0x54,
    0xC5, 0x54, 0x49, 0xB2, 0x8A, 0x0C, 0x52, 0x49, 0x56, 0xAA, 0x6A, 0xD5, 0x6A, 0xCB, 0x92, 0xFF,
    0xFF, 0xFF, 0xFF, 0xFF, 0xDF, 0xFF, 0xFE, 0xFF, 0xFF, 0xFF, 0xFF, 0x7F, 0xFF, 0xFF, 0xFF, 0xFF,
    0xFF, 0xEF, 0xFF, 0xBE, 0x0F, 0x4A, 0x92, 0xAA, 0x54, 0x10, 0x49, 0x52, 0xA9, 0x24, 0x49, 0x52,
    0x25, 0x92, 0xF8, 0xBE, 0x3D, 0xFB, 0xDA, 0xDB, 0xDA, 0xB6, 0x2D, 0x82, 0xA9, 0x12, 0x49, 0xB5,
    0x42, 0x91, 0x22, 0x52, 0xAA, 0x54, 0x15, 0x41, 0x42, 0x29, 0x2A, 0x49, 0x55, 0x92, 0x2A, 0x5B,
    0x55, 0x05, 0xED, 0xFF, 0xFF, 0xBD, 0xFF, 0xFF, 0xFF, 0xDF, 0xBB, 0xFF, 0xFF, 0xFE, 0xFF, 0xFF,
    0xFB, 0xFF, 0xFF, 0xFE, 0xFF, 0xFF, 0xFF, 0x0B, 0x41, 0x92, 0x44, 0x26, 0x8A, 0x80, 0x94, 0x12,
    0x49, 0x49, 0x92, 0x24, 0x91, 0xF8, 0xD7, 0x9E, 0xFC, 0xBD, 0xBD, 0x6D, 0x6B, 0x9B, 0x94, 0x10,
    0x8A, 0x84, 0x4C, 0x63, 0x48, 0x95, 0x2A, 0x12, 0xA5, 0xA4, 0xAC, 0xA4, 0x88, 0xD2, 0xAA, 0xA4,
    0x55, 0xB5, 0x69, 0x6B, 0x25, 0xFE, 0x77, 0xFF, 0xFF, 0xFF, 0xFB, 0xFD, 0xFF, 0xFF, 0xFD, 0xFF,
    0xF7, 0xFF, 0xFF, 0xFF, 0xFF, 0xFF, 0xFF, 0xFF, 0xFF, 0xFF, 0x87, 0x32, 0x49, 0x92, 0xA2, 0x01,
    0x24, 0x22, 0x48, 0x92, 0xA4, 0x24, 0x49, 0x2A, 0xB5, 0xBB, 0xD3, 0x4C, 0xEF, 0xD6, 0xDD, 0xB6,
    0xDD, 0xAD, 0x04, 0x21, 0x10, 0x69, 0x81, 0xA4, 0xA4, 0x94, 0xC9, 0x4A, 0x4A, 0x12, 0x12, 0xD2,
    0x24, 0x95, 0x5A, 0x6A, 0x55, 0xAD, 0xB6, 0x5A, 0xF8, 0xFF, 0xFB, 0xFF, 0xDD, 0xFF, 0xDF, 0xFF,
    0xFF, 0xDF, 0xFD, 0x7F, 0xF7, 0xFB, 0xFF, 0x7F, 0xF7, 0x77, 0xFF, 0xF7, 0xFF, 0x43, 0x14, 0x29,
    0x59, 0x59, 0x68, 0x12, 0x01, 0x25, 0x49, 0x2A, 0x49, 0x92, 0x84, 0x78, 0x7F, 0x6F, 0xB2, 0xDB,
    0x6F, 0xAB, 0xDD, 0xB6, 0x5A, 0x29, 0x80, 0x24, 0x91, 0x22, 0x12, 0x29, 0xA5, 0x54, 0x28, 0x25,
    0x21, 0x49, 0x12, 0x49, 0x52, 0x92, 0x92, 0xAA, 0x56, 0x9B, 0x0A, 0xE9, 0xFF, 0xDF, 0xFF, 0xFF,
    0xFF, 0xFF, 0xFD, 0xFF, 0xFF, 0xEF, 0xFF, 0xFF, 0xBF, 0x7F, 0xF7, 0xFF, 0xFF, 0xFF, 0xFF, 0xFB,
    0x20, 0x89, 0x94, 0x44, 0x0A, 0x14, 0x82, 0x90, 0x40, 0x92, 0x44, 0x92, 0x54, 0x52, 0xF0, 0xD7,
    0xBD, 0xD1, 0xF5, 0xBA, 0x76, 0x6B, 0x6B, 0xAF, 0x14, 0x52, 0x48, 0x6C, 0x91, 0xA4, 0x92, 0x28,
    0x25, 0x55, 0x99, 0x94, 0x20, 0x89, 0xA4, 0x49, 0x65, 0x95, 0xD4, 0xB2, 0xD5, 0xB5, 0xE8, 0xFD,
    0xFF, 0xEF, 0xFF, 0xBF, 0xFF, 0xEF, 0xFD, 0xFF, 0xFF, 0xFF, 0xFF, 0xFF, 0xFF, 0xFF, 0xFF, 0xFF,
    0xBB, 0xFF, 0xFF, 0x48, 0x62, 0xA2, 0xAA, 0xA4, 0x42, 0x55, 0x4A, 0x10, 0x20, 0x90, 0x24, 0x89,
    0x24, 0xF9, 0xEE, 0x56, 0xCB, 0xBE, 0xDD, 0xDD, 0xB6, 0x6D, 0x7B, 0xA3, 0x09, 0x42, 0xB4, 0x80,
    0x24, 0x49, 0x92, 0x92, 0x8A, 0xA4, 0x4A, 0x4A, 0x52, 0x52, 0xAA, 0x92, 0x6A, 0x2B, 0xAD, 0xB6,
    0xAA, 0x82, 0xFF, 0xFF, 0xFE, 0xFF, 0xFD, 0xFF, 0xFF, 0xEF, 0xFF, 0xFF, 0xFF, 0xFF, 0xFF, 0xF7,
    0xFF, 0xFF, 0xFF, 0xFF, 0xFF, 0x7F, 0x90, 0x94, 0x54, 0x52, 0x52, 0xA9, 0x48, 0x92, 0x26, 0x02,
    0x09, 0x40, 0x20, 0x49, 0xB2, 0xBF, 0x6B, 0xA7, 0xAD, 0x6F, 0xAB, 0xDD, 0xB6, 0xF5, 0x29, 0x01,
    0x80, 0x94, 0x48, 0x52, 0xA4, 0x4A, 0x59, 0xA1, 0x4A, 0x44, 0x12, 0x92, 0x94, 0x54, 0xA8, 0x24,
    0xA9, 0x56, 0xAA, 0x56, 0x45, 0xDF, 0xFF, 0xFF, 0xEF, 0xFF, 0xFD, 0xFF, 0xFF, 0xFB, 0xFF, 0xFE,
    0x7F, 0xFF, 0xFF, 0xFF, 0xBF, 0xFF, 0xFF, 0xBF, 0x1F, 0x24, 0x25, 0x25, 0x25, 0x29, 0x12, 0x92,
    0x24, 0x01, 0x51, 0x42, 0x12, 0x4A, 0x80, 0xD8, 0xDB, 0xBD, 0x55, 0xF6, 0xDA, 0x76, 0x6B, 0x5B,
    0xAD, 0x49, 0xA2, 0x24, 0x6A, 0x41, 0x08, 0x49, 0xA4, 0x24, 0x5A, 0x34, 0x25, 0x91, 0x24, 0x25,
    0x89, 0x56, 0xAB, 0xD4, 0xB2, 0xDB, 0xB5, 0x94, 0xFE, 0xFE, 0xFF, 0xFE, 0xFF, 0xEF, 0xFF, 0xFF,
    0xFF, 0xFF, 0xEF, 0xF7, 0xFF, 0xFF, 0xFF, 0xFF, 0xFF, 0xFF, 0xFD, 0x0F, 0x42, 0x4A, 0x49, 0x49,
    0x95, 0x90, 0x24, 0x89, 0xB4, 0x8A, 0x90, 0x84, 0x00, 0x24, 0xB0, 0xD4, 0xCE, 0x1A, 0xDB, 0xBD,
    0xDD, 0xB6, 0xED, 0x6E, 0x37, 0x02, 0x40, 0x57, 0x28, 0xA5, 0x10, 0x49, 0x4A, 0x95, 0x92, 0x92,
    0x24, 0x49, 0xA2, 0x52, 0x25, 0xD4, 0x56, 0x5A, 0xB5, 0x5A, 0x0B, 0xFC, 0xF7, 0xEF, 0xFF, 0xFF,
    0x7F, 0xBF, 0xBF, 0x7F, 0xFF, 0xFF, 0xFF, 0xBF, 0xFF, 0xDF, 0xFD, 0xDD, 0xFF, 0xFF, 0x0D, 0x28,
    0x51, 0xAA, 0xAA, 0x48, 0x4A, 0x11, 0x22, 0x49, 0x48, 0x2A, 0x49, 0x54, 0x09, 0x61, 0x25, 0x6B,
    0x6D, 0x78, 0x6F, 0xB7, 0xDD, 0xB6, 0x75, 0xBB, 0x13, 0xE9, 0x5A, 0x84, 0x10, 0x89, 0x24, 0xA5,
    0xA2, 0x4A, 0x49, 0x4A, 0x92, 0x54, 0x49, 0x92, 0x25, 0xA9, 0xA5, 0x4A, 0x6D, 0x55, 0xF0, 0xFF,
    0xFF, 0xFF, 0xEE, 0xFF, 0xFF, 0xFF, 0xFF, 0xFB, 0xFF, 0xFF, 0xFB, 0xDF, 0xFD, 0xFF, 0xFF, 0xFF,
    0xFF, 0x23, 0x95, 0x94, 0x44, 0x54, 0x4A, 0x24, 0xA4, 0x94, 0x04, 0x92, 0x44, 0x48, 0x22, 0x42,
    0xF2, 0x6F, 0x77, 0x5B, 0xA9, 0xEB, 0xDA, 0xAD, 0xAD, 0xAD, 0xAD, 0xB5, 0x6D, 0xA9, 0x10, 0x44,
    0x44, 0x24, 0x29, 0x29, 0x69, 0x2A, 0x21, 0x49, 0x2A, 0xAA, 0x6A, 0x5A, 0x55, 0xDA, 0xB6, 0xAB,
    0x2A, 0xE9, 0xFF, 0xFE, 0xEF, 0xFF, 0xFF, 0xFF, 0xFF, 0xFB, 0xDF, 0x7F, 0xFF, 0xFF, 0xFF, 0xFF,
    0xFF, 0xFF, 0xEE, 0xFF, 0x41, 0x92, 0xAA, 0xB2, 0x22, 0x55, 0x00, 0x49, 0x22, 0xA9, 0x25, 0x11,
    0x92, 0x24, 0xA9, 0xB0, 0xDF, 0xAD, 0xD6, 0xD2, 0x76, 0xB7, 0x76, 0xDB, 0x6E, 0xDB, 0xDA, 0xB2,
    0x2E, 0x88, 0x22, 0xA2, 0x92, 0x92, 0x94, 0x94, 0x94, 0x94, 0x24, 0x45, 0x25, 0x95, 0xA4, 0xAA,
    0x55, 0x69, 0xB5, 0x25, 0x91, 0xFF, 0x7F, 0xFF, 0xFF, 0xFF, 0xFB, 0xFB, 0xFF, 0xFF, 0xFF, 0xFF,
    0xFF, 0xFE, 0xFF, 0xFF, 0xFF, 0xFF, 0x6F, 0x80, 0x48, 0x11, 0x15, 0x99, 0x22, 0x40, 0x10, 0x91,
    0x48, 0x24, 0x49, 0x25, 0x49, 0x12, 0xF2, 0xBB, 0xDB, 0x75, 0xC7, 0xBD, 0x6D, 0xDB, 0x76, 0xDB,
    0xB6, 0x6D, 0xAF, 0x55, 0x44, 0x48, 0x12, 0x49, 0x49, 0xA5, 0x92, 0xA2, 0x24, 0x49, 0xA9, 0x52,
    0x49, 0x53, 0x55, 0xAA, 0x96, 0x9A, 0xDA, 0x80, 0xDE, 0xFF, 0xFF, 0xFF, 0xFE, 0xFF, 0xFF, 0xFF,
    0xFF, 0xFD, 0xDF, 0xFF, 0xFF, 0xFF, 0xEF, 0xFF, 0xFF, 0x3E, 0x24, 0x25, 0x4A, 0x49, 0xA5, 0x94,
    0x14, 0x02, 0x08, 0x12, 0x92, 0xA4, 0x48, 0x92, 0x44, 0xE2, 0xFE, 0x6E, 0x5B, 0x2B, 0xDB, 0xDA,
    0xAD, 0xAD, 0x6D, 0x7B, 0xB7, 0x6D, 0x15, 0x49, 0x04, 0x49, 0xA9, 0x54, 0x52, 0x49, 0x15, 0x89,
    0x24, 0x2A, 0x99, 0xB6, 0xAC, 0xAA, 0x55, 0xDB, 0x6D, 0x4D, 0x4A, 0xFE, 0xFF, 0xFF, 0xF7, 0xF7,
    0xBF, 0xBF, 0xEF, 0xFF, 0xFF, 0xFF, 0xFF, 0xFF, 0x7F, 0xFF, 0xFF, 0xFF, 0x17, 0x48, 0x52, 0xA9,
    0xA4, 0x4A, 0x52, 0x8A, 0x90, 0x40, 0x20, 0x09, 0x12, 0x12, 0x49, 0x22, 0xB1, 0xDF, 0xAD, 0xD6,
    0x2C, 0x6C, 0xB7, 0x76, 0xDB, 0xB6, 0xDD, 0xFB, 0xB6, 0x1A, 0x20, 0x49, 0x92, 0x14, 0x92, 0x4A,
    0xAA, 0xA8, 0x44, 0x92, 0x52, 0x4A, 0x92, 0x52, 0xAA, 0xAA, 0x64, 0xD5, 0xB6, 0x15, 0xF4, 0xF6,
    0x77, 0xFF, 0xBF, 0xFF, 0xFF, 0xFF, 0xFF, 0xFF, 0xFF, 0xFD, 0xF7, 0xFB, 0x7F, 0xF7, 0xFF, 0x05,
    0x22, 0x29, 0x25, 0x55, 0x24, 0x29, 0x41, 0x44, 0x04, 0x02, 0x80, 0x44, 0x45, 0x92, 0x94, 0xE2,
    0x7B, 0xB7, 0xED, 0xD6, 0xD6, 0xB6, 0xAD, 0x6D, 0xDB, 0xB6, 0xAD, 0xDB, 0x16, 0x8A, 0x20, 0x49,
    0x42, 0xA5, 0x24, 0x25, 0x95, 0xA4, 0xA4, 0x94, 0x65, 0xA9, 0xAA, 0x55, 0xB5, 0xAD, 0x2A, 0xD3,
    0x4A, 0xF2, 0xBF, 0xFF, 0xFF, 0xFF, 0xFF, 0xFF, 0xFF, 0xFE, 0xEF, 0xFD, 0xEF, 0xFF, 0xFF, 0xFF,
    0xFF, 0xFE, 0x02, 0x49, 0x92, 0x52, 0x8A, 0x52, 0x95, 0xA8, 0x24, 0x92, 0x00, 0x48, 0x92, 0xA0,
    0x24, 0x49, 0x62, 0xBF, 0xDB, 0x36, 0xB7, 0xB0, 0x6D, 0xDB, 0xB6, 0xED, 0xB6, 0xDD, 0x6D, 0x13,
    0x45, 0x94, 0x24, 0x49, 0x22, 0xA9, 0x52, 0x4A, 0x2A, 0x24, 0xA5, 0x94, 0x56, 0x95, 0xD4, 0xD6,
    0x56, 0xDB, 0x2D, 0x55, 0xE0, 0xFF, 0xFF, 0xFF, 0xFF, 0xFB, 0xFB, 0xFD, 0xBF, 0xFF, 0xFF, 0xFF,
    0xBF, 0xFF, 0xFF, 0xFF, 0x5F, 0x40, 0x49, 0x92, 0x94, 0x52, 0x95, 0x48, 0x14, 0x92, 0x22, 0xD9,
    0x12, 0x22, 0x1A, 0x92, 0x48, 0xE4, 0xF7, 0x6D, 0xAB, 0x59, 0x4B, 0xDB, 0xB6, 0x6D, 0x5B, 0x7B,
    0xF7, 0xB6, 0x8A, 0x50, 0x4A, 0x02, 0x90, 0x54, 0x4A, 0x29, 0x49, 0x45, 0x53, 0x52, 0x4A, 0x92,
    0xD2, 0xAA, 0x2A, 0x69, 0xB5, 0xDA, 0x29, 0x02, 0xFF, 0xFF, 0xBB, 0xFF, 0xFF, 0xFF, 0xFF, 0xFF,
    0xFF, 0xFF, 0xFF, 0xFF, 0xFF, 0xFF, 0xFF, 0x17, 0x20, 0x92, 0xA4, 0x24, 0x91, 0x48, 0x66, 0x42,
    0x49, 0x48, 0x04, 0x21, 0x11, 0x41, 0x49, 0x92, 0xC2, 0xDD, 0xB6, 0xDA, 0xAD, 0x95, 0xB6, 0x6D,
    0xDB, 0xB6, 0xDD, 0x6E, 0x5B, 0x0D, 0x24, 0x21, 0xA9, 0x0A, 0x89, 0x52, 0xAA, 0xA4, 0x90, 0x90,
    0xAA, 0x69, 0x55, 0x2D, 0x55, 0xB5, 0xAD, 0x2A, 0xAB, 0x9A, 0x15, 0xFA, 0xDD, 0xFF, 0xFF, 0xDF,
    0xFF, 0xEF, 0xFF, 0xFF, 0xEF, 0x7F, 0xFF, 0xBF, 0xFB, 0x7F, 0x03, 0x94, 0x24, 0x49, 0x92, 0x94,
    0xA4, 0x24, 0x54, 0x22, 0x25, 0x22, 0x48, 0x4A, 0x92, 0x24, 0x25, 0x81, 0x7F, 0x5F, 0xB7, 0xB6,
    0x2D, 0x6D, 0xB7, 0x6D, 0xDB, 0xED, 0xB7, 0x6F, 0x8B, 0x02, 0x12, 0x44, 0xA4, 0x48, 0x24, 0x45,
    0x52, 0xAA, 0x4C, 0x95, 0x94, 0xAA, 0xA4, 0x6A, 0xCB, 0xA6, 0x6D, 0x6D, 0x56, 0x8A, 0xF4, 0xFF,
    0xFF, 0xFB, 0xFF, 0xBF, 0xFF, 0xF7, 0xFF, 0xFF, 0xFF, 0xFF, 0xFD, 0xDF, 0xFF, 0x12, 0x09, 0x91,
    0x52, 0x4A, 0x4A, 0x4A, 0x92, 0x89, 0x14, 0x92, 0x92, 0x8A, 0xA4, 0x24, 0x49, 0x12, 0x49, 0xF7,
    0xB5, 0x6D, 0xDB, 0x7A, 0xD8, 0xDA, 0x6D, 0xDB, 0xB6, 0xDA, 0xAA, 0x04, 0x51, 0x49, 0x11, 0x11,
    0xA5, 0x92, 0x52, 0x15, 0x15, 0x65, 0x52, 0x26, 0x49, 0x5B, 0xAD, 0x34, 0x59, 0xD5, 0x52, 0xAB,
    0x12, 0xD0, 0xFF, 0xFF, 0xBF, 0xFF, 0xFE, 0x7F, 0xFF, 0xBB, 0x7F, 0xFF, 0xFF, 0xFF, 0xFF, 0xDB,
    0x00, 0x42, 0x4A, 0x24, 0xA5, 0x52, 0x25, 0x69, 0x24, 0x49, 0x41, 0x48, 0x44, 0x10, 0x89, 0x48,
    0x92, 0xC4, 0xBE, 0xBB, 0xD5, 0xB6, 0x55, 0x63, 0xB7, 0xB6, 0x6D, 0xDB, 0xFD, 0x5D, 0x93, 0x94,
    0x84, 0x88, 0x48, 0x12, 0x29, 0x29, 0x49, 0xA1, 0x92, 0xAA, 0x52, 0x55, 0x52, 0xD5, 0xD6, 0xAA,
    0x2A, 0xAD, 0x55, 0x4B, 0x40, 0xFF, 0xEE, 0xFF, 0xFF, 0xFF, 0xFF, 0xBF, 0xFF, 0xFF, 0xFF, 0xFB,
    0xFF, 0xFF, 0x3F, 0xA0, 0x54, 0x52, 0x25, 0x29, 0x91, 0x50, 0x25, 0x52, 0x92, 0x28, 0x25, 0x21,
    0x4A, 0x22, 0x25, 0x89, 0x04, 0xF7, 0x5D, 0x6D, 0x6D, 0xED, 0x95, 0x6D, 0xDB, 0xB6, 0x76, 0x2F,
    0x6B, 0x43, 0x22, 0x20, 0x44, 0x84, 0x48, 0x49, 0x4A, 0x4A, 0x4A, 0x52, 0x55, 0xA9, 0xAA, 0xA9,
    0xAA, 0x2A, 0xD5, 0xB6, 0x55, 0xAA, 0x54, 0x4A, 0xFA, 0xFF, 0xFF, 0xFD, 0xF7, 0xFF, 0xFF, 0xFF,
    0xFF, 0xF7, 0xFF, 0xFF, 0xFF, 0x0F, 0x44, 0x22, 0x89, 0x92, 0x48, 0x4A, 0x2A, 0x92, 0x89, 0x24,
    0x4A, 0x42, 0x2A, 0x85, 0x48, 0x92, 0x52, 0x42, 0xDF, 0xD6, 0x6E, 0xAB, 0xB6, 0x2A, 0xDA, 0xB6,
    0x6D, 0xDB, 0xF6, 0xAD, 0x01, 0x44, 0x4A, 0x22, 0x52, 0x94, 0x24, 0xA5, 0x24, 0x29, 0x29, 0x49,
    0x56, 0x52, 0x56, 0x55, 0xD5, 0x56, 0xA9, 0x6A, 0x53, 0x25, 0x02, 0xEC, 0x7F, 0xFF, 0xFF, 0xFF,
    0xFB, 0xFF, 0xFF, 0xFD, 0xFF, 0xDF, 0xFF, 0xFF, 0x09, 0x20, 0x89, 0xA4, 0x24, 0x95, 0x24, 0x85,
    0x54, 0x52, 0x49, 0x11, 0x92, 0x84, 0x50, 0x94, 0x48, 0x24, 0x89, 0xBA, 0x6F, 0xB3, 0x76, 0x5B,
    0x9F, 0xB4, 0x6D, 0xDB, 0xB6, 0xBB, 0x52, 0xA9, 0x22, 0x11, 0x91, 0x24, 0x8A, 0x94, 0x52, 0xAA,
    0x52, 0xA5, 0xAA, 0x92, 0x2A, 0xA9, 0xAA, 0xAA, 0xAA, 0x56, 0xAA, 0xAC, 0x4A, 0x15, 0xD0, 0xFF,
    0xFB, 0xEF, 0xBF, 0xFF, 0xFF, 0xFF, 0xFF, 0xFF, 0xFF, 0xEE, 0xDE, 0x82, 0x14, 0x49, 0x4A, 0x49,
    0x42, 0x92, 0xA4, 0x4A, 0x24, 0x92, 0x48, 0x29, 0x48, 0x24, 0x22, 0x25, 0x49, 0x04, 0xFF, 0xB5,
    0xB6, 0xAD, 0xED, 0x6B, 0x49, 0xDB, 0xB6, 0x6D, 0xDB, 0xB6, 0x10, 0x91, 0x84, 0x08, 0x21, 0x51,
    0x4A, 0x29, 0x45, 0x94, 0x54, 0x55, 0x69, 0x95, 0x55, 0x55, 0x55, 0xB5, 0xAD, 0x55, 0x55, 0xB5,
    0x48, 0x01, 0xFD, 0xFF, 0xFF, 0xFF, 0xFF, 0xFE, 0xFF, 0xEF, 0xFF, 0xFF, 0xFF, 0x7F, 0x40, 0x92,
    0x94, 0x24, 0x92, 0x28, 0x49, 0x52, 0xA4, 0x92, 0x24, 0x8A, 0x44, 0x25, 0x25, 0x49, 0x92, 0x22,
    0x49, 0xDE, 0x6F, 0xDB, 0xD6, 0x6A, 0xF5, 0x92, 0xB4, 0xDD, 0xB6, 0x55, 0x5B, 0x82, 0x48, 0x48,
    0xA4, 0x94, 0x24, 0xA5, 0x24, 0x29, 0xA5, 0x92, 0x52, 0x96, 0x64, 0xAA, 0xAA, 0x6A, 0x55, 0xD5,
    0xAA, 0xAA, 0x12, 0xA9, 0x08, 0xEA, 0xBF, 0xFF, 0xFE, 0xFF, 0x7F, 0xF7, 0x7F, 0xBF, 0xFF, 0xFF,
    0x0B, 0x21, 0x49, 0x22, 0x49, 0x25, 0x49, 0x92, 0x24, 0x55, 0x24, 0x89, 0x44, 0x92, 0x10, 0x92,
    0x24, 0x92, 0x48, 0x12, 0x77, 0xBB, 0x6D, 0x6B, 0xDD, 0xBE, 0x4F, 0xDA, 0x6D, 0xDB, 0xBA, 0x94,
    0xA4, 0x24, 0x22, 0x42, 0x48, 0x4A, 0x51, 0x92, 0x92, 0x52, 0xAA, 0xAC, 0xA5, 0x56, 0x52, 0xAA,
    0x95, 0xAA, 0x5A, 0xAA, 0x2A, 0x95, 0x14, 0x44, 0xD4, 0xFF, 0xFF, 0xFF, 0xEF, 0xF7, 0xFF, 0xFF,
    0xFB, 0xFF, 0xFF, 0x05, 0x48, 0x4A, 0x55, 0x92, 0x48, 0x4A, 0x49, 0x92, 0x2A, 0x24, 0x49, 0x21,
    0x09, 0x89, 0x48, 0x92, 0x24, 0x25, 0x09, 0xFB, 0xDF, 0xB6, 0xBA, 0xEE, 0xEF, 0x37, 0x41, 0x6A,
    0x55, 0x4D, 0x2B, 0x10, 0x92, 0x12, 0x11, 0x25, 0x91, 0x14, 0x95, 0x54, 0x29, 0x55, 0x95, 0x58,
    0x92, 0xAD, 0x55, 0x6A, 0x55, 0x4B, 0x55, 0xD5, 0x4A, 0x52, 0x2B, 0x20, 0xFD, 0xFD, 0xFF, 0xFE,
    0xFF, 0xFF, 0xFF, 0xFF, 0xFF, 0x5F, 0x40, 0x48, 0x52, 0x22, 0x49, 0x92, 0x24, 0x92, 0x24, 0x91,
    0x92, 0x24, 0x98, 0x48, 0x52, 0x22, 0x49, 0x49, 0x92, 0x24, 0xDE, 0xD6, 0x5A, 0x57, 0xB3, 0xDA,
    0xFD, 0x0A, 0xA9, 0xAA, 0xA5, 0x00, 0x8A, 0x44, 0x24, 0x49, 0x22, 0x49, 0x4A, 0x49, 0x49, 0xAA,
    0x22, 0x65, 0x4A, 0x55, 0x52, 0xAA, 0xAD, 0xDA, 0xB4, 0x4A, 0xA5, 0x24, 0x22, 0x51, 0x01, 0xE8,
    0xEF, 0xEF, 0xFF, 0xFF, 0xBF, 0xFF, 0xFF, 0x7B, 0x0B, 0x90, 0x26, 0x29, 0x49, 0x29, 0x89, 0x24,
    0x21, 0x49, 0x49, 0x49, 0x92, 0x46, 0x92, 0x24, 0x11, 0x24, 0x24, 0x49, 0x12, 0xBE, 0xEF, 0xD6,
    0xB5, 0xDD, 0xFD, 0xEE, 0x96, 0x54, 0x55, 0x12, 0x48, 0x44, 0x21, 0x91, 0x24, 0x92, 0x24, 0x49,
    0x92, 0x24, 0x55, 0xA9, 0x9A, 0xA6, 0xAA, 0xAA, 0xB5, 0x52, 0xA5, 0x56, 0xB5, 0x32, 0x53, 0xA9,
    0x94, 0x04, 0xD5, 0xFF, 0xFF, 0xFF, 0xFF, 0xFF, 0xFF, 0xFF, 0xDF, 0x92, 0x24, 0xA9, 0x4A, 0xB5,
    0x24, 0x49, 0x92, 0x14, 0x49, 0x66, 0x92, 0x24, 0x81, 0x24, 0x80, 0x94, 0x92, 0x92, 0x24, 0x89,
    0xF6, 0x7B, 0xB5, 0xDA, 0xFA, 0xDB, 0xFF, 0x2F, 0x00, 0x22, 0x08, 0x01, 0x21, 0x94, 0x48, 0x20,
    0x49, 0x92, 0x24, 0x49, 0xAA, 0x92, 0x54, 0x49, 0x59, 0x49, 0x55, 0x4A, 0xAD, 0xB6, 0xAA, 0x4A,
    0x5A, 0x89, 0xC4, 0x2A, 0x48, 0xA0, 0xBE, 0xFF, 0x7F, 0xFF, 0xFF, 0xFF, 0x7F, 0x4F, 0x00, 0x40,
    0x92, 0x54, 0x4A, 0x92, 0x54, 0x6A, 0x45, 0x52, 0x92, 0x24, 0x49, 0x30, 0x09, 0x2B, 0x49, 0x49,
    0x49, 0x92, 0x24, 0x7A, 0xB7, 0x6E, 0xB7, 0xAE, 0x76, 0xB7, 0x75, 0x21, 0x00, 0x00, 0x50, 0x2A,
    0x09, 0x24, 0x95, 0x04, 0x49, 0x92, 0x2A, 0x49, 0x59, 0x96, 0x64, 0x25, 0xB5, 0x4A, 0xAB, 0xD2,
    0x5A, 0x55, 0x55, 0x85, 0x54, 0x12, 0x41, 0x2B, 0x00, 0xD0, 0x7B, 0xF7, 0xBF, 0xFB, 0xF7, 0xB6,
    0x00, 0x40, 0xB6, 0x54, 0xA5, 0x04, 0x25, 0x89, 0x92, 0x88, 0x24, 0x49, 0x25, 0x49, 0x16, 0xA2,
    0x44, 0x22, 0x24, 0x24, 0x49, 0x12, 0xBE, 0xDF, 0xB7, 0x6D, 0x77, 0xFF, 0xFB, 0xBB, 0xA8, 0x92,
    0xA6, 0x94, 0x44, 0x42, 0x45, 0x42, 0x50, 0x24, 0x49, 0x44, 0x25, 0xA5, 0x49, 0x2A, 0xAA, 0x92,
    0xB4, 0x54, 0x2A, 0xA5, 0xAA, 0xAA, 0x6A, 0x25, 0x25, 0x94, 0x90, 0x0A, 0x41, 0xF4, 0xFF, 0xFB,
    0xFF, 0x7F, 0x17, 0x01, 0x29, 0x49, 0xAA, 0x4A, 0xB2, 0x92, 0x24, 0x89, 0x24, 0x49, 0xAD, 0x92,
    0x24, 0x82, 0x52, 0x90, 0x48, 0x92, 0x92, 0x24, 0x09, 0xEF, 0x7B, 0xD9, 0xD6, 0xFA, 0xB7, 0xDF,
    0x5E, 0x50, 0xAD, 0x19, 0x26, 0x21, 0x52, 0x92, 0x24, 0x25, 0xA9, 0x24, 0xA5, 0xA8, 0x54, 0x64,
    0x95, 0xD5, 0x4A, 0x4A, 0xAB, 0x55, 0x5B, 0x55, 0x95, 0x24, 0x92, 0x48, 0x22, 0x08, 0x11, 0x08,
    0xCA, 0xFF, 0xFF, 0x7F, 0x8B, 0x08, 0x20, 0x84, 0x24, 0x25, 0x91, 0x44, 0x48, 0x52, 0x52, 0x25,
    0xA9, 0x52, 0x28, 0x49, 0x51, 0x09, 0x26, 0x24, 0x49, 0x49, 0x92, 0x24, 0xFE, 0xDE, 0x6E, 0xB5,
    0xAD, 0xEA, 0xBD, 0x4D, 0x74, 0x6B, 0x9B, 0x92, 0x98, 0x24, 0x48, 0x88, 0x88, 0x44, 0x92, 0x52,
    0x96, 0x2A, 0x9B, 0xD2, 0x24, 0x54, 0x53, 0xA9, 0xAA, 0xAA, 0xAA, 0x4A, 0x55, 0x49, 0x12, 0x12,
    0x55, 0x84, 0x00, 0x80, 0xFF, 0xFF, 0xFF, 0x02, 0x00, 0x92, 0x52, 0x95, 0x52, 0xB5, 0x24, 0x45,
    0x92, 0x24, 0x92, 0x14, 0x49, 0x95, 0x24, 0x2A, 0xA4, 0x22, 0x93, 0x84, 0x24, 0x49, 0x24, 0xDA,
    0xBF, 0x57, 0xDB, 0xDE, 0xFD, 0xF7, 0x37, 0xAD, 0x5A, 0x4D, 0x5A, 0x25, 0x09, 0x05, 0x45, 0x24,
    0x29, 0x49, 0x08, 0x49, 0xA5, 0x24, 0x29, 0xAA, 0xA5, 0xA8, 0x56, 0x55, 0x55, 0x49, 0xA9, 0x92,
    0x94, 0x84, 0x44, 0x22, 0x92, 0xA4, 0x84, 0xFE, 0xFF, 0x3F, 0x01, 0xA0, 0x08, 0xA9, 0xA8, 0xAC,
    0x4A, 0x92, 0x22, 0x49, 0x92, 0x48, 0xC9, 0xAA, 0x49, 0x92, 0x44, 0x22, 0x91, 0x20, 0x52, 0x92,
    0x24, 0x29, 0xFE, 0xED, 0xB5, 0xAD, 0x75, 0xDF, 0xBE, 0x96, 0xDA, 0xB5, 0x25, 0xA6, 0x44, 0xA2,
    0xA2, 0x90, 0x44, 0x92, 0x24, 0x55, 0x49, 0x92, 0x92, 0xAA, 0x55, 0x2A, 0x2D, 0xA9, 0xAA, 0x55,
    0x55, 0x55, 0x2A, 0x25, 0x51, 0x91, 0x10, 0x49, 0x12, 0x94, 0xBF, 0xBF, 0x3B, 0x90, 0x48, 0x54,
    0x4A, 0x4A, 0x92, 0x24, 0xAB, 0x28, 0x24, 0x49, 0x92, 0xA4, 0x54, 0x24, 0x49, 0x21, 0x49, 0x48,
    0x14, 0x89, 0x24, 0x49, 0x12, 0xDE, 0xDE, 0xBA, 0x55, 0xDB, 0xB6, 0xD7, 0xCB, 0x6C, 0xDB, 0x36,
    0x55, 0x2B, 0x48, 0x50, 0x24, 0x92, 0x80, 0x24, 0x89, 0xA4, 0x54, 0x55, 0x55, 0xAA, 0x92, 0x52,
    0x55, 0x55, 0xAA, 0xAA, 0x4A, 0x49, 0x49, 0x28, 0x24, 0x94, 0x84, 0x88, 0x92, 0xFF, 0xFB, 0xBF,
    0x48, 0x84, 0x4A, 0x55, 0x55, 0x55, 0xB5, 0x24, 0x95, 0x92, 0x24, 0xA4, 0x54, 0x4A, 0x92, 0x24,
    0x54, 0x92, 0x8A, 0x4A, 0x49, 0x92, 0x24, 0x49, 0xEE, 0x7F, 0xD7, 0xAA, 0xBD, 0xFB, 0xED, 0x65,
    0xB2, 0xAD, 0x1A, 0xB3, 0x49, 0x15, 0x0A, 0x0A, 0x21, 0x54, 0x92, 0x48, 0x4A, 0x2A, 0x49, 0x92,
    0x49, 0x55, 0xA5, 0xAA, 0x6A, 0x55, 0x55, 0x29, 0x55, 0x12, 0x05, 0x89, 0xA2, 0x48, 0x44, 0x29,
    0xFB, 0xFF, 0x3F, 0x49, 0xB2, 0x24, 0x89, 0xA4, 0xAA, 0x4A, 0x92, 0x44, 0x92, 0x92, 0x4A, 0x2A,
    0xAB, 0x55, 0x92, 0x8A, 0x24, 0x24, 0x91, 0x24, 0x49, 0x92, 0x24, 0xFA, 0xB6, 0xDB, 0xB6, 0xED,
    0xDD, 0xBF, 0x9A, 0x5C, 0xB5, 0x25, 0x5A, 0xAD, 0x42, 0x45, 0xA1, 0x88, 0x0A, 0x89, 0xA4, 0x24,
    0x45, 0xAA, 0x6A, 0x35, 0x29, 0x59, 0x4A, 0x95, 0xAA, 0xA4, 0x56, 0x89, 0x40, 0x52, 0x49, 0x49,
    0x92, 0x22, 0x92, 0xFF, 0xFF, 0x3F, 0x24, 0x15, 0xA5, 0xAA, 0x52, 0x4A, 0x52, 0x55, 0x22, 0x49,
    0x24, 0x49, 0x92, 0x54, 0x2A, 0x49, 0x41, 0x08, 0x41, 0x24, 0x22, 0x49, 0x92, 0x24, 0xBC, 0xFD,
    0xB5, 0x6D, 0xDB, 0xB6, 0x6D, 0x4B, 0xB6, 0x5B, 0x5B, 0xDA, 0x56, 0xA9, 0x90, 0x48, 0x24, 0x91,
    0x44, 0x4A, 0x92, 0xA0, 0x24, 0x25, 0xA6, 0x4A, 0x95, 0xB5, 0x5A, 0x95, 0x2A, 0xA5, 0x44, 0x2A,
    0xA1, 0x24, 0x12, 0x24, 0x11, 0x11, 0xFF, 0xFF, 0x3F, 0xAA, 0xA2, 0x52, 0x52, 0x5A, 0x55, 0xA9,
    0x2A, 0x29, 0xA5, 0x4A, 0x24, 0x65, 0xA5, 0x24, 0x49, 0x28, 0xA5, 0x2A, 0x49, 0x92, 0x24, 0x49,
    0x52, 0xEE, 0xBF, 0xDA, 0xB6, 0x7D, 0xFF, 0xDB, 0x95, 0xB6, 0xAD, 0x2D, 0xA8, 0xA9, 0x14, 0x24,
    0x12, 0x45, 0x44, 0x90, 0x24, 0x89, 0x2C, 0xD5, 0xD4, 0x52, 0xB5, 0x64, 0x4A, 0xA5, 0x6A, 0xD5,
    0x52, 0x52, 0x92, 0x14, 0x92, 0xA4, 0x49, 0x94, 0x94, 0x7F, 0xEF, 0x3B, 0x12, 0x29, 0x29, 0x25,
    0x89, 0xAA, 0x4D, 0x84, 0x84, 0x12, 0x91, 0x52, 0x99, 0x5A, 0x92, 0x94, 0x16, 0x42, 0x44, 0x92,
    0x24, 0x49, 0x92, 0x24, 0xF8, 0x6D, 0x6F, 0xD5, 0xAE, 0xEB, 0xBE, 0xA0, 0xDB, 0xD6, 0xA6, 0x5C,
    0x6D, 0x4B, 0x4B, 0x84, 0x10, 0x22, 0x25, 0x49, 0x52, 0x12, 0x49, 0x4A, 0xAA, 0x92, 0x2A, 0xA5,
    0x5A, 0x95, 0x2A, 0x99, 0x8A, 0x04, 0xA9, 0x24, 0x49, 0x22, 0x4A, 0x88, 0xFE, 0xFF, 0x3F, 0xD5,
    0x54, 0x4A, 0xA9, 0xD6, 0x54, 0x92, 0x52, 0x90, 0x90, 0x24, 0x49, 0x4A, 0x49, 0xAA, 0x26, 0x41,
    0x11, 0x91, 0x44, 0x92, 0x48, 0x92, 0x24, 0xDC, 0xFE, 0xD5, 0x6E, 0xF5, 0x7D, 0xD7, 0xDE, 0xAD,
    0x75, 0xB5, 0xA4, 0x5B, 0xA5, 0x10, 0x49, 0x24, 0x91, 0x08, 0x92, 0x24, 0x41, 0x2A, 0x2B, 0x55,
    0x4A, 0x95, 0x5A, 0xA5, 0x52, 0x55, 0x4A, 0x25, 0xA9, 0x44, 0x49, 0x22, 0x48, 0x21, 0x92, 0xF7,
    0xFF, 0xBF, 0x48, 0x4A, 0xA5, 0x54, 0x32, 0x95, 0x64, 0x25, 0x42, 0xAA, 0x92, 0x2C, 0x25, 0xA5,
    0x45, 0x91, 0xA8, 0xA8, 0x24, 0x28, 0x49, 0x92, 0x94, 0x24, 0xF9, 0x5B, 0xBB, 0x55, 0xBB, 0xDE,
    0x6B, 0x2B, 0x6D, 0x5B, 0x5B, 0x70, 0xB5, 0x52, 0x44, 0x22, 0x42, 0x12, 0x44, 0x29, 0x89, 0xAC,
    0xD2, 0xD4, 0xAA, 0xB5, 0x64, 0xA5, 0x2A, 0xAD, 0x92, 0x49, 0x52, 0x92, 0x24, 0x24, 0x49, 0x25,
    0x12, 0x05, 0xFF, 0xBF, 0x3F, 0x2A, 0xA5, 0x32, 0x4B, 0xA9, 0x4A, 0x2B, 0x92, 0x24, 0x11, 0x49,
    0xA2, 0xB2, 0x5A, 0x52, 0x2A, 0x15, 0x04, 0x12, 0x93, 0x24, 0x49, 0x22, 0x49, 0xD8, 0xFF, 0xAE,
    0xED, 0x6E, 0x77, 0xBD, 0x92, 0x6E, 0xDB, 0x4A, 0x99, 0x6D, 0x9B, 0xA6, 0x48, 0x92, 0x88, 0x52,
    0x92, 0x44, 0x42, 0x24, 0x29, 0x25, 0x49, 0x92, 0x52, 0xD5, 0x52, 0x4A, 0xA4, 0x92, 0x48, 0x92,
    0x4A, 0x52, 0x12, 0x91, 0xA8, 0xFF, 0xFD, 0x3F, 0xA5, 0x92, 0x94, 0x24, 0x4D, 0xA9, 0x90, 0x4A,
    0x49, 0x92, 0x94, 0x94, 0x4C, 0x49, 0xAA, 0x4A, 0x42, 0x53, 0xA1, 0x44, 0x92, 0x24, 0x29, 0x49,
    0xF4, 0xB6, 0x75, 0x5B, 0xDB, 0xFB, 0xD6, 0x95, 0x77, 0xDB, 0xB6, 0xD4, 0xAA, 0x49, 0x29, 0x92,
    0x24, 0x44, 0x09, 0x49, 0x29, 0x29, 0x95, 0x4A, 0xB5, 0x2A, 0x5B, 0xAA, 0x4A, 0xAA, 0xA9, 0x56,
    0x24, 0x95, 0xAA, 0x24, 0x89, 0x40, 0x49, 0x92, 0xDF, 0xFF, 0x3F, 0x92, 0x54, 0x6A, 0xD9, 0x52,
    0x25, 0x4D, 0xA5, 0x10, 0x49, 0x4A, 0x4A, 0x25, 0xAD, 0x95, 0x24, 0x91, 0x90, 0x48, 0x28, 0x49,
    0x92, 0x94, 0x92, 0xB0, 0xDF, 0xDB, 0xB6, 0x75, 0xBD, 0xDB, 0xAA, 0xA9, 0x6D, 0x5B, 0xD1, 0xB6,
    0x66, 0x92, 0x04, 0x41, 0x22, 0x20, 0x49, 0x92, 0x24, 0x69, 0xB5, 0x4A, 0xA5, 0x44, 0x25, 0x69,
    0x95, 0x24, 0x49, 0x4A, 0x22, 0x45, 0x92, 0x24, 0x2D, 0x24, 0x09, 0xFF, 0xFF, 0x3F, 0x69, 0x4A,
    0x95, 0x26, 0xA9, 0x54, 0x52, 0x12, 0x89, 0x24, 0x25, 0xA5, 0xD8, 0x52, 0x49, 0x92, 0x28, 0x24,
    0x14, 0x92, 0x24, 0x91, 0x44, 0x49, 0xF0, 0xFD, 0x5A, 0xDB, 0xBE, 0xB7, 0x6D, 0xDB, 0xDE, 0xB6,
    0x2A, 0x69, 0x5B, 0x9B, 0x24, 0xA1, 0x28, 0x52, 0x4A, 0x92, 0x44, 0x92, 0x88, 0x24, 0x55, 0x52,
    0xA9, 0x5A, 0x95, 0x52, 0x95, 0x24, 0x49, 0x92, 0x28, 0x49, 0x52, 0x82, 0x12, 0x92, 0xFF, 0xEF,
    0xBE, 0x24, 0xA5, 0x24, 0x29, 0x95, 0xAA, 0xA4, 0x94, 0xA4, 0x48, 0x52, 0x51, 0x26, 0x49, 0xAA,
    0x2A, 0x85, 0x4A, 0x45, 0x85, 0x48, 0x4A, 0x52, 0x92, 0xF4, 0xB7, 0xAD, 0x6D, 0xDB, 0xDE, 0xB6,
    0xE9, 0x6D, 0xDB, 0xB5, 0xA2, 0x6A, 0x55, 0x91, 0x54, 0x14, 0x09, 0x92, 0x24, 0x29, 0x49, 0xA5,
    0xCA, 0xAA, 0x2A, 0x95, 0xA4, 0x4A, 0x4D, 0xAA, 0xAA, 0x24, 0x49, 0x95, 0x24, 0x89, 0x24, 0x81,
    0x84, 0xFF, 0xFF, 0x3F, 0x96, 0x32, 0xD5, 0xD4, 0x4A, 0x95, 0x4A, 0x4A, 0x42, 0x24, 0x99, 0x14,
    0xA9, 0xB6, 0x54, 0x85, 0x48, 0x21, 0xA2, 0x50, 0x92, 0xA4, 0x2A, 0x89, 0xB0, 0x7E, 0xF7, 0x56,
    0x75, 0x7B, 0xDB, 0xA4, 0xB6, 0x6D, 0x5B, 0xB1, 0xAD, 0xAA, 0x48, 0x08, 0x22, 0xC9, 0x24, 0x49,
    0x92, 0xAA, 0x54, 0x35, 0x95, 0x94, 0x4A, 0x25, 0x69, 0xA9, 0x24, 0x11, 0xA5, 0xA4, 0x48, 0x92,
    0x24, 0x51, 0xA8, 0x24, 0xF7, 0xFE, 0x3F, 0x48, 0x95, 0x2A, 0x4A, 0xB2, 0x64, 0x92, 0x92, 0x14,
    0x92, 0x24, 0xA5, 0x55, 0x49, 0x4B, 0x52, 0x22, 0x14, 0x11, 0x4A, 0x92, 0x24, 0x91, 0x24, 0xF1,
    0xDF, 0x5B, 0xED, 0xEE, 0xAF, 0xAD, 0xD5, 0x6D, 0x5B, 0x2D, 0xC5, 0xD6, 0x96, 0x24, 0x45, 0x89,
    0x24, 0x49, 0x92, 0x92, 0x14, 0x4A, 0x92, 0x52, 0xA5, 0xA4, 0xB4, 0x26, 0x52, 0x53, 0xAA, 0x52,
    0x12, 0x25, 0x49, 0x92, 0x08, 0x15, 0x91, 0xFF, 0xFF, 0x3F, 0x65, 0x4A, 0x49, 0x25, 0x49, 0x52,
    0xA5, 0x24, 0xA2, 0x49, 0x4A, 0x49, 0x92, 0x54, 0x24, 0x29, 0x91, 0x92, 0x94, 0x24, 0x49, 0x49,
    0x4A, 0x92, 0x60, 0x77, 0xAD, 0x5B, 0xBB, 0x76, 0xDB, 0xEA, 0xB6, 0xED, 0xD6, 0x62, 0x5A, 0x53,
    0x92, 0x32, 0x49, 0x12, 0x22, 0x49, 0x49, 0x49, 0xA5, 0x6A, 0x59, 0x4A, 0x92, 0x8A, 0x94, 0x2D,
    0x49, 0x49, 0x92, 0x4A, 0x92, 0x24, 0x91, 0xA4, 0x82, 0x88, 0xFF, 0xF7, 0x1D, 0x2A, 0xA9, 0x54,
    0xA9, 0x56, 0x2D, 0x99, 0x24, 0x11, 0xA4, 0x92, 0x24, 0x59, 0xAB, 0x55, 0x95, 0x24, 0xA1, 0x24,
    0x21, 0x49, 0x92, 0x24, 0x25, 0xF1, 0xFB, 0xB6, 0xAD, 0x6D, 0xB7, 0x6D, 0x7D, 0x6D, 0x5B, 0x6B,
    0xA5, 0xAD, 0xAC, 0x49, 0x88, 0x24, 0xC9, 0x94, 0x54, 0xAC, 0xA4, 0x52, 0x25, 0x25, 0x29, 0x55,
    0x52, 0x69, 0x92, 0xAA, 0x14, 0x29, 0x55, 0xA9, 0x24, 0x49, 0x12, 0x50, 0x92, 0xFF, 0xFF, 0x3F,
    0x12, 0x55, 0xA6, 0x54, 0xA9, 0xA4, 0x4A, 0x22, 0x89, 0x24, 0x51, 0x92, 0x26, 0x49, 0x2A, 0x49,
    0x92, 0x14, 0x49, 0x4A, 0x92, 0x54, 0x92, 0x48, 0xD2, 0xBE, 0xDB, 0xDA, 0xDE, 0xDB, 0xB6, 0x2A,
    0xB7, 0xED, 0xB6, 0xC6, 0xD6, 0x56, 0x49, 0x52, 0x9A, 0x24, 0x92, 0x24, 0x45, 0x2A, 0x29, 0xA9,
    0xAA, 0xA4, 0x4A, 0x29, 0x25, 0xC9, 0x24, 0xA5, 0x94, 0x88, 0x44, 0x92, 0x94, 0x44, 0x2A, 0x89,
    0xBF, 0xFF, 0x0F, 0xD5, 0x4A, 0x49, 0x4A, 0x92, 0x52, 0x65, 0x29, 0x49, 0x52, 0xAC, 0x4A, 0x51,
    0x55, 0xA4, 0x52, 0x49, 0x4A, 0x92, 0x94, 0x24, 0x89, 0x4A, 0x2A, 0xE1, 0x77, 0xB7, 0xED, 0xB6,
    0xDD, 0xD6, 0xDA, 0x6D, 0x5B, 0xB7, 0x42, 0x6B, 0x53, 0x2A, 0xA5, 0x52, 0x2A, 0x49, 0x92, 0x52,
    0x92, 0xAC, 0x54, 0x55, 0x95, 0x24, 0x95, 0x4A, 0x35, 0x95, 0x22, 0x45, 0x45, 0x2A, 0x49, 0x22,
    0x22, 0x85, 0x88, 0xFB, 0xBF, 0x1F, 0x48, 0xA4, 0x2A, 0x25, 0x55, 0x55, 0x2A, 0x95, 0x24, 0x89,
    0x42, 0xA4, 0xAC, 0xAA, 0x55, 0xAA, 0x94, 0xA4, 0x24, 0x49, 0x92, 0x24, 0x51, 0x92, 0xE2, 0xFE,
    0xDB, 0xB6, 0xED, 0x6E, 0x6B, 0xF5, 0x6D, 0xDB, 0x5A, 0xA5, 0xB5, 0xAC, 0x55, 0x52, 0xA4, 0x92,
    0x24, 0x55, 0x29, 0x49, 0x45, 0x2B, 0x49, 0x4A, 0xA9, 0xA4, 0xA4, 0x92, 0x52, 0x29, 0xA9, 0xA8,
    0x24, 0x49, 0x92, 0x94, 0x40, 0x92, 0xFF, 0xFF, 0x97, 0x2A, 0x95, 0xA4, 0xD2, 0xAA, 0x2A, 0x25,
    0x49, 0x42, 0x92, 0x94, 0x52, 0x4A, 0x25, 0x4A, 0x49, 0x4A, 0x52, 0x92, 0x24, 0x49, 0x52, 0x29,
    0x49, 0xA1, 0x6F, 0x6D, 0xDB, 0x7B, 0xD7, 0x76, 0xAF, 0xB6, 0xED, 0xB6, 0x8D, 0x5A, 0xB7, 0x24,
    0x29, 0x55, 0xA5, 0x24, 0x89, 0x94, 0x55, 0x52, 0x92, 0xAA, 0xA4, 0x54, 0x4A, 0x52, 0xCA, 0xAA,
    0x94, 0x2A, 0x95, 0x44, 0x92, 0x24, 0x49, 0x2A, 0x89, 0xFF, 0xFB, 0x0F, 0xD5, 0x52, 0x55, 0x2D,
    0x49, 0x92, 0xD2, 0x24, 0x29, 0x49, 0x52, 0x15, 0xA5, 0x54, 0x29, 0x55, 0x53, 0x95, 0x4A, 0x92,
    0x24, 0x29, 0x8A, 0xA4, 0xC4, 0xF7, 0xD6, 0xB6, 0x5D, 0xBB, 0xAD, 0x5A, 0xDB, 0x56, 0xDB, 0x86,
    0xCD, 0xAA, 0x92, 0x94, 0x92, 0x54, 0x92, 0x64, 0xAA, 0x88, 0x2A, 0x69, 0x52, 0x2A, 0x25, 0x25,
    0x25, 0x55, 0x54, 0x4A, 0x92, 0x24, 0x29, 0x49, 0x92, 0x44, 0x12, 0x84, 0xBF, 0xFF, 0x1F, 0x48,
    0x4A, 0x2A, 0x49, 0x55, 0x55, 0x49, 0x92, 0x90, 0x24, 0x25, 0xA2, 0xB2, 0xAA, 0xD4, 0x92, 0x94,
    0x92, 0x54, 0x55, 0x12, 0x09, 0xD1, 0x2A, 0xE5, 0xBD, 0xBB, 0xED, 0xED, 0x6D, 0xDB, 0xED, 0x6D,
    0x6D, 0xDB, 0x52, 0x6B, 0x5B, 0x4D, 0xA5, 0xAA, 0x2A, 0xAB, 0x2A, 0x25, 0xA5, 0x94, 0x25, 0x25,
    0x93, 0x92, 0x52, 0x29, 0x89, 0x25, 0x25, 0xA5, 0x4A, 0x92, 0x94, 0x24, 0x29, 0x91, 0xA2, 0xFF,
    0x7F, 0x07, 0x2B, 0xA9, 0x92, 0xA4, 0x8A, 0x4A, 0xAA, 0x4A, 0x8A, 0xA4, 0x92, 0x52, 0x49, 0x49,
    0x4B, 0xAA, 0xA4, 0x48, 0x92, 0x88, 0x88, 0x64, 0x25, 0x52, 0x82, 0x7E, 0xDF, 0xDA, 0x6E, 0xDB,
    0xB6, 0xB6, 0xB6, 0xBB, 0x6D, 0x9D, 0x5A, 0xB5, 0xA5, 0x48, 0x4D, 0x4B, 0x51, 0x95, 0x52, 0x32,
    0x49, 0x94, 0x94, 0xA4, 0x54, 0x29, 0x92, 0x64, 0xAA, 0x52, 0x29, 0x25, 0x49, 0x22, 0x49, 0x12,
    0x49, 0x92, 0xFB, 0xFF, 0x27, 0x55, 0x25, 0xC9, 0x96, 0xA4, 0xA4, 0x54, 0x94, 0x24, 0x49, 0x48,
    0x29, 0x2A, 0x55, 0x24, 0x49, 0x2A, 0xAD, 0x4A, 0xA6, 0xA4, 0x24, 0x4A, 0x95, 0xCA, 0xEF, 0x66,
    0x6D, 0xDB, 0xEE, 0xD6, 0xB6, 0x6D, 0xAD, 0x6D, 0x0B, 0xAD, 0xAE, 0x52, 0x52, 0x92, 0xA4, 0x94,
    0xC8, 0x2A, 0x15, 0xA5, 0xCA, 0xAA, 0x54, 0xAA, 0x94, 0x94, 0x2A, 0x49, 0x92, 0x94, 0x24, 0x49,
    0x49, 0x92, 0x88, 0x24, 0x91, 0xFF, 0xF7, 0x17, 0x89, 0x92, 0x2A, 0x49, 0x5A, 0x2A, 0x89, 0x4A,
    0x92, 0x24, 0x25, 0x49, 0xA5, 0xAA, 0xB5, 0x55, 0x49, 0x92, 0xA4, 0x24, 0x49, 0x92, 0xA4, 0xAA,
    0xC4, 0xBB, 0xBB, 0xF7, 0x77, 0xDB, 0xB6, 0xAD, 0x6D, 0xDB, 0xB6, 0xAD, 0xD5, 0xD5, 0x9A, 0x2A,
    0xAB, 0x5A, 0xAA, 0xAA, 0x94, 0xA2, 0x2A, 0x25, 0x49, 0x93, 0x12, 0x4A, 0x49, 0x11, 0x25, 0x49,
    0x4A, 0x99, 0x92, 0x94, 0x24, 0x52, 0x92, 0xA4, 0x7F, 0xFF, 0x83, 0x32, 0xC9, 0x44, 0x52, 0x25,
    0x95, 0x55, 0x25, 0x29, 0x49, 0x52, 0x92, 0x52, 0x52, 0x92, 0xA4, 0x24, 0x49, 0x29, 0x49, 0x12,
    0x49, 0x29, 0x49, 0x05, 0xDF, 0xDD, 0x5A, 0xBD, 0x6D, 0xDB, 0xDA, 0xB6, 0xDB, 0xD6, 0x36, 0x6A,
    0x5A, 0x6D, 0xA5, 0x55, 0xA5, 0x55, 0x55, 0xA5, 0x54, 0x44, 0xA9, 0x94, 0x48, 0x49, 0xA5, 0xA4,
    0xCC, 0x52, 0x55, 0xA5, 0x4A, 0x49, 0x22, 0x49, 0x25, 0x49, 0x92, 0xFF, 0x7F, 0x1F, 0x89, 0x28,
    0xB2, 0x2A, 0x92, 0x52, 0xA8, 0xA8, 0x44, 0x92, 0x24, 0x25, 0x59, 0x4D, 0x4A, 0x4A, 0x96, 0xA4,
    0x54, 0x92, 0xA4, 0xAA, 0x4A, 0x95, 0x88, 0x7D, 0xDB, 0xB6, 0xDB, 0xB6, 0x55, 0xED, 0x6D, 0xB5,
    0x6D, 0x15, 0xB5, 0xAD, 0x25, 0x69, 0xAA, 0x55, 0x4A, 0x92, 0x52, 0x25, 0xA9, 0x54, 0x4A, 0x55,
    0xAA, 0x24, 0x95, 0x24, 0x99, 0xA4, 0x92, 0xA4, 0x24, 0x25, 0x49, 0x12, 0x91, 0xA4, 0xF7, 0xFF,
    0x1B, 0x12, 0x12, 0x11, 0x49, 0x55, 0x24, 0x4A, 0x55, 0x25, 0x91, 0x24, 0xA9, 0x24, 0xA9, 0xB5,
    0x29, 0x49, 0x2A, 0x25, 0x29, 0x49, 0x44, 0x94, 0x6A, 0x8A, 0xB7, 0xB7, 0xFD, 0xEE, 0xDB, 0xB6,
    0x57, 0xDB, 0x6E, 0xDB, 0x2E, 0xB2, 0xB6, 0xAA, 0x52, 0xB5, 0xAA, 0x6A, 0x6B, 0x9A, 0x48, 0x25,
    0x25, 0x65, 0x2A, 0x55, 0x52, 0x49, 0x52, 0x4A, 0x12, 0x69, 0x92, 0x94, 0x48, 0x92, 0xA4, 0x4A,
    0x92, 0xFF, 0xFB, 0x1F, 0x40, 0x80, 0x88, 0x90, 0x88, 0x10, 0x95, 0x24, 0x92, 0x48, 0x92, 0x54,
    0xA5, 0x52, 0x92, 0x54, 0x49, 0x92, 0x92, 0x4A, 0x49, 0x92, 0x52, 0x12, 0x13, 0xFF, 0x7D, 0x6B,
    0x77, 0x6D, 0xDB, 0xEA, 0xB6, 0xDB, 0xB6, 0x75, 0x41, 0x57, 0x55, 0x89, 0x4A, 0x55, 0x95, 0x24,
    0x45, 0x96, 0x92, 0xAA, 0x92, 0xA4, 0x22, 0x95, 0x24, 0xAB, 0x25, 0x55, 0x25, 0x4B, 0x4A, 0x25,
    0x49, 0x12, 0x49, 0x92, 0xFF, 0xFF, 0x8F, 0x00, 0x00, 0x04, 0x04, 0x00, 0x00, 0x48, 0xCA, 0x4A,
    0x24, 0x49, 0x93, 0x52, 0xAD, 0x4A, 0x8A, 0x94, 0xA4, 0x54, 0x91, 0x24, 0x55, 0x49, 0x49, 0x21,
    0x6F, 0xAD, 0xDD, 0xDB, 0xBE, 0x6D, 0xBD, 0xB6, 0xB5, 0xDA, 0xB6, 0xA5, 0xAA, 0x92, 0x54, 0x55,
    0x6A, 0x55, 0x95, 0xA9, 0x22, 0x59, 0x49, 0x99, 0x52, 0x49, 0x22, 0xAA, 0x44, 0xA8, 0xA4, 0x54,
    0x51, 0x49, 0x92, 0x24, 0x95, 0x24, 0xC9, 0xFF, 0xBF, 0x9F, 0xFD, 0x5B, 0x40, 0x00, 0x00, 0x24,
    0x52, 0x35, 0x29, 0x93, 0xA4, 0x48, 0x2A, 0x49, 0xB5, 0xA5, 0x24, 0x29, 0x25, 0x4A, 0x92, 0x48,
    0x2A, 0xAD, 0x14, 0xBB, 0xEF, 0xB7, 0xBD, 0x67, 0xB5, 0x57, 0xDB, 0xDE, 0x6D, 0x5B, 0x13, 0xDC,
    0x2A, 0xA5, 0xAA, 0x95, 0xAA, 0xAA, 0x24, 0xA9, 0xA4, 0x54, 0x4A, 0x29, 0x55, 0x92, 0x44, 0x92,
    0x4A, 0x4A, 0xAA, 0xAC, 0x92, 0x24, 0x49, 0x49, 0x52, 0xC9, 0x77, 0xFF, 0xFF, 0xFF, 0xAF, 0x92,
    0x90, 0x54, 0x13, 0x25, 0x49, 0x95, 0x48, 0x24, 0x2D, 0x95, 0xB4, 0x24, 0x29, 0x89, 0x44, 0x49,
    0x25, 0x29, 0x25, 0xA5, 0x52, 0x0A, 0xDE, 0xDB, 0xFA, 0xEE, 0x75, 0x5B, 0xED, 0xB7, 0xD5, 0xB6,
    0xED, 0x3E, 0x61, 0xC9, 0xD2, 0x54, 0x6A, 0x55, 0x55, 0x96, 0x54, 0x25, 0x25, 0xA5, 0x94, 0x4A,
    0x92, 0x24, 0x59, 0x25, 0x25, 0x93, 0x4A, 0x2A, 0x49, 0x92, 0x24, 0x95, 0x84, 0xFF, 0xFF, 0xFD,
    0xFF, 0xFF, 0xBF, 0x4E, 0xFF, 0x3F, 0xAA, 0xA4, 0xA2, 0x24, 0x52, 0x22, 0x49, 0x4B, 0x96, 0x14,
    0x49, 0x92, 0xA8, 0xA8, 0x44, 0xD2, 0x54, 0x92, 0x42, 0x7E, 0xBD, 0x5D, 0xB7, 0xBA, 0xB6, 0xBB,
    0x6C, 0xBB, 0x76, 0x5B, 0xD5, 0x82, 0xA6, 0x2A, 0x29, 0x95, 0xAA, 0xAA, 0xAA, 0x26, 0x92, 0xAA,
    0x32, 0xA5, 0x24, 0x49, 0x92, 0x4A, 0x52, 0xA9, 0x54, 0x52, 0x95, 0xA4, 0xA4, 0x52, 0x49, 0xC2,
    0xFF, 0xFB, 0xFF, 0xEF, 0xFF, 0xFF, 0xFF, 0xFF, 0x3F, 0x4A, 0x55, 0x54, 0x92, 0x92, 0x92, 0xA4,
    0xA4, 0xC9, 0xA6, 0x24, 0x49, 0x4A, 0x4A, 0x2A, 0x49, 0x2A, 0x49, 0x45, 0xD6, 0x6E, 0xEF, 0x75,
    0x5F, 0xDB, 0x6D, 0xB7, 0x6D, 0xDB, 0xB6, 0x6B, 0x49, 0x54, 0x95, 0xA4, 0x6A, 0x55, 0x95, 0x52,
    0x52, 0x55, 0x49, 0x95, 0x52, 0x95, 0x24, 0x55, 0x91, 0x94, 0x54, 0xA9, 0x55, 0xA2, 0x52, 0x2A,
    0x95, 0x24, 0x91, 0xA9, 0xDE, 0xFF, 0xFE, 0xFF, 0xFF, 0xFF, 0xFF, 0x0F, 0x95, 0x8A, 0x8A, 0x24,
    0x29, 0xA9, 0x32, 0x59, 0x2A, 0x51, 0x92, 0x24, 0x25, 0x25, 0x91, 0x2A, 0x93, 0xAD, 0x80, 0xBA,
    0xF7, 0xB5, 0xDE, 0xE5, 0xAD, 0xD6, 0x5B, 0xD5, 0x6D, 0xB7, 0xDD, 0x16, 0xA2, 0x42, 0x95, 0x2A,
    0xA9, 0x52, 0xAD, 0xA9, 0xAA, 0x24, 0x49, 0x29, 0x4A, 0x52, 0x22, 0xAA, 0x4A, 0x26, 0x95, 0x94,
    0x52, 0x94, 0x52, 0x49, 0x52, 0x42, 0x48, 0xED, 0xF6, 0x7F, 0xFF, 0xFF, 0xFF, 0xFF, 0x9F, 0x62,
    0x52, 0x29, 0x25, 0x49, 0x25, 0x95, 0x4A, 0x95, 0x94, 0x12, 0x92, 0x92, 0x90, 0xA4, 0x54, 0xC9,
    0x10, 0xC9, 0xFC, 0x6D, 0xDB, 0xDB, 0xBA, 0x6A, 0xBB, 0xB6, 0xBB, 0x6E, 0xDB, 0x6D, 0xAF, 0x48,
    0x6A, 0x4A, 0x95, 0x4A, 0xAA, 0x52, 0x2D, 0x49, 0xB6, 0xAA, 0x94, 0x52, 0x25, 0x29, 0x25, 0xA5,
    0x92, 0x4A, 0xAA, 0x94, 0x4A, 0x49, 0xAA, 0x2A, 0x01, 0x92, 0x00, 0xD9, 0xFF, 0xFF, 0xFF, 0xBB,
    0xFB, 0x0F, 0x28, 0x29, 0xA5, 0x92, 0xA4, 0x12, 0x49, 0xA5, 0x52, 0x25, 0xA5, 0x24, 0xA9, 0x2A,
    0x55, 0x89, 0x54, 0x4A, 0x60, 0x5C, 0xDB, 0xBE, 0x6D, 0x5F, 0x77, 0xDB, 0xB6, 0xDD, 0xB5, 0xDB,
    0xB6, 0x75, 0x83, 0x94, 0x92, 0xA8, 0xB5, 0x55, 0x49, 0x52, 0xA5, 0x49, 0x95, 0x4A, 0x29, 0x92,
    0x94, 0x52, 0x52, 0x51, 0xA9, 0x45, 0x29, 0x65, 0x2A, 0x25, 0xA5, 0x01, 0x00, 0x20, 0x00, 0xEA,
    0xFF, 0x77, 0xFF, 0xBF, 0x0F, 0x95, 0x95, 0x9A, 0x94, 0x24, 0xC9, 0xB4, 0x32, 0x4D, 0x4A, 0x12,
    0x91, 0x14, 0x45, 0x22, 0xAA, 0x2A, 0xAD, 0xE0, 0xDA, 0xFE, 0xD7, 0x76, 0xD3, 0xAD, 0x6D, 0xDB,
    0xD6, 0x6E, 0x6D, 0xDB, 0xAA, 0x15, 0x40, 0x25, 0x96, 0x94, 0x52, 0xB6, 0x95, 0x5A, 0x49, 0x52,
    0xA9, 0x24, 0x49, 0x4A, 0x94, 0x94, 0xAC, 0x94, 0x54, 0x4A, 0x29, 0xD5, 0x94, 0x94, 0x20, 0x01,
    0x08, 0x82, 0xD4, 0xED, 0xFF, 0xFF, 0xFF, 0x8F, 0x92, 0x48, 0x49, 0x49, 0x4A, 0x49, 0x26, 0x49,
    0xA9, 0x92, 0x92, 0x48, 0xA2, 0x24, 0x99, 0x55, 0x92, 0x22, 0xE1, 0xFC, 0xAD, 0xEA, 0xDE, 0xBA,
    0x6A, 0xDB, 0xB6, 0x6D, 0xDB, 0x76, 0xDB, 0xDE, 0x9B, 0xA4, 0x8A, 0x52, 0x4B, 0x2D, 0x29, 0x69,
    0x49, 0xB6, 0xAA, 0x54, 0x4A, 0xA5, 0x22, 0xA5, 0x2A, 0x25, 0x55, 0x2A, 0xA5, 0x24, 0x49, 0xD2,
    0xD2, 0x04, 0x20, 0x41, 0x20, 0xA0, 0x7E, 0xFF, 0xEF, 0xFF, 0x0B, 0x49, 0x66, 0x52, 0x45, 0x92,
    0x24, 0x49, 0x95, 0x52, 0x29, 0x49, 0x24, 0x49, 0xA8, 0x4A, 0x49, 0x55, 0x49, 0x70, 0x59, 0xDB,
    0x7D, 0x6B, 0xDF, 0xDD, 0xB6, 0x6D, 0xBB, 0xB5, 0xDB, 0xB6, 0x6D, 0xFD, 0x03, 0x50, 0x29, 0xB4,
    0xD2, 0xD6, 0x26, 0xA5, 0x22, 0x55, 0x8A, 0x52, 0x52, 0x54, 0x49, 0x44, 0x92, 0xAA, 0xA5, 0x32,
    0xD5, 0xA4, 0x4A, 0x4A, 0xD6, 0x4C, 0x12, 0x55, 0x02, 0x80, 0xD4, 0xFD, 0xFB, 0x87, 0x94, 0x92,
    0x24, 0x92, 0x24, 0x92, 0xA4, 0x52, 0x95, 0x94, 0x48, 0x92, 0x24, 0x45, 0x44, 0xAA, 0x4A, 0x55,
    0xDC, 0xAD, 0x77, 0xD7, 0xB6, 0xD5, 0xB6, 0x6D, 0xDB, 0xDD, 0x6E, 0xAD, 0x6D, 0x6B, 0xAB, 0x5D,
    0x84, 0x54, 0x91, 0xAC, 0xA4, 0x94, 0x5A, 0x99, 0x92, 0x52, 0x25, 0x29, 0x25, 0x52, 0x29, 0xA9,
    0x24, 0x59, 0x95, 0x24, 0x36, 0x2D, 0x29, 0x21, 0x22, 0xA4, 0x8A, 0x2A, 0x00, 0x20, 0xEA, 0x7F,
    0x47, 0x24, 0x49, 0x92, 0x24, 0x42, 0x49, 0x55, 0x29, 0x4A, 0x25, 0x25, 0x21, 0x49, 0x22, 0x69,
    0x55, 0xA9, 0x28, 0xB8, 0x75, 0xBB, 0xBB, 0xDD, 0x6D, 0x6B, 0xDB, 0x76, 0x6B, 0xDB, 0x76, 0xDB,
    0xB6, 0xDD, 0x2E, 0x09, 0xDA, 0x4A, 0x55, 0x52, 0x6A, 0x25, 0x65, 0x69, 0xA9, 0x28, 0x25, 0x49,
    0x95, 0x92, 0x4A, 0x92, 0x2A, 0xA9, 0x92, 0x49, 0xA2, 0xA6, 0x4A, 0x92, 0x49, 0xA4, 0x44, 0x82,
    0x14, 0x69, 0xFF, 0x23, 0x92, 0x2C, 0x49, 0x12, 0x91, 0x4A, 0x2A, 0x95, 0xB5, 0x4A, 0x92, 0x48,
    0x92, 0x94, 0x92, 0x24, 0x35, 0x95, 0xF4, 0xF1, 0xB6, 0xDD, 0x6F, 0xDB, 0xB6, 0x6D, 0xBB, 0xDD,
    0xB6, 0xB7, 0xB7, 0xDB, 0xF6, 0xF7, 0x06, 0x61, 0x2D, 0xA2, 0xAD, 0x25, 0xD5, 0x94, 0x26, 0x4A,
    0x96, 0x92, 0xAA, 0xA4, 0xA4, 0x24, 0x6B, 0x95, 0x4A, 0xAD, 0xA4, 0x9A, 0x94, 0x54, 0x49, 0x24,
    0x55, 0x29, 0x59, 0x00, 0xE0, 0xEF, 0x03, 0x49, 0x22, 0x25, 0x49, 0x29, 0x91, 0xA4, 0x4A, 0x24,
    0x91, 0x08, 0x92, 0x94, 0x24, 0x09, 0xAA, 0x4A, 0x22, 0x5E, 0xBB, 0xDD, 0xEE, 0xDA, 0x6E, 0xDB,
    0xB6, 0xAD, 0x6D, 0xDB, 0xDA, 0x7A, 0x6D, 0x2B, 0xD9, 0x7F, 0x00, 0xB6, 0x29, 0x91, 0x94, 0xAA,
    0xAA, 0x94, 0x25, 0xA5, 0x54, 0x52, 0x2A, 0x55, 0xA9, 0x94, 0x54, 0xA5, 0x44, 0x56, 0xD5, 0x52,
    0xA5, 0x54, 0x96, 0x2A, 0x26, 0x2D, 0xD3, 0xC4, 0xFF, 0xD1, 0x24, 0x95, 0x48, 0x22, 0x84, 0x48,
    0x95, 0x64, 0x96, 0xAC, 0xA4, 0x44, 0x22, 0x49, 0xA4, 0x95, 0x44, 0x09, 0xEF, 0x55, 0xEF, 0x6D,
    0xED, 0xB6, 0xB6, 0x6D, 0x77, 0x6B, 0xDB, 0xB6, 0xAD, 0xDB, 0x76, 0x6F, 0xD5, 0x12, 0x49, 0x55,
    0x52, 0x6A, 0x49, 0x52, 0x6A, 0xB2, 0x52, 0x4A, 0x25, 0x95, 0x92, 0x94, 0x4A, 0xAB, 0x5A, 0x52,
    0xA9, 0x24, 0x4D, 0x4A, 0x8A, 0x52, 0x91, 0x92, 0x92, 0xAA, 0xE2, 0xFF, 0x23, 0x92, 0x48, 0x25,
    0x91, 0x52, 0x56, 0x6A, 0x29, 0xA9, 0x12, 0x11, 0x21, 0x49, 0x92, 0x92, 0xA4, 0xB2, 0xC4, 0xDD,
    0xF2, 0x75, 0xB7, 0x77, 0xDB, 0x6D, 0xDB, 0xB6, 0xDD, 0xB6, 0x6D, 0xDB, 0xB6, 0xBD, 0x6D, 0xBB,
    0x4F, 0x40, 0x2A, 0xA9, 0x12, 0x55, 0x95, 0x25, 0x15, 0x49, 0xA5, 0xAA, 0x64, 0xAA, 0x4A, 0xD5,
    0x54, 0x49, 0xAD, 0x54, 0x4B, 0xA9, 0x52, 0x22, 0x49, 0xAA, 0x54, 0x49, 0x11, 0xE5, 0xFE, 0x91,
    0x92, 0x24, 0x29, 0x49, 0x24, 0x21, 0x25, 0x95, 0x25, 0x45, 0x22, 0x94, 0x94, 0x4A, 0x29, 0x59,
    0x15, 0x80, 0xBB, 0xB3, 0x6E, 0x7B, 0xBB, 0xDD, 0xDA, 0x76, 0xDB, 0xB6, 0x6D, 0xF7, 0xEE, 0x6D,
    0xCB, 0xDA, 0xEE, 0xB6, 0x00, 0xA4, 0x0B, 0x89, 0xAA, 0xA4, 0xD4, 0xCA, 0xAC, 0xB2, 0x94, 0x4A,
    0x55, 0xB2, 0xAA, 0xAA, 0xAA, 0x92, 0xAA, 0xB2, 0x94, 0x2C, 0x55, 0xAA, 0x4A, 0xA5, 0xB4, 0x6A,
    0xF1, 0xEF, 0x48, 0x49, 0x49, 0x92, 0x08, 0x89, 0x54, 0x49, 0x4A, 0x54, 0x52, 0x12, 0x89, 0xA4,
    0xA4, 0x94, 0x26, 0x4A, 0xE9, 0x76, 0x73, 0xBB, 0xDB, 0xD6, 0xB6, 0xB6, 0xAD, 0x6D, 0x6F, 0xDB,
    0xB6, 0x6D, 0xDB, 0x7D, 0xB7, 0x6D, 0xDB, 0x5F, 0x00, 0xF4, 0x52, 0x41, 0x52, 0x2A, 0xA9, 0x52,
    0x14, 0x53, 0xB5, 0x4A, 0x95, 0x54, 0x55, 0x55, 0x52, 0x92, 0x94, 0x56, 0x52, 0xA9, 0x95, 0x24,
    0x4A, 0x0A, 0x25, 0xF1, 0x5F, 0x00, 0x20, 0x90, 0x24, 0xA5, 0x24, 0x95, 0xAA, 0x52, 0x2A, 0x29,
    0x91, 0x22, 0x49, 0x32, 0xA5, 0x92, 0xA4, 0x70, 0xDF, 0xD3, 0xDD, 0xB6, 0x6D, 0xDB, 0x6D, 0xDB,
    0xF6, 0xDA, 0xDA, 0x5A, 0xB7, 0xEE, 0xB6, 0x7B, 0xB7, 0x6D, 0xAB, 0x53, 0x00, 0xAD, 0x9A, 0xAA,
    0x92, 0x26, 0x25, 0x4B, 0xA9, 0x24, 0xA9, 0x4A, 0xAB, 0xAA, 0x54, 0x4D, 0x55, 0xAB, 0xA2, 0xA5,
    0x92, 0x64, 0xB2, 0x24, 0xA5, 0x52, 0xF9, 0x3F, 0x90, 0x04, 0x02, 0x00, 0x10, 0x92, 0x48, 0x44,
    0x24, 0x85, 0x04, 0x49, 0x10, 0x92, 0x94, 0x52, 0xA9, 0x12, 0xF0, 0xED, 0xE6, 0xEE, 0xDD, 0xBB,
    0x6D, 0xDB, 0x76, 0x5B, 0xB7, 0x6D, 0xB7, 0xDB, 0xB7, 0xAD, 0xAD, 0xDB, 0xDD, 0xF6, 0x2D, 0x09,
    0x44, 0x49, 0x24, 0xA5, 0x94, 0xAA, 0xD4, 0xB4, 0xAA, 0x55, 0x69, 0x52, 0x4A, 0xAB, 0xA4, 0x4A,
    0x52, 0x59, 0x2A, 0x55, 0x2A, 0x4B, 0xAB, 0x54, 0x99, 0x78, 0x5F, 0xAB, 0xA4, 0x24, 0x81, 0x80,
    0x00, 0x20, 0x29, 0xA9, 0x50, 0xA9, 0x24, 0x8A, 0x08, 0x49, 0x99, 0x2C, 0x11, 0xBC, 0xDB, 0x66,
    0xB7, 0xEE, 0xD6, 0xB6, 0x6D, 0xB7, 0xB7, 0x6D, 0xB7, 0xB5, 0xED, 0x6C, 0xF7, 0xDD, 0xED, 0xB6,
    0x7D, 0xFB, 0x82, 0x20, 0x25, 0x12, 0x49, 0x69, 0x55, 0xAA, 0x4A, 0x55, 0x2A, 0x2D, 0xAD, 0xB5,
    0x94, 0x52, 0x64, 0x95, 0x4C, 0xB5, 0x4A, 0x53, 0x91, 0x50, 0x2A, 0x95, 0xF8, 0xFF, 0xFF, 0xFF,
    0xB7, 0x36, 0x09, 0x00, 0x84, 0x90, 0x52, 0x95, 0x44, 0x12, 0xA5, 0xA4, 0xA4, 0x94, 0x42, 0x88,
    0xDC, 0xBE, 0xB3, 0x75, 0x6B, 0xED, 0xD6, 0xB6, 0x6D, 0xED, 0xDA, 0xDA, 0x6E, 0x6D, 0x77, 0xBB,
    0x76, 0x6D, 0x6D, 0x0B, 0xB7, 0x7F, 0x01, 0x00, 0x40, 0x52, 0x26, 0x49, 0x4B, 0xAA, 0x54, 0xA5,
    0x92, 0x4A, 0x4A, 0x55, 0x9B, 0x9A, 0x6A, 0xA5, 0x4A, 0x29, 0x49, 0xAA, 0x8C, 0x92, 0x52, 0xFC,
    0xF7, 0xFF, 0xFF, 0xFF, 0xFF, 0xFF, 0xFF, 0x2B, 0x02, 0x00, 0x89, 0x24, 0x92, 0x48, 0x12, 0x49,
    0x4A, 0x92, 0x0A, 0x6E, 0x77, 0xE7, 0xBA, 0xB7, 0x77, 0xB5, 0xB6, 0x6D, 0x5B, 0x6F, 0xB7, 0xB5,
    0xDB, 0xB6, 0x5B, 0xAF, 0xB7, 0xDB, 0xEE, 0x6D, 0xAD, 0x9C, 0x28, 0x01, 0x80, 0x90, 0x2A, 0x51,
    0x55, 0xAB, 0x5A, 0xD5, 0x52, 0xB5, 0x2A, 0x49, 0x49, 0x92, 0x52, 0x29, 0xD5, 0xAC, 0x4A, 0x52,
    0x49, 0x2A, 0xFE, 0xFF, 0xFF, 0xFF, 0xFF, 0xFF, 0xFF, 0xFF, 0xFF, 0x5D, 0x09, 0x22, 0x49, 0x49,
    0x22, 0x89, 0x24, 0x25, 0x95, 0x04, 0xF7, 0xED, 0xA6, 0xDE, 0xBA, 0xAD, 0xDB, 0x6D, 0xDB, 0xB6,
    0xB5, 0x6D, 0xDB, 0x76, 0xBB, 0xED, 0xF5, 0xDA, 0x76, 0x97, 0xB6, 0xDB, 0x6F, 0x4D, 0x92, 0x08,
    0x4A, 0x92, 0xAC, 0x25, 0x49, 0xA5, 0x2A, 0xAD, 0x4A, 0xA5, 0xAA, 0xAA, 0x49, 0x5A, 0xD6, 0x2A,
    0x45, 0x25, 0x25, 0x55, 0x55, 0xEE, 0xFE, 0xF6, 0xFF, 0xFF, 0xFF, 0xFF, 0xFF, 0xFF, 0xEF, 0x26,
    0x48, 0x92, 0x24, 0x49, 0x52, 0x92, 0x52, 0x49, 0xC1, 0x6F, 0xBB, 0xCB, 0xD5, 0x6D, 0xB5, 0x6D,
    0xDB, 0xB6, 0x7B, 0xDB, 0xB6, 0x6D, 0xBB, 0xDB, 0x76, 0xBB, 0xBD, 0x6D, 0x4B, 0xDB, 0x76, 0xD5,
    0xB7, 0x4D, 0x04, 0x20, 0xC9, 0x4A, 0xAA, 0x55, 0x52, 0x95, 0x52, 0xA9, 0x5A, 0x55, 0x35, 0xB5,
    0x89, 0x52, 0xA5, 0x6A, 0xB2, 0x94, 0xAA, 0x08, 0xFE, 0xFF, 0xFF, 0xB6, 0xFF, 0xFF, 0xFF, 0xFF,
    0xFF, 0xFF, 0xFF, 0x85, 0x24, 0x24, 0x92, 0x24, 0x21, 0xA9, 0xA4, 0xA0, 0xB9, 0xDF, 0xED, 0xEE,
    0xDE, 0xDB, 0xB6, 0xB6, 0x6D, 0xDB, 0x6E, 0xDB, 0xB6, 0xAD, 0x6D, 0xBB, 0x5E, 0x67, 0xB7, 0xC5,
    0x7B, 0xDB, 0x7A, 0xF5, 0xB6, 0x77, 0x81, 0x24, 0xA4, 0x54, 0xAA, 0xAD, 0x6A, 0x95, 0x56, 0xA5,
    0x92, 0x92, 0x2A, 0xD5, 0xAA, 0x54, 0x29, 0x95, 0x4A, 0x11, 0x53, 0xFE, 0xEF, 0xFF, 0xFF, 0xFF,
    0xFF, 0xFF, 0x7F, 0xEF, 0xFF, 0xFF, 0x52, 0x92, 0x92, 0x24, 0x89, 0x98, 0x14, 0x2A, 0xD1, 0xDE,
    0xEA, 0xA6, 0x6D, 0xEB, 0x6E, 0xDB, 0x6D, 0xBB, 0xAD, 0xB5, 0xB5, 0x6D, 0xDB, 0x76, 0xD7, 0xEB,
    0x7A, 0xDB, 0xAE, 0xAD, 0xB7, 0xAF, 0x5B, 0xED, 0xAA, 0x0A, 0x20, 0x53, 0x2B, 0x49, 0x92, 0x94,
    0x6A, 0xA9, 0x54, 0x4A, 0xAA, 0x92, 0x2A, 0x55, 0xAB, 0x96, 0x4A, 0xA9, 0xCC, 0x14, 0xFF, 0xFF,
    0xFF, 0xFF, 0xFD, 0xFF, 0xFF, 0xEF, 0xFF, 0xFF, 0xFF, 0x48, 0x92, 0x54, 0x49, 0x24, 0x95, 0x4A,
    0x13, 0xF0, 0xED, 0x7D, 0xCF, 0x76, 0xB7, 0xB6, 0x6D, 0xDB, 0xD6, 0x76, 0xDB, 0x6E, 0xDB, 0xF6,
    0xAD, 0x6D, 0xB5, 0xAD, 0xED, 0xD6, 0x76, 0x6D, 0xB5, 0xBD, 0xBB, 0x7D, 0x4B, 0x42, 0x29, 0xC9,
    0xAA, 0x5A, 0x6B, 0x25, 0x55, 0x5B, 0xB5, 0x55, 0x55, 0x52, 0xA9, 0x94, 0xD2, 0xA4, 0x54, 0x4A,
    0x0A, 0xFF, 0xFE, 0xDE, 0xFF, 0xBF, 0xF7, 0xDB, 0xFE, 0x7F, 0xFF, 0xFF, 0x25, 0x49, 0x49, 0x92,
    0x52, 0x82, 0x64, 0x29, 0x6C, 0x77, 0x5F, 0xEB, 0xAD, 0x7B, 0xF7, 0xB6, 0xB6, 0x6D, 0xDB, 0x6E,
    0xBB, 0xED, 0x36, 0xDB, 0xB6, 0x7E, 0x6F, 0x5B, 0x75, 0xB7, 0xBB, 0xDB, 0xD6, 0x6D, 0xD7, 0xDD,
    0x00, 0x94, 0x34, 0x55, 0xA5, 0x52, 0xB5, 0xAA, 0xA4, 0x12, 0x29, 0xA9, 0xAA, 0x4A, 0x6B, 0x2A,
    0x55, 0x4A, 0x25, 0x83, 0xEF, 0xFF, 0xFF, 0xFF, 0xFF, 0xFF, 0xFF, 0xFF, 0xFF, 0xFF, 0xFF, 0xAA,
    0x4A, 0x2A, 0x95, 0x24, 0x69, 0x92, 0x04, 0xFE, 0xDE, 0xE6, 0x96, 0x76, 0xB5, 0x5B, 0xDB, 0x6D,
    0xBB, 0xBD, 0xB5, 0xB5, 0x6D, 0xBB, 0xF7, 0xB6, 0xAB, 0xB5, 0x2D, 0xBB, 0x6D, 0xDB, 0xED, 0xB6,
    0xDD, 0xB6, 0x6E, 0x0B, 0x48, 0x93, 0xA4, 0xAA, 0xAC, 0x4A, 0x95, 0x52, 0xCA, 0xA4, 0x4A, 0x25,
    0xB5, 0x94, 0xAD, 0x4A, 0xA5, 0x52, 0xE1, 0xFF, 0xEF, 0xFF, 0xDE, 0x77, 0x9B, 0xFE, 0xDB, 0xF6,
    0xF7, 0xFF, 0x48, 0x24, 0xA5, 0x49, 0x49, 0x95, 0x2A, 0x82, 0x5D, 0xB7, 0xBB, 0xAD, 0xDB, 0xBE,
    0xB5, 0x6D, 0xDB, 0xD6, 0x66, 0xDB, 0xDE, 0x76, 0xD7, 0xAD, 0x6D, 0xD5, 0xDA, 0xB6, 0x6E, 0xDB,
    0xB6, 0xB6, 0xED, 0xEE, 0x6D, 0xB7, 0xA5, 0x22, 0xC9, 0x2A, 0x55, 0x95, 0xAA, 0x6A, 0xAD, 0x69,
    0x56, 0x55, 0x5A, 0x49, 0xAA, 0x52, 0xA9, 0x52, 0x99, 0xA4, 0xFB, 0x7D, 0xAB, 0x6B, 0x92, 0x20,
    0x01, 0x24, 0x59, 0xFD, 0xFF, 0x25, 0xA5, 0x52, 0xAA, 0xAA, 0x2A, 0x45, 0x83, 0xB7, 0xFB, 0xDD,
    0xCE, 0xB6, 0xD7, 0xEE, 0xB6, 0xB6, 0x6D, 0xDB, 0x56, 0xAB, 0xAD, 0xBB, 0x6C, 0xDB, 0xBE, 0xBD,
    0x2D, 0xD5, 0xEE, 0xDD, 0x6D, 0xDB, 0x56, 0xDB, 0xD9, 0x5E, 0x80, 0x34, 0xD5, 0xAA, 0x6A, 0x55,
    0x92, 0x24, 0x25, 0x29, 0xA9, 0xA5, 0xAA, 0x55, 0x29, 0x25, 0x99, 0x44, 0xA2, 0x7D, 0xB7, 0xD5,
    0x24, 0x09, 0x04, 0x90, 0x20, 0x89, 0xB6, 0xFD, 0x92, 0x52, 0x99, 0x94, 0x54, 0xA4, 0xB2, 0xF0,
    0xFB, 0xAD, 0xEE, 0x96, 0xED, 0x6A, 0x5D, 0xDB, 0x6D, 0xBB, 0xDD, 0xB6, 0xF5, 0xB6, 0xB5, 0xDB,
    0xB6, 0x6B, 0x6F, 0xB7, 0x7B, 0xB7, 0x6E, 0xBB, 0x6F, 0xFB, 0xF6, 0x6E, 0xBB, 0x45, 0x4A, 0x92,
    0x54, 0x95, 0xAA, 0x55, 0xAB, 0x9A, 0xA5, 0x4A, 0x52, 0x55, 0x2A, 0xAD, 0x56, 0x8A, 0xAA, 0x00,
    0x02, 0x09, 0x00, 0x00, 0x80, 0x40, 0x02, 0x04, 0x00, 0x80, 0xF6, 0xA9, 0x94, 0x4A, 0x53, 0x92,
    0x52, 0x19, 0x68, 0xDD, 0x76, 0xB7, 0xAD, 0xBB, 0x3D, 0xB6, 0x6D, 0xDB, 0xD6, 0xB6, 0xED, 0x5E,
    0xDB, 0x6E, 0xB7, 0x6D, 0xD5, 0xF6, 0xBF, 0xAF, 0x75, 0x6B, 0xDB, 0xB5, 0x5B, 0x6F, 0xF7, 0xED,
    0x1F, 0xA4, 0x5A, 0xAB, 0x6A, 0x55, 0xAA, 0x54, 0x65, 0x52, 0xA5, 0xAC, 0xA4, 0x52, 0x53, 0x29,
    0x65, 0x49, 0x00, 0x00, 0x80, 0x08, 0x48, 0x5A, 0x34, 0x91, 0x48, 0xA4, 0x00, 0x90, 0x24, 0x49,
    0xB5, 0x4A, 0x4B, 0x95, 0x2C, 0xD8, 0x6E, 0xBF, 0xDB, 0xCE, 0x6E, 0x5F, 0xEE, 0xB6, 0xB6, 0x6D,
    0x6B, 0x5B, 0xAB, 0xED, 0xB6, 0x6D, 0xDB, 0xBE, 0x7B, 0x6B, 0xD9, 0xBB, 0xBD, 0xDD, 0xBA, 0xDD,
    0x6D, 0x3B, 0xDB, 0x24, 0x52, 0xA5, 0x52, 0x95, 0x5A, 0x55, 0x4A, 0x2A, 0x99, 0x34, 0x93, 0x5A,
    0xAD, 0x4A, 0x92, 0x29, 0x49, 0x40, 0x24, 0x41, 0x44, 0x05, 0x25, 0x8A, 0x48, 0x22, 0x52, 0x4A,
    0x4A, 0x52, 0xAA, 0x92, 0xB4, 0x68, 0x49, 0x02, 0xBE, 0xB7, 0x6B, 0x6D, 0x9B, 0xB5, 0x2B, 0xB5,
    0xAD, 0x6D, 0xBB, 0xDD, 0xB6, 0xF5, 0x77, 0xDB, 0xDA, 0xB6, 0xD3, 0xCD, 0xBE, 0xF7, 0xAE, 0x6D,
    0x6B, 0xDF, 0xED, 0xB6, 0xDB, 0xDB, 0x7E, 0x90, 0x24, 0xA9, 0x52, 0xA5, 0xAA, 0x65, 0x95, 0x4A,
    0x92, 0x54, 0x4B, 0x92, 0xB4, 0xAA, 0x54, 0xA5, 0x24, 0x88, 0x34, 0xA9, 0x50, 0x29, 0x21, 0x25,
    0x54, 0x49, 0x2D, 0x00, 0x2A, 0x55, 0xA9, 0x4A, 0x2D, 0x52, 0x83, 0x77, 0xFB, 0xB5, 0xDB, 0xCD,
    0xDE, 0x75, 0xDA, 0x76, 0xDB, 0xB6, 0xAD, 0xD5, 0xBE, 0xAC, 0x6D, 0xB7, 0x6D, 0x6D, 0xC5, 0x5B,
    0x5D, 0xDA, 0xD6, 0x6D, 0x6B, 0xDB, 0xDE, 0xB6, 0x6D, 0xD7, 0xA4, 0xD4, 0x56, 0xAD, 0x5A, 0x25,
    0x99, 0x52, 0xA5, 0xAA, 0xAA, 0xA4, 0x55, 0x25, 0x55, 0xAA, 0x52, 0x12, 0x4A, 0x09, 0x49, 0xAA,
    0x44, 0x55, 0x52, 0x93, 0xA4, 0x45, 0x01, 0x45, 0x29, 0x55, 0xA5, 0x4A, 0xAB, 0xA0, 0xEF, 0xAD,
    0xDE, 0xB6, 0x4D, 0xEB, 0x1E, 0xEE, 0xB6, 0x6D, 0xDB, 0xD6, 0x6E, 0x4B, 0xDB, 0xB6, 0x6D, 0xDB,
    0xB6, 0x7A, 0xEF, 0xAB, 0x77, 0xFB, 0xB6, 0xDB, 0x6E, 0xEB, 0xDD, 0xB6, 0xB5, 0x22, 0x2B, 0xA9,
    0x54, 0xA5, 0x9A, 0x4A, 0xAA, 0x54, 0x55, 0xA5, 0x5A, 0xAA, 0x4A, 0x49, 0x25, 0x29, 0x49, 0xA5,
    0x44, 0x92, 0x92, 0x94, 0x92, 0x94, 0xA8, 0x52, 0x28, 0x2A, 0xA8, 0xCA, 0x4A, 0xB2, 0xA4, 0x24,
    0xD0, 0xDA, 0xDE, 0xED, 0x7D, 0xDB, 0x76, 0x2D, 0x6C, 0xDB, 0xB6, 0x6D, 0x7B, 0xB5, 0xF5, 0xDF,
    0x76, 0xDB, 0xB6, 0x2D, 0xFD, 0xB5, 0xF6, 0xB6, 0xAD, 0x6E, 0xED, 0xB6, 0xBD, 0x6E, 0xDB, 0x6E,
    0x13, 0x51, 0x55, 0xAB, 0x5A, 0x65, 0x65, 0x49, 0x2A, 0x22, 0x59, 0xA5, 0x24, 0x55, 0xAA, 0x54,
    0x25, 0x91, 0x48, 0xB2, 0x24, 0x49, 0x4A, 0x4A, 0x29, 0x55, 0x2A, 0x4B, 0x55, 0x95, 0x34, 0x29,
    0x15, 0x55, 0x12, 0xF9, 0x7D, 0xB7, 0x6D, 0xCD, 0x8E, 0xBD, 0x1B, 0xBE, 0x6D, 0xDB, 0xB6, 0xAD,
    0xDB, 0x6E, 0x69, 0xDB, 0x76, 0x6F, 0x4B, 0xAF, 0x5B, 0x6D, 0xDB, 0x6E, 0xDB, 0x76, 0xF7, 0x6E,
    0xB7, 0x77, 0xDB, 0x4D, 0xAA, 0xAA, 0x54, 0xA5, 0x92, 0x94, 0x56, 0x45, 0xA9, 0xA6, 0x94, 0x56,
    0x29, 0x95, 0xAA, 0x94, 0x94, 0x24, 0x09, 0xA9, 0x54, 0x25, 0xA9, 0x92, 0x4A, 0x15, 0x91, 0xA4
};
