// Image: 536x336 pixels, 1-bit monochrome
// Total size: 22512 bytes

const uint8_t leitz5006[22512] = {
    0x00, 0x00, 0x00, 0x00, 0x00, 0x00, 0x00, 0x00, 0x00, 0x00, 0x00, 0x00, 0x00, 0x00, 0x00, 0x00,
    0x00, 0x00, 0x00, 0x00, 0x00, 0x00, 0x00, 0x00, 0x00, 0x00, 0x00, 0x00, 0x00, 0x00, 0x00, 0x00,
    0x00, 0x00, 0x00, 0x00, 0x00, 0x00, 0x00, 0x00, 0x00, 0x00, 0x00, 0x00, 0x00, 0x00, 0x00, 0x00,
    0x00, 0x00, 0x00, 0x00, 0x00, 0x00, 0x00, 0x00, 0x00, 0x00, 0x00, 0x00, 0x00, 0x00, 0x00, 0x00,
    0x00, 0x00, 0x00, 0x00, 0x00, 0x00, 0x00, 0x00, 0x00, 0x00, 0x00, 0x00, 0x00, 0x00, 0x00, 0x00,
    0x00, 0x00, 0x00, 0x00, 0x00, 0x00, 0x00, 0x00, 0x00, 0x00, 0x00, 0x00, 0x00, 0x00, 0x00, 0x00,
    0x00, 0x00, 0x00, 0x00, 0x00, 0x00, 0x00, 0x00, 0x00, 0x00, 0x00, 0x00, 0x00, 0x00, 0x00, 0x00,
    0x00, 0x00, 0x00, 0x00, 0x00, 0x00, 0x00, 0x00, 0x00, 0x00, 0x00, 0x00, 0x00, 0x80, 0x00, 0x00,
    0x00, 0x00, 0x00, 0x00, 0x00, 0x00, 0x00, 0x00, 0x00, 0x00, 0x00, 0x00, 0x00, 0x00, 0x00, 0x00,
    0x00, 0x00, 0x00, 0x00, 0x00, 0x00, 0x00, 0x00, 0x00, 0x00, 0x00, 0x00, 0x00, 0x00, 0x00, 0x00,
    0x00, 0x00, 0x00, 0x00, 0x00, 0x00, 0x00, 0x00, 0x00, 0x00, 0x00, 0x00, 0x00, 0x00, 0x00, 0x00,
    0x00, 0x00, 0x00, 0x00, 0x00, 0x00, 0x00, 0x00, 0x00, 0x00, 0x00, 0x00, 0x00, 0x00, 0x00, 0x00,
    0x00, 0x00, 0x00, 0x20, 0x00, 0x00, 0x00, 0x00, 0x00, 0x10, 0x00, 0x00, 0x00, 0x00, 0x00, 0x00,
    0x00, 0x00, 0x00, 0x00, 0x00, 0x00, 0x00, 0x00, 0x09, 0x00, 0x00, 0x00, 0x00, 0x00, 0x00, 0x00,
    0x00, 0x80, 0x00, 0x00, 0x20, 0x24, 0x21, 0x49, 0x02, 0x20, 0x00, 0x00, 0x00, 0x00, 0x00, 0x00,
    0x00, 0x00, 0x00, 0x00, 0x00, 0x00, 0x00, 0x00, 0x00, 0x00, 0x00, 0x00, 0x00, 0x00, 0x00, 0x00,
    0x00, 0x00, 0x00, 0x40, 0x01, 0x00, 0x48, 0x00, 0x00, 0x00, 0x00, 0x00, 0x00, 0x49, 0x92, 0x24,
    0x49, 0x12, 0x11, 0x01, 0x01, 0x00, 0x00, 0x44, 0x22, 0x00, 0x00, 0x80, 0x00, 0x44, 0x84, 0x88,
    0x88, 0x08, 0x00, 0x00, 0x00, 0x01, 0x00, 0x04, 0x01, 0x08, 0x00, 0x20, 0x40, 0x00, 0x00, 0x00,
    0x00, 0x00, 0x00, 0x00, 0x00, 0x00, 0x00, 0x00, 0x00, 0x00, 0x00, 0x00, 0x00, 0x00, 0x00, 0x00,
    0x00, 0x00, 0x00, 0x00, 0x00, 0x00, 0x00, 0x00, 0x00, 0x00, 0x20, 0x00, 0x00, 0x80, 0x10, 0x22,
    0x00, 0x00, 0x00, 0x00, 0x00, 0x00, 0x20, 0x20, 0x49, 0x92, 0x00, 0x00, 0x49, 0x12, 0x04, 0x00,
    0x00, 0x00, 0x00, 0x00, 0x80, 0x24, 0x09, 0x00, 0x08, 0x80, 0x00, 0x00, 0x00, 0x02, 0x04, 0x04,
    0x00, 0x00, 0x00, 0x00, 0x00, 0x00, 0x00, 0x00, 0x00, 0x00, 0x00, 0x00, 0x00, 0x00, 0x00, 0x00,
    0x00, 0x00, 0x00, 0x00, 0x00, 0x00, 0x00, 0x00, 0x00, 0x40, 0x12, 0x00, 0x24, 0x09, 0x00, 0x00,
    0x00, 0x00, 0x00, 0x00, 0x00, 0x00, 0x00, 0x00, 0x00, 0x04, 0x04, 0x00, 0x00, 0x00, 0x00, 0x00,
    0x00, 0x20, 0x81, 0x00, 0x20, 0x00, 0x00, 0x00, 0x00, 0x40, 0x48, 0x00, 0x00, 0x40, 0x24, 0x41,
    0x90, 0x00, 0x80, 0x00, 0x00, 0x00, 0x00, 0x00, 0x00, 0x00, 0x00, 0x00, 0x00, 0x00, 0x00, 0x00,
    0x00, 0x00, 0x00, 0x00, 0x00, 0x00, 0x00, 0x00, 0x00, 0x00, 0x00, 0x00, 0x00, 0x00, 0x00, 0x10,
    0x00, 0x00, 0x00, 0x20, 0x08, 0x00, 0x92, 0x24, 0x49, 0x22, 0x49, 0x92, 0x00, 0x00, 0x00, 0x00,
    0x90, 0x24, 0x00, 0x00, 0x02, 0x00, 0x90, 0x04, 0x24, 0x49, 0x12, 0x00, 0x00, 0x00, 0x82, 0x00,
    0x08, 0x00, 0x08, 0x08, 0x90, 0x20, 0x00, 0x00, 0x00, 0x00, 0x00, 0x00, 0x00, 0x00, 0x00, 0x00,
    0x00, 0x00, 0x00, 0x00, 0x00, 0x00, 0x00, 0x00, 0x00, 0x00, 0x00, 0x00, 0x00, 0x00, 0x00, 0x40,
    0x01, 0x00, 0x00, 0x10, 0x00, 0x20, 0x02, 0x20, 0x48, 0x00, 0x00, 0x00, 0x00, 0x00, 0x00, 0x90,
    0x00, 0x00, 0x20, 0x02, 0x00, 0x44, 0x48, 0x10, 0x02, 0x02, 0x80, 0x00, 0x00, 0x00, 0x22, 0x02,
    0x00, 0x10, 0x00, 0x80, 0x10, 0x00, 0x81, 0x04, 0x04, 0x02, 0x00, 0x00, 0x00, 0x00, 0x00, 0x00,
    0x00, 0x00, 0x00, 0x00, 0x00, 0x00, 0x00, 0x00, 0x00, 0x00, 0x00, 0x00, 0x00, 0x00, 0x00, 0x00,
    0x00, 0x00, 0x00, 0x20, 0x00, 0x90, 0x00, 0x00, 0x02, 0x00, 0x01, 0x00, 0x00, 0x00, 0x00, 0x00,
    0x00, 0x00, 0x00, 0x10, 0x49, 0x04, 0x00, 0x00, 0x00, 0x00, 0x80, 0x00, 0x00, 0x00, 0x00, 0x00,
    0x40, 0x00, 0x00, 0x22, 0x01, 0x00, 0x01, 0x04, 0x21, 0x10, 0x00, 0x00, 0x00, 0x00, 0x00, 0x00,
    0x00, 0x00, 0x00, 0x00, 0x00, 0x00, 0x00, 0x00, 0x00, 0x00, 0x00, 0x00, 0x00, 0x00, 0x00, 0x00,
    0x00, 0x00, 0x00, 0x00, 0x00, 0x80, 0x00, 0x00, 0x00, 0x00, 0x41, 0x00, 0x20, 0x00, 0x00, 0x44,
    0x44, 0x84, 0x24, 0x22, 0x22, 0x02, 0x02, 0x00, 0x00, 0x90, 0x24, 0x01, 0x01, 0x04, 0x00, 0x10,
    0x11, 0x44, 0x84, 0x08, 0x84, 0x20, 0x00, 0x00, 0x09, 0x10, 0x20, 0x00, 0x00, 0x48, 0x80, 0x00,
    0x00, 0x00, 0x00, 0x00, 0x00, 0x00, 0x00, 0x00, 0x00, 0x00, 0x00, 0x00, 0x00, 0x00, 0x00, 0x00,
    0x00, 0x00, 0x00, 0x00, 0x00, 0x00, 0x00, 0x00, 0x40, 0x04, 0x11, 0x24, 0x28, 0x00, 0x00, 0x00,
    0x10, 0x92, 0x00, 0x00, 0x00, 0x00, 0x00, 0x00, 0x10, 0x00, 0x12, 0x40, 0x02, 0x00, 0x10, 0x88,
    0x20, 0x08, 0x00, 0x00, 0x00, 0x00, 0x00, 0x00, 0x04, 0x01, 0x12, 0x00, 0x80, 0x00, 0x08, 0x22,
    0x01, 0x20, 0x04, 0x00, 0x00, 0x00, 0x00, 0x00, 0x00, 0x00, 0x00, 0x00, 0x00, 0x00, 0x00, 0x00,
    0x00, 0x00, 0x00, 0x00, 0x00, 0x00, 0x00, 0x00, 0x00, 0x00, 0x00, 0x00, 0x00, 0x00, 0x00, 0x01,
    0x00, 0x80, 0x00, 0x04, 0x00, 0x00, 0x00, 0x20, 0x00, 0x00, 0x00, 0x00, 0x20, 0x40, 0x00, 0x00,
    0x00, 0x00, 0x00, 0x00, 0x02, 0x00, 0x80, 0x00, 0x20, 0x80, 0x20, 0x00, 0x08, 0x00, 0x00, 0x00,
    0x44, 0x82, 0x00, 0x00, 0x00, 0x01, 0x00, 0x00, 0x00, 0x00, 0x00, 0x00, 0x00, 0x00, 0x00, 0x00,
    0x00, 0x00, 0x00, 0x00, 0x00, 0x00, 0x00, 0x00, 0x00, 0x00, 0x00, 0x00, 0x00, 0x00, 0x00, 0x01,
    0x00, 0x20, 0x00, 0x00, 0x08, 0x80, 0x00, 0x00, 0x24, 0x49, 0x04, 0x42, 0x92, 0x24, 0x81, 0x04,
    0x00, 0x08, 0x40, 0x92, 0x84, 0x00, 0x92, 0x00, 0x44, 0x12, 0x90, 0x04, 0x12, 0x04, 0x00, 0x80,
    0x00, 0x00, 0x04, 0x00, 0x00, 0x84, 0x20, 0x01, 0x10, 0x00, 0x00, 0x00, 0x00, 0x00, 0x00, 0x00,
    0x00, 0x00, 0x00, 0x00, 0x00, 0x00, 0x00, 0x00, 0x00, 0x00, 0x00, 0x80, 0x01, 0x00, 0x40, 0x00,
    0x00, 0x80, 0x20, 0x00, 0x08, 0x10, 0x08, 0x00, 0x20, 0x20, 0x88, 0x00, 0x00, 0x00, 0x00, 0x00,
    0x00, 0x10, 0x00, 0x02, 0x40, 0x08, 0x00, 0x00, 0x24, 0x00, 0x20, 0x00, 0x00, 0x02, 0x00, 0x00,
    0x00, 0x12, 0x02, 0x92, 0x04, 0x80, 0x00, 0x10, 0x00, 0x04, 0x48, 0x02, 0x00, 0x00, 0x00, 0x00,
    0x00, 0x00, 0x00, 0x00, 0x00, 0x00, 0x00, 0x00, 0x00, 0x00, 0x00, 0x00, 0x00, 0x00, 0x60, 0x80,
    0xAE, 0x10, 0x40, 0x00, 0x00, 0x04, 0x00, 0x40, 0x08, 0x80, 0x00, 0x02, 0x04, 0x00, 0x00, 0x00,
    0x40, 0x10, 0x00, 0x00, 0x00, 0x40, 0x90, 0x00, 0x00, 0x00, 0x10, 0x00, 0x20, 0x04, 0x00, 0x00,
    0x00, 0x40, 0x00, 0x41, 0x00, 0x00, 0x00, 0x40, 0x00, 0x48, 0x02, 0x21, 0x00, 0x00, 0x00, 0x00,
    0x00, 0x00, 0x00, 0x00, 0x00, 0x00, 0x00, 0x00, 0x00, 0x00, 0x00, 0x00, 0x00, 0x00, 0x00, 0x00,
    0x00, 0x2C, 0x60, 0x41, 0x14, 0x00, 0x00, 0x40, 0x00, 0x40, 0x00, 0x80, 0x00, 0x00, 0x00, 0x00,
    0x10, 0x90, 0x88, 0x04, 0x00, 0x40, 0x04, 0x81, 0x00, 0x00, 0x00, 0x00, 0x44, 0x02, 0x00, 0x04,
    0x01, 0x48, 0x44, 0x40, 0x08, 0x22, 0x08, 0x00, 0x12, 0x08, 0x00, 0x24, 0x00, 0x00, 0x04, 0x41,
    0x00, 0x20, 0x00, 0x00, 0x00, 0x00, 0x00, 0x00, 0x00, 0x00, 0x00, 0x00, 0x00, 0x00, 0x00, 0x00,
    0x00, 0x00, 0x00, 0x00, 0x05, 0x10, 0x48, 0x4A, 0x02, 0x00, 0x00, 0x41, 0x04, 0x40, 0x00, 0x00,
    0x20, 0x80, 0x10, 0x84, 0x04, 0x00, 0x00, 0x80, 0x08, 0x00, 0x00, 0x40, 0x0A, 0x01, 0x82, 0x00,
    0x00, 0x89, 0x40, 0x00, 0x00, 0x00, 0x08, 0x00, 0x00, 0x00, 0x48, 0x00, 0x01, 0x02, 0x00, 0x01,
    0x24, 0x00, 0x08, 0x80, 0x04, 0x00, 0x00, 0x00, 0x00, 0x00, 0x00, 0x00, 0x00, 0x00, 0x00, 0x00,
    0x00, 0x00, 0x00, 0x00, 0x00, 0x00, 0xA0, 0x12, 0x49, 0x92, 0x24, 0x10, 0x00, 0x40, 0x10, 0x00,
    0x24, 0x10, 0x00, 0x00, 0x10, 0x00, 0x00, 0x41, 0x44, 0x20, 0x09, 0x00, 0x20, 0x10, 0x08, 0x40,
    0x40, 0x10, 0x00, 0x20, 0x00, 0x20, 0x08, 0x00, 0x00, 0x01, 0x41, 0x00, 0x21, 0x01, 0x02, 0x40,
    0x00, 0x00, 0x00, 0x00, 0x40, 0x00, 0x01, 0x00, 0x00, 0x00, 0x00, 0x00, 0x00, 0x00, 0x00, 0x00,
    0x00, 0x00, 0x00, 0x00, 0x00, 0x00, 0x00, 0x00, 0xA8, 0x4A, 0x12, 0x20, 0x22, 0x42, 0x42, 0x25,
    0x00, 0x00, 0x00, 0x00, 0x02, 0x00, 0x02, 0x01, 0x04, 0x52, 0x20, 0x22, 0x8A, 0x20, 0x92, 0x4A,
    0x82, 0x42, 0x25, 0x10, 0x00, 0x80, 0x04, 0x00, 0x04, 0x42, 0x80, 0x24, 0x00, 0x00, 0x24, 0x00,
    0x00, 0x00, 0x08, 0x00, 0x00, 0x90, 0x00, 0x09, 0x22, 0x20, 0x42, 0x00, 0x00, 0x00, 0x00, 0x00,
    0x00, 0x00, 0x00, 0x00, 0x00, 0x00, 0x00, 0x00, 0x00, 0x00, 0xA0, 0x12, 0x00, 0x09, 0x24, 0x09,
    0x09, 0x12, 0x52, 0x81, 0x04, 0x00, 0x40, 0x10, 0x10, 0x00, 0x40, 0x20, 0x00, 0x08, 0x00, 0x44,
    0x4A, 0x49, 0x04, 0x52, 0x00, 0x08, 0x80, 0x44, 0x12, 0x00, 0x42, 0x80, 0x00, 0x10, 0x00, 0x20,
    0x10, 0x00, 0x10, 0x24, 0x24, 0x02, 0x48, 0x24, 0x02, 0x24, 0x00, 0x00, 0x00, 0x00, 0x00, 0x00,
    0x00, 0x00, 0x00, 0x00, 0x00, 0x00, 0x00, 0x00, 0x00, 0x00, 0x00, 0x00, 0x48, 0x12, 0x41, 0x44,
    0x09, 0x50, 0x91, 0x00, 0x84, 0x00, 0x49, 0x20, 0x00, 0x08, 0x80, 0x00, 0x00, 0x00, 0x00, 0x00,
    0x01, 0x41, 0x00, 0x00, 0x00, 0x20, 0x00, 0x84, 0x00, 0x01, 0x10, 0x00, 0x40, 0x00, 0x48, 0x00,
    0x00, 0x00, 0x04, 0x02, 0x41, 0x82, 0x00, 0x00, 0x10, 0x01, 0x00, 0x00, 0x00, 0x40, 0x00, 0x02,
    0x04, 0x00, 0x00, 0x00, 0x00, 0x00, 0x00, 0x00, 0x00, 0x00, 0x00, 0x00, 0x00, 0x00, 0x00, 0x16,
    0x20, 0x10, 0xA1, 0x0A, 0x24, 0x82, 0x40, 0x00, 0x92, 0x04, 0x00, 0x00, 0x00, 0x00, 0x00, 0x08,
    0x00, 0x08, 0x10, 0x00, 0x08, 0x00, 0x00, 0x00, 0x00, 0x00, 0x00, 0x24, 0x00, 0x80, 0x84, 0x04,
    0x08, 0x00, 0x09, 0x00, 0x90, 0x00, 0x00, 0x08, 0x00, 0x00, 0x00, 0x00, 0x00, 0x00, 0x00, 0x00,
    0x09, 0x49, 0x40, 0x02, 0x04, 0x00, 0x00, 0x00, 0x04, 0x01, 0x00, 0x00, 0x00, 0x00, 0x00, 0x00,
    0x00, 0x80, 0x02, 0x88, 0x08, 0x50, 0x44, 0x28, 0x48, 0x04, 0x50, 0x48, 0xA0, 0x04, 0x11, 0x40,
    0x10, 0x00, 0x80, 0x90, 0x00, 0x00, 0x24, 0x00, 0x20, 0x00, 0x00, 0x80, 0x08, 0x00, 0x00, 0x20,
    0x02, 0x10, 0x00, 0x80, 0x20, 0x00, 0x21, 0x02, 0x90, 0x20, 0x00, 0x10, 0x90, 0x08, 0x04, 0x08,
    0x40, 0x44, 0x12, 0x00, 0x00, 0x00, 0x80, 0x00, 0x00, 0x80, 0x10, 0x00, 0x00, 0x00, 0x00, 0x00,
    0x00, 0x00, 0x00, 0x00, 0x40, 0x41, 0x12, 0x80, 0x04, 0x09, 0xA4, 0x44, 0x00, 0x00, 0x01, 0x15,
    0x10, 0x00, 0x20, 0x04, 0x80, 0x00, 0x00, 0x10, 0x04, 0x00, 0x00, 0x01, 0x84, 0x88, 0x00, 0x00,
    0x40, 0x00, 0x01, 0x00, 0x00, 0x00, 0x00, 0x84, 0x10, 0x00, 0x00, 0x00, 0x04, 0x01, 0x42, 0x02,
    0x00, 0x20, 0x01, 0x01, 0x00, 0x00, 0x00, 0x00, 0x04, 0x48, 0x00, 0x01, 0x02, 0x00, 0x00, 0x00,
    0x00, 0x00, 0x00, 0x00, 0x00, 0x00, 0x00, 0x40, 0x0A, 0x40, 0x44, 0x60, 0x05, 0x52, 0x22, 0x00,
    0x00, 0x24, 0x82, 0x00, 0x00, 0x08, 0x20, 0x00, 0x00, 0x00, 0x00, 0x80, 0x00, 0x02, 0x00, 0x10,
    0x00, 0x04, 0x00, 0x01, 0x08, 0x00, 0x90, 0x44, 0x49, 0x04, 0x00, 0x04, 0x00, 0x40, 0x02, 0x00,
    0x48, 0x00, 0x00, 0x40, 0x00, 0x00, 0x08, 0x00, 0x40, 0x24, 0x11, 0x80, 0x04, 0x12, 0x08, 0x00,
    0x00, 0x00, 0x10, 0x00, 0x00, 0x00, 0x00, 0x00, 0x00, 0x00, 0x00, 0x01, 0x08, 0x08, 0x90, 0x08,
    0x28, 0x21, 0x01, 0x11, 0x02, 0x20, 0x21, 0x80, 0x00, 0x00, 0x04, 0x00, 0x90, 0x04, 0x20, 0x48,
    0x48, 0x92, 0x00, 0x00, 0x00, 0x21, 0x00, 0x00, 0x00, 0x01, 0x00, 0x00, 0x20, 0x20, 0x01, 0x90,
    0x08, 0x40, 0x20, 0x00, 0x04, 0x90, 0x10, 0x08, 0x12, 0x00, 0x92, 0x04, 0x00, 0x00, 0x00, 0x11,
    0x08, 0x00, 0x00, 0x00, 0x00, 0x00, 0x00, 0x00, 0x00, 0x00, 0x00, 0x00, 0x00, 0x42, 0x82, 0x24,
    0x01, 0x02, 0x45, 0x24, 0x24, 0x00, 0x00, 0x00, 0x49, 0x04, 0x00, 0x90, 0x08, 0x00, 0x10, 0x01,
    0x20, 0x04, 0x00, 0x00, 0x00, 0x20, 0x24, 0x00, 0x00, 0x80, 0x00, 0x20, 0x00, 0x80, 0x04, 0x00,
    0x44, 0x10, 0x00, 0x00, 0x08, 0x04, 0x02, 0x40, 0x02, 0x00, 0x20, 0x00, 0x40, 0x00, 0x00, 0x00,
    0x00, 0x21, 0x22, 0x00, 0x00, 0x00, 0x00, 0x00, 0x00, 0x00, 0x00, 0x00, 0x00, 0x00, 0x00, 0x40,
    0x88, 0x10, 0x44, 0x90, 0xA0, 0x02, 0x92, 0x10, 0x00, 0x00, 0x40, 0x00, 0x02, 0x00, 0x00, 0x10,
    0x00, 0x01, 0x00, 0x00, 0x00, 0x00, 0x00, 0x00, 0x00, 0x00, 0x00, 0x00, 0x20, 0x20, 0x00, 0x20,
    0x10, 0x20, 0x01, 0x00, 0x02, 0x01, 0x80, 0x00, 0x00, 0x20, 0x01, 0x00, 0x00, 0x00, 0x21, 0x00,
    0x00, 0x20, 0x11, 0x24, 0x08, 0x00, 0x41, 0x00, 0x00, 0x00, 0x00, 0x00, 0x01, 0x00, 0x00, 0x40,
    0x2A, 0x11, 0x14, 0x00, 0x02, 0x04, 0x20, 0x10, 0x09, 0x28, 0x92, 0x04, 0x00, 0x00, 0xA0, 0x24,
    0x01, 0x10, 0x00, 0x00, 0x00, 0x90, 0x08, 0x00, 0x00, 0x00, 0x00, 0x00, 0x00, 0x00, 0x00, 0x00,
    0x00, 0x00, 0x00, 0x01, 0x12, 0x90, 0x00, 0x00, 0x08, 0x12, 0x80, 0x40, 0x04, 0x10, 0x48, 0x22,
    0x09, 0x04, 0x02, 0x00, 0x00, 0x80, 0x00, 0x80, 0x04, 0x20, 0x00, 0x00, 0x00, 0x00, 0x00, 0x00,
    0x00, 0x00, 0x88, 0x10, 0x00, 0x0A, 0x04, 0x21, 0x20, 0x02, 0x82, 0x04, 0x30, 0x20, 0x00, 0x00,
    0x00, 0x40, 0x22, 0x00, 0x00, 0x00, 0x01, 0x00, 0x00, 0x00, 0x00, 0x00, 0x00, 0x00, 0x00, 0x00,
    0x00, 0x00, 0x00, 0x00, 0x00, 0x00, 0x00, 0x00, 0x00, 0x90, 0x24, 0x40, 0x00, 0x10, 0x08, 0x00,
    0x02, 0x01, 0x00, 0x00, 0x40, 0x40, 0x24, 0x09, 0x00, 0x00, 0x50, 0xA2, 0x04, 0x00, 0x00, 0x00,
    0x21, 0x00, 0x20, 0x00, 0x00, 0x40, 0x04, 0x40, 0x83, 0x10, 0x01, 0x48, 0x00, 0x20, 0x49, 0x94,
    0x10, 0x00, 0x22, 0x04, 0x00, 0x90, 0x00, 0x90, 0x24, 0x10, 0x20, 0x40, 0x24, 0x00, 0x00, 0x00,
    0x00, 0x00, 0x00, 0x00, 0x00, 0x00, 0x00, 0x00, 0x00, 0x10, 0x90, 0x02, 0x00, 0x01, 0x00, 0x40,
    0x02, 0x80, 0x40, 0x20, 0x00, 0x00, 0x40, 0x00, 0x00, 0x00, 0x80, 0x08, 0x10, 0x09, 0x02, 0x00,
    0x01, 0x00, 0x00, 0x00, 0x00, 0x00, 0x00, 0x00, 0x20, 0x22, 0x69, 0x01, 0x00, 0x24, 0x12, 0x90,
    0x84, 0x04, 0x28, 0x21, 0x01, 0x00, 0x00, 0x04, 0x04, 0x85, 0x00, 0x00, 0x00, 0x02, 0x01, 0x00,
    0x00, 0x00, 0x00, 0x00, 0x00, 0x00, 0x00, 0x00, 0x00, 0x00, 0x00, 0x00, 0x80, 0x40, 0x40, 0x42,
    0x10, 0x00, 0x00, 0x40, 0x02, 0x12, 0x00, 0x48, 0x02, 0x00, 0x12, 0x04, 0x00, 0x00, 0x00, 0x01,
    0x00, 0x04, 0x90, 0x00, 0x00, 0x00, 0x00, 0x00, 0x00, 0x00, 0x20, 0x1A, 0x11, 0x48, 0x10, 0x04,
    0x40, 0x24, 0x02, 0x20, 0x09, 0x50, 0x90, 0x08, 0x00, 0x00, 0x80, 0x20, 0x02, 0x00, 0x10, 0x00,
    0x00, 0x20, 0x02, 0x00, 0x00, 0x00, 0x00, 0x00, 0x00, 0x00, 0x00, 0x00, 0x00, 0x00, 0x01, 0x00,
    0x00, 0x00, 0x80, 0x20, 0x00, 0x09, 0x00, 0x10, 0x00, 0x09, 0x01, 0x90, 0x10, 0x80, 0x80, 0x44,
    0x10, 0x00, 0x00, 0x50, 0x20, 0x01, 0x00, 0x00, 0x04, 0x00, 0x00, 0x00, 0x08, 0x84, 0x81, 0x04,
    0x24, 0x02, 0x81, 0x04, 0x50, 0x00, 0x00, 0x12, 0xA4, 0x34, 0x00, 0x00, 0x00, 0x00, 0x20, 0x01,
    0x90, 0x00, 0x00, 0x00, 0x00, 0x20, 0x00, 0x00, 0x00, 0x00, 0x00, 0x00, 0x04, 0x00, 0x00, 0x00,
    0x00, 0x00, 0x00, 0x08, 0x09, 0x10, 0x02, 0x20, 0x00, 0x09, 0x00, 0x00, 0x20, 0x00, 0x00, 0x80,
    0x00, 0x00, 0x00, 0x02, 0x00, 0x80, 0x80, 0x00, 0x00, 0x41, 0x10, 0x00, 0x00, 0x01, 0x00, 0x80,
    0x49, 0x54, 0x40, 0xAA, 0x20, 0x10, 0x80, 0x20, 0x21, 0x42, 0x09, 0x28, 0x21, 0x41, 0x20, 0x00,
    0x00, 0x80, 0x14, 0x08, 0x20, 0x00, 0x00, 0x00, 0x04, 0x00, 0x00, 0x00, 0x00, 0x00, 0x00, 0x00,
    0x04, 0x00, 0x00, 0x00, 0x00, 0x00, 0x81, 0x00, 0x01, 0x08, 0x01, 0x20, 0x00, 0x21, 0x49, 0x00,
    0x92, 0x00, 0x00, 0x24, 0x00, 0x10, 0x00, 0x42, 0x12, 0x00, 0x48, 0x82, 0x00, 0x00, 0x00, 0x00,
    0x00, 0x00, 0x40, 0x00, 0x21, 0x0A, 0x54, 0x00, 0x04, 0x90, 0x24, 0x04, 0x80, 0x48, 0x90, 0x48,
    0x02, 0x04, 0x20, 0x00, 0x00, 0x22, 0x20, 0x00, 0x84, 0x10, 0x90, 0x00, 0x00, 0x00, 0x00, 0x20,
    0x00, 0x00, 0x00, 0x20, 0x00, 0x00, 0x01, 0x10, 0x00, 0x00, 0x22, 0x40, 0x01, 0x00, 0x02, 0x00,
    0x00, 0x00, 0x44, 0x00, 0x00, 0x22, 0x00, 0x09, 0x00, 0x00, 0x24, 0x08, 0x24, 0x01, 0x10, 0x02,
    0x00, 0x00, 0x00, 0x00, 0x00, 0x00, 0x80, 0x08, 0x01, 0x4A, 0x00, 0x41, 0x02, 0xA0, 0x00, 0x08,
    0x14, 0xC0, 0x64, 0x00, 0x00, 0x00, 0x00, 0x00, 0x01, 0x00, 0x09, 0x00, 0x00, 0x01, 0x20, 0x00,
    0x00, 0x80, 0x00, 0x00, 0x00, 0x00, 0x00, 0x00, 0x00, 0x00, 0x00, 0x00, 0x10, 0x00, 0x20, 0x20,
    0x40, 0x00, 0x24, 0x08, 0x80, 0x00, 0x00, 0x08, 0x00, 0x01, 0x40, 0x00, 0xA9, 0x00, 0x00, 0x01,
    0x04, 0x00, 0x00, 0x00, 0x00, 0x00, 0x80, 0x80, 0x04, 0x00, 0x54, 0x22, 0x24, 0x92, 0x08, 0x00,
    0x49, 0x20, 0x01, 0x09, 0x68, 0x91, 0x04, 0x00, 0x01, 0x20, 0x00, 0x94, 0x12, 0x20, 0x00, 0x00,
    0x40, 0x04, 0x00, 0x00, 0x00, 0x00, 0x02, 0x00, 0x00, 0x00, 0x00, 0x00, 0x00, 0x00, 0x00, 0x80,
    0x84, 0x04, 0x09, 0x08, 0x90, 0x00, 0x41, 0x12, 0x80, 0x24, 0x41, 0x00, 0x20, 0x00, 0x94, 0x00,
    0x40, 0x82, 0x80, 0x10, 0x01, 0x01, 0x00, 0x00, 0x00, 0x00, 0x00, 0x02, 0x00, 0x24, 0x00, 0x52,
    0x00, 0x90, 0x10, 0x81, 0x02, 0x80, 0xA4, 0x40, 0xA2, 0x00, 0x00, 0x00, 0x04, 0x11, 0x20, 0x00,
    0x00, 0x00, 0x00, 0x00, 0x00, 0x00, 0x00, 0x01, 0x00, 0x10, 0x00, 0x00, 0x00, 0x00, 0x00, 0x00,
    0x00, 0x00, 0x00, 0x02, 0x20, 0x02, 0x00, 0x00, 0x00, 0x00, 0x00, 0x12, 0x00, 0x00, 0x40, 0x08,
    0x49, 0x02, 0x04, 0x09, 0x20, 0x20, 0x00, 0x00, 0x04, 0x00, 0x00, 0x00, 0x00, 0x00, 0x01, 0x40,
    0x20, 0x11, 0x29, 0x41, 0x02, 0x01, 0x4A, 0x01, 0x20, 0x12, 0x20, 0xA5, 0x04, 0x00, 0x00, 0x01,
    0x00, 0x04, 0x80, 0x08, 0x20, 0x04, 0x10, 0x22, 0x08, 0x02, 0x00, 0x00, 0x00, 0x04, 0x00, 0x00,
    0x02, 0x00, 0x00, 0x00, 0x00, 0x00, 0x10, 0x40, 0x40, 0x80, 0x04, 0x00, 0x08, 0x00, 0x00, 0x02,
    0x00, 0x04, 0x01, 0x00, 0x00, 0x20, 0x00, 0x00, 0x04, 0x04, 0x04, 0x00, 0x00, 0x00, 0x00, 0x00,
    0xA0, 0x00, 0x08, 0x54, 0x02, 0x88, 0x84, 0x44, 0x08, 0x90, 0x82, 0x04, 0x49, 0xA4, 0x41, 0x25,
    0x00, 0x20, 0x00, 0x00, 0x40, 0x12, 0x10, 0x01, 0x80, 0x40, 0x00, 0x00, 0x00, 0x00, 0x00, 0x00,
    0x00, 0x00, 0x00, 0x10, 0x00, 0x00, 0x00, 0x00, 0x80, 0x84, 0x00, 0x12, 0x10, 0x40, 0x24, 0x21,
    0x49, 0x84, 0x20, 0x09, 0x00, 0x20, 0x20, 0x20, 0x01, 0x24, 0x09, 0x00, 0x41, 0x20, 0x02, 0x00,
    0x00, 0x02, 0x02, 0x00, 0x00, 0x00, 0x52, 0x00, 0xA4, 0x00, 0x08, 0x22, 0x24, 0x12, 0x00, 0x94,
    0x40, 0x2A, 0x01, 0x08, 0x04, 0x00, 0x00, 0x10, 0x00, 0x01, 0x00, 0x00, 0x00, 0x08, 0x00, 0x00,
    0x00, 0x00, 0x00, 0x00, 0x00, 0x00, 0x00, 0x01, 0x00, 0x00, 0x00, 0x10, 0x00, 0x00, 0x01, 0x00,
    0x00, 0x00, 0x00, 0x00, 0x10, 0x04, 0x40, 0x00, 0x80, 0x04, 0x04, 0x10, 0x01, 0x40, 0x42, 0x00,
    0x00, 0x10, 0x00, 0x08, 0x00, 0x00, 0x40, 0x00, 0x40, 0xA8, 0x90, 0x54, 0x09, 0x12, 0x81, 0x00,
    0x03, 0x00, 0x22, 0x20, 0x45, 0x09, 0x00, 0x80, 0x10, 0x00, 0x00, 0x20, 0x02, 0x00, 0x00, 0x00,
    0x00, 0x00, 0x00, 0x00, 0x00, 0x00, 0x00, 0x04, 0x00, 0x00, 0x00, 0x00, 0x00, 0x00, 0x00, 0x24,
    0x90, 0x20, 0x40, 0x24, 0x00, 0x00, 0x00, 0x00, 0x00, 0x00, 0x82, 0x04, 0x80, 0x00, 0x02, 0x80,
    0x00, 0x00, 0x08, 0x00, 0x00, 0x00, 0x00, 0x00, 0x00, 0x12, 0x00, 0x09, 0x48, 0x02, 0x20, 0x48,
    0x48, 0x12, 0x48, 0x04, 0x49, 0x48, 0x91, 0x12, 0x05, 0x00, 0x00, 0x00, 0x00, 0x00, 0x09, 0x20,
    0x00, 0x11, 0x90, 0x24, 0x20, 0x00, 0x00, 0x00, 0x00, 0x00, 0x00, 0x00, 0x00, 0x00, 0x10, 0x00,
    0x01, 0x00, 0x09, 0x02, 0x08, 0x00, 0x00, 0x42, 0x88, 0x48, 0x02, 0x91, 0x04, 0x00, 0x00, 0x20,
    0x48, 0x40, 0x12, 0x04, 0x00, 0x20, 0x09, 0x04, 0x21, 0x00, 0x00, 0x00, 0x84, 0x40, 0x00, 0x90,
    0x01, 0x48, 0x13, 0x30, 0x12, 0x90, 0x28, 0x00, 0x24, 0x41, 0x8B, 0x4A, 0x00, 0x09, 0x42, 0x92,
    0x00, 0x00, 0x04, 0x08, 0x00, 0x00, 0x00, 0x00, 0x02, 0x00, 0x00, 0x00, 0x00, 0x00, 0x00, 0x00,
    0x00, 0x00, 0x00, 0x00, 0x00, 0x00, 0x40, 0x02, 0x02, 0x00, 0x00, 0x00, 0x00, 0x48, 0x00, 0x00,
    0x00, 0x90, 0x04, 0x01, 0x10, 0x00, 0x00, 0x20, 0x01, 0x80, 0x00, 0x00, 0x00, 0x00, 0x00, 0x20,
    0x10, 0x44, 0x20, 0x11, 0x91, 0x22, 0x81, 0x24, 0x21, 0x05, 0x00, 0x90, 0x21, 0x24, 0x05, 0x00,
    0x00, 0x90, 0x00, 0x00, 0x90, 0x10, 0x00, 0x00, 0x01, 0x02, 0x00, 0x10, 0x10, 0x02, 0x80, 0x20,
    0x00, 0x00, 0x00, 0x00, 0x00, 0x00, 0x08, 0x00, 0x40, 0x00, 0x44, 0x40, 0x92, 0x10, 0x02, 0x00,
    0x00, 0x08, 0x10, 0x10, 0x01, 0x00, 0x00, 0x02, 0x00, 0x80, 0x04, 0x20, 0x20, 0x00, 0x00, 0x00,
    0x00, 0x00, 0x0A, 0x00, 0x00, 0x50, 0x02, 0xA0, 0x24, 0x42, 0x41, 0x20, 0x91, 0x04, 0x29, 0x01,
    0x4D, 0x0A, 0x04, 0x40, 0x0A, 0x00, 0x20, 0x02, 0x20, 0x00, 0x00, 0x40, 0x20, 0x00, 0x00, 0x02,
    0x10, 0x09, 0x08, 0x20, 0x20, 0x00, 0x00, 0x00, 0x02, 0x00, 0x00, 0x12, 0x00, 0x11, 0x00, 0x00,
    0x00, 0x40, 0x12, 0x01, 0x42, 0x02, 0x02, 0x00, 0x20, 0x90, 0x00, 0x04, 0x24, 0x01, 0x14, 0x15,
    0x09, 0x00, 0x00, 0x10, 0x08, 0x40, 0x80, 0x00, 0x22, 0x0D, 0x08, 0x95, 0x08, 0x99, 0x04, 0x0A,
    0x20, 0x88, 0x82, 0x16, 0x15, 0x00, 0x29, 0x01, 0x08, 0x00, 0x40, 0x02, 0x00, 0x00, 0x10, 0x04,
    0xB6, 0x25, 0x41, 0x20, 0x00, 0x45, 0x02, 0x01, 0x02, 0x20, 0x00, 0x00, 0x00, 0x00, 0x00, 0x91,
    0x00, 0x00, 0x00, 0x89, 0x08, 0x00, 0x48, 0x00, 0x00, 0x00, 0x92, 0x04, 0x04, 0x44, 0x20, 0x11,
    0x48, 0x81, 0x00, 0x00, 0x00, 0x00, 0x00, 0x00, 0x05, 0x10, 0x48, 0x80, 0x92, 0x40, 0x22, 0x11,
    0x25, 0x01, 0x44, 0x00, 0x20, 0x83, 0x89, 0x0A, 0x40, 0x10, 0x00, 0x00, 0x01, 0x00, 0x80, 0x80,
    0x08, 0x00, 0x00, 0x49, 0x08, 0x00, 0xDE, 0xF6, 0xDA, 0x2A, 0x10, 0x01, 0x00, 0x00, 0x00, 0x00,
    0x00, 0x00, 0x00, 0x24, 0x88, 0x24, 0x00, 0x00, 0x00, 0x00, 0x10, 0x40, 0x00, 0x00, 0x80, 0x00,
    0x00, 0x00, 0x40, 0x02, 0x20, 0x22, 0x41, 0x22, 0x00, 0x00, 0x00, 0x12, 0x02, 0x00, 0x48, 0x25,
    0x20, 0x29, 0x81, 0x22, 0x21, 0x28, 0x02, 0x50, 0x92, 0x2A, 0x15, 0x00, 0x04, 0x44, 0x00, 0x08,
    0x00, 0x12, 0x00, 0x00, 0x80, 0x10, 0x00, 0x00, 0x00, 0x20, 0x95, 0x24, 0xD4, 0xAE, 0x28, 0x01,
    0x00, 0x00, 0x00, 0x00, 0x20, 0x00, 0x01, 0x00, 0x00, 0x10, 0x01, 0x22, 0x01, 0x82, 0x04, 0x20,
    0x00, 0x10, 0x00, 0x00, 0x12, 0x09, 0x24, 0x4A, 0x48, 0x12, 0x10, 0x40, 0x00, 0x00, 0x08, 0x11,
    0x01, 0x80, 0x48, 0x82, 0x54, 0x0A, 0x94, 0x06, 0x90, 0x20, 0x01, 0x03, 0x0D, 0x0C, 0x40, 0x82,
    0x00, 0x10, 0x00, 0x88, 0x10, 0x04, 0x40, 0x10, 0x02, 0x00, 0x82, 0x00, 0x50, 0x29, 0x95, 0x25,
    0xC5, 0x96, 0x00, 0x00, 0x00, 0x00, 0x00, 0x04, 0x42, 0x42, 0x00, 0x00, 0x02, 0x48, 0x00, 0x48,
    0x00, 0x00, 0x04, 0x49, 0x02, 0x40, 0x92, 0x40, 0x22, 0x81, 0x80, 0x04, 0x08, 0x00, 0x02, 0x00,
    0x00, 0x42, 0x08, 0x00, 0x00, 0x35, 0x01, 0x4A, 0x12, 0x58, 0x08, 0x20, 0x01, 0x48, 0x42, 0x93,
    0x1A, 0x22, 0x10, 0x21, 0x02, 0x00, 0x00, 0x44, 0x00, 0x00, 0x00, 0x00, 0x20, 0x10, 0x10, 0x24,
    0x4A, 0xAA, 0x92, 0x20, 0x91, 0x04, 0x01, 0x00, 0x00, 0x00, 0x00, 0x00, 0x10, 0x20, 0x49, 0x20,
    0x00, 0x00, 0x00, 0x10, 0x20, 0x00, 0x00, 0x00, 0x12, 0x20, 0x88, 0x10, 0x12, 0x11, 0x21, 0x21,
    0x22, 0x00, 0x00, 0x00, 0x11, 0x20, 0x90, 0x24, 0x22, 0x12, 0x48, 0x29, 0x41, 0x12, 0x41, 0x12,
    0x20, 0x83, 0x0A, 0x0A, 0x80, 0x02, 0x08, 0x80, 0x42, 0x00, 0x00, 0x00, 0x00, 0x40, 0x20, 0x09,
    0x01, 0x82, 0xA0, 0xD5, 0x52, 0x6A, 0x5B, 0x4A, 0x2D, 0x00, 0x00, 0x40, 0x00, 0x48, 0x00, 0x02,
    0x00, 0x00, 0x00, 0x01, 0x12, 0x01, 0x02, 0x02, 0x00, 0x00, 0x00, 0x00, 0x09, 0x12, 0x88, 0x20,
    0x08, 0x90, 0x08, 0x00, 0x00, 0x00, 0x02, 0x84, 0x02, 0x02, 0x00, 0x49, 0x88, 0xA4, 0x52, 0x60,
    0x25, 0x80, 0x80, 0x80, 0x84, 0x0C, 0x09, 0x20, 0x91, 0x44, 0x29, 0x08, 0x00, 0x20, 0x01, 0x01,
    0x01, 0x04, 0x00, 0x24, 0x00, 0x50, 0x22, 0x29, 0x15, 0x04, 0x91, 0x10, 0x00, 0x00, 0x00, 0x00,
    0x00, 0x90, 0x48, 0x00, 0x00, 0x09, 0x48, 0x00, 0x48, 0x40, 0x00, 0x10, 0x24, 0x49, 0x88, 0x40,
    0x21, 0x25, 0x04, 0x40, 0x0A, 0x24, 0x00, 0x00, 0x00, 0x00, 0x08, 0x00, 0x00, 0x00, 0xC8, 0x20,
    0x20, 0x95, 0x84, 0x08, 0x00, 0x05, 0x40, 0x02, 0x0D, 0x1A, 0x40, 0x80, 0xB6, 0x96, 0x40, 0x01,
    0x48, 0x10, 0x00, 0x20, 0x00, 0x20, 0x00, 0x01, 0x00, 0x00, 0x00, 0x80, 0x40, 0x24, 0x84, 0x00,
    0x00, 0x00, 0x00, 0x20, 0x00, 0x40, 0x00, 0x24, 0x40, 0x00, 0x00, 0x00, 0x08, 0x44, 0x02, 0x00,
    0x00, 0x00, 0x24, 0x84, 0x00, 0x40, 0x02, 0x40, 0x11, 0x24, 0x00, 0x08, 0x00, 0x22, 0x41, 0x00,
    0x48, 0x24, 0x05, 0x51, 0x62, 0x41, 0x49, 0x12, 0x49, 0x04, 0x83, 0x0A, 0x0C, 0x21, 0x74, 0x49,
    0x48, 0x0B, 0x42, 0x00, 0x02, 0x08, 0x00, 0x22, 0x4A, 0x22, 0x28, 0xC1, 0xDE, 0xDF, 0xB6, 0x7D,
    0xAB, 0x6D, 0x02, 0x00, 0x00, 0x00, 0x08, 0x41, 0x02, 0x82, 0x00, 0x00, 0x00, 0x24, 0x81, 0x00,
    0x00, 0x80, 0x00, 0x00, 0x21, 0x01, 0x10, 0x92, 0x00, 0x90, 0x24, 0x82, 0x00, 0x80, 0x00, 0x00,
    0x00, 0x08, 0x90, 0x00, 0x90, 0x82, 0x0A, 0x15, 0x02, 0x45, 0x00, 0x02, 0x01, 0x02, 0x45, 0x0A,
    0x08, 0x5B, 0x00, 0x49, 0x54, 0x00, 0x00, 0x41, 0x00, 0x42, 0x00, 0x00, 0x11, 0x02, 0x00, 0x65,
    0x60, 0x55, 0x0A, 0x92, 0x52, 0x22, 0x00, 0x00, 0x00, 0x04, 0x80, 0x20, 0x10, 0x00, 0x09, 0x92,
    0x00, 0x08, 0x80, 0x00, 0x00, 0x24, 0x01, 0x08, 0x90, 0x42, 0x00, 0x24, 0x20, 0x81, 0x28, 0x09,
    0x00, 0x00, 0x82, 0x48, 0x08, 0x02, 0x80, 0x20, 0x15, 0x94, 0x29, 0x03, 0x22, 0x01, 0x14, 0x80,
    0x04, 0x0A, 0x09, 0x80, 0x25, 0xE8, 0x26, 0x21, 0x01, 0x00, 0x08, 0x00, 0x00, 0x08, 0x10, 0x80,
    0x00, 0x80, 0x08, 0x89, 0x88, 0xA0, 0x44, 0x04, 0x05, 0x02, 0x00, 0x00, 0x20, 0x00, 0x14, 0x00,
    0x24, 0x40, 0x00, 0x00, 0x00, 0x12, 0x10, 0x10, 0x00, 0x00, 0x40, 0x4A, 0x08, 0x09, 0x00, 0x04,
    0x48, 0x44, 0x84, 0x00, 0x00, 0x00, 0x00, 0x11, 0x00, 0x14, 0x40, 0x0A, 0x20, 0x92, 0x0C, 0x0A,
    0x10, 0x24, 0x12, 0x82, 0x05, 0x0C, 0x60, 0x12, 0x5B, 0xB2, 0x4A, 0x0A, 0x08, 0x00, 0x02, 0x00,
    0x02, 0x84, 0x08, 0x24, 0x09, 0xA4, 0x2D, 0xA5, 0x56, 0xB5, 0xAA, 0x04, 0x00, 0x00, 0x00, 0x00,
    0x00, 0x01, 0x80, 0x00, 0x00, 0x00, 0x44, 0x40, 0x00, 0x02, 0x00, 0x08, 0x10, 0x00, 0x00, 0x91,
    0x00, 0x88, 0x40, 0x22, 0x12, 0x20, 0x00, 0x00, 0x00, 0x10, 0x40, 0x80, 0x20, 0x05, 0x48, 0x50,
    0x89, 0x08, 0x48, 0x02, 0x00, 0x00, 0x80, 0x02, 0x08, 0xB0, 0x42, 0x05, 0x00, 0x14, 0x12, 0x00,
    0x95, 0x20, 0x40, 0x10, 0x48, 0x24, 0x09, 0x00, 0x5B, 0xD2, 0xDA, 0xAA, 0x4A, 0x55, 0x12, 0x00,
    0x00, 0x00, 0x08, 0x92, 0x40, 0x00, 0x80, 0x24, 0x92, 0x00, 0x08, 0x40, 0x00, 0x01, 0x80, 0x04,
    0x91, 0x04, 0x02, 0x44, 0x20, 0x20, 0x10, 0x89, 0x0A, 0x00, 0x01, 0x00, 0x20, 0x82, 0x08, 0x20,
    0x00, 0xB2, 0x00, 0x49, 0x19, 0x14, 0x00, 0x09, 0x01, 0x05, 0x02, 0x8C, 0x18, 0xA8, 0x09, 0x04,
    0xA0, 0x24, 0x00, 0x20, 0x00, 0x00, 0x00, 0x00, 0x01, 0x40, 0x00, 0x92, 0x24, 0x12, 0x91, 0x24,
    0x49, 0x13, 0x00, 0x00, 0x00, 0x40, 0x00, 0x24, 0x00, 0x12, 0x00, 0x00, 0x08, 0x01, 0x09, 0x20,
    0x88, 0x10, 0x00, 0x08, 0x48, 0x90, 0x00, 0x00, 0x08, 0x44, 0x44, 0x41, 0x04, 0x00, 0x40, 0x02,
    0x90, 0x40, 0x46, 0x26, 0x04, 0x80, 0x14, 0x12, 0x90, 0x24, 0x88, 0x20, 0xC0, 0x02, 0x04, 0x08,
    0x54, 0x22, 0x21, 0x01, 0x11, 0x00, 0x00, 0x00, 0x11, 0x04, 0x12, 0x90, 0x00, 0x22, 0x44, 0x12,
    0x89, 0x24, 0x49, 0x92, 0x20, 0x00, 0x00, 0x00, 0x00, 0x40, 0x00, 0x42, 0x00, 0x00, 0x04, 0x20,
    0x00, 0x00, 0x04, 0x00, 0x00, 0x00, 0x40, 0x00, 0x20, 0x08, 0x40, 0x41, 0x89, 0x20, 0x08, 0x00,
    0x00, 0x08, 0x80, 0x08, 0xAD, 0x54, 0x41, 0x40, 0x24, 0x24, 0xA1, 0x20, 0x02, 0x08, 0x04, 0x00,
    0x41, 0x0A, 0x04, 0x2A, 0x00, 0x00, 0x00, 0x48, 0x01, 0x50, 0x09, 0x40, 0x20, 0x80, 0x08, 0x29,
    0x00, 0x68, 0xDB, 0x6D, 0xDB, 0x76, 0x6D, 0x1A, 0x00, 0x00, 0x02, 0x00, 0x00, 0x12, 0x00, 0x40,
    0x92, 0x20, 0x01, 0x24, 0x40, 0x00, 0x00, 0x80, 0x24, 0x00, 0x82, 0x04, 0x82, 0x24, 0x00, 0x20,
    0x94, 0x84, 0x00, 0x08, 0x00, 0x00, 0xC1, 0x22, 0xA9, 0x1A, 0x00, 0x02, 0x0A, 0x48, 0x50, 0x10,
    0x08, 0x00, 0x82, 0x00, 0x04, 0x83, 0x05, 0x00, 0x00, 0x00, 0x40, 0x08, 0x00, 0x00, 0x00, 0x00,
    0x08, 0x22, 0x04, 0x04, 0x34, 0x49, 0xA4, 0x24, 0x25, 0x49, 0x25, 0x81, 0x00, 0x00, 0x04, 0x00,
    0x00, 0x00, 0x04, 0x00, 0x00, 0x80, 0x00, 0x08, 0x80, 0x20, 0x10, 0x00, 0x02, 0x10, 0x40, 0x11,
    0x00, 0x90, 0x92, 0x42, 0x02, 0x01, 0x00, 0x00, 0x10, 0x30, 0x11, 0x42, 0x95, 0x24, 0x00, 0x50,
    0x40, 0x20, 0x81, 0x08, 0x20, 0x40, 0x08, 0x86, 0xC0, 0x02, 0x00, 0x00, 0x00, 0x80, 0x00, 0x81,
    0x00, 0x00, 0x09, 0x10, 0x00, 0x80, 0x00, 0x80, 0x20, 0x02, 0x01, 0x00, 0x12, 0x42, 0x00, 0x00,
    0x00, 0x50, 0x89, 0x20, 0x90, 0x00, 0x00, 0x12, 0x12, 0x00, 0x01, 0x12, 0x00, 0x00, 0x00, 0x40,
    0x00, 0x12, 0x00, 0x20, 0x21, 0x04, 0x24, 0x24, 0x00, 0x40, 0x10, 0x01, 0x4C, 0x0A, 0x00, 0x64,
    0x00, 0x89, 0x28, 0x84, 0x42, 0x08, 0x48, 0x02, 0x00, 0x01, 0x02, 0x50, 0x00, 0x09, 0x11, 0x24,
    0x00, 0x02, 0x00, 0x04, 0x20, 0x00, 0x82, 0x44, 0x22, 0x40, 0x58, 0x5D, 0xDB, 0xFA, 0xDE, 0xC9,
    0x54, 0x00, 0x00, 0x00, 0x08, 0x40, 0x04, 0x01, 0x20, 0x49, 0x40, 0x00, 0x49, 0x40, 0x00, 0x00,
    0x01, 0x24, 0x00, 0x00, 0x00, 0x0A, 0x00, 0x40, 0x48, 0x11, 0x01, 0x08, 0x00, 0x04, 0x00, 0x92,
    0xC4, 0x10, 0x92, 0x02, 0x00, 0xA0, 0x90, 0x80, 0x20, 0x0C, 0x00, 0x04, 0x40, 0x44, 0x28, 0x00,
    0x00, 0x00, 0x00, 0x00, 0x04, 0x00, 0x41, 0x00, 0x00, 0x20, 0x08, 0x10, 0x09, 0xA0, 0x8A, 0xA9,
    0x24, 0x65, 0x6C, 0x95, 0x02, 0x00, 0x00, 0x80, 0x08, 0x12, 0x00, 0x00, 0x00, 0x00, 0x00, 0x00,
    0x00, 0x80, 0x00, 0x80, 0x00, 0x08, 0x44, 0x88, 0x80, 0x00, 0x08, 0x21, 0x84, 0x90, 0x00, 0x00,
    0x02, 0xA0, 0x05, 0x24, 0x20, 0x91, 0x11, 0x22, 0xC0, 0x00, 0xA4, 0x00, 0x07, 0x90, 0x40, 0x09,
    0x06, 0x08, 0x22, 0x20, 0x00, 0x00, 0x04, 0x08, 0x80, 0x20, 0x10, 0x29, 0x04, 0x40, 0x02, 0x00,
    0x90, 0x64, 0x14, 0x12, 0x11, 0x12, 0x22, 0x00, 0x00, 0x00, 0x50, 0x24, 0x41, 0x40, 0x08, 0x00,
    0x09, 0x48, 0x00, 0x09, 0x09, 0x20, 0x00, 0x00, 0x81, 0x00, 0x22, 0x40, 0x44, 0x22, 0x04, 0x49,
    0x08, 0x00, 0x00, 0x90, 0x54, 0x48, 0x13, 0x03, 0x04, 0x09, 0x80, 0x04, 0x01, 0x01, 0x09, 0x91,
    0x04, 0x00, 0x00, 0x81, 0x44, 0x00, 0x00, 0x81, 0x80, 0x20, 0x00, 0x00, 0x02, 0x00, 0x00, 0x40,
    0x02, 0x20, 0x01, 0x91, 0x24, 0x4A, 0xC9, 0x94, 0x45, 0x92, 0x00, 0x00, 0x00, 0x24, 0x41, 0x08,
    0x04, 0x81, 0x24, 0x40, 0x02, 0x12, 0x00, 0x00, 0x00, 0x21, 0x08, 0x00, 0x00, 0x00, 0x14, 0x10,
    0x04, 0x91, 0x20, 0x44, 0x04, 0x00, 0x42, 0x05, 0x80, 0x28, 0x09, 0x22, 0x92, 0x10, 0x00, 0x49,
    0x82, 0x21, 0x08, 0x00, 0x50, 0x20, 0x10, 0x04, 0x00, 0x00, 0x00, 0x00, 0x00, 0x40, 0x04, 0x04,
    0x40, 0x00, 0x10, 0x24, 0x09, 0x48, 0x40, 0xAB, 0xD3, 0x5A, 0xD6, 0xB4, 0x2D, 0x01, 0x00, 0x00,
    0x00, 0x02, 0x92, 0x20, 0x00, 0x00, 0x00, 0x00, 0x00, 0x40, 0x40, 0x02, 0x00, 0x01, 0x48, 0x20,
    0x10, 0x01, 0x82, 0x40, 0x42, 0x94, 0x02, 0x40, 0x00, 0x01, 0x00, 0x40, 0x4C, 0xB2, 0x10, 0x00,
    0x40, 0x80, 0x02, 0x12, 0x01, 0x0D, 0x20, 0x22, 0x80, 0x00, 0x08, 0x91, 0xF6, 0x36, 0x12, 0x00,
    0x00, 0x00, 0x80, 0x00, 0x08, 0x84, 0x00, 0x40, 0x02, 0xA0, 0x54, 0x29, 0x92, 0x22, 0x92, 0x90,
    0x00, 0x00, 0x00, 0x90, 0x48, 0x42, 0x00, 0x24, 0x00, 0x12, 0x90, 0x20, 0x09, 0x08, 0x00, 0x00,
    0x40, 0x00, 0x02, 0x84, 0x20, 0x21, 0x24, 0x24, 0x42, 0x90, 0x00, 0x40, 0x08, 0x00, 0x08, 0x42,
    0x45, 0x80, 0x48, 0x02, 0x24, 0x02, 0x42, 0x49, 0x82, 0x04, 0x20, 0x04, 0x40, 0x42, 0xC8, 0x12,
    0xAA, 0x01, 0x08, 0x04, 0x00, 0x10, 0x00, 0x02, 0x00, 0x88, 0x24, 0x20, 0x02, 0x02, 0x12, 0x89,
    0x28, 0x25, 0x4A, 0x04, 0x00, 0x00, 0x48, 0x04, 0x09, 0x22, 0x01, 0x49, 0x40, 0x02, 0x04, 0x00,
    0x02, 0x00, 0x02, 0x08, 0x20, 0x80, 0x00, 0x08, 0x10, 0x02, 0x01, 0x11, 0x09, 0x00, 0x00, 0x42,
    0x00, 0x00, 0xA9, 0x08, 0x49, 0x00, 0x08, 0x02, 0xA5, 0x04, 0x09, 0x20, 0x12, 0x21, 0x81, 0x88,
    0x20, 0x2A, 0xA8, 0x49, 0x6D, 0x41, 0x00, 0x00, 0x08, 0x01, 0x20, 0x22, 0x22, 0x00, 0x04, 0x40,
    0x7B, 0x6D, 0x6B, 0xD6, 0xAA, 0x55, 0x01, 0x08, 0x00, 0x20, 0x21, 0x42, 0x00, 0x00, 0x00, 0x00,
    0x00, 0x00, 0x40, 0x20, 0x42, 0x00, 0x01, 0x80, 0x04, 0x48, 0x02, 0x09, 0x21, 0x90, 0x00, 0x02,
    0x24, 0x40, 0x00, 0x24, 0x01, 0x24, 0x12, 0x02, 0x04, 0x84, 0x00, 0x4A, 0x95, 0x42, 0x2A, 0x49,
    0x10, 0x40, 0x00, 0x10, 0x25, 0x95, 0xB4, 0x94, 0x04, 0x00, 0x11, 0x80, 0x00, 0x00, 0x88, 0x00,
    0x22, 0x21, 0x01, 0x89, 0xA4, 0x54, 0x25, 0x55, 0x29, 0x01, 0x00, 0x02, 0x40, 0x48, 0x90, 0x40,
    0x22, 0x00, 0x09, 0x90, 0x20, 0x09, 0x00, 0x00, 0x10, 0x80, 0x10, 0x00, 0x00, 0x40, 0x80, 0x90,
    0x24, 0xA8, 0x90, 0x00, 0x20, 0x12, 0x01, 0x20, 0x40, 0x25, 0x05, 0x91, 0x10, 0x28, 0x49, 0xF2,
    0x2C, 0x95, 0x44, 0x42, 0x24, 0x24, 0x4A, 0x41, 0x02, 0x42, 0xAA, 0x9A, 0x10, 0x00, 0x10, 0x00,
    0x00, 0x40, 0x10, 0x08, 0x00, 0x00, 0x90, 0x12, 0x89, 0x48, 0x22, 0x92, 0x08, 0x00, 0x00, 0x88,
    0x04, 0x0A, 0x22, 0x00, 0x24, 0x80, 0x04, 0x04, 0x00, 0x02, 0x00, 0x00, 0x10, 0x40, 0x02, 0x02,
    0x10, 0x24, 0x0A, 0x02, 0x05, 0x04, 0x00, 0x40, 0x00, 0x00, 0x00, 0x80, 0x48, 0x28, 0x08, 0x10,
    0x92, 0x76, 0x1F, 0x52, 0xAA, 0x92, 0x90, 0x04, 0x91, 0x24, 0x10, 0xA0, 0x00, 0x52, 0x45, 0x02,
    0x80, 0x20, 0x20, 0x00, 0x00, 0x05, 0x21, 0x89, 0x88, 0x6E, 0xA9, 0x55, 0xAB, 0xA9, 0x4A, 0x01,
    0x00, 0x00, 0x40, 0x42, 0x42, 0x00, 0x81, 0x00, 0x00, 0x00, 0x00, 0x40, 0x20, 0x09, 0x01, 0x02,
    0x01, 0x40, 0x40, 0x82, 0x00, 0x81, 0x90, 0x10, 0x81, 0x00, 0x20, 0x24, 0x12, 0x09, 0x00, 0x12,
    0x28, 0x00, 0x40, 0x04, 0xAB, 0x09, 0xAB, 0x54, 0x95, 0x94, 0x92, 0x0A, 0x01, 0x82, 0x54, 0x5A,
    0x20, 0x29, 0x01, 0x00, 0x00, 0x41, 0x00, 0x12, 0x20, 0x00, 0x40, 0x40, 0x24, 0x6D, 0xAA, 0x54,
    0x5A, 0xB5, 0x02, 0x00, 0x00, 0x20, 0x20, 0x20, 0x40, 0x00, 0x80, 0x24, 0x20, 0x91, 0x08, 0x04,
    0x00, 0x40, 0x00, 0x00, 0x08, 0x08, 0x00, 0x48, 0x50, 0x24, 0x82, 0x50, 0x10, 0x40, 0x80, 0x08,
    0x40, 0x04, 0xA4, 0x44, 0x49, 0x22, 0x28, 0x55, 0x95, 0xB4, 0xAA, 0x4A, 0x48, 0x49, 0x44, 0x12,
    0x10, 0x25, 0x25, 0x95, 0xAA, 0x04, 0x09, 0x20, 0x00, 0x09, 0x80, 0x08, 0x88, 0x04, 0x08, 0x92,
    0x12, 0x91, 0x24, 0x45, 0x42, 0x00, 0x00, 0x00, 0x08, 0x49, 0x8A, 0x04, 0x12, 0x12, 0x00, 0x09,
    0x00, 0x00, 0x00, 0x00, 0x00, 0x40, 0x20, 0x01, 0x00, 0x48, 0x04, 0x0A, 0x40, 0x48, 0x08, 0x00,
    0x00, 0x10, 0x61, 0x10, 0x00, 0x90, 0xA0, 0x10, 0x88, 0x2C, 0xB5, 0x7B, 0x48, 0x6D, 0xB5, 0xA4,
    0xA4, 0x22, 0x80, 0xA4, 0x92, 0x92, 0x4A, 0x95, 0x22, 0x00, 0x40, 0x00, 0x00, 0x10, 0x42, 0x12,
    0x10, 0x21, 0x92, 0x90, 0x4A, 0x92, 0x92, 0x14, 0x05, 0x00, 0x00, 0x00, 0x80, 0x10, 0x20, 0x00,
    0x00, 0x00, 0x00, 0x02, 0x80, 0x20, 0x11, 0x04, 0x08, 0x04, 0x00, 0x00, 0x80, 0x90, 0x20, 0x09,
    0x01, 0x02, 0x82, 0x40, 0x02, 0x12, 0x89, 0x10, 0x00, 0x09, 0x81, 0x50, 0x31, 0xDB, 0x2A, 0xAD,
    0x52, 0x4A, 0x59, 0x53, 0x33, 0x22, 0x12, 0x49, 0xA9, 0xA4, 0x64, 0x09, 0x80, 0x80, 0x00, 0x00,
    0x09, 0x00, 0x00, 0x21, 0x40, 0x54, 0x6D, 0x55, 0x6B, 0xA9, 0xAA, 0x02, 0x00, 0x00, 0x00, 0x00,
    0x80, 0x00, 0x81, 0x20, 0x49, 0x40, 0x48, 0x12, 0x04, 0x80, 0x00, 0x01, 0x00, 0x20, 0x01, 0x00,
    0x20, 0x44, 0x12, 0x24, 0x41, 0x00, 0x40, 0x00, 0xC4, 0x00, 0x00, 0x40, 0x86, 0x22, 0x40, 0xA9,
    0xAA, 0x56, 0x52, 0xAD, 0xAA, 0x24, 0xA9, 0x44, 0x10, 0x45, 0x20, 0x48, 0x55, 0x2A, 0x25, 0x00,
    0x00, 0x44, 0x12, 0x80, 0x24, 0x41, 0x80, 0x08, 0xA9, 0x4A, 0x22, 0x49, 0x56, 0x55, 0x02, 0x00,
    0x10, 0x10, 0x11, 0x00, 0x40, 0x04, 0x04, 0x00, 0x08, 0x00, 0x00, 0x00, 0x00, 0x00, 0x20, 0x41,
    0x02, 0x10, 0x09, 0x04, 0x01, 0x20, 0x49, 0x08, 0x00, 0x80, 0x48, 0x08, 0x96, 0x84, 0x00, 0x10,
    0x85, 0xAA, 0x99, 0xDD, 0xED, 0xA1, 0x4A, 0x53, 0xD5, 0x56, 0x5A, 0xA9, 0x02, 0x00, 0x00, 0x4A,
    0x95, 0x4A, 0x11, 0x02, 0x01, 0x00, 0x08, 0x00, 0x08, 0x04, 0x10, 0x04, 0x10, 0x11, 0x84, 0x00,
    0x00, 0x04, 0x08, 0x00, 0x00, 0x00, 0x12, 0x04, 0x00, 0x40, 0x04, 0x82, 0x00, 0x00, 0x80, 0x04,
    0x09, 0x02, 0x08, 0x00, 0x00, 0x80, 0x00, 0x28, 0x80, 0x00, 0x02, 0x00, 0x02, 0x80, 0x20, 0x12,
    0x08, 0x00, 0x28, 0x14, 0x91, 0xE6, 0x56, 0xB5, 0x65, 0xA9, 0xAC, 0x2A, 0xA9, 0xA5, 0x54, 0x20,
    0x0A, 0x00, 0xA0, 0x52, 0x91, 0x00, 0x40, 0x08, 0x00, 0x22, 0x12, 0x00, 0x01, 0x80, 0x64, 0xCB,
    0x4C, 0x6B, 0x6B, 0xDB, 0x02, 0x00, 0x00, 0x00, 0x00, 0x00, 0x80, 0x80, 0x00, 0x40, 0x00, 0x90,
    0x48, 0x12, 0x00, 0x00, 0x00, 0x00, 0x00, 0x00, 0x00, 0x48, 0x02, 0x15, 0x90, 0x10, 0x00, 0x80,
    0x04, 0x54, 0xD1, 0x20, 0x08, 0x20, 0x8A, 0x62, 0x5B, 0xEB, 0x5A, 0x86, 0x56, 0x52, 0x52, 0xAD,
    0xAA, 0x46, 0x48, 0x20, 0x09, 0x00, 0xA9, 0x14, 0x01, 0x00, 0x01, 0x22, 0x40, 0x80, 0x44, 0x90,
    0x54, 0x6A, 0xA9, 0xEA, 0x92, 0xB4, 0x55, 0x02, 0x00, 0x00, 0x80, 0x00, 0x00, 0x00, 0x08, 0x92,
    0x08, 0x20, 0x04, 0x00, 0x00, 0x00, 0x00, 0x20, 0x41, 0x12, 0x09, 0x00, 0x00, 0x48, 0x80, 0x04,
    0x00, 0x22, 0x01, 0x10, 0x29, 0x8D, 0x06, 0x01, 0x81, 0x20, 0x6C, 0xB5, 0x5A, 0xAF, 0x4B, 0x25,
    0x4B, 0xAD, 0x56, 0x55, 0x29, 0x97, 0x04, 0x00, 0x00, 0x48, 0x4B, 0x48, 0x00, 0x00, 0x00, 0x04,
    0x08, 0x10, 0x02, 0x08, 0x09, 0x12, 0x04, 0x10, 0x02, 0x00, 0x11, 0x00, 0x00, 0x24, 0x92, 0x92,
    0x00, 0x00, 0x00, 0x00, 0x84, 0x00, 0x00, 0x00, 0x09, 0x48, 0x04, 0x08, 0x00, 0x40, 0x88, 0x24,
    0x21, 0x20, 0x20, 0x09, 0x00, 0x00, 0x42, 0xA0, 0x32, 0x34, 0x40, 0x80, 0x31, 0x52, 0xDB, 0xB6,
    0xD5, 0x99, 0xD2, 0xB4, 0xA5, 0xA2, 0x6A, 0xD5, 0x92, 0xF6, 0x12, 0x08, 0x90, 0x24, 0x09, 0x02,
    0x0A, 0x00, 0x20, 0x11, 0x01, 0x20, 0x02, 0x44, 0x49, 0x25, 0x4D, 0x49, 0x5A, 0x02, 0x24, 0x00,
    0x00, 0x00, 0x00, 0x10, 0x40, 0x00, 0x84, 0x00, 0x20, 0x89, 0x24, 0x00, 0x01, 0x00, 0x00, 0x00,
    0x00, 0x00, 0x00, 0x00, 0x09, 0x01, 0x40, 0x40, 0x08, 0x08, 0x40, 0x69, 0xA1, 0x09, 0x10, 0x09,
    0xAC, 0xDA, 0xD6, 0xB4, 0x2A, 0x29, 0x95, 0x58, 0x5D, 0x95, 0x2A, 0x49, 0x29, 0xAD, 0x00, 0x80,
    0x94, 0x04, 0x10, 0x21, 0x12, 0x10, 0x22, 0x89, 0x04, 0xA4, 0xBB, 0xED, 0x72, 0xD3, 0x76, 0xA7,
    0x02, 0x00, 0x00, 0x00, 0x01, 0x89, 0x00, 0x00, 0x24, 0x21, 0x00, 0x00, 0x00, 0x00, 0x00, 0x00,
    0x08, 0x01, 0x49, 0x00, 0x00, 0x40, 0x4A, 0x04, 0x08, 0x00, 0x20, 0x00, 0x10, 0x88, 0x96, 0x16,
    0x24, 0x02, 0x44, 0xC6, 0x6D, 0x6B, 0xBB, 0x2D, 0x96, 0xAA, 0x56, 0x65, 0x6B, 0x55, 0x2D, 0xCA,
    0x52, 0x02, 0x40, 0x2A, 0x21, 0x00, 0x00, 0x00, 0x96, 0x84, 0x10, 0x01, 0x12, 0x49, 0x12, 0x95,
    0x24, 0x89, 0x90, 0x04, 0x00, 0x00, 0x20, 0x01, 0x02, 0x00, 0x09, 0x00, 0x00, 0x92, 0x04, 0x00,
    0x00, 0x09, 0x08, 0x00, 0x20, 0x00, 0x00, 0x01, 0x08, 0x00, 0x40, 0x80, 0x04, 0x00, 0x84, 0x20,
    0x01, 0xD4, 0x2A, 0x41, 0x80, 0xC8, 0xD2, 0x56, 0x6D, 0xD7, 0x56, 0x52, 0x55, 0xAB, 0x9A, 0xAA,
    0xAA, 0xD2, 0x80, 0xAD, 0x94, 0x00, 0x91, 0x48, 0x00, 0x04, 0x01, 0x40, 0x40, 0x04, 0x48, 0x02,
    0x04, 0x91, 0x08, 0x10, 0x44, 0x4A, 0x02, 0x00, 0x04, 0x08, 0x08, 0x90, 0x08, 0x20, 0x11, 0x08,
    0x00, 0x20, 0x49, 0x24, 0x00, 0x80, 0x40, 0x04, 0x00, 0x09, 0x88, 0x00, 0x21, 0x11, 0x12, 0x00,
    0x80, 0x00, 0x24, 0x00, 0x68, 0xB4, 0x04, 0x11, 0x90, 0x5A, 0xB5, 0xDB, 0xAA, 0xD5, 0xA8, 0x55,
    0x51, 0x55, 0x55, 0x55, 0x2B, 0x11, 0xB4, 0x25, 0x00, 0x24, 0x04, 0x04, 0x22, 0x10, 0x24, 0xAA,
    0x8A, 0x00, 0xC8, 0xB2, 0x6D, 0xEB, 0xAF, 0x6B, 0xAD, 0x02, 0x00, 0x00, 0x80, 0x40, 0x02, 0x00,
    0x00, 0x00, 0x41, 0x00, 0x00, 0x00, 0x00, 0x40, 0x00, 0x08, 0x00, 0x04, 0x00, 0x00, 0x00, 0x10,
    0x00, 0x00, 0x00, 0x08, 0x10, 0x60, 0x08, 0x81, 0x05, 0x20, 0x08, 0xE2, 0x4E, 0xDB, 0xDA, 0x76,
    0xAD, 0x54, 0xAA, 0xAC, 0xAA, 0xAA, 0x6A, 0x55, 0x02, 0xC0, 0x12, 0x01, 0x48, 0x92, 0x00, 0x01,
    0x02, 0x04, 0x19, 0x21, 0x09, 0xA3, 0x5A, 0x92, 0x54, 0xC8, 0x94, 0x52, 0x04, 0x00, 0x00, 0x20,
    0x01, 0x42, 0x00, 0x01, 0x22, 0x00, 0x92, 0x00, 0x00, 0x80, 0x08, 0x10, 0x00, 0x80, 0x20, 0x20,
    0x00, 0x20, 0x02, 0x84, 0x00, 0x21, 0x01, 0x04, 0xC0, 0x24, 0x00, 0x12, 0x04, 0x82, 0x52, 0xA5,
    0xAD, 0xD6, 0xB6, 0xB6, 0x54, 0xD5, 0xB6, 0x6A, 0x55, 0xAD, 0x2A, 0x01, 0x09, 0xAD, 0x00, 0x20,
    0x21, 0x20, 0x08, 0x00, 0x00, 0x00, 0x10, 0x00, 0x40, 0x84, 0x24, 0x09, 0x25, 0x49, 0x92, 0x02,
    0x00, 0x20, 0x00, 0x00, 0x88, 0x20, 0x20, 0x00, 0x08, 0x00, 0x44, 0x22, 0x09, 0x00, 0x00, 0x40,
    0x12, 0x00, 0x02, 0x00, 0x00, 0x40, 0x00, 0x04, 0x00, 0x20, 0x21, 0x01, 0xA1, 0x48, 0x68, 0x81,
    0x64, 0x65, 0xDB, 0xD6, 0x6D, 0xAB, 0x55, 0xA9, 0x2A, 0x49, 0x55, 0xAD, 0x95, 0xB6, 0x5D, 0x40,
    0x54, 0x0A, 0x80, 0x08, 0x04, 0x04, 0x14, 0xA2, 0x68, 0x0B, 0x22, 0x51, 0xA9, 0xDA, 0xD2, 0x4A,
    0x6A, 0x29, 0x05, 0x00, 0x00, 0x88, 0x44, 0x02, 0x00, 0x04, 0x04, 0x81, 0x00, 0x00, 0x00, 0x00,
    0x00, 0x81, 0x00, 0x00, 0x00, 0x80, 0x04, 0x02, 0x00, 0x10, 0x00, 0x00, 0x80, 0x00, 0x44, 0x03,
    0x05, 0x81, 0x10, 0x80, 0xBC, 0xAD, 0xB2, 0xB6, 0xDA, 0xAA, 0x49, 0xD5, 0xB6, 0xAA, 0x6A, 0x6A,
    0x55, 0x2A, 0x04, 0x52, 0x04, 0x00, 0x24, 0x01, 0x42, 0x00, 0x10, 0x91, 0x84, 0x04, 0xA8, 0x56,
    0x25, 0x55, 0xB2, 0x25, 0xAD, 0x02, 0x00, 0x00, 0x00, 0x00, 0x00, 0x04, 0x80, 0x20, 0x00, 0x08,
    0x00, 0x00, 0x00, 0x09, 0x08, 0x10, 0x00, 0x49, 0x10, 0x20, 0x00, 0x04, 0x00, 0x40, 0x00, 0x09,
    0x08, 0x00, 0x0C, 0x68, 0x02, 0x08, 0x12, 0x4A, 0x55, 0x6D, 0xAB, 0xDD, 0x76, 0xD2, 0x2A, 0x55,
    0x55, 0x95, 0xB5, 0xAA, 0xA5, 0x21, 0xA8, 0x22, 0x00, 0x01, 0x00, 0x08, 0x00, 0x00, 0x00, 0x00,
    0x00, 0x08, 0x88, 0x80, 0x88, 0x44, 0x90, 0x42, 0x04, 0x00, 0x00, 0x90, 0x80, 0x94, 0x80, 0x10,
    0x00, 0x24, 0x80, 0x00, 0x49, 0x22, 0x00, 0x00, 0x80, 0x10, 0x00, 0x02, 0x00, 0x00, 0x20, 0x80,
    0x00, 0x00, 0x80, 0x52, 0x80, 0x0A, 0x80, 0x36, 0x40, 0x08, 0xED, 0xB6, 0xB6, 0xDA, 0x66, 0x9B,
    0x52, 0xD6, 0x4A, 0xAB, 0xB5, 0x4A, 0x6D, 0x55, 0x84, 0xA0, 0x15, 0x40, 0x50, 0x12, 0x00, 0x08,
    0x49, 0x62, 0x5B, 0x10, 0x55, 0x45, 0x5A, 0xA5, 0x2A, 0xAD, 0x10, 0x22, 0x04, 0x00, 0x80, 0x04,
    0x02, 0x00, 0x00, 0x04, 0x00, 0x01, 0x10, 0x00, 0x00, 0x40, 0x20, 0x02, 0x00, 0x00, 0x80, 0x04,
    0x40, 0x00, 0x01, 0x00, 0x84, 0x44, 0x21, 0x11, 0x54, 0x01, 0xA0, 0x17, 0x40, 0xB2, 0x9A, 0x92,
    0x4D, 0xB5, 0xD4, 0xA5, 0x55, 0xB5, 0x5A, 0x4A, 0xB5, 0x92, 0x2A, 0x1B, 0x01, 0x49, 0x02, 0x08,
    0x00, 0x88, 0x00, 0x92, 0x84, 0x00, 0x02, 0xA4, 0x6A, 0xAB, 0x5A, 0x95, 0x52, 0xBD, 0x03, 0x00,
    0x00, 0x00, 0x00, 0x40, 0x00, 0x04, 0x80, 0x00, 0x10, 0x00, 0x00, 0x00, 0x09, 0x00, 0x00, 0x04,
    0x22, 0x10, 0x80, 0x08, 0x00, 0x00, 0x08, 0x40, 0x10, 0x84, 0x02, 0x32, 0x24, 0x00, 0x00, 0x22,
    0x54, 0x2B, 0x6D, 0x6B, 0x5B, 0x6B, 0xA5, 0xAA, 0x6A, 0x55, 0xDB, 0x56, 0x6D, 0x15, 0x50, 0x44,
    0x4A, 0x00, 0x82, 0x24, 0x01, 0x10, 0x00, 0x10, 0x21, 0x40, 0x92, 0x94, 0x44, 0x92, 0x48, 0x29,
    0x45, 0x00, 0x20, 0x00, 0x90, 0x40, 0x0A, 0x08, 0x20, 0x11, 0x00, 0x00, 0x82, 0x80, 0x10, 0x00,
    0x00, 0x40, 0x40, 0x00, 0x02, 0x20, 0x00, 0x00, 0x00, 0x00, 0x20, 0x42, 0x48, 0x81, 0xA8, 0x80,
    0x04, 0x00, 0x04, 0x5A, 0x35, 0x95, 0xB4, 0x6A, 0x9B, 0x4A, 0xAA, 0x96, 0xAA, 0x65, 0x52, 0xAB,
    0x6A, 0xA1, 0x0A, 0xA4, 0x00, 0x20, 0x01, 0x10, 0x00, 0x49, 0x22, 0x24, 0x29, 0x48, 0x22, 0x52,
    0x44, 0x24, 0x49, 0x22, 0x06, 0x00, 0x40, 0x00, 0x04, 0x81, 0x80, 0x00, 0x00, 0x24, 0x42, 0x00,
    0x10, 0x00, 0x00, 0x82, 0x00, 0x00, 0x00, 0x00, 0x04, 0x80, 0x04, 0x20, 0x40, 0x90, 0x00, 0x82,
    0x14, 0x41, 0x09, 0x00, 0x40, 0x80, 0xAD, 0x9A, 0xAA, 0x4D, 0xAD, 0xD4, 0xAA, 0x55, 0x69, 0xAB,
    0x2C, 0xAD, 0x54, 0xAD, 0x06, 0x49, 0x12, 0x12, 0x10, 0x10, 0x00, 0x20, 0x24, 0x81, 0x44, 0x14,
    0x49, 0x55, 0xAB, 0xB6, 0x56, 0xAD, 0x5A, 0x03, 0x00, 0x01, 0x88, 0x00, 0x10, 0x00, 0x04, 0x00,
    0x00, 0x00, 0x10, 0x02, 0x02, 0x44, 0x10, 0x20, 0x08, 0x92, 0x90, 0x00, 0x02, 0x00, 0x00, 0x00,
    0x00, 0x04, 0x24, 0x00, 0x4C, 0x03, 0x20, 0x00, 0x20, 0xD6, 0x2D, 0x55, 0xB3, 0x55, 0x2B, 0x95,
    0xDA, 0xB6, 0x54, 0xB5, 0x6B, 0x6B, 0x53, 0x15, 0x2A, 0x51, 0x01, 0x40, 0x8A, 0x24, 0x42, 0x80,
    0x88, 0x08, 0x42, 0xA2, 0x92, 0x54, 0x49, 0xA9, 0x24, 0xCD, 0x00, 0x00, 0x00, 0x00, 0x02, 0x02,
    0x00, 0x40, 0x92, 0x00, 0x00, 0x00, 0x00, 0x90, 0x00, 0x00, 0x04, 0x01, 0x00, 0x00, 0x40, 0x00,
    0x00, 0x02, 0x01, 0x42, 0x42, 0x10, 0x01, 0x88, 0x24, 0x90, 0x08, 0x48, 0x6B, 0x66, 0xAA, 0xAC,
    0xAA, 0xD5, 0x8A, 0x2A, 0x55, 0xAD, 0xAA, 0x54, 0xAD, 0xAC, 0x4A, 0x94, 0x64, 0x82, 0x80, 0x00,
    0x00, 0x00, 0x12, 0x04, 0x44, 0x20, 0x00, 0x48, 0x22, 0x22, 0x44, 0x52, 0x91, 0x14, 0x00, 0x00,
    0x90, 0x00, 0x21, 0x01, 0x00, 0x00, 0x20, 0x22, 0x02, 0x00, 0x00, 0x00, 0x00, 0x00, 0x40, 0x00,
    0x04, 0x04, 0x10, 0x20, 0x00, 0x00, 0x90, 0x00, 0x80, 0x08, 0x00, 0x0C, 0x02, 0x41, 0x82, 0x95,
    0x35, 0xAA, 0x55, 0xB5, 0x54, 0x55, 0xD5, 0x6A, 0xAB, 0x55, 0xAD, 0x92, 0x56, 0x89, 0x60, 0x22,
    0x04, 0x00, 0x24, 0x20, 0x00, 0x24, 0x91, 0x10, 0x52, 0x95, 0x56, 0x99, 0x5A, 0x2B, 0x4B, 0x4A,
    0x02, 0x00, 0x00, 0x00, 0x88, 0x08, 0x10, 0x09, 0x00, 0x04, 0x00, 0x80, 0x20, 0x01, 0x24, 0x80,
    0x00, 0x08, 0x88, 0x80, 0x00, 0x82, 0x00, 0x10, 0x00, 0x00, 0x14, 0x40, 0x16, 0x40, 0x14, 0x80,
    0x08, 0x50, 0xDA, 0x5A, 0x55, 0xAA, 0x4A, 0x2B, 0x95, 0xAA, 0x96, 0x54, 0x55, 0x53, 0x6D, 0xAB,
    0x36, 0x20, 0x09, 0x01, 0x00, 0x10, 0x89, 0x00, 0x80, 0x08, 0x24, 0x89, 0x2A, 0xA9, 0x66, 0x95,
    0x54, 0xA9, 0x35, 0x03, 0x00, 0x00, 0x00, 0x01, 0x42, 0x00, 0x00, 0x44, 0x00, 0x00, 0x10, 0x04,
    0x00, 0x00, 0x04, 0x80, 0x00, 0x00, 0x10, 0x20, 0x00, 0x04, 0x00, 0x08, 0x80, 0x02, 0x09, 0x50,
    0x01, 0x30, 0x41, 0x14, 0x50, 0x6B, 0x65, 0xAA, 0x55, 0x6B, 0xD5, 0x1A, 0x5B, 0x69, 0xAB, 0xAA,
    0x6C, 0x6B, 0x69, 0x25, 0x84, 0x56, 0x21, 0x44, 0x02, 0x00, 0x04, 0x54, 0x04, 0x09, 0xA0, 0x50,
    0x4A, 0x52, 0xA5, 0xAA, 0x56, 0x4A, 0x11, 0x00, 0x00, 0xA4, 0x00, 0x00, 0x00, 0x80, 0x00, 0x80,
    0x00, 0x00, 0x00, 0x48, 0x00, 0x20, 0x08, 0x00, 0x01, 0x00, 0x00, 0x10, 0x40, 0x00, 0x00, 0x24,
    0x21, 0x00, 0xA8, 0x06, 0x48, 0x98, 0xA2, 0xA2, 0x95, 0x36, 0x49, 0xAA, 0x94, 0x2A, 0x25, 0xA5,
    0xAD, 0x5A, 0x55, 0xAB, 0x94, 0xB6, 0x92, 0x02, 0x89, 0x08, 0x00, 0x48, 0x01, 0x00, 0x02, 0x90,
    0x44, 0x42, 0x8A, 0x12, 0x89, 0x28, 0x41, 0x88, 0x90, 0x04, 0x01, 0x00, 0x00, 0x88, 0x12, 0x01,
    0x12, 0x00, 0x04, 0x48, 0x02, 0x40, 0x00, 0x80, 0x00, 0x01, 0x20, 0x48, 0x02, 0x09, 0x02, 0x00,
    0x80, 0x40, 0x10, 0x88, 0x40, 0x02, 0x80, 0xC0, 0x00, 0x48, 0x90, 0x6C, 0xD9, 0x54, 0xAB, 0x56,
    0x55, 0x95, 0x6A, 0x56, 0x65, 0x6B, 0x55, 0xDB, 0x4A, 0x6D, 0x21, 0x28, 0x82, 0x00, 0x20, 0x48,
    0x00, 0x20, 0x23, 0x28, 0x09, 0x66, 0xA9, 0xB5, 0x96, 0x5A, 0xD3, 0xAE, 0x02, 0x00, 0x00, 0x00,
    0x01, 0x04, 0x08, 0x00, 0x90, 0x00, 0x00, 0x20, 0x09, 0x00, 0x08, 0x00, 0x80, 0x04, 0x00, 0x20,
    0x40, 0x00, 0x01, 0x02, 0x00, 0x00, 0x05, 0x04, 0x98, 0x00, 0x00, 0x63, 0x00, 0xC8, 0x56, 0xAB,
    0xAA, 0x54, 0xA9, 0xAA, 0x2A, 0x9A, 0xA9, 0xAD, 0xAA, 0x54, 0x65, 0xDA, 0x96, 0x48, 0x54, 0x04,
    0x00, 0x04, 0x01, 0x08, 0x94, 0x48, 0x4A, 0x40, 0x53, 0x56, 0x4A, 0x69, 0xAD, 0x2C, 0xA5, 0x04,
    0x00, 0x00, 0x20, 0x01, 0x40, 0x40, 0x00, 0x02, 0x40, 0x00, 0x00, 0x00, 0x12, 0x01, 0x00, 0x00,
    0x00, 0x01, 0x00, 0x00, 0x20, 0x10, 0x00, 0x00, 0x49, 0xA2, 0x01, 0xD0, 0x7D, 0x08, 0x21, 0x49,
    0x62, 0x29, 0x55, 0x92, 0xAA, 0x56, 0x55, 0x29, 0xD5, 0xB6, 0x54, 0x55, 0xAB, 0x9A, 0xAD, 0x52,
    0x05, 0x61, 0x22, 0x10, 0x91, 0x00, 0x02, 0x02, 0x80, 0x10, 0x88, 0x10, 0x22, 0x91, 0x14, 0x11,
    0x49, 0x52, 0x02, 0x20, 0x04, 0x10, 0x48, 0x12, 0x00, 0x44, 0x00, 0x08, 0x00, 0x04, 0x00, 0x00,
    0x80, 0x08, 0x00, 0x00, 0x08, 0x04, 0x09, 0x04, 0x00, 0x10, 0x00, 0x80, 0xC8, 0x20, 0x00, 0x02,
    0x02, 0x04, 0x81, 0xB0, 0xDA, 0xDA, 0x54, 0x55, 0xAA, 0xAA, 0x26, 0x6B, 0x4A, 0xAB, 0x5A, 0x55,
    0xD5, 0x52, 0xAD, 0x02, 0x88, 0x08, 0x02, 0x20, 0x10, 0x00, 0x48, 0x65, 0x94, 0x12, 0xAC, 0x29,
    0xAD, 0xA6, 0xAA, 0xA5, 0x2A, 0x05, 0x00, 0x00, 0x00, 0x01, 0x82, 0x00, 0x00, 0x88, 0x00, 0x22,
    0x40, 0x44, 0x00, 0x08, 0x40, 0x12, 0x02, 0x40, 0x00, 0x80, 0x00, 0x02, 0x80, 0x08, 0x12, 0x44,
    0x0A, 0x02, 0x00, 0x20, 0x48, 0x12, 0x44, 0x55, 0xA5, 0x4A, 0x49, 0x55, 0x95, 0x34, 0x29, 0x6B,
    0x55, 0xA5, 0xAA, 0x55, 0x5A, 0x55, 0x55, 0x40, 0x83, 0x00, 0x40, 0x02, 0x08, 0x24, 0x22, 0x48,
    0x81, 0x56, 0xD5, 0x52, 0x52, 0x55, 0x5A, 0xAD, 0x12, 0x00, 0x00, 0x48, 0x02, 0x08, 0x00, 0x00,
    0x00, 0x00, 0x00, 0x00, 0x00, 0x80, 0x00, 0x00, 0x00, 0x40, 0x00, 0x20, 0x00, 0x40, 0x00, 0x00,
    0x00, 0x01, 0x25, 0x43, 0x00, 0x00, 0x00, 0x10, 0x00, 0xB1, 0xAA, 0x5A, 0xA9, 0xAA, 0xAA, 0x52,
    0x09, 0xB6, 0xB5, 0xB6, 0x5A, 0x5B, 0xAA, 0xAD, 0x52, 0x29, 0x92, 0x24, 0x10, 0x20, 0x01, 0x00,
    0x42, 0x00, 0x21, 0x10, 0x81, 0x08, 0x49, 0x95, 0x24, 0x49, 0x42, 0x01, 0x00, 0x00, 0x00, 0x00,
    0x11, 0x80, 0x24, 0x01, 0x44, 0x00, 0x09, 0x01, 0x12, 0x00, 0x01, 0x00, 0x08, 0x00, 0x00, 0x22,
    0x08, 0x20, 0x01, 0x00, 0x48, 0x28, 0x0D, 0x10, 0x00, 0x00, 0x22, 0x4A, 0x80, 0x55, 0xAB, 0x54,
    0x55, 0x49, 0xAA, 0x2A, 0x95, 0x94, 0x4A, 0x55, 0xA5, 0x55, 0xA5, 0xAD, 0x46, 0x00, 0x11, 0x01,
    0x82, 0x88, 0x08, 0x10, 0x49, 0x49, 0x0A, 0x30, 0x49, 0x92, 0x48, 0x92, 0x22, 0x91, 0x04, 0x00,
    0x00, 0x20, 0x42, 0x82, 0x04, 0x00, 0x08, 0x00, 0x00, 0x00, 0x24, 0x00, 0x04, 0x00, 0x00, 0x01,
    0x88, 0x04, 0x00, 0x01, 0x04, 0x00, 0x04, 0x21, 0xD4, 0x12, 0x01, 0x91, 0x44, 0x40, 0x04, 0x68,
    0xAA, 0xA4, 0x95, 0x24, 0x55, 0x25, 0x25, 0x6A, 0x6B, 0xD9, 0xAA, 0xB4, 0xAA, 0x5A, 0x55, 0x92,
    0x24, 0x06, 0x00, 0x00, 0x09, 0x00, 0x94, 0x64, 0x22, 0xA1, 0x5C, 0x6D, 0xAD, 0xAA, 0xD5, 0x5A,
    0x6D, 0x05, 0x00, 0x00, 0x80, 0x04, 0x00, 0x00, 0x00, 0x80, 0x00, 0x12, 0x00, 0x00, 0x00, 0x00,
    0x08, 0x11, 0x00, 0x01, 0x00, 0x00, 0x80, 0x00, 0x08, 0x48, 0x00, 0x23, 0x35, 0x00, 0x00, 0x00,
    0x00, 0x90, 0x4C, 0xA5, 0xB6, 0xA8, 0xAA, 0xAA, 0x95, 0x34, 0x55, 0xAD, 0xAD, 0x56, 0x5B, 0x5A,
    0xA5, 0xAA, 0x2A, 0x81, 0x80, 0x48, 0x40, 0x02, 0x10, 0x20, 0x22, 0x90, 0x04, 0x82, 0x92, 0x52,
    0x35, 0x29, 0x94, 0x94, 0x02, 0x01, 0x00, 0x08, 0x00, 0x24, 0x00, 0x22, 0x00, 0x48, 0x00, 0x20,
    0x80, 0x20, 0x20, 0x00, 0x00, 0x10, 0x00, 0x40, 0x12, 0x10, 0x20, 0x40, 0x00, 0x48, 0xA2, 0xAA,
    0x08, 0x00, 0x40, 0x92, 0x01, 0xA2, 0x5A, 0x29, 0x49, 0x95, 0x24, 0xD2, 0x0A, 0xAA, 0x52, 0x52,
    0xA9, 0xA5, 0xA5, 0x6A, 0x55, 0x4D, 0x28, 0x19, 0x01, 0x10, 0x91, 0x10, 0x0A, 0x01, 0x45, 0x12,
    0x50, 0x00, 0x20, 0x40, 0x44, 0x42, 0x22, 0x10, 0x00, 0x10, 0x00, 0x81, 0x02, 0x00, 0x00, 0x80,
    0x84, 0xA4, 0x16, 0x09, 0x00, 0x01, 0x00, 0x00, 0x00, 0x44, 0x08, 0x00, 0x02, 0x00, 0x00, 0x80,
    0x24, 0x14, 0x95, 0x25, 0x04, 0x09, 0x00, 0x22, 0x49, 0xAB, 0x95, 0x25, 0x49, 0x95, 0x2A, 0x51,
    0xD6, 0xB6, 0xAD, 0x56, 0xDA, 0x5A, 0x9B, 0xAA, 0x92, 0x42, 0x08, 0x00, 0x00, 0x09, 0x00, 0xD5,
    0xD2, 0x22, 0x21, 0x91, 0xDA, 0x96, 0x96, 0x92, 0x92, 0x92, 0x06, 0x08, 0x00, 0x80, 0x04, 0x88,
    0x80, 0x80, 0x44, 0x10, 0x10, 0x80, 0x00, 0x88, 0x00, 0x01, 0x00, 0x02, 0x00, 0x00, 0x40, 0x80,
    0x04, 0x02, 0x41, 0x00, 0x12, 0x6A, 0x5A, 0x21, 0x80, 0x26, 0x10, 0x8A, 0xA4, 0xD4, 0xB4, 0x2A,
    0x69, 0x49, 0x2A, 0x55, 0x4A, 0xD5, 0x6A, 0x2B, 0xAD, 0xA4, 0x55, 0x55, 0x41, 0x42, 0x08, 0x01,
    0x08, 0x20, 0x2A, 0x99, 0x48, 0x0A, 0x49, 0xAD, 0xAA, 0xA9, 0x2A, 0xAD, 0xDA, 0x02, 0x00, 0x00,
    0x24, 0x00, 0x00, 0x04, 0x08, 0x00, 0x44, 0x82, 0x08, 0x20, 0x21, 0x08, 0x20, 0x12, 0x80, 0x00,
    0x00, 0x00, 0x10, 0x40, 0x00, 0x00, 0x49, 0xE9, 0x00, 0x80, 0xB6, 0x40, 0x04, 0x04, 0xC9, 0x5A,
    0xAB, 0x88, 0xA4, 0x12, 0x25, 0x25, 0xAA, 0xB5, 0x52, 0x2A, 0xD5, 0x52, 0x6D, 0xAA, 0x2A, 0xC9,
    0x90, 0x00, 0x80, 0x44, 0x02, 0x55, 0x11, 0x89, 0x24, 0x62, 0x42, 0x52, 0x49, 0x55, 0x49, 0x49,
    0x04, 0x00, 0x00, 0x00, 0x82, 0x12, 0x00, 0x00, 0x00, 0x82, 0x24, 0x44, 0x01, 0x40, 0x12, 0x00,
    0x00, 0x10, 0x44, 0x22, 0x09, 0x02, 0x00, 0x10, 0x08, 0x90, 0x10, 0x4D, 0x00, 0x00, 0x04, 0x00,
    0xC0, 0x15, 0xAB, 0x54, 0x49, 0x55, 0xA9, 0xB4, 0x24, 0xB5, 0x5A, 0xAD, 0xD5, 0xAA, 0x5A, 0x53,
    0x55, 0xA5, 0x10, 0x24, 0x10, 0x40, 0x22, 0x10, 0x90, 0x28, 0x44, 0x10, 0x00, 0x29, 0x09, 0x24,
    0x00, 0x48, 0x24, 0x02, 0x00, 0x00, 0x08, 0x09, 0x04, 0x00, 0x01, 0x02, 0x24, 0x08, 0x21, 0x00,
    0x10, 0x01, 0x00, 0x00, 0x00, 0x00, 0x00, 0x00, 0x00, 0x09, 0x00, 0x40, 0x04, 0xAA, 0x6A, 0x09,
    0x00, 0x10, 0x91, 0x10, 0x92, 0x54, 0xAB, 0x54, 0x22, 0x94, 0x12, 0x29, 0x4A, 0xA5, 0xB6, 0x56,
    0x55, 0xA5, 0x2C, 0xAB, 0x5A, 0x05, 0x42, 0x04, 0x09, 0x10, 0x00, 0xAA, 0x24, 0x11, 0x25, 0x49,
    0x95, 0xD4, 0x96, 0xAD, 0x92, 0x92, 0x12, 0x40, 0x00, 0x80, 0x40, 0x40, 0x00, 0x20, 0x40, 0x40,
    0x42, 0x10, 0x12, 0x02, 0xA4, 0x04, 0x00, 0x04, 0x00, 0x00, 0x40, 0x10, 0x40, 0x02, 0x01, 0x42,
    0x41, 0x95, 0x44, 0x01, 0x80, 0x00, 0x00, 0xCA, 0xAA, 0x94, 0x24, 0x29, 0x4B, 0xA5, 0x12, 0xB5,
    0x5A, 0x49, 0xA9, 0xAA, 0x5A, 0xD5, 0x54, 0x25, 0xA2, 0x01, 0x01, 0x80, 0x48, 0x00, 0x50, 0x29,
    0x92, 0x4A, 0x92, 0x6A, 0xAB, 0x52, 0x55, 0x55, 0x55, 0x05, 0x00, 0x00, 0x10, 0x02, 0x09, 0x00,
    0x04, 0x00, 0x10, 0x01, 0x00, 0x01, 0x90, 0x00, 0x00, 0x40, 0x00, 0x21, 0x24, 0x00, 0x00, 0x00,
    0x20, 0x00, 0x20, 0xA9, 0x4A, 0x5B, 0x24, 0x49, 0x44, 0xA4, 0x15, 0x55, 0x6A, 0x29, 0x49, 0xA1,
    0x48, 0x49, 0x4A, 0xA5, 0x56, 0x55, 0x55, 0xAB, 0xAA, 0x56, 0x55, 0x09, 0x94, 0x08, 0x00, 0x24,
    0x22, 0x50, 0x12, 0x25, 0x11, 0x20, 0x41, 0x52, 0xA9, 0x28, 0x29, 0x29, 0x01, 0x00, 0x00, 0x00,
    0x01, 0x02, 0x20, 0x00, 0x08, 0x00, 0x10, 0x42, 0x20, 0x20, 0x24, 0x21, 0x04, 0x20, 0x00, 0x00,
    0x09, 0x80, 0x04, 0x00, 0x20, 0x12, 0x95, 0x24, 0x64, 0x0B, 0x00, 0x00, 0x20, 0x91, 0x92, 0x25,
    0x91, 0x94, 0x2C, 0x95, 0x14, 0xB5, 0xDA, 0xAA, 0xAA, 0xAA, 0x54, 0x55, 0xA9, 0xAA, 0x24, 0x42,
    0x40, 0x00, 0x01, 0x00, 0x2A, 0x51, 0x08, 0x44, 0x09, 0x35, 0x25, 0x4A, 0x92, 0x44, 0x92, 0x04,
    0x00, 0x00, 0x20, 0x02, 0x40, 0x02, 0x80, 0x00, 0x42, 0x02, 0x00, 0x00, 0x01, 0x12, 0x02, 0x00,
    0x00, 0x80, 0x00, 0x00, 0x04, 0x80, 0x08, 0x00, 0x00, 0x42, 0x8D, 0x10, 0x02, 0x00, 0x00, 0x40,
    0xAA, 0xAA, 0x94, 0xCC, 0x4A, 0x12, 0x49, 0x22, 0xAA, 0x2A, 0x55, 0x55, 0xAD, 0xAA, 0xAA, 0x56,
    0x49, 0x22, 0x01, 0x02, 0x02, 0x50, 0x01, 0x94, 0x68, 0xA5, 0x28, 0x92, 0x94, 0x4A, 0x55, 0x4D,
    0x52, 0x49, 0x05, 0x00, 0x08, 0x08, 0x81, 0x14, 0x00, 0x11, 0x00, 0x00, 0x01, 0x80, 0x02, 0x48,
    0x01, 0x00, 0x20, 0x08, 0x09, 0x04, 0x80, 0x00, 0x00, 0x40, 0x42, 0x48, 0x9B, 0x02, 0x02, 0x00,
    0x80, 0x10, 0x41, 0x15, 0x55, 0x6A, 0x25, 0x21, 0xA1, 0x24, 0x09, 0x55, 0xA5, 0xAA, 0xAA, 0x52,
    0x55, 0x55, 0xA9, 0x56, 0x05, 0x32, 0x01, 0x00, 0x28, 0x04, 0x4B, 0x92, 0x4A, 0x44, 0x04, 0xAA,
    0x69, 0xA9, 0x64, 0x2B, 0xAD, 0x02, 0x00, 0x40, 0x80, 0x08, 0x02, 0x00, 0x00, 0x40, 0x00, 0x12,
    0x09, 0x10, 0x10, 0x90, 0x04, 0x00, 0x00, 0x00, 0x40, 0x10, 0x20, 0x10, 0x01, 0x00, 0x24, 0x08,
    0x59, 0x48, 0x40, 0x12, 0x00, 0x08, 0xA9, 0xA9, 0x95, 0x90, 0x94, 0x4C, 0x92, 0x24, 0xAA, 0x5A,
    0x55, 0xAB, 0xAA, 0xAA, 0x55, 0x55, 0x29, 0x49, 0x04, 0x12, 0x20, 0x44, 0x00, 0x92, 0xA4, 0x90,
    0x94, 0x20, 0x95, 0x2C, 0x96, 0x2A, 0x92, 0x52, 0x92, 0x00, 0x00, 0x00, 0x41, 0x20, 0x00, 0x00,
    0x04, 0x10, 0x00, 0x00, 0x00, 0x00, 0x0A, 0x00, 0x00, 0x20, 0x00, 0x00, 0x00, 0x00, 0x02, 0x00,
    0x00, 0x80, 0x54, 0x28, 0x10, 0x08, 0x00, 0x04, 0x80, 0x92, 0x94, 0x54, 0x55, 0x4A, 0x92, 0x54,
    0x12, 0x53, 0xD5, 0xAA, 0x54, 0x55, 0x55, 0xAA, 0x2A, 0xA5, 0x24, 0x20, 0x01, 0x04, 0x00, 0x01,
    0x24, 0x91, 0x24, 0x21, 0x49, 0x42, 0x42, 0x21, 0x91, 0x44, 0x00, 0x04, 0x00, 0x00, 0x10, 0x00,
    0x84, 0x10, 0x92, 0x00, 0x00, 0x29, 0x00, 0x81, 0x48, 0x01, 0x80, 0x80, 0x00, 0x90, 0x08, 0x02,
    0x04, 0x00, 0x24, 0x44, 0x02, 0x52, 0x42, 0x03, 0x01, 0x88, 0x40, 0x20, 0x55, 0x6A, 0x4A, 0x8A,
    0x92, 0x44, 0x22, 0x09, 0xA9, 0x2A, 0xAD, 0xAA, 0xAA, 0x55, 0x55, 0xAA, 0x56, 0x45, 0x48, 0x48,
    0x00, 0xA9, 0x00, 0x49, 0x58, 0x09, 0x12, 0x00, 0x28, 0x95, 0x54, 0x4A, 0x29, 0xAD, 0x02, 0x04,
    0x00, 0x08, 0x05, 0x02, 0x00, 0x00, 0x00, 0x94, 0x04, 0x08, 0x08, 0x20, 0x30, 0x00, 0x00, 0x00,
    0x02, 0x00, 0x80, 0x80, 0x40, 0x00, 0x00, 0x20, 0xA9, 0x01, 0x25, 0x40, 0x02, 0x00, 0x82, 0x92,
    0x25, 0xAB, 0x50, 0x49, 0x92, 0x94, 0x24, 0x56, 0xA9, 0x52, 0x55, 0x55, 0xAA, 0xAA, 0x55, 0x49,
    0x22, 0x24, 0x04, 0x00, 0x00, 0x01, 0x92, 0xA2, 0x91, 0xA9, 0xAA, 0xDC, 0x6A, 0xAB, 0xB5, 0x52,
    0x53, 0x02, 0x00, 0x00, 0x00, 0x02, 0x11, 0x80, 0x00, 0x00, 0x49, 0x90, 0x00, 0x00, 0x88, 0x04,
    0x01, 0x08, 0x20, 0x00, 0x40, 0x00, 0x00, 0x08, 0x80, 0x00, 0x02, 0x95, 0x24, 0x10, 0x09, 0x00,
    0x24, 0x60, 0x9A, 0x94, 0x54, 0x96, 0x94, 0x24, 0x49, 0x12, 0xA9, 0x56, 0xAB, 0xAA, 0xAA, 0x55,
    0x95, 0x24, 0xA9, 0x24, 0x80, 0x02, 0x02, 0x24, 0x02, 0x24, 0x51, 0xA2, 0x48, 0x11, 0x24, 0x25,
    0x49, 0x10, 0xAD, 0x48, 0x05, 0x00, 0x00, 0x90, 0x00, 0x00, 0x01, 0x00, 0x20, 0x22, 0x22, 0x40,
    0x80, 0x00, 0x02, 0x08, 0x00, 0x00, 0x00, 0x02, 0x10, 0x20, 0x00, 0x08, 0x20, 0x11, 0x22, 0x1B,
    0x02, 0x00, 0x90, 0x00, 0x30, 0x4B, 0x52, 0x49, 0x22, 0x49, 0x92, 0xA4, 0x84, 0x54, 0xA9, 0x54,
    0x55, 0x55, 0xAA, 0xAA, 0xAA, 0x56, 0x05, 0xB1, 0x48, 0x10, 0x88, 0x00, 0x11, 0x22, 0x12, 0x10,
    0x80, 0x80, 0x90, 0x48, 0x8A, 0x00, 0x25, 0x04, 0x00, 0x80, 0x00, 0x81, 0x24, 0x00, 0x24, 0x82,
    0x84, 0x84, 0x04, 0x02, 0x50, 0x30, 0x00, 0x00, 0x81, 0x40, 0x00, 0x00, 0x04, 0x21, 0x01, 0x00,
    0x80, 0xD0, 0xA4, 0x00, 0x20, 0x01, 0x00, 0x8A, 0x24, 0xAB, 0xAA, 0x52, 0x49, 0x22, 0x49, 0x12,
    0xAA, 0xAA, 0xAA, 0xA4, 0x54, 0x55, 0x55, 0x95, 0x24, 0x22, 0x48, 0x04, 0x00, 0x00, 0x01, 0x88,
    0xA4, 0x55, 0x22, 0x25, 0x69, 0xAD, 0x26, 0x65, 0x55, 0xA9, 0x02, 0x20, 0x00, 0x08, 0x02, 0x02,
    0x08, 0x00, 0x40, 0x20, 0x10, 0x01, 0x10, 0x08, 0x02, 0x40, 0x00, 0x00, 0x08, 0x08, 0x02, 0x00,
    0x00, 0x40, 0x82, 0x04, 0x80, 0x28, 0x90, 0x04, 0x08, 0x80, 0x40, 0xB2, 0x94, 0x54, 0x98, 0x24,
    0x49, 0x12, 0x11, 0x4B, 0x55, 0x55, 0x5B, 0xAB, 0x2A, 0x49, 0x52, 0x52, 0x15, 0x00, 0x05, 0x00,
    0x40, 0x04, 0x52, 0x51, 0x45, 0x92, 0x12, 0x94, 0x52, 0xD9, 0x2A, 0xAA, 0x54, 0x05, 0x00, 0x01,
    0x20, 0x10, 0x08, 0x00, 0x00, 0x20, 0x92, 0x04, 0x00, 0x00, 0x80, 0x10, 0x00, 0x04, 0x00, 0x00,
    0x00, 0x00, 0x00, 0x00, 0x00, 0x00, 0x20, 0x09, 0x44, 0x04, 0x90, 0x02, 0x10, 0xB0, 0x15, 0x49,
    0x8A, 0x24, 0x95, 0x92, 0xA4, 0x8A, 0xB4, 0xAA, 0xAA, 0x92, 0x54, 0xD5, 0xAA, 0xAA, 0x9A, 0x82,
    0xA8, 0x49, 0x04, 0x20, 0x01, 0x8A, 0xA4, 0xA4, 0xA4, 0x80, 0x48, 0x29, 0x25, 0x95, 0x49, 0x26,
    0x02, 0x00, 0x00, 0x00, 0x01, 0x82, 0x00, 0x09, 0x00, 0x09, 0x02, 0x20, 0x80, 0x50, 0x08, 0x00,
    0x20, 0x21, 0x01, 0x20, 0x40, 0x00, 0x24, 0x09, 0x00, 0x00, 0x20, 0x01, 0x40, 0x22, 0x00, 0x00,
    0x49, 0x4A, 0x6B, 0xD3, 0xAA, 0xAA, 0x24, 0x49, 0x10, 0x44, 0x52, 0x2A, 0x49, 0xA5, 0x24, 0x55,
    0x49, 0x25, 0x09, 0x40, 0x04, 0x20, 0x84, 0x00, 0x21, 0x22, 0x25, 0x41, 0x44, 0xA2, 0x94, 0x92,
    0x48, 0x24, 0x89, 0x04, 0x00, 0x00, 0x08, 0x02, 0x11, 0x00, 0x80, 0x90, 0x20, 0x01, 0x02, 0x08,
    0x08, 0x22, 0x02, 0x00, 0x00, 0x20, 0x01, 0x00, 0x40, 0x00, 0x40, 0x24, 0x04, 0x00, 0x48, 0x52,
    0x09, 0x00, 0x02, 0x92, 0xAA, 0x94, 0x54, 0x94, 0x44, 0x52, 0x92, 0x8A, 0x56, 0x4D, 0x95, 0xB6,
    0x9A, 0x56, 0xA5, 0xAC, 0xA4, 0x44, 0x10, 0x09, 0x00, 0x40, 0x04, 0x94, 0xA4, 0x4A, 0x2A, 0x25,
    0x40, 0x4A, 0xAA, 0x2A, 0x93, 0x52, 0x11, 0x00, 0x00, 0x80, 0x00, 0x00, 0x00, 0x00, 0x40, 0x44,
    0x20, 0x00, 0x01, 0x20, 0x11, 0x00, 0x00, 0x00, 0x00, 0x00, 0x02, 0x00, 0x00, 0x00, 0x00, 0x08,
    0x04, 0x01, 0x24, 0x00, 0x40, 0x20, 0x24, 0x15, 0xAB, 0xAA, 0x66, 0x55, 0x95, 0xA9, 0x24, 0xA9,
    0xA4, 0xD2, 0x24, 0x49, 0xA9, 0x2A, 0x45, 0x52, 0x0A, 0x49, 0x12, 0x01, 0x00, 0x01, 0x49, 0xC4,
    0xCA, 0x04, 0x09, 0x65, 0xB3, 0x55, 0xD5, 0x54, 0x55, 0x05, 0x00, 0x00, 0x20, 0x41, 0x8A, 0x10,
    0x00, 0x28, 0x09, 0x01, 0x00, 0x40, 0x08, 0x00, 0x40, 0x00, 0x82, 0x04, 0x08, 0x00, 0x08, 0x82,
    0x08, 0x00, 0x44, 0x00, 0x00, 0x00, 0x00, 0x00, 0x00, 0x49, 0x25, 0x55, 0x55, 0x92, 0xAA, 0xA4,
    0x24, 0x89, 0x24, 0x55, 0x4D, 0x52, 0xA5, 0x24, 0xC9, 0x32, 0x2B, 0x01, 0x00, 0x09, 0x40, 0x48,
    0x00, 0x24, 0x49, 0x89, 0xA4, 0x92, 0x82, 0x94, 0x24, 0x49, 0x2A, 0x29, 0x02, 0x00, 0x00, 0x08,
    0x02, 0x01, 0x00, 0x49, 0x10, 0x80, 0x08, 0x11, 0x00, 0x40, 0x2A, 0x04, 0x02, 0x00, 0x00, 0x00,
    0x00, 0x00, 0x00, 0x00, 0x01, 0x08, 0x20, 0x90, 0x80, 0x80, 0x00, 0x04, 0x90, 0x92, 0xA9, 0xAA,
    0xB4, 0x54, 0x4A, 0x54, 0x12, 0xAA, 0x4A, 0x52, 0xAD, 0x34, 0x55, 0x55, 0x4A, 0x91, 0x44, 0x90,
    0x14, 0x08, 0x00, 0x04, 0x2A, 0x89, 0x94, 0x48, 0x40, 0x20, 0x49, 0x92, 0x24, 0x91, 0x22, 0x09,
    0x00, 0x00, 0x00, 0x00, 0x40, 0x00, 0x00, 0x00, 0x25, 0x00, 0x00, 0x08, 0x91, 0x10, 0x00, 0x40,
    0x00, 0x20, 0x41, 0x00, 0x40, 0x08, 0x20, 0x88, 0x24, 0x00, 0x00, 0x08, 0x00, 0x04, 0x80, 0x94,
    0x54, 0x56, 0xA5, 0x4C, 0x4B, 0x35, 0x93, 0x8A, 0x55, 0x29, 0xA9, 0x24, 0x93, 0xAA, 0x24, 0x95,
    0x4C, 0x22, 0x02, 0x85, 0x00, 0x80, 0x02, 0x92, 0xC4, 0x96, 0x04, 0x15, 0x49, 0x6B, 0xDB, 0xD6,
    0xAA, 0xD4, 0x12, 0x00, 0x08, 0x40, 0x01, 0x15, 0x04, 0x00, 0xA0, 0x90, 0x00, 0x00, 0x01, 0x08,
    0x00, 0x00, 0x00, 0x04, 0x01, 0x00, 0x40, 0x24, 0x00, 0x02, 0x00, 0x10, 0x01, 0x00, 0x00, 0x04,
    0x00, 0x10, 0x4A, 0x0A, 0xA9, 0x5A, 0x56, 0xA9, 0x92, 0x4A, 0x91, 0x88, 0xA4, 0x96, 0x52, 0xA9,
    0x44, 0x4A, 0x29, 0x25, 0x01, 0x20, 0x12, 0x00, 0x48, 0x00, 0x55, 0x4A, 0x92, 0x92, 0x8A, 0x8A,
    0x24, 0x95, 0x28, 0x55, 0x8A, 0x04, 0x00, 0x00, 0x10, 0x02, 0x00, 0x00, 0x08, 0x51, 0x82, 0x48,
    0x22, 0x00, 0x20, 0x25, 0x01, 0x00, 0x00, 0x00, 0x08, 0x00, 0x80, 0x40, 0x80, 0x10, 0x2A, 0x00,
    0x02, 0x00, 0x80, 0x20, 0x00, 0x21, 0x95, 0x56, 0x55, 0x6A, 0xB5, 0x5A, 0xA9, 0x24, 0x65, 0x56,
    0x52, 0x59, 0x4A, 0x55, 0xA9, 0xA4, 0xA2, 0x40, 0x40, 0x12, 0x88, 0x00, 0x09, 0x29, 0x11, 0x29,
    0x11, 0x21, 0x40, 0x55, 0x89, 0x84, 0x00, 0x45, 0x02, 0x01, 0x00, 0x04, 0x40, 0x02, 0x00, 0x01,
    0x08, 0x10, 0x01, 0x00, 0x20, 0x04, 0x10, 0x48, 0x08, 0x00, 0x44, 0x40, 0x00, 0x08, 0x04, 0x10,
    0x00, 0x24, 0x24, 0x00, 0x00, 0x40, 0x94, 0xA4, 0x94, 0x92, 0x15, 0xCA, 0xA8, 0x4A, 0xA5, 0x54,
    0x8A, 0x29, 0x29, 0x29, 0x25, 0x25, 0x29, 0x55, 0x56, 0x59, 0x12, 0x04, 0x09, 0x00, 0x00, 0x00,
    0x84, 0x84, 0x92, 0x24, 0x10, 0x12, 0x92, 0x64, 0x52, 0x6D, 0x31, 0x09, 0x08, 0x00, 0x80, 0x02,
    0x49, 0x00, 0x20, 0x90, 0x0A, 0x00, 0x00, 0x04, 0x48, 0x02, 0x00, 0x00, 0x24, 0x00, 0x00, 0x00,
    0x40, 0x00, 0x00, 0x44, 0x84, 0x01, 0x40, 0x08, 0x00, 0x48, 0xAD, 0x24, 0x89, 0xAA, 0x68, 0x96,
    0xAA, 0xAA, 0x26, 0x85, 0x94, 0x44, 0x95, 0x92, 0xB2, 0x4A, 0x89, 0x92, 0x08, 0x81, 0x00, 0x14,
    0x01, 0x80, 0x04, 0x76, 0x92, 0xAD, 0x92, 0x4E, 0x0A, 0xAD, 0xB6, 0xAD, 0x92, 0x2A, 0x05, 0x00,
    0x00, 0x20, 0x00, 0x00, 0x10, 0x00, 0x20, 0xA1, 0x24, 0x10, 0x00, 0x80, 0x24, 0x00, 0x40, 0x00,
    0x00, 0x04, 0x10, 0x04, 0x20, 0x42, 0x10, 0x12, 0x01, 0x10, 0x00, 0x21, 0x60, 0x12, 0x09, 0x4A,
    0x55, 0x51, 0xDA, 0x55, 0x55, 0xD2, 0x12, 0xA5, 0x52, 0xA2, 0x54, 0x95, 0xA4, 0xA4, 0x24, 0xA5,
    0x08, 0x80, 0x0A, 0x20, 0x08, 0x02, 0x15, 0x45, 0x25, 0x12, 0x41, 0x90, 0x52, 0x49, 0x92, 0xA4,
    0x94, 0x04, 0x00, 0x00, 0x04, 0x02, 0x84, 0x00, 0x02, 0x00, 0x10, 0x02, 0x82, 0x80, 0x10, 0x10,
    0x00, 0x04, 0x00, 0x92, 0x00, 0x00, 0x80, 0x00, 0x00, 0x00, 0x24, 0x80, 0x00, 0x00, 0x10, 0x00,
    0x90, 0x48, 0x49, 0x5B, 0x42, 0xAA, 0xAC, 0x4A, 0x4D, 0x8A, 0x52, 0x99, 0x54, 0x2A, 0x49, 0x29,
    0x55, 0x55, 0x49, 0x40, 0x48, 0x24, 0x00, 0x00, 0x00, 0x00, 0x00, 0x12, 0x25, 0x24, 0x04, 0x09,
    0x22, 0x40, 0x12, 0x41, 0x02, 0x00, 0x00, 0x00, 0x01, 0x09, 0x00, 0x40, 0x90, 0x4A, 0x08, 0x00,
    0x00, 0x48, 0x02, 0x40, 0x00, 0x02, 0x00, 0x80, 0x00, 0x00, 0x04, 0x08, 0x42, 0x04, 0x04, 0x08,
    0x00, 0x08, 0x00, 0x42, 0x85, 0x84, 0x4A, 0x03, 0x55, 0x6B, 0xB5, 0x32, 0x85, 0x24, 0x4A, 0x4A,
    0x92, 0xA4, 0x54, 0x89, 0x88, 0x84, 0x00, 0x01, 0x12, 0x84, 0x20, 0x09, 0xB5, 0x95, 0x6A, 0x48,
    0x92, 0x24, 0xAA, 0x55, 0x5F, 0xA9, 0xAC, 0x0A, 0x00, 0x00, 0x90, 0x08, 0x00, 0x00, 0x00, 0x20,
    0x01, 0x11, 0x40, 0x12, 0x00, 0x24, 0x08, 0x00, 0x00, 0x00, 0x10, 0x80, 0x00, 0x20, 0x41, 0x48,
    0x20, 0x00, 0x80, 0x00, 0x09, 0x00, 0x68, 0x12, 0x64, 0xB5, 0x05, 0xB0, 0x96, 0xAA, 0xCA, 0x4A,
    0x92, 0x44, 0x25, 0x49, 0x52, 0x8A, 0x24, 0xA5, 0x24, 0x12, 0x20, 0x89, 0x00, 0x00, 0x04, 0x5B,
    0xC9, 0x55, 0x4A, 0x4A, 0x48, 0x64, 0xAA, 0xA2, 0x56, 0x2A, 0x05, 0x80, 0x00, 0x00, 0x02, 0x49,
    0x04, 0x08, 0x00, 0x48, 0x22, 0x21, 0x01, 0x90, 0x10, 0x00, 0x00, 0x10, 0x04, 0x00, 0x00, 0x08,
    0x00, 0x00, 0x80, 0x60, 0x01, 0x01, 0x24, 0x02, 0x41, 0x28, 0x22, 0x52, 0x55, 0x2A, 0x4A, 0xB5,
    0x55, 0x55, 0x15, 0xA9, 0x32, 0x52, 0xA5, 0x2A, 0x45, 0x52, 0x52, 0x22, 0x00, 0x20, 0x08, 0x00,
    0x00, 0x00, 0x24, 0x42, 0xAA, 0x24, 0x25, 0x11, 0x34, 0x95, 0x28, 0x49, 0x45, 0x01, 0x00, 0x00,
    0x00, 0x01, 0x02, 0x00, 0x41, 0xA2, 0x24, 0x88, 0x14, 0x00, 0x24, 0x02, 0x01, 0x22, 0x00, 0x40,
    0x02, 0x00, 0x40, 0x02, 0x00, 0x40, 0x12, 0x22, 0x00, 0x00, 0x11, 0x00, 0x96, 0x15, 0x80, 0xAA,
    0x12, 0xC4, 0x6A, 0xAB, 0xAA, 0x8A, 0x45, 0x94, 0x92, 0x28, 0x25, 0x31, 0x95, 0x89, 0x14, 0x48,
    0x02, 0x15, 0x48, 0x48, 0x12, 0x02, 0x81, 0x84, 0x90, 0x10, 0x49, 0x02, 0x41, 0x44, 0x90, 0x90,
    0x14, 0x00, 0x00, 0x48, 0x00, 0x20, 0x00, 0x00, 0x00, 0x02, 0x11, 0x80, 0x80, 0x00, 0x24, 0x10,
    0x00, 0x00, 0x00, 0x00, 0x10, 0x00, 0x00, 0x24, 0x89, 0x20, 0x58, 0x00, 0xC0, 0x04, 0x08, 0x49,
    0x49, 0x00, 0x52, 0x55, 0x20, 0x2D, 0x55, 0x5B, 0x45, 0x92, 0x4A, 0x49, 0x96, 0x90, 0x94, 0x92,
    0x48, 0x04, 0x04, 0x80, 0x88, 0x00, 0x00, 0x00, 0xD9, 0xD2, 0x76, 0x4D, 0x4A, 0x24, 0xB4, 0x6D,
    0xAB, 0x4E, 0x2A, 0x85, 0x00, 0x00, 0x00, 0x0A, 0x09, 0x10, 0x00, 0x20, 0x51, 0x22, 0x09, 0x10,
    0x48, 0x11, 0x00, 0x00, 0x08, 0x00, 0x90, 0x00, 0x00, 0x90, 0x00, 0xA0, 0x40, 0x84, 0x5A, 0xB5,
    0x00, 0x82, 0xA5, 0x54, 0x10, 0x10, 0xA9, 0x00, 0xD5, 0x6D, 0xA5, 0x4A, 0x52, 0x91, 0xA8, 0xA2,
    0xAA, 0x8A, 0x28, 0x55, 0x22, 0x21, 0x08, 0x12, 0x00, 0x01, 0x04, 0x6D, 0x12, 0x93, 0x52, 0x92,
    0x90, 0x54, 0x9A, 0x34, 0xA5, 0xA6, 0x02, 0x04, 0x08, 0x20, 0x01, 0x84, 0x00, 0x24, 0x00, 0x24,
    0x04, 0xA2, 0x00, 0x20, 0x00, 0x00, 0x41, 0x00, 0x11, 0x00, 0x00, 0x09, 0x00, 0x00, 0x42, 0x04,
    0x40, 0xA4, 0x2A, 0x44, 0x60, 0x59, 0xAB, 0x02, 0x20, 0x00, 0x42, 0xA8, 0xAA, 0x76, 0x05, 0x25,
    0x49, 0x4A, 0x28, 0x15, 0x51, 0x4A, 0x22, 0x11, 0x08, 0x41, 0x04, 0x10, 0x40, 0x02, 0x04, 0x49,
    0x55, 0x29, 0x21, 0x29, 0x4A, 0x45, 0x93, 0x50, 0x51, 0x04, 0x00, 0x00, 0x04, 0x00, 0x00, 0x00,
    0x00, 0x81, 0x00, 0x49, 0x04, 0x04, 0x04, 0x49, 0x08, 0x00, 0x00, 0x00, 0x02, 0x00, 0x00, 0x02,
    0x44, 0x90, 0x10, 0x08, 0x00, 0x44, 0x02, 0x64, 0x56, 0x29, 0xA1, 0x00, 0x00, 0x04, 0xD2, 0xD6,
    0x9A, 0x95, 0x84, 0x24, 0x25, 0x15, 0x41, 0x92, 0x92, 0x12, 0x09, 0x44, 0x08, 0x29, 0x02, 0x00,
    0x04, 0x22, 0x81, 0x28, 0x82, 0x44, 0x44, 0x48, 0xA2, 0x88, 0x14, 0x08, 0x09, 0x00, 0x00, 0x00,
    0x05, 0x25, 0x84, 0x00, 0x00, 0x92, 0x80, 0x20, 0x40, 0x48, 0x44, 0x00, 0x08, 0x10, 0x40, 0x00,
    0x00, 0x00, 0x40, 0x00, 0x20, 0x02, 0x01, 0x00, 0x10, 0x00, 0x82, 0xA9, 0xD6, 0x02, 0x81, 0x44,
    0x00, 0x40, 0x6D, 0xA5, 0x8A, 0x52, 0x92, 0x90, 0xA2, 0xAC, 0x94, 0xA4, 0x94, 0x80, 0x00, 0x20,
    0x04, 0x00, 0x12, 0x00, 0xDB, 0x58, 0xA7, 0xB2, 0x88, 0x92, 0xB4, 0x3A, 0x6D, 0xAA, 0x56, 0x05,
    0x00, 0x00, 0x90, 0x20, 0x00, 0x00, 0x08, 0x10, 0x20, 0x12, 0x10, 0x00, 0x02, 0x00, 0x42, 0x80,
    0x00, 0x00, 0x20, 0x10, 0x80, 0x00, 0x00, 0x52, 0x81, 0x00, 0x90, 0x96, 0x80, 0xA0, 0x54, 0x35,
    0x09, 0x08, 0x00, 0x00, 0x90, 0xB2, 0x76, 0x85, 0x24, 0x49, 0x4A, 0x92, 0x24, 0x25, 0x49, 0xA2,
    0x04, 0x92, 0x40, 0x12, 0x48, 0x00, 0x0A, 0xA4, 0x94, 0x55, 0x49, 0xA2, 0x54, 0x4A, 0xCD, 0x92,
    0x55, 0xA9, 0x02, 0x00, 0x00, 0x00, 0x02, 0x09, 0x00, 0x40, 0x02, 0x08, 0x24, 0x05, 0x08, 0x90,
    0x32, 0x01, 0x00, 0x00, 0x00, 0x02, 0x02, 0x00, 0x08, 0x24, 0xB1, 0x28, 0x00, 0x00, 0x49, 0x00,
    0x60, 0xAD, 0xCA, 0x16, 0x45, 0x00, 0x00, 0x80, 0x5A, 0x5B, 0x1B, 0x89, 0x24, 0x25, 0x29, 0x49,
    0x92, 0x24, 0x12, 0x02, 0x20, 0x00, 0x88, 0x00, 0x80, 0x00, 0x49, 0x04, 0x28, 0x02, 0x44, 0x08,
    0x90, 0x00, 0x48, 0x20, 0x12, 0x10, 0x00, 0x00, 0x08, 0x01, 0x82, 0x00, 0x01, 0x80, 0x00, 0x81,
    0x00, 0x00, 0x25, 0x04, 0x00, 0x02, 0x24, 0x11, 0x00, 0x00, 0x12, 0x40, 0x00, 0x10, 0x01, 0x04,
    0x61, 0x02, 0x48, 0x52, 0xD3, 0xB6, 0x15, 0x22, 0x09, 0x00, 0x00, 0xD5, 0xAA, 0x0A, 0x49, 0x24,
    0x51, 0x92, 0x24, 0x49, 0x4A, 0x49, 0x20, 0x11, 0x08, 0x05, 0x00, 0x10, 0x04, 0x24, 0x92, 0x4B,
    0xB1, 0x05, 0x45, 0x56, 0xB6, 0x2D, 0x4D, 0xC9, 0x06, 0x40, 0x00, 0x00, 0x00, 0x10, 0x00, 0x08,
    0x08, 0x80, 0x10, 0x20, 0x01, 0x40, 0x80, 0x22, 0x10, 0x00, 0x00, 0x20, 0x00, 0x00, 0x01, 0x00,
    0xA0, 0x02, 0x20, 0x94, 0x0A, 0x02, 0xA1, 0x6C, 0x6D, 0x3A, 0x10, 0x24, 0x11, 0x00, 0xD2, 0xD6,
    0x95, 0x24, 0x49, 0x2A, 0x92, 0x92, 0x24, 0x91, 0x44, 0x02, 0x48, 0x82, 0x08, 0x40, 0x02, 0x02,
    0x5B, 0x9A, 0xD5, 0x92, 0xB0, 0x32, 0x69, 0x5B, 0x65, 0xAB, 0x2A, 0x05, 0x00, 0x00, 0x90, 0x04,
    0x02, 0x08, 0x80, 0x00, 0x08, 0x00, 0x04, 0x10, 0x09, 0x55, 0x00, 0x00, 0x00, 0x80, 0x04, 0x41,
    0x00, 0x00, 0x44, 0x42, 0x15, 0x00, 0x48, 0x01, 0x20, 0x68, 0x95, 0xDA, 0x6B, 0x48, 0x42, 0x80,
    0x08, 0xAA, 0xB6, 0x9A, 0x22, 0x92, 0x44, 0x25, 0x49, 0xAA, 0x24, 0x22, 0x88, 0x04, 0x40, 0x24,
    0x09, 0x00, 0x09, 0x25, 0x45, 0xAA, 0x0A, 0x2A, 0x49, 0x24, 0x89, 0x2A, 0x51, 0x55, 0x21, 0x02,
    0x04, 0x00, 0x02, 0x20, 0x00, 0x00, 0x00, 0x01, 0x08, 0x00, 0x00, 0x20, 0x00, 0x00, 0x80, 0x00,
    0x10, 0x00, 0x08, 0x20, 0x90, 0x00, 0x80, 0x48, 0x00, 0xA5, 0x40, 0x44, 0x92, 0x6A, 0xB7, 0xE6,
    0x20, 0x00, 0x08, 0x00, 0x24, 0xD9, 0x2E, 0x14, 0x41, 0x92, 0x48, 0x2A, 0x45, 0x4A, 0x91, 0x40,
    0x30, 0x08, 0x05, 0x00, 0x20, 0x00, 0x88, 0x48, 0x25, 0x51, 0x45, 0x08, 0x93, 0x50, 0x10, 0x09,
    0x00, 0x04, 0x00, 0x00, 0x20, 0x01, 0x09, 0x00, 0x10, 0x24, 0x20, 0x81, 0x40, 0x02, 0x00, 0x00,
    0x10, 0x02, 0x00, 0x00, 0x00, 0x00, 0x04, 0x02, 0x00, 0x82, 0xA6, 0xB6, 0x55, 0x00, 0x01, 0x62,
    0xB5, 0x6D, 0xD9, 0x01, 0x00, 0x00, 0x00, 0x90, 0x4A, 0x13, 0x89, 0x28, 0x49, 0x92, 0x24, 0x51,
    0x92, 0x08, 0x20, 0x12, 0x81, 0x08, 0x40, 0x0A, 0x09, 0x0D, 0x4B, 0xBB, 0x95, 0x90, 0x66, 0x54,
    0xAD, 0xAD, 0xD5, 0xB6, 0x05, 0x00, 0x00, 0x00, 0x22, 0x00, 0x01, 0x82, 0x00, 0x00, 0x00, 0x08,
    0x10, 0x01, 0x22, 0x02, 0x10, 0x90, 0x00, 0x20, 0x80, 0x00, 0x00, 0x88, 0x10, 0x52, 0x4A, 0x09,
    0x24, 0x28, 0xB0, 0x96, 0xDA, 0x07, 0x03, 0x08, 0x80, 0x04, 0x40, 0xA5, 0xA4, 0x42, 0x89, 0x24,
    0x49, 0x52, 0x2A, 0x85, 0x24, 0x92, 0x18, 0x80, 0x04, 0x08, 0x00, 0x02, 0x06, 0x94, 0xD5, 0x2A,
    0x2D, 0x25, 0xAA, 0x4A, 0x56, 0xAA, 0xAA, 0x04, 0x00, 0x00, 0x10, 0x00, 0x12, 0x00, 0x00, 0x80,
    0x04, 0x24, 0x00, 0x00, 0x00, 0x00, 0x00, 0x00, 0x02, 0x80, 0x04, 0x10, 0x40, 0x10, 0x00, 0x00,
    0x48, 0x25, 0x4A, 0x40, 0x01, 0x99, 0xD2, 0x6D, 0x0D, 0x02, 0x80, 0x00, 0x10, 0x90, 0x54, 0x2A,
    0x32, 0x12, 0x92, 0x24, 0x89, 0x84, 0x50, 0x02, 0x48, 0x8A, 0x48, 0x02, 0x01, 0x22, 0x01, 0x41,
    0x89, 0x94, 0xC4, 0x44, 0x29, 0x93, 0x52, 0x21, 0x49, 0x44, 0x22, 0x00, 0x00, 0x40, 0x02, 0x04,
    0x10, 0x00, 0x10, 0x80, 0x00, 0x81, 0x00, 0x24, 0x00, 0x20, 0x01, 0x00, 0x00, 0x00, 0x02, 0x00,
    0x00, 0x01, 0x02, 0x90, 0x52, 0x01, 0x08, 0x24, 0x49, 0x6D, 0xB6, 0x7B, 0x40, 0x00, 0x00, 0x00,
    0x00, 0x92, 0x12, 0x49, 0x44, 0x49, 0x92, 0x54, 0x52, 0x2A, 0x20, 0x10, 0x09, 0x80, 0x24, 0x10,
    0x80, 0x08, 0x20, 0x44, 0x2A, 0x11, 0x21, 0x12, 0x20, 0x89, 0x48, 0x12, 0x92, 0x04, 0x00, 0x80,
    0x08, 0x01, 0x80, 0x00, 0x49, 0x02, 0x20, 0x00, 0x10, 0x88, 0x00, 0x41, 0x02, 0x40, 0x00, 0x08,
    0x40, 0x00, 0x09, 0x02, 0x20, 0x90, 0x00, 0x08, 0x00, 0x80, 0x10, 0xD0, 0x2A, 0xDB, 0xB6, 0x01,
    0x00, 0x00, 0x40, 0x01, 0x48, 0xA9, 0x08, 0x89, 0x24, 0x49, 0x8A, 0x24, 0x01, 0x15, 0x26, 0x4A,
    0x44, 0x02, 0x00, 0x11, 0x02, 0x12, 0x36, 0xD7, 0x5B, 0xDA, 0x2A, 0xB7, 0xDA, 0x6E, 0xAB, 0x6B,
    0x05, 0x08, 0x00, 0x00, 0x84, 0x24, 0x00, 0x00, 0x20, 0x09, 0x24, 0x02, 0x00, 0x00, 0x08, 0x00,
    0x08, 0x22, 0x81, 0x00, 0x00, 0x00, 0x00, 0x00, 0x00, 0x00, 0x00, 0x80, 0x90, 0x08, 0x35, 0xB5,
    0x6D, 0x6D, 0x0B, 0x6D, 0x09, 0x00, 0x00, 0x80, 0x24, 0x66, 0x22, 0x22, 0x49, 0x51, 0x09, 0x52,
    0x02, 0x12, 0x0D, 0x40, 0x02, 0x02, 0x42, 0x00, 0x08, 0x89, 0xB2, 0x48, 0x2D, 0x95, 0x49, 0x55,
    0x92, 0x54, 0x24, 0x09, 0x40, 0x00, 0x00, 0x01, 0x00, 0x00, 0x00, 0x00, 0x00, 0x00, 0x80, 0x04,
    0x08, 0x00, 0x10, 0x00, 0x00, 0x00, 0x08, 0x22, 0x40, 0x40, 0x04, 0x02, 0x00, 0x01, 0x10, 0x08,
    0x84, 0xA8, 0xCA, 0xB2, 0xDB, 0x36, 0x4A, 0x08, 0x40, 0x02, 0x00, 0x04, 0x91, 0x10, 0x91, 0xA4,
    0x24, 0x52, 0x89, 0x00, 0x95, 0x82, 0x20, 0x11, 0x20, 0x00, 0x09, 0x40, 0x10, 0x14, 0x25, 0x81,
    0x10, 0x10, 0x82, 0x44, 0x40, 0x92, 0x24, 0x00, 0x00, 0x20, 0x02, 0x08, 0x01, 0x48, 0x12, 0x42,
    0x02, 0x10, 0x20, 0x81, 0x40, 0x00, 0x01, 0x00, 0x00, 0x00, 0x00, 0x04, 0x08, 0x00, 0x90, 0x08,
    0x00, 0x01, 0x10, 0x81, 0x94, 0x35, 0xDB, 0x6E, 0x13, 0xB0, 0xDC, 0x04, 0x48, 0x04, 0x00, 0x08,
    0x25, 0x49, 0x12, 0x29, 0x49, 0x12, 0x91, 0xC9, 0x22, 0x14, 0x01, 0x04, 0x90, 0x00, 0x12, 0x2A,
    0xCB, 0x24, 0x52, 0x0A, 0x4D, 0x69, 0x29, 0x2B, 0x49, 0x02, 0x00, 0x00, 0x00, 0x04, 0x02, 0x00,
    0x01, 0x40, 0x00, 0x20, 0x01, 0x00, 0x00, 0x04, 0x02, 0x20, 0x01, 0x00, 0x41, 0x00, 0x00, 0x00,
    0x40, 0x20, 0x00, 0x00, 0x00, 0x84, 0x48, 0x68, 0x55, 0xB5, 0xB5, 0x81, 0x98, 0x2C, 0x00, 0x04,
    0x40, 0xA2, 0x52, 0x42, 0x12, 0x49, 0x92, 0x24, 0x21, 0x42, 0x4A, 0x12, 0x20, 0x41, 0x00, 0x02,
    0x04, 0x40, 0x92, 0x7B, 0x53, 0xBB, 0xD5, 0xD6, 0x36, 0xAD, 0xB5, 0xB5, 0x05, 0x00, 0x02, 0x08,
    0x81, 0x20, 0x00, 0x00, 0x01, 0x10, 0x00, 0x40, 0x04, 0x10, 0x00, 0x20, 0x00, 0x84, 0x08, 0x00,
    0x90, 0x10, 0x01, 0x00, 0x52, 0x00, 0x10, 0x00, 0x10, 0x80, 0x94, 0xDA, 0xDA, 0x6E, 0xBF, 0xC8,
    0x04, 0x40, 0x10, 0x20, 0x11, 0x25, 0x92, 0x40, 0x92, 0x44, 0x82, 0x08, 0x40, 0x24, 0x09, 0x82,
    0x08, 0x80, 0x40, 0x01, 0x24, 0x88, 0x24, 0x95, 0x44, 0x08, 0x21, 0x89, 0x42, 0x44, 0x48, 0x20,
    0x00, 0x00, 0x00, 0x00, 0x08, 0x04, 0x24, 0x08, 0x02, 0x09, 0x00, 0x20, 0x02, 0x00, 0x00, 0x04,
    0x00, 0x00, 0x08, 0x02, 0x00, 0x00, 0x02, 0x50, 0x03, 0x00, 0x20, 0x41, 0x45, 0xD2, 0x4A, 0x4D,
    0xB5, 0x25, 0x41, 0x31, 0x89, 0x20, 0x2A, 0x88, 0x80, 0x24, 0x94, 0x20, 0x22, 0x52, 0x84, 0xA4,
    0xA5, 0x81, 0xB0, 0x00, 0x12, 0x84, 0x00, 0x82, 0x44, 0x92, 0x40, 0x12, 0x86, 0x28, 0x40, 0x24,
    0x09, 0x02, 0x06, 0x00, 0x00, 0x20, 0x05, 0x02, 0x00, 0x00, 0x40, 0x00, 0x00, 0x09, 0x00, 0x00,
    0x91, 0x00, 0x00, 0x00, 0x00, 0x00, 0x00, 0x00, 0x20, 0x00, 0x20, 0x81, 0x00, 0x10, 0x24, 0x08,
    0x54, 0xB5, 0xB5, 0xDB, 0x0A, 0xA4, 0x52, 0x62, 0x01, 0x40, 0x45, 0x58, 0x92, 0x0A, 0x0D, 0x91,
    0x10, 0x42, 0x50, 0x92, 0x28, 0x40, 0x00, 0x00, 0x20, 0x08, 0x10, 0x48, 0xEF, 0xAD, 0xAD, 0xD3,
    0x96, 0x7F, 0xBB, 0xEA, 0xF7, 0x05, 0x00, 0x00, 0x00, 0x20, 0x40, 0x00, 0x40, 0x02, 0x00, 0x00,
    0x00, 0x02, 0x20, 0x00, 0x88, 0x40, 0x00, 0x01, 0x41, 0x10, 0x09, 0x00, 0x10, 0xD0, 0x04, 0x00,
    0x09, 0x80, 0x40, 0xA9, 0xAA, 0x6A, 0xAD, 0xD6, 0x06, 0x02, 0x81, 0x90, 0x48, 0x22, 0xA6, 0x25,
    0x41, 0x82, 0x28, 0x89, 0x24, 0x90, 0x6A, 0x14, 0x11, 0x44, 0x80, 0x40, 0x02, 0x24, 0x91, 0x55,
    0x52, 0xD2, 0x48, 0x64, 0x09, 0x49, 0x25, 0x28, 0x20, 0x00, 0x00, 0x48, 0x02, 0x09, 0x00, 0x09,
    0x20, 0x04, 0x00, 0x00, 0x00, 0x01, 0x00, 0x00, 0x08, 0x12, 0x08, 0x00, 0x00, 0x80, 0x04, 0x00,
    0x48, 0x26, 0x08, 0x44, 0x50, 0x88, 0xA4, 0x56, 0x5B, 0x6D, 0x6B, 0x01, 0x95, 0x30, 0x21, 0x90,
    0x10, 0x51, 0x5A, 0x28, 0x52, 0x04, 0x44, 0x80, 0xAC, 0x52, 0x02, 0x28, 0x01, 0x22, 0x80, 0x00,
    0x82, 0x80, 0xA8, 0x92, 0x2A, 0x8D, 0x55, 0xD2, 0x24, 0x29, 0x85, 0x06, 0x00, 0x20, 0x00, 0x01,
    0x00, 0x08, 0x00, 0x04, 0x00, 0x00, 0x00, 0x00, 0x00, 0x00, 0x00, 0x00, 0x00, 0x00, 0x08, 0x00,
    0x00, 0x00, 0x00, 0x40, 0x12, 0x80, 0x01, 0x18, 0x48, 0x58, 0xB5, 0xAA, 0xB6, 0x29, 0x24, 0x28,
    0x4D, 0x02, 0x00, 0xA9, 0xA8, 0x25, 0x85, 0x24, 0x42, 0x22, 0x14, 0x54, 0x2D, 0x0A, 0x26, 0x00,
    0x00, 0x09, 0x00, 0x10, 0x48, 0x56, 0x24, 0x84, 0x40, 0x88, 0x24, 0x92, 0x92, 0x92, 0x00, 0x02,
    0x00, 0x00, 0x00, 0x88, 0x00, 0x90, 0x40, 0x00, 0x00, 0x00, 0x00, 0x00, 0x00, 0x00, 0x00, 0x00,
    0x00, 0x01, 0x09, 0x00, 0x00, 0x00, 0xB0, 0xAA, 0x52, 0x10, 0x20, 0x91, 0xAC, 0x4A, 0x6D, 0x57,
    0x5B, 0xDB, 0x40, 0xA5, 0x04, 0x22, 0x01, 0x54, 0xD5, 0x42, 0x24, 0xA9, 0x88, 0x22, 0x4A, 0x22,
    0x49, 0x21, 0x48, 0x00, 0x40, 0x02, 0x24, 0x45, 0xD7, 0xAA, 0x55, 0x2B, 0xAB, 0xB6, 0x6D, 0x55,
    0x6D, 0x25, 0x10, 0x00, 0x20, 0x04, 0x04, 0x00, 0x00, 0x00, 0x80, 0x20, 0x40, 0x00, 0x00, 0x04,
    0x00, 0x22, 0x00, 0x01, 0x00, 0x80, 0x00, 0x00, 0x00, 0x40, 0x55, 0x29, 0x00, 0x89, 0x14, 0x91,
    0xDA, 0xB2, 0xD9, 0xAA, 0xA5, 0x02, 0x10, 0x90, 0x80, 0x52, 0xAB, 0x4A, 0x10, 0x10, 0x11, 0x41,
    0x00, 0x35, 0x55, 0x85, 0x18, 0x00, 0x24, 0x00, 0x01, 0x85, 0x20, 0x69, 0x92, 0xAA, 0xA4, 0x55,
    0x49, 0x95, 0x4A, 0x49, 0x06, 0x00, 0x00, 0x08, 0x01, 0x01, 0x00, 0x02, 0x09, 0x02, 0x00, 0x00,
    0x08, 0x00, 0x00, 0x00, 0x00, 0x24, 0x08, 0x20, 0x00, 0x04, 0x00, 0x00, 0x40, 0x89, 0x04, 0x24,
    0x12, 0x28, 0x6C, 0xAD, 0x56, 0x6D, 0x55, 0x52, 0x16, 0x00, 0x00, 0x00, 0x24, 0xA4, 0xAA, 0x0A,
    0x00, 0x00, 0x10, 0x94, 0xCA, 0x8A, 0x04, 0x06, 0x01, 0x80, 0x90, 0x00, 0x52, 0x88, 0x2A, 0x49,
    0x49, 0x42, 0x88, 0x24, 0x42, 0x52, 0x92, 0x00, 0x00, 0x00, 0x00, 0x00, 0x12, 0x01, 0x20, 0x00,
    0x00, 0x00, 0x00, 0x00, 0x20, 0x00, 0x42, 0x00, 0x00, 0x00, 0x02, 0x00, 0x00, 0x40, 0x00, 0x00,
    0xAA, 0x04, 0x81, 0x88, 0x85, 0x94, 0x52, 0xAB, 0xAD, 0x6E, 0x2D, 0x55, 0x93, 0x94, 0xD4, 0x84,
    0x5A, 0x55, 0x25, 0x02, 0x00, 0x00, 0x02, 0x35, 0x45, 0x42, 0x01, 0x20, 0x01, 0x04, 0x04, 0x24,
    0x62, 0x55, 0x95, 0x24, 0x33, 0x65, 0xB5, 0xB9, 0x2A, 0x55, 0x0A, 0x00, 0x00, 0x20, 0x09, 0x00,
    0x40, 0x04, 0x44, 0x00, 0x00, 0x04, 0x80, 0x04, 0x20, 0x00, 0x24, 0x01, 0x00, 0x00, 0x11, 0x00,
    0x00, 0x84, 0x08, 0x40, 0x20, 0x00, 0x45, 0x69, 0xC8, 0xB6, 0xB4, 0xD6, 0x95, 0x4A, 0x29, 0x49,
    0x4A, 0x25, 0x52, 0xA9, 0x4A, 0x40, 0x40, 0x02, 0x01, 0x90, 0xA5, 0x52, 0x93, 0x04, 0x00, 0x28,
    0x80, 0x00, 0x49, 0xA5, 0xAA, 0xAA, 0xDA, 0xA4, 0x9A, 0x92, 0x56, 0xD5, 0x4A, 0x05, 0x00, 0x01,
    0x00, 0x00, 0x08, 0x00, 0x80, 0x00, 0x00, 0x84, 0x40, 0x00, 0x00, 0x02, 0x00, 0x00, 0x10, 0x04,
    0x00, 0x00, 0x80, 0x00, 0x00, 0x80, 0x00, 0x00, 0x90, 0xA0, 0x10, 0x69, 0xCA, 0x56, 0xB3, 0xDA,
    0xB2, 0x92, 0x24, 0x49, 0x12, 0xA5, 0x56, 0xA5, 0x02, 0x20, 0x01, 0x88, 0xC0, 0x5A, 0x21, 0x88,
    0x24, 0x04, 0x00, 0x48, 0x00, 0x92, 0x40, 0x6D, 0x4A, 0x4B, 0xA2, 0x92, 0x14, 0x81, 0x24, 0x24,
    0x22, 0x00, 0x10, 0x00, 0x04, 0x02, 0x01, 0x10, 0x00, 0x81, 0x00, 0x00, 0x08, 0x40, 0x00, 0x08,
    0x00, 0x80, 0x00, 0x08, 0x00, 0x00, 0x00, 0x00, 0x40, 0x10, 0x15, 0x49, 0x50, 0x93, 0x24, 0x5B,
    0xAB, 0xBA, 0x2D, 0x2D, 0x49, 0x52, 0xB5, 0xDA, 0x5A, 0xA9, 0x54, 0x20, 0x09, 0x24, 0x00, 0x40,
    0xA4, 0x94, 0x61, 0x02, 0x40, 0x24, 0x00, 0x02, 0x48, 0xB2, 0x24, 0x45, 0x24, 0x11, 0x49, 0xC9,
    0x34, 0x49, 0x92, 0x04, 0x00, 0x00, 0x48, 0x02, 0x20, 0x00, 0x02, 0x12, 0x08, 0x20, 0x08, 0x41,
    0x08, 0x80, 0x00, 0x08, 0x01, 0x20, 0x00, 0x84, 0x00, 0x48, 0x20, 0x00, 0x84, 0x20, 0x24, 0x00,
    0x4A, 0x98, 0x29, 0x69, 0xDD, 0x56, 0x92, 0x24, 0x99, 0x48, 0x4B, 0xA5, 0xAD, 0x2A, 0x08, 0x80,
    0x00, 0x00, 0xA0, 0xAD, 0x90, 0x10, 0x01, 0x00, 0x09, 0x81, 0x00, 0x4A, 0x62, 0xB7, 0xB2, 0xB5,
    0x69, 0x65, 0x56, 0xAD, 0x56, 0x5B, 0x05, 0x00, 0x00, 0x00, 0x80, 0x08, 0x08, 0x40, 0x00, 0x00,
    0x00, 0x01, 0x00, 0x00, 0x12, 0x20, 0x01, 0x00, 0x04, 0x40, 0x00, 0x00, 0x00, 0x04, 0x08, 0x00,
    0x02, 0x08, 0xA0, 0xA9, 0xA4, 0xD4, 0x56, 0x4B, 0xD3, 0xCA, 0xAA, 0x46, 0x56, 0xB5, 0xB5, 0x56,
    0x4B, 0x02, 0x52, 0x92, 0x04, 0x51, 0x55, 0x59, 0x94, 0x10, 0x00, 0x00, 0x48, 0x00, 0x25, 0x51,
    0x99, 0x4A, 0x2A, 0x59, 0x9A, 0xA4, 0x4A, 0x29, 0x91, 0x22, 0x04, 0x00, 0x80, 0x04, 0x02, 0x00,
    0x08, 0x00, 0x00, 0x04, 0x20, 0x00, 0x40, 0x00, 0x00, 0x08, 0x08, 0x00, 0x00, 0x00, 0x08, 0x00,
    0x00, 0x00, 0x20, 0x08, 0x13, 0x02, 0x95, 0xD4, 0xAE, 0xAA, 0xB5, 0x3A, 0x55, 0x92, 0xA4, 0xAA,
    0xAA, 0xDA, 0x52, 0x51, 0x90, 0x08, 0x04, 0x10, 0xB0, 0x52, 0x24, 0xA1, 0x04, 0x81, 0x24, 0x00,
    0x00, 0x90, 0x30, 0x55, 0x25, 0x49, 0x84, 0x24, 0x49, 0xA4, 0xA4, 0x4A, 0x04, 0x00, 0x00, 0x10,
    0x02, 0x00, 0x00, 0x01, 0x49, 0x80, 0x00, 0x00, 0x92, 0x04, 0x80, 0x04, 0x20, 0x01, 0x00, 0x09,
    0x22, 0x00, 0x04, 0x00, 0x41, 0x02, 0xC2, 0x02, 0x81, 0x24, 0x49, 0x52, 0x55, 0x6A, 0xA5, 0xA4,
    0x54, 0x59, 0xD5, 0x56, 0x55, 0xAD, 0x2C, 0x00, 0x40, 0x00, 0x20, 0x28, 0x2D, 0x4B, 0x5A, 0x02,
    0x10, 0x00, 0x40, 0x02, 0x4A, 0x88, 0x25, 0x52, 0x25, 0xA9, 0x92, 0xAA, 0x52, 0x92, 0xA4, 0x04,
    0x00, 0x00, 0x00, 0x00, 0x48, 0x00, 0x20, 0x00, 0x00, 0x20, 0x09, 0x00, 0x00, 0x12, 0x20, 0x00,
    0x40, 0x10, 0x00, 0x00, 0x00, 0x40, 0x22, 0x00, 0x80, 0x50, 0x20, 0x20, 0x4A, 0x34, 0xAB, 0xAA,
    0x95, 0x56, 0x53, 0xAA, 0x26, 0x29, 0xB5, 0xAD, 0xAA, 0x26, 0x49, 0x08, 0x00, 0x00, 0xD5, 0x96,
    0x34, 0x08, 0x00, 0x80, 0x84, 0x24, 0x00, 0x24, 0xEA, 0xDA, 0xAA, 0xDA, 0x54, 0x6D, 0x55, 0x5B,
    0x5B, 0x55, 0x23, 0x00, 0x40, 0x20, 0x09, 0x02, 0x00, 0x00, 0x00, 0x00, 0x00, 0x40, 0x00, 0x20,
    0x00, 0x00, 0x01, 0x00, 0x02, 0x00, 0x00, 0x00, 0x00, 0x00, 0x08, 0x90, 0xA8, 0x00, 0x80, 0x92,
    0xA8, 0xB5, 0x55, 0xDA, 0xAA, 0x2A, 0x49, 0xD2, 0xD6, 0xAA, 0x6A, 0x55, 0x25, 0x00, 0x00, 0x00,
    0x80, 0x28, 0x49, 0x25, 0x25, 0x10, 0x00, 0x12, 0x00, 0x00, 0x11, 0x51, 0x2D, 0x45, 0x25, 0x2A,
    0x49, 0x4A, 0x24, 0x89, 0x2A, 0x04, 0x40, 0x00, 0x00, 0x00, 0x00, 0x00, 0x08, 0x92, 0x00, 0x04,
    0x00, 0x24, 0x04, 0x00, 0x02, 0x40, 0x12, 0x00, 0x40, 0x00, 0x81, 0x00, 0x00, 0x00, 0x02, 0x4C,
    0x08, 0x10, 0xA5, 0x54, 0x4A, 0x5A, 0x4B, 0xA9, 0x94, 0xB6, 0x2A, 0xA9, 0xD6, 0x56, 0x2B, 0x29,
    0x12, 0x01, 0x0A, 0x00, 0xDA, 0xB6, 0x2A, 0x12, 0x01, 0x90, 0x00, 0x22, 0x01, 0x04, 0x29, 0x92,
    0x90, 0x48, 0x92, 0x22, 0x21, 0x91, 0x44, 0x84, 0x04, 0x00, 0x00, 0x10, 0x02, 0x92, 0x08, 0x42,
    0x00, 0x88, 0x20, 0x09, 0x00, 0x00, 0x49, 0x10, 0x02, 0x00, 0x10, 0x00, 0x10, 0x00, 0x10, 0x04,
    0x00, 0x40, 0x0B, 0x45, 0x02, 0x22, 0xA9, 0xB5, 0xA5, 0xB4, 0x56, 0x65, 0x49, 0x55, 0x55, 0x59,
    0x6B, 0xAB, 0x06, 0x21, 0xE8, 0x77, 0x01, 0x4C, 0xA5, 0x12, 0x09, 0x00, 0x00, 0x48, 0x00, 0x00,
    0x48, 0xA8, 0xD5, 0x4A, 0x56, 0x54, 0xB5, 0xB6, 0xAA, 0x6A, 0x6B, 0x23, 0x00, 0x00, 0x00, 0x41,
    0x08, 0x00, 0x00, 0x00, 0x00, 0x00, 0x80, 0x40, 0x22, 0x00, 0x00, 0x20, 0x80, 0x00, 0x08, 0x02,
    0x00, 0x80, 0x20, 0x21, 0x20, 0x01, 0x00, 0x40, 0x54, 0x54, 0xAA, 0x5A, 0x4B, 0xA9, 0x9A, 0xAA,
    0xAA, 0xAA, 0xAD, 0xAC, 0xD5, 0x12, 0x08, 0x44, 0x90, 0x02, 0x26, 0x59, 0x89, 0x05, 0x80, 0x80,
    0x02, 0x40, 0x00, 0x21, 0x54, 0x2D, 0x69, 0x2B, 0xAA, 0x4A, 0x49, 0x55, 0x55, 0x52, 0x02, 0x02,
    0x00, 0x00, 0x00, 0x00, 0x00, 0x10, 0x10, 0x00, 0x00, 0x00, 0x04, 0x00, 0x00, 0x42, 0x00, 0x08,
    0x80, 0x00, 0x00, 0x08, 0x00, 0x00, 0x00, 0xA9, 0xA2, 0x00, 0x00, 0x24, 0xAA, 0x55, 0xAA, 0xB4,
    0x56, 0x49, 0x55, 0xAA, 0x54, 0xD5, 0x56, 0x53, 0x94, 0x04, 0x21, 0x2D, 0x25, 0xDB, 0xD6, 0x4A,
    0x82, 0x04, 0x10, 0x11, 0x12, 0x00, 0x82, 0xA8, 0x92, 0x94, 0x10, 0x4B, 0x92, 0x24, 0x02, 0x08,
    0x89, 0x04, 0x00, 0x04, 0x48, 0x08, 0x48, 0x00, 0x40, 0x82, 0x00, 0x92, 0x24, 0x00, 0x00, 0x11,
    0x00, 0x04, 0x01, 0x10, 0x20, 0x00, 0x00, 0x00, 0x00, 0x00, 0x12, 0x10, 0x12, 0x00, 0x92, 0x94,
    0xAA, 0xD5, 0x4A, 0x25, 0xB5, 0xAA, 0x55, 0xAB, 0x56, 0xAB, 0x2D, 0x0B, 0x22, 0x80, 0xD5, 0x04,
    0xA5, 0x2A, 0xA5, 0x10, 0x00, 0x00, 0x08, 0x00, 0x01, 0x10, 0x24, 0x49, 0x42, 0x24, 0x20, 0x49,
    0x24, 0xA9, 0xA2, 0x24, 0x21, 0x00, 0x80, 0x00, 0x82, 0x04, 0x00, 0x02, 0x00, 0x04, 0x00, 0x00,
    0x40, 0x12, 0x00, 0x10, 0x20, 0x40, 0x02, 0x00, 0x80, 0x00, 0x08, 0x00, 0x08, 0x08, 0x44, 0x00,
    0x92, 0x48, 0x54, 0x6D, 0x2B, 0x2D, 0xD9, 0x2A, 0xAD, 0xAA, 0x54, 0xA9, 0xD4, 0xD2, 0x12, 0x08,
    0x99, 0x48, 0xCA, 0x54, 0xD5, 0x52, 0x02, 0x00, 0x80, 0x22, 0x20, 0x00, 0x04, 0xD0, 0x6E, 0xA9,
    0x9B, 0xB6, 0x6D, 0xDB, 0x5A, 0x5B, 0xD5, 0x04, 0x00, 0x00, 0x00, 0x01, 0x20, 0x20, 0x00, 0x00,
    0x40, 0x00, 0x00, 0x09, 0x00, 0x00, 0x01, 0x01, 0x08, 0x00, 0x00, 0x11, 0x80, 0x40, 0x08, 0x80,
    0x46, 0x82, 0x44, 0x00, 0x80, 0x68, 0x95, 0xD4, 0xD2, 0x96, 0xCA, 0x52, 0xB5, 0xAA, 0xB6, 0x6D,
    0x4B, 0x94, 0x84, 0x12, 0xAD, 0x42, 0xAB, 0x5A, 0x22, 0x81, 0x04, 0x40, 0x00, 0x01, 0x00, 0x22,
    0x59, 0x95, 0x54, 0x8A, 0x94, 0x24, 0x25, 0x25, 0x91, 0x2A, 0x06, 0x10, 0x00, 0x20, 0x00, 0x08,
    0x04, 0x90, 0x24, 0x00, 0x80, 0x24, 0x00, 0x80, 0x24, 0x00, 0x80, 0x00, 0x80, 0x00, 0x00, 0x00,
    0x00, 0x80, 0x40, 0x81, 0x24, 0x01, 0x10, 0x90, 0x94, 0x6A, 0x5B, 0x2D, 0x49, 0x55, 0xD5, 0x4A,
    0x55, 0x55, 0xAB, 0x35, 0x0B, 0x42, 0x20, 0x22, 0x45, 0x55, 0x55, 0x51, 0x10, 0x80, 0x00, 0x09,
    0x80, 0x00, 0x08, 0xA8, 0x2A, 0xA5, 0x12, 0x40, 0x92, 0x48, 0x92, 0x48, 0x44, 0x21, 0x00, 0x00,
    0x00, 0x04, 0x41, 0x00, 0x02, 0x00, 0x00, 0x12, 0x00, 0x80, 0x08, 0x00, 0x24, 0x08, 0x80, 0x10,
    0x20, 0x00, 0x08, 0x00, 0x00, 0x48, 0x88, 0x10, 0x00, 0x08, 0x4A, 0x4A, 0x55, 0xA5, 0xAA, 0xB5,
    0xAA, 0x2C, 0xAD, 0xD2, 0xAA, 0x54, 0xA9, 0x49, 0x48, 0x42, 0x24, 0xA1, 0xAA, 0xAA, 0x14, 0x00,
    0x00, 0x08, 0x10, 0x24, 0x00, 0x80, 0x48, 0xA4, 0x48, 0x14, 0x20, 0x55, 0x55, 0x49, 0x95, 0x52,
    0x02, 0x00, 0x00, 0x08, 0x01, 0x04, 0x00, 0x00, 0x80, 0x00, 0x00, 0x00, 0x08, 0x00, 0x00, 0x00,
    0x01, 0x04, 0x00, 0x00, 0x80, 0x00, 0x00, 0x01, 0x20, 0x61, 0x8A, 0x04, 0x44, 0x24, 0xE8, 0xAA,
    0x5A, 0x55, 0x56, 0xA9, 0xD6, 0x52, 0xAD, 0xB6, 0xED, 0x4A, 0x04, 0x01, 0x85, 0x40, 0x72, 0x55,
    0x4D, 0x44, 0x02, 0x04, 0x40, 0x02, 0x00, 0x00, 0x44, 0x50, 0x5B, 0x55, 0x2B, 0x09, 0xAA, 0x2A,
    0xAD, 0x6A, 0x2D, 0x05, 0x00, 0x00, 0x00, 0x00, 0x10, 0x00, 0x20, 0x09, 0x00, 0x00, 0x24, 0x01,
    0x00, 0x91, 0x00, 0x80, 0x00, 0x02, 0x82, 0x04, 0x00, 0x00, 0x00, 0x80, 0x82, 0x42, 0x80, 0x08,
    0x94, 0x14, 0xD5, 0xAA, 0xAA, 0xA9, 0x56, 0x69, 0xAD, 0x52, 0xC9, 0x56, 0xB5, 0x0A, 0xA2, 0x04,
    0x82, 0x90, 0xAA, 0x32, 0x0A, 0x90, 0x00, 0x00, 0x11, 0x80, 0x00, 0x12, 0xB1, 0x6A, 0xA9, 0x25,
    0x00, 0x51, 0xD5, 0x92, 0x94, 0xA4, 0x82, 0x00, 0x00, 0x20, 0x09, 0x00, 0x01, 0x04, 0x00, 0x08,
    0x88, 0x00, 0x40, 0x24, 0x00, 0x10, 0x04, 0x20, 0x20, 0x00, 0x00, 0x00, 0x08, 0x20, 0x08, 0x60,
    0x91, 0x00, 0x04, 0x40, 0xAC, 0x2A, 0xA5, 0x55, 0x55, 0xA9, 0x96, 0x92, 0x5A, 0x5B, 0xD2, 0x12,
    0x85, 0x40, 0x92, 0x04, 0xA8, 0xAA, 0x15, 0x23, 0x00, 0x00, 0x00, 0x04, 0x11, 0x00, 0x00, 0x48,
    0x12, 0x4A, 0x24, 0x44, 0x00, 0x00, 0x49, 0x49, 0x52, 0x12, 0x80, 0x00, 0x00, 0x00, 0x0A, 0x08,
    0x00, 0x80, 0x00, 0x00, 0x00, 0x00, 0x00, 0x00, 0x00, 0x00, 0x02, 0x00, 0x00, 0x20, 0x08, 0x00,
    0x00, 0x04, 0x21, 0x08, 0x10, 0x00, 0x02, 0xA4, 0xD5, 0x76, 0xAA, 0xAA, 0xD6, 0x6A, 0x6D, 0xA5,
    0x6C, 0xBB, 0xCC, 0x22, 0x24, 0x09, 0x11, 0x58, 0x55, 0x8A, 0x00, 0x00, 0x12, 0x80, 0x00, 0x00,
    0x00, 0x92, 0x80, 0xAD, 0x95, 0x52, 0x11, 0x88, 0xB4, 0x34, 0x25, 0x95, 0x02, 0x00, 0x08, 0x10,
    0x42, 0x20, 0x00, 0x02, 0x11, 0x00, 0x01, 0x90, 0x04, 0x00, 0x89, 0x84, 0x20, 0x00, 0x02, 0x00,
    0x00, 0x01, 0x40, 0x04, 0x00, 0x50, 0x85, 0x00, 0x02, 0xA4, 0x54, 0x5A, 0x99, 0xB6, 0xAA, 0x2A,
    0x95, 0xAA, 0xB6, 0x95, 0x6D, 0x55, 0x04, 0x42, 0x25, 0x22, 0xA9, 0xCA, 0x4A, 0x09, 0x92, 0x00,
    0x20, 0x24, 0x80, 0x00, 0x08, 0x61, 0x65, 0x69, 0x6D, 0x00, 0x02, 0xC8, 0xA6, 0xD4, 0xAA, 0x04,
    0x00, 0x00, 0x00, 0x01, 0x04, 0x00, 0x20, 0x00, 0x00, 0x48, 0x02, 0x00, 0x10, 0x00, 0x00, 0x04,
    0x20, 0x80, 0x08, 0x01, 0x40, 0x00, 0x00, 0x82, 0x90, 0x40, 0x00, 0x25, 0x10, 0xAA, 0xA5, 0xA6,
    0x49, 0x55, 0xD5, 0x6A, 0x95, 0x92, 0xAA, 0xA4, 0x2A, 0x45, 0xA1, 0x32, 0x44, 0x54, 0x35, 0x25,
    0x42, 0x00, 0x00, 0x01, 0x02, 0x10, 0x00, 0x41, 0x84, 0xB6, 0x96, 0x24, 0x85, 0x40, 0x00, 0x52,
    0x2B, 0x55, 0x02, 0x01, 0x00, 0x00, 0x00, 0x40, 0x00, 0x00, 0x00, 0x00, 0x00, 0x00, 0x10, 0x01,
    0x00, 0x20, 0x80, 0x04, 0x00, 0x00, 0x00, 0x00, 0x00, 0x00, 0x01, 0x40, 0x14, 0x88, 0x00, 0x00,
    0x54, 0xB5, 0x6A, 0xAD, 0xAA, 0xAA, 0xAA, 0xDA, 0x5A, 0x6D, 0x7B, 0x92, 0x22, 0x50, 0x14, 0x21,
    0xA4, 0xAA, 0x92, 0x00, 0x40, 0x00, 0x00, 0x11, 0x02, 0x00, 0x90, 0x00, 0x49, 0xA2, 0x92, 0x48,
    0x10, 0x01, 0x24, 0x91, 0x24, 0x23, 0x00, 0x00, 0x90, 0x04, 0x04, 0x00, 0x09, 0x24, 0x41, 0x00,
    0x10, 0x01, 0x80, 0x48, 0x02, 0x00, 0x00, 0x09, 0x00, 0x10, 0x00, 0x00, 0x00, 0x10, 0x68, 0x22,
    0x40, 0x00, 0x40, 0xA8, 0x5A, 0x55, 0x55, 0x95, 0x52, 0x55, 0x49, 0xA5, 0xA5, 0x5A, 0x55, 0x02,
    0x22, 0x4B, 0x12, 0x56, 0x49, 0x91, 0x00, 0x48, 0x00, 0x20, 0x04, 0x40, 0x00, 0x04, 0x24, 0x55,
    0x55, 0x2A, 0x0A, 0x04, 0x48, 0x00, 0x4A, 0x92, 0x04, 0x00, 0x00, 0x00, 0x02, 0x08, 0x11, 0x80,
    0x00, 0x00, 0x42, 0x02, 0x00, 0x08, 0x00, 0x00, 0x11, 0x00, 0x00, 0x01, 0x81, 0x08, 0x00, 0x20,
    0x01, 0x11, 0x02, 0x00, 0x00, 0x21, 0x56, 0x95, 0xAD, 0xAA, 0x6A, 0xAD, 0x4A, 0xAD, 0x5A, 0x5A,
    0xAD, 0xAA, 0x44, 0x21, 0xB1, 0x24, 0xA9, 0xAC, 0x48, 0x24, 0x11, 0x02, 0x00, 0x42, 0x08, 0x00,
    0x40, 0x82, 0xAA, 0xAD, 0x35, 0x13, 0x41, 0x00, 0x48, 0x69, 0x6D, 0x02, 0x00, 0x00, 0x00, 0x80,
    0x00, 0x00, 0x00, 0x00, 0x00, 0x00, 0x00, 0x10, 0x40, 0x00, 0x10, 0x00, 0x24, 0x00, 0x10, 0x00,
    0x40, 0x40, 0x82, 0x00, 0x28, 0x11, 0x42, 0x02, 0x00, 0xA4, 0xAA, 0xAA, 0xAA, 0xAA, 0x52, 0xB5,
    0x52, 0xA5, 0xB5, 0x75, 0x4B, 0x92, 0x90, 0x4C, 0x41, 0x24, 0x53, 0x14, 0x00, 0x20, 0x00, 0x40,
    0x08, 0x00, 0x00, 0x28, 0x09, 0xAD, 0x4A, 0x8A, 0x64, 0x08, 0x09, 0x01, 0x94, 0x92, 0x02, 0x08,
    0x40, 0x20, 0x01, 0x24, 0x00, 0x10, 0x84, 0x00, 0x08, 0x20, 0x01, 0x00, 0x88, 0x00, 0x40, 0x00,
    0x00, 0x00, 0x00, 0x00, 0x02, 0x00, 0x00, 0x90, 0x08, 0x20, 0x00, 0x04, 0x5A, 0x6B, 0x55, 0x55,
    0x55, 0xAD, 0x4A, 0xAD, 0x54, 0x4A, 0xB5, 0x54, 0x01, 0xA4, 0x4A, 0x1A, 0xD6, 0x54, 0x0A, 0x00,
    0x48, 0x00, 0x00, 0x02, 0x20, 0x01, 0x01, 0x10, 0x40, 0x44, 0x42, 0x80, 0x00, 0x40, 0x20, 0x00,
    0x00, 0x04, 0x00, 0x00, 0x00, 0x04, 0x00, 0x00, 0x02, 0x00, 0x04, 0x80, 0x04, 0x00, 0x00, 0x00,
    0x00, 0x09, 0x00, 0x12, 0x01, 0x12, 0x00, 0x00, 0x00, 0x20, 0x48, 0x04, 0x10, 0x20, 0x20, 0xA4,
    0x94, 0xAA, 0xAA, 0x52, 0x25, 0xB5, 0x52, 0xAB, 0xDA, 0xAC, 0x2A, 0x49, 0x52, 0x64, 0x85, 0x29,
    0x29, 0x13, 0x21, 0x05, 0x01, 0x11, 0x10, 0x04, 0x00, 0x90, 0x24, 0x5E, 0x6B, 0x25, 0x49, 0x42,
    0x00, 0x08, 0xA1, 0xFD, 0x45, 0x00, 0x01, 0x08, 0x00, 0x48, 0x00, 0x80, 0x10, 0x00, 0x00, 0x00,
    0x00, 0x44, 0x02, 0x24, 0x00, 0x24, 0x00, 0x00, 0x00, 0x02, 0x00, 0x80, 0x04, 0x2A, 0x22, 0x88,
    0x04, 0x00, 0x54, 0x6D, 0x6D, 0x55, 0xAD, 0xDA, 0x4A, 0xAA, 0x54, 0xB3, 0x76, 0x4B, 0x81, 0x20,
    0x93, 0x24, 0x92, 0x8A, 0x04, 0x00, 0x22, 0x08, 0x80, 0x04, 0x00, 0x00, 0x48, 0x02, 0xAA, 0x9A,
    0x5A, 0x52, 0x22, 0x2A, 0x02, 0x08, 0x0A, 0x02, 0x00, 0x00, 0x40, 0x02, 0x02, 0x00, 0x00, 0x00,
    0x80, 0x24, 0x00, 0x49, 0x00, 0x90, 0x00, 0x80, 0x00, 0x00, 0x00, 0x40, 0x00, 0x00, 0x40, 0x00,
    0x10, 0x01, 0x04, 0x28, 0x11, 0xAA, 0xAA, 0x95, 0xAA, 0x52, 0x25, 0x55, 0x95, 0xAA, 0x90, 0x9A,
    0x54, 0x21, 0x51, 0x59, 0x13, 0x55, 0x89, 0x00, 0x10, 0x11, 0x00, 0x00, 0x80, 0x00, 0x00, 0x01,
    0xA8, 0x50, 0x55, 0x01, 0x08, 0x09, 0x40, 0x90, 0x00, 0xC4, 0x04, 0x00, 0x00, 0x00, 0x04, 0x00,
    0x08, 0x10, 0x02, 0x00, 0x00, 0x24, 0x00, 0x00, 0x00, 0x00, 0x09, 0x00, 0x22, 0x24, 0x00, 0x10,
    0x00, 0x04, 0x00, 0x94, 0x08, 0x02, 0xD5, 0x0A, 0x54, 0x55, 0xD2, 0x52, 0xAD, 0xAA, 0xAA, 0x6A,
    0x55, 0x6E, 0xB7, 0xAA, 0x12, 0x48, 0x4A, 0x92, 0x89, 0x44, 0x43, 0x84, 0x14, 0x00, 0x10, 0x09,
    0x90, 0x00, 0x24, 0x05, 0xA9, 0xA4, 0x24, 0x22, 0x04, 0x01, 0x00, 0x40, 0x50, 0x04, 0x00, 0x00,
    0x10, 0x41, 0x90, 0x00, 0x01, 0x80, 0x00, 0x80, 0x00, 0x00, 0x24, 0x00, 0x10, 0x00, 0x20, 0x00,
    0x00, 0x04, 0x00, 0x00, 0x00, 0x80, 0x4A, 0x04, 0x21, 0x5C, 0x04, 0xAA, 0x56, 0x3B, 0xAD, 0x52,
    0x55, 0x25, 0x49, 0x2A, 0xB5, 0x5D, 0x4B, 0x40, 0xA2, 0x24, 0x89, 0xA8, 0x64, 0x08, 0x89, 0x88,
    0x00, 0x00, 0x00, 0x00, 0x00, 0x90, 0x20, 0x52, 0xAB, 0x88, 0x84, 0x42, 0x08, 0x09, 0x12, 0x20,
    0x03, 0x00, 0x00, 0x00, 0x00, 0x04, 0x00, 0x00, 0x10, 0x00, 0x08, 0x00, 0x00, 0x00, 0x44, 0x02,
    0x40, 0x04, 0x00, 0x00, 0x00, 0x01, 0x42, 0x80, 0x10, 0x24, 0x82, 0x00, 0x24, 0x49, 0x54, 0xA9,
    0x95, 0x55, 0xAB, 0xAA, 0x54, 0xA5, 0x95, 0x49, 0xAB, 0xA4, 0x24, 0x50, 0xD5, 0x42, 0x55, 0xB2,
    0x00, 0x40, 0x04, 0x40, 0x40, 0x04, 0x02, 0x00, 0x00, 0x4A, 0x90, 0x5A, 0x04, 0x51, 0x29, 0x22,
    0x80, 0x00, 0x82, 0x04, 0x00, 0x00, 0x80, 0x04, 0x00, 0x00, 0x20, 0x01, 0x80, 0x00, 0x48, 0x22,
    0x00, 0x00, 0x00, 0x09, 0x80, 0x24, 0x01, 0x00, 0x08, 0x00, 0x40, 0x80, 0x12, 0x51, 0x00, 0xAD,
    0x0A, 0xAA, 0x5A, 0xCA, 0xAA, 0x54, 0x25, 0x4B, 0x6A, 0x2A, 0xED, 0x5D, 0xB5, 0x40, 0x22, 0x49,
    0x24, 0x0A, 0x11, 0x80, 0x0C, 0x25, 0x00, 0x00, 0x40, 0x10, 0x00, 0x48, 0x91, 0x34, 0xAD, 0x42,
    0x20, 0x50, 0x40, 0x44, 0x88, 0x00, 0x44, 0x08, 0x00, 0x10, 0x00, 0x48, 0x00, 0x04, 0x00, 0x08,
    0x20, 0x01, 0x00, 0x42, 0x00, 0x20, 0x80, 0x00, 0x00, 0x08, 0x10, 0x00, 0x00, 0x08, 0x42, 0x94,
    0x08, 0x48, 0x48, 0x09, 0x94, 0xD6, 0xB6, 0x54, 0x4B, 0x5A, 0x29, 0x69, 0xDF, 0x6A, 0xAD, 0x4A,
    0x89, 0x44, 0x4A, 0xA2, 0xA2, 0x6C, 0x10, 0x42, 0x12, 0x00, 0x82, 0x08, 0x00, 0x00, 0x24, 0x04,
    0x80, 0x24, 0x41, 0x12, 0x88, 0x08, 0x08, 0x00, 0x24, 0x02, 0x00, 0x21, 0x00, 0x02, 0x04, 0x00,
    0x00, 0x80, 0x00, 0x00, 0x00, 0x00, 0x00, 0x40, 0x04, 0x00, 0x10, 0x00, 0x80, 0x00, 0x40, 0x00,
    0x20, 0x00, 0x48, 0x84, 0x00, 0x54, 0x12, 0x68, 0x29, 0x55, 0xAB, 0xB4, 0x92, 0x94, 0xB5, 0x0B,
    0xD5, 0x56, 0x95, 0x10, 0x80, 0x32, 0x91, 0x54, 0x12, 0x00, 0x81, 0x08, 0x02, 0x00, 0x00, 0x80,
    0x00, 0x00, 0xA2, 0x64, 0x52, 0x24, 0x48, 0x89, 0x20, 0x81, 0x44, 0x00, 0x09, 0x00, 0x00, 0x80,
    0x84, 0x00, 0x08, 0x00, 0x12, 0x00, 0x08, 0x90, 0x04, 0x00, 0x08, 0x00, 0x12, 0x02, 0x20, 0x00,
    0x00, 0x00, 0x00, 0x00, 0x80, 0x26, 0x01, 0x00, 0x3C, 0x09, 0x96, 0xD6, 0x4A, 0x55, 0x55, 0xA5,
    0x52, 0x7D, 0xCD, 0xAA, 0xAB, 0xAA, 0x40, 0x52, 0x95, 0x44, 0x12, 0x14, 0x08, 0x54, 0x04, 0x00,
    0x20, 0x04, 0x02, 0x00, 0x50, 0x11, 0x49, 0x9D, 0x22, 0x05, 0x4A, 0x82, 0x00, 0x10, 0x42, 0x04,
    0x00, 0x00, 0x24, 0x00, 0x90, 0x00, 0x20, 0x00, 0x00, 0x41, 0x02, 0x80, 0x04, 0x00, 0x40, 0x00,
    0x80, 0x04, 0x00, 0x88, 0x04, 0x00, 0x00, 0x50, 0x52, 0x02, 0x50, 0x88, 0x0A, 0xA8, 0x6A, 0xB5,
    0xAA, 0x2A, 0x55, 0xB9, 0xAB, 0x2D, 0xE9, 0x56, 0x55, 0x08, 0x89, 0x48, 0x52, 0x25, 0x0B, 0x81,
    0x22, 0x22, 0x10, 0x80, 0x40, 0x00, 0x00, 0x89, 0x88, 0x80, 0x24, 0x11, 0x08, 0x44, 0x00, 0x48,
    0x00, 0x24, 0x04, 0x00, 0x00, 0x00, 0x01, 0x04, 0x00, 0x04, 0x00, 0x00, 0x00, 0x00, 0x00, 0x00,
    0x01, 0x09, 0x40, 0x10, 0x00, 0x12, 0x00, 0x00, 0x21, 0x20, 0x02, 0x08, 0x10, 0x04, 0x6C, 0x11,
    0x54, 0x95, 0x56, 0x55, 0xA5, 0x2A, 0xCD, 0xDC, 0x8E, 0x54, 0xAB, 0x2A, 0x91, 0x40, 0xAA, 0x44,
    0x92, 0x02, 0x20, 0x01, 0x09, 0x80, 0x00, 0x08, 0x20, 0x00, 0x04, 0x24, 0x52, 0x02, 0x48, 0x42,
    0x82, 0x48, 0x04, 0x84, 0x00, 0x02, 0x00, 0x00, 0x00, 0x02, 0x00, 0x00, 0x00, 0x81, 0x00, 0x00,
    0x40, 0x24, 0x00, 0x20, 0x00, 0x02, 0x00, 0x40, 0x00, 0x00, 0x00, 0x00, 0x11, 0x20, 0xA4, 0x82,
    0x00, 0x54, 0x0A, 0xA8, 0x6A, 0xA9, 0xAA, 0x52, 0xD1, 0x6A, 0x77, 0x47, 0xC0, 0x56, 0x95, 0x00,
    0x24, 0x15, 0x21, 0x09, 0x05, 0x00, 0xA4, 0x04, 0x00, 0x08, 0x02, 0x04, 0x00, 0x50, 0x02, 0x89,
    0xB2, 0x04, 0x01, 0x49, 0x02, 0x81, 0x20, 0x40, 0x10, 0x00, 0x00, 0x10, 0x00, 0x48, 0x10, 0x00,
    0x10, 0x10, 0x24, 0x09, 0x00, 0x20, 0x00, 0x40, 0x00, 0x22, 0x08, 0x80, 0x10, 0x10, 0x00, 0x00,
    0x10, 0x4A, 0x00, 0x20, 0x58, 0x8A, 0x54, 0xAD, 0x56, 0x55, 0x9A, 0x5A, 0xB5, 0xB6, 0x0D, 0x90,
    0xAD, 0x4A, 0x44, 0x82, 0x4A, 0x58, 0xC5, 0x02, 0x90, 0x92, 0x44, 0x00, 0x40, 0x10, 0x00, 0x01,
    0x80, 0xA4, 0x20, 0x4B, 0x92, 0x24, 0x52, 0x10, 0x20, 0x01, 0x14, 0x00, 0x00, 0x00, 0x00, 0x10,
    0x00, 0x00, 0x22, 0x00, 0x00, 0x00, 0x80, 0x00, 0x00, 0x08, 0x09, 0x48, 0x00, 0x01, 0x00, 0x00,
    0x00, 0x00, 0x00, 0x08, 0x08, 0x01, 0x08, 0x2C, 0x15, 0x54, 0x95, 0xAA, 0xAA, 0xA5, 0xAC, 0xB6,
    0x6D, 0x9B, 0x20, 0x55, 0xA9, 0x90, 0x20, 0x64, 0x42, 0x42, 0x01, 0x20, 0x41, 0x02, 0x04, 0x00,
    0x00, 0x00, 0x00, 0x54, 0x48, 0x0A, 0x49, 0x88, 0x00, 0x21, 0x40, 0x0A, 0x44, 0x02, 0x04, 0x02,
    0x00, 0x40, 0x02, 0x10, 0x00, 0x00, 0x01, 0x00, 0x00, 0x00, 0x84, 0x04, 0x01, 0x00, 0x00, 0x00,
    0x80, 0x10, 0x00, 0x01, 0x01, 0x48, 0x00, 0x54, 0x02, 0x02, 0x54, 0x09, 0xA8, 0x6A, 0x55, 0xAB,
    0x54, 0x53, 0x5B, 0xF7, 0x76, 0x40, 0xAA, 0x16, 0x00, 0x14, 0x13, 0x89, 0x22, 0x41, 0x40, 0x28,
    0x04, 0x00, 0x22, 0x49, 0x82, 0x00, 0x02, 0x02, 0x00, 0x24, 0x44, 0x80, 0x10, 0x24, 0x00, 0x00,
    0x20, 0x01, 0x80, 0x10, 0x08, 0x00, 0x02, 0x01, 0x00, 0x80, 0x00, 0x21, 0x12, 0x00, 0x00, 0x40,
    0x00, 0x01, 0x00, 0x00, 0x00, 0x00, 0x00, 0x00, 0x00, 0x10, 0x26, 0x00, 0x20, 0x6C, 0x09, 0x4C,
    0xB5, 0xB5, 0x54, 0x4A, 0xDA, 0xAA, 0x5B, 0x6F, 0x84, 0x54, 0x92, 0x44, 0x22, 0x90, 0x50, 0xA2,
    0x00, 0x10, 0x41, 0x02, 0x20, 0x00, 0x00, 0x10, 0x00, 0x48, 0x91, 0x52, 0x29, 0x23, 0x92, 0x10,
    0x11, 0x40, 0x22, 0x00, 0x08, 0x00, 0x00, 0x80, 0x04, 0x00, 0x00, 0x08, 0x10, 0x00, 0x00, 0x00,
    0x10, 0x20, 0x08, 0x22, 0x10, 0x49, 0x12, 0x80, 0x20, 0x10, 0x00, 0x00, 0x08, 0x42, 0x22, 0x04,
    0x98, 0x24, 0xB1, 0x4A, 0x4A, 0xAB, 0xB5, 0xAA, 0xDA, 0xBA, 0xDB, 0x08, 0x4A, 0x25, 0x20, 0x81,
    0x24, 0x24, 0xD1, 0x00, 0x24, 0x11, 0x01, 0x00, 0x80, 0x04, 0x00, 0x00, 0x90, 0x24, 0x89, 0x9C,
    0x24, 0x08, 0x89, 0xA0, 0x2A, 0x84, 0x94, 0x00, 0x00, 0x00, 0x00, 0x00, 0x24, 0x00, 0x00, 0x02,
    0x00, 0x00, 0x40, 0x82, 0x00, 0x01, 0x00, 0x00, 0x00, 0x00, 0x09, 0x00, 0x00, 0x04, 0x08, 0x04,
    0x28, 0x01, 0x01, 0x54, 0x0A, 0x24, 0x5B, 0xDB, 0x54, 0x4A, 0xD5, 0xB6, 0xDD, 0xB5, 0x23, 0x65,
    0x09, 0x00, 0x14, 0x49, 0x49, 0x11, 0x00, 0x90, 0x24, 0x08, 0x01, 0x22, 0x80, 0x80, 0x00, 0x24,
    0x12, 0x04, 0x24, 0x11, 0x40, 0x10, 0x40, 0x02, 0x00, 0x00, 0x04, 0x00, 0x00, 0x20, 0x02, 0x00,
    0x10, 0x40, 0x00, 0x00, 0x10, 0x09, 0x00, 0x00, 0x40, 0x00, 0x02, 0x00, 0x00, 0x00, 0x00, 0x01,
    0x00, 0x40, 0x08, 0x14, 0x00, 0x24, 0xAC, 0x05, 0x50, 0xA5, 0xA5, 0xAA, 0xAA, 0x5A, 0x55, 0xAB,
    0x6E, 0x07, 0x24, 0x04, 0xA2, 0x42, 0x80, 0x90, 0x28, 0x08, 0x40, 0x88, 0x02, 0x08, 0x00, 0x08,
    0x20, 0x00, 0x02, 0x80, 0x48, 0x02, 0x48, 0x92, 0x00, 0x12, 0x04, 0x21, 0x48, 0x20, 0x00, 0x00,
    0x00, 0x80, 0x00, 0x00, 0x00, 0x00, 0x11, 0x00, 0x00, 0x00, 0x12, 0x08, 0x48, 0x20, 0x11, 0x21,
    0x00, 0x01, 0x80, 0x00, 0x02, 0x00, 0xC6, 0x04, 0x00, 0x34, 0x09, 0xD8, 0x5A, 0x5A, 0x55, 0x55,
    0xA6, 0xDA, 0x7A, 0xF7, 0x92, 0x90, 0x82, 0x48, 0x90, 0x54, 0x20, 0x24, 0x00, 0x29, 0x22, 0x01,
    0x00, 0x40, 0x01, 0x04, 0x00, 0xA4, 0x52, 0x22, 0xD6, 0x16, 0x08, 0x88, 0xA8, 0x28, 0x08, 0x85,
    0x08, 0x00, 0x40, 0x80, 0x04, 0x24, 0x01, 0x08, 0x10, 0x00, 0x02, 0x40, 0x24, 0x80, 0x00, 0x01,
    0x00, 0x00, 0x00, 0x21, 0x00, 0x10, 0x20, 0x00, 0x10, 0x22, 0x02, 0x09, 0x48, 0x0A, 0x40, 0xAA,
    0xAA, 0xAA, 0x94, 0xB5, 0xAD, 0xB5, 0x5B, 0x4F, 0x48, 0x20, 0x00, 0x25, 0x22, 0x49, 0x12, 0x00,
    0x88, 0x10, 0x00, 0x00, 0x09, 0x10, 0x91, 0x00, 0x50, 0x24, 0x11, 0x17, 0x09, 0xA9, 0x14, 0x48,
    0x02, 0x42, 0x10, 0x00, 0x20, 0x00, 0x10, 0x00, 0x00, 0x00, 0x00, 0x01, 0x00, 0x20, 0x09, 0x00,
    0x00, 0x00, 0x00, 0x08, 0x80, 0x00, 0x00, 0x88, 0x00, 0x00, 0x01, 0x00, 0x48, 0x80, 0x00, 0x78,
    0x8D, 0x20, 0xA5, 0x55, 0x95, 0xAA, 0xDA, 0xD6, 0x56, 0xED, 0x06, 0x00, 0x00, 0xA0, 0x08, 0x80,
    0x24, 0x09, 0x00, 0x12, 0x09, 0x01, 0x00, 0x20, 0x04, 0x20, 0x00, 0x09, 0x89, 0x88, 0x91, 0x24,
    0x49, 0x40, 0x14, 0x05, 0x00, 0x82, 0x04, 0x01, 0x02, 0x00, 0x00, 0x00, 0x40, 0x20, 0x00, 0x00,
    0x00, 0x00, 0x00, 0x01, 0x44, 0x20, 0x81, 0x10, 0x10, 0x00, 0x00, 0x00, 0x00, 0x20, 0x08, 0x4C,
    0x02, 0x12, 0x94, 0x02, 0xD0, 0x5A, 0xAD, 0x6A, 0x55, 0x4D, 0x6A, 0xED, 0xB6, 0xAD, 0x02, 0x00,
    0x14, 0x42, 0x15, 0x20, 0x08, 0x20, 0x20, 0xA4, 0x00, 0x21, 0x80, 0x80, 0x08, 0x00, 0x44, 0x42,
    0xC4, 0x48, 0x46, 0x0C, 0x04, 0x20, 0x40, 0x90, 0x20, 0x20, 0x00, 0x00, 0x80, 0x04, 0x10, 0x00,
    0x00, 0x10, 0x00, 0x00, 0x20, 0x09, 0x20, 0x00, 0x04, 0x00, 0x00, 0x02, 0x02, 0x00, 0x00, 0x02,
    0x00, 0x10, 0x22, 0x01, 0x00, 0x2C, 0x09, 0x40, 0xAA, 0x52, 0x95, 0x2A, 0xB5, 0x5B, 0xAB, 0xDB,
    0x56, 0x00, 0x12, 0x09, 0x28, 0x22, 0x11, 0x05, 0x00, 0x12, 0x02, 0x20, 0x00, 0x00, 0x08, 0x20,
    0x01, 0x20, 0x20, 0x12, 0x55, 0x09, 0x46, 0x00, 0x86, 0x12, 0x04, 0x04, 0x00, 0x00, 0x00, 0x10,
    0x00, 0x02, 0x01, 0x00, 0x01, 0x00, 0x44, 0x02, 0x00, 0x04, 0x10, 0x00, 0x10, 0x02, 0x40, 0x80,
    0x00, 0x22, 0x40, 0x00, 0x00, 0x94, 0x80, 0x04, 0x58, 0x0D, 0x40, 0xB5, 0xB6, 0x55, 0xD5, 0x6A,
    0xAD, 0x5B, 0xED, 0x26, 0x91, 0x80, 0xA0, 0x44, 0x80, 0x90, 0x02, 0x00, 0x09, 0x49, 0x00, 0x00,
    0x21, 0x00, 0x80, 0x00, 0x2A, 0x15, 0x89, 0xA9, 0x84, 0x24, 0x4A, 0x24, 0x01, 0x41, 0x90, 0x04,
    0x00, 0x20, 0x00, 0x01, 0x00, 0x00, 0x08, 0x00, 0x01, 0x00, 0x00, 0x40, 0x00, 0x82, 0x20, 0x02,
    0x20, 0x00, 0x10, 0x00, 0x00, 0x00, 0x00, 0x01, 0x8A, 0x08, 0x20, 0xA8, 0x04, 0xA1, 0x4A, 0x49,
    0x2A, 0xA9, 0xD6, 0x6A, 0xB5, 0xBF, 0x55, 0x02, 0x00, 0x10, 0x10, 0x2A, 0x88, 0x00, 0x01, 0x90,
    0x90, 0x00, 0x08, 0x80, 0x04, 0x09, 0x00, 0x10, 0x89, 0x90, 0x94, 0x24, 0x13, 0x02, 0x42, 0x49,
    0x00, 0x42, 0x00, 0x00, 0x00, 0x00, 0x44, 0x20, 0x00, 0x00, 0x08, 0x00, 0x00, 0x10, 0x09, 0x40,
    0x00, 0x00, 0x80, 0x00, 0x04, 0x00, 0x08, 0x00, 0x10, 0x00, 0x20, 0x44, 0x01, 0x04, 0xB4, 0x0A,
    0x40, 0xB5, 0xB6, 0xD5, 0x2A, 0xB5, 0xB6, 0x5A, 0x65, 0x9B, 0x04, 0x54, 0x45, 0x22, 0x01, 0x02,
    0x02, 0x00, 0x06, 0x02, 0x04, 0x00, 0x08, 0x00, 0x20, 0x01, 0x84, 0x40, 0x84, 0x96, 0x22, 0x49,
    0x00, 0x81, 0x00, 0x12, 0x00, 0x02, 0x00, 0x00, 0x20, 0x00, 0x04, 0x04, 0x40, 0x00, 0x20, 0x00,
    0x02, 0x00, 0x08, 0x10, 0x04, 0x10, 0x04, 0x00, 0x81, 0x80, 0x04, 0x01, 0x04, 0x00, 0x2A, 0x00,
    0x01, 0x58, 0x05, 0x80, 0x4A, 0x55, 0x2A, 0xD5, 0x5A, 0xAD, 0x6D, 0xBB, 0x4B, 0x05, 0x81, 0x00,
    0x04, 0x90, 0x08, 0x01, 0x40, 0x89, 0x24, 0x80, 0x20, 0x41, 0x20, 0x42, 0x02, 0x49, 0x2A, 0x09,
    0x49, 0x89, 0x02, 0x25, 0x20, 0x08, 0x80, 0x24, 0x00, 0x00, 0x00, 0x80, 0x00, 0x00, 0x40, 0x00,
    0x00, 0x00, 0x48, 0x00, 0x00, 0x01, 0x80, 0x00, 0x01, 0x00, 0x21, 0x00, 0x00, 0x00, 0x00, 0x20,
    0x10, 0x92, 0x42, 0x00, 0x28, 0x49, 0x80, 0xAA, 0x4A, 0xAB, 0x92, 0xCC, 0xD6, 0xA6, 0xBE, 0x65,
    0x23, 0x12, 0x92, 0x20, 0x09, 0x40, 0x02, 0x84, 0x20, 0x01, 0x00, 0x00, 0x00, 0x04, 0x80, 0x00,
    0x48, 0x84, 0x20, 0xAA, 0xD1, 0x25, 0x02, 0x25, 0x91, 0x00, 0x80, 0x00, 0x00, 0x00, 0x01, 0x00,
    0x80, 0x00, 0x08, 0x44, 0x00, 0x00, 0x90, 0x24, 0x00, 0x02, 0x20, 0x00, 0x20, 0x00, 0x08, 0x00,
    0x20, 0x00, 0x00, 0x00, 0x84, 0x00, 0x88, 0xD8, 0x0A, 0x00, 0x55, 0xB5, 0x54, 0x5A, 0xD5, 0x6A,
    0xB5, 0xD5, 0x34, 0x06, 0x48, 0x48, 0x12, 0x02, 0xA1, 0x20, 0x00, 0x0A, 0x24, 0x00, 0x00, 0x80,
    0x00, 0x24, 0x02, 0x22, 0x41, 0x14, 0xA5, 0x44, 0x14, 0x81, 0x91, 0x00, 0x24, 0x10, 0x04, 0x00,
    0x00, 0x08, 0x04, 0x11, 0x00, 0x40, 0x00, 0x00, 0x00, 0x02, 0x00, 0x40, 0x00, 0x00, 0x80, 0x04,
    0x04, 0x00, 0x00, 0x00, 0x10, 0x00, 0x40, 0x28, 0x81, 0x04, 0x2C, 0x05, 0x04, 0xAA, 0xAA, 0xAA,
    0xA5, 0x6A, 0xAD, 0x6D, 0x6F, 0x9B, 0x05, 0x01, 0x02, 0x44, 0x40, 0x24, 0x00, 0x80, 0x44, 0x11,
    0x20, 0x04, 0x21, 0x10, 0x12, 0x01, 0x04, 0x28, 0x42, 0x44, 0x20, 0x01, 0x10, 0x00, 0x44, 0x00,
    0x09, 0x02, 0x81, 0x00, 0x80, 0x00, 0x00, 0x00, 0x00, 0x00, 0x00, 0x00, 0x00, 0x00, 0x09, 0x20,
    0x04, 0x12, 0x00, 0x00, 0x41, 0x02, 0x00, 0x00, 0x00, 0x01, 0x24, 0x01, 0x00, 0xD0, 0x24, 0x20,
    0x55, 0x55, 0x55, 0xAA, 0xB4, 0xB6, 0xAA, 0xB5, 0x44, 0xA5, 0x20, 0x91, 0x20, 0x12, 0x00, 0x01,
    0x20, 0x81, 0x08, 0x00, 0x20, 0x00, 0x00, 0x40, 0x02, 0x50, 0x05, 0x11, 0xB2, 0xD4, 0x2A, 0xC1,
    0x50, 0x10, 0x09, 0x40, 0x00, 0x00, 0x00, 0x00, 0x00, 0x80, 0x00, 0x00, 0x08, 0x01, 0x11, 0x20,
    0x00, 0x00, 0x04, 0x40, 0x00, 0x00, 0x20, 0x00, 0x00, 0x02, 0x01, 0x00, 0x00, 0x92, 0x08, 0x01,
    0x38, 0x05, 0x00, 0xAA, 0xAA, 0x4A, 0x2B, 0x5B, 0x53, 0x5D, 0x5B, 0xAB, 0x05, 0x89, 0x24, 0x08,
    0x00, 0xA4, 0x00, 0x10, 0x92, 0x00, 0x01, 0x00, 0x20, 0x01, 0x64, 0x02, 0x24, 0x52, 0x49, 0x56,
    0x6A, 0x92, 0x40, 0x28, 0x00, 0x40, 0x00, 0x00, 0x00, 0x00, 0x20, 0x04, 0x04, 0x00, 0x08, 0x00,
    0x00, 0x00, 0x01, 0x24, 0x80, 0x00, 0x02, 0x00, 0x88, 0x00, 0x00, 0x20, 0x00, 0x40, 0x00, 0x40,
    0x24, 0x01, 0x04, 0x98, 0x05, 0x00, 0x54, 0x55, 0xB5, 0x94, 0xA4, 0xDA, 0xD6, 0x6E, 0x55, 0x02,
    0x00, 0x82, 0x44, 0x91, 0x50, 0x00, 0x82, 0x90, 0x24, 0x20, 0x01, 0x12, 0x88, 0x08, 0x02, 0x89,
    0x20, 0x24, 0x48, 0x90, 0x82, 0x24, 0x08, 0x89, 0x04, 0x92, 0x04, 0x00, 0x00, 0x80, 0x00, 0x00,
    0x00, 0x00, 0x01, 0x00, 0x00, 0x08, 0x00, 0x11, 0x40, 0x00, 0x20, 0x01, 0x04, 0x08, 0x02, 0x20,
    0x00, 0x00, 0x00, 0x92, 0x40, 0x40, 0xC8, 0x88, 0x84, 0xA4, 0xAA, 0x4A, 0xA9, 0x6C, 0x6D, 0xAB,
    0xB7, 0xCA, 0x96, 0x24, 0x10, 0x20, 0x04, 0x00, 0x00, 0x40, 0xC1, 0x04, 0x00, 0x40, 0x40, 0x00,
    0xC0, 0x02, 0x22, 0x09, 0x02, 0x20, 0x69, 0x88, 0x20, 0x21, 0x20, 0x20, 0x00, 0x00, 0x00, 0x00,
    0x00, 0x80, 0x20, 0x42, 0x00, 0x20, 0x00, 0x00, 0x00, 0x01, 0x00, 0x08, 0x90, 0x04, 0x00, 0x00,
    0x01, 0x00, 0x02, 0x04, 0x20, 0x04, 0x24, 0x01, 0x00, 0x6C, 0x06, 0x00, 0x59, 0x55, 0xA9, 0x4A,
    0xB3, 0x55, 0xB5, 0x49, 0x52, 0x03, 0x41, 0x22, 0x09, 0x20, 0x50, 0x22, 0x20, 0x48, 0x00, 0x00,
    0x08, 0x80, 0x00, 0x51, 0x04, 0x48, 0x4A, 0xA9, 0x52, 0x2C, 0x15, 0x21, 0x14, 0x02, 0x02, 0x01,
    0x01, 0x00, 0x00, 0x10, 0x00, 0x00, 0x00, 0x22, 0x00, 0x01, 0x20, 0x00, 0x20, 0x80, 0x00, 0x00,
    0x00, 0x10, 0x20, 0x00, 0x00, 0x00, 0x00, 0x00, 0x00, 0x10, 0x01, 0x01, 0x30, 0x4B, 0x00, 0xA1,
    0xAA, 0x56, 0x25, 0x82, 0xBA, 0x0A, 0x64, 0x2B, 0x41, 0x08, 0x04, 0x92, 0x02, 0x22, 0x00, 0x91,
    0x24, 0x04, 0x80, 0x00, 0x00, 0x04, 0x20, 0x02, 0x92, 0x20, 0x44, 0x30, 0x30, 0x43, 0x38, 0x8C,
    0x40, 0x10, 0x88, 0x10, 0x00, 0x04, 0x80, 0x04, 0x04, 0x00, 0x00, 0x00, 0x08, 0x02, 0x21, 0x04,
    0x04, 0x40, 0x02, 0x00, 0x80, 0x00, 0x48, 0x00, 0x00, 0x00, 0x00, 0x40, 0x24, 0x21, 0x00, 0x58,
    0x51, 0x15, 0x2A, 0x55, 0xA9, 0xAA, 0x42, 0x6D, 0x01, 0x80, 0xC4, 0x26, 0x84, 0x80, 0x00, 0x10,
    0x10, 0x00, 0x08, 0xA4, 0x02, 0x10, 0x00, 0x22, 0x00, 0x48, 0x05, 0x24, 0x14, 0x11, 0x04, 0x29,
    0xE1, 0x10, 0x02, 0x08, 0x84, 0x00, 0x00, 0x00, 0x00, 0x00, 0x00, 0x80, 0x00, 0x00, 0x04, 0x00,
    0x00, 0x00, 0x80, 0x00, 0x04, 0x00, 0x44, 0x02, 0x00, 0x00, 0x08, 0x40, 0x10, 0x01, 0x00, 0x88,
    0x00, 0x10, 0xA8, 0xAC, 0x08, 0x93, 0x52, 0x55, 0x25, 0x13, 0x04, 0x90, 0x0A, 0x69, 0x85, 0x10,
    0x24, 0x44, 0x04, 0x48, 0x00, 0x40, 0x32, 0x10, 0x01, 0x44, 0x80, 0x80, 0x08, 0x02, 0x00, 0x89,
    0x88, 0x02, 0x92, 0x0A, 0x4C, 0x12, 0x01, 0x01, 0x11, 0x01, 0x04, 0x00, 0x20, 0x00, 0x10, 0x00,
    0x80, 0x00, 0x00, 0x00, 0x00, 0x00, 0x40, 0x00, 0x90, 0x00, 0x00, 0x10, 0x00, 0x00, 0x08, 0x00,
    0x00, 0x00, 0x24, 0x41, 0x02, 0xD8, 0x26, 0x04, 0x61, 0xAA, 0x2A, 0xD5, 0x04, 0x00, 0x00, 0x10,
    0x58, 0x05, 0x02, 0x11, 0x80, 0x80, 0x20, 0x80, 0x24, 0x10, 0x01, 0x00, 0x00, 0x00, 0x00, 0xC2,
    0x04, 0xAA, 0x42, 0xA4, 0xD0, 0xA4, 0xB5, 0x14, 0x06, 0x48, 0x20, 0x82, 0x00, 0x00, 0x00, 0x00,
    0x02, 0x01, 0x00, 0x08, 0x00, 0x00, 0x08, 0x24, 0x11, 0x08, 0x00, 0x00, 0x00, 0x00, 0x01, 0x02,
    0x01, 0x00, 0x00, 0x00, 0x40, 0x42, 0x00, 0x00, 0x58, 0x52, 0x09, 0x25, 0x55, 0xD5, 0x2A, 0x1A,
    0x20, 0x01, 0x00, 0xA4, 0x4A, 0x40, 0x00, 0x22, 0x20, 0x20, 0x48, 0x10, 0x4D, 0x00, 0x80, 0x00,
    0x48, 0x08, 0x50, 0x06, 0x52, 0x54, 0x12, 0x24, 0x24, 0x45, 0x08, 0x82, 0x00, 0x08, 0x08, 0x00,
    0x00, 0x00, 0x40, 0x00, 0x00, 0x01, 0x00, 0x20, 0x00, 0x80, 0x00, 0x10, 0x00, 0x48, 0x02, 0x20,
    0x20, 0x00, 0x10, 0x10, 0x00, 0x01, 0x00, 0x01, 0x28, 0x21, 0x00, 0x58, 0xBB, 0x04, 0x4A, 0x92,
    0x2A, 0x95, 0x95, 0x00, 0x10, 0x81, 0xD0, 0x12, 0x12, 0x88, 0x04, 0x09, 0x12, 0x00, 0x09, 0x8A,
    0x00, 0x10, 0x10, 0x01, 0x01, 0x08, 0x04, 0x08, 0x22, 0x21, 0x89, 0xC2, 0x32, 0x2C, 0x11, 0x92,
    0x12, 0x00, 0x00, 0x00, 0x20, 0x00, 0x10, 0x00, 0x00, 0x02, 0x04, 0x00, 0x00, 0x00, 0x00, 0x01,
    0x01, 0x20, 0x04, 0x04, 0x40, 0x00, 0x00, 0x00, 0x00, 0x08, 0x00, 0x90, 0x40, 0x20, 0xA8, 0x25,
    0x09, 0x85, 0x6A, 0xD5, 0xD2, 0x6A, 0x05, 0x00, 0x00, 0x00, 0x00, 0x00, 0x02, 0x00, 0x00, 0x20,
    0x10, 0x42, 0x05, 0x04, 0x00, 0x02, 0x20, 0x80, 0xC4, 0x08, 0x44, 0x89, 0x48, 0x22, 0x49, 0x22,
    0x86, 0x05, 0x00, 0x80, 0x44, 0x00, 0x00, 0x00, 0x10, 0x02, 0x10, 0x08, 0x80, 0x00, 0x00, 0x02,
    0x00, 0x01, 0x20, 0x00, 0x00, 0x80, 0x00, 0x04, 0x00, 0x00, 0x00, 0x00, 0x00, 0x00, 0x04, 0x00,
    0x00, 0x58, 0x9A, 0x84, 0x29, 0x92, 0x2A, 0x4D, 0x94, 0x4A, 0x02, 0x08, 0x02, 0x00, 0x91, 0x20,
    0x48, 0x40, 0x10, 0x80, 0x80, 0x42, 0x20, 0x02, 0x00, 0x08, 0x00, 0x50, 0x04, 0x52, 0x44, 0x84,
    0x48, 0x20, 0x29, 0x83, 0x20, 0x41, 0x04, 0x08, 0x00, 0x00, 0x00, 0x00, 0x01, 0x02, 0x00, 0x10,
    0x00, 0x21, 0x20, 0x22, 0x20, 0x04, 0x00, 0x00, 0x00, 0x00, 0x00, 0x82, 0x40, 0x20, 0x40, 0x00,
    0x20, 0x52, 0x11, 0x02, 0xB0, 0xAA, 0x84, 0x14, 0xA5, 0xD4, 0x2A, 0x6B, 0x55, 0x40, 0x40, 0x20,
    0x24, 0x02, 0x04, 0x01, 0x09, 0x14, 0x48, 0x24, 0x21, 0x00, 0x40, 0x40, 0x40, 0x09, 0x92, 0x08,
    0x24, 0x49, 0x52, 0x24, 0xC6, 0x32, 0x55, 0x01, 0x12, 0x48, 0x00, 0x00, 0x00, 0x00, 0x40, 0x00,
    0x00, 0x00, 0x00, 0x00, 0x00, 0x00, 0x00, 0x00, 0x00, 0x88, 0x44, 0x02, 0x90, 0x20, 0x10, 0x04,
    0x00, 0x04, 0x00, 0x00, 0xA4, 0x00, 0x00, 0x68, 0x65, 0x02, 0xA5, 0x54, 0xAB, 0xB2, 0x95, 0x4A,
    0x09, 0x00, 0x00, 0x00, 0x80, 0x00, 0x00, 0x00, 0x08, 0x04, 0x51, 0x05, 0x00, 0x08, 0x08, 0x00,
    0x00, 0x88, 0x0C, 0x89, 0x24, 0x92, 0x84, 0x64, 0x99, 0x86, 0x02, 0x00, 0x01, 0x42, 0x00, 0x00,
    0x00, 0x10, 0x42, 0x52, 0x40, 0x00, 0x20, 0x00, 0x00, 0x00, 0x04, 0x00, 0x01, 0x00, 0x10, 0x01,
    0x00, 0x00, 0x00, 0x00, 0x00, 0x00, 0x00, 0x08, 0x00, 0x20, 0xD8, 0x9A, 0x84, 0x4A, 0xAA, 0x54,
    0x4D, 0x52, 0xA5, 0x4D, 0x02, 0x00, 0x02, 0x24, 0x20, 0x49, 0x90, 0x00, 0x21, 0xA0, 0x40, 0x00,
    0x80, 0x00, 0x12, 0x00, 0x64, 0x00, 0x42, 0x80, 0x04, 0x21, 0x21, 0x84, 0x80, 0x20, 0x01, 0x20,
    0x20, 0x20, 0x20, 0x00, 0x00, 0x00, 0x00, 0x00, 0x00, 0x04, 0x00, 0x22, 0x92, 0x40, 0x22, 0x00,
    0x00, 0x00, 0x00, 0x00, 0x00, 0x00, 0x00, 0x00, 0x00, 0x08, 0x90, 0x24, 0x00, 0xB0, 0x56, 0x42,
    0x55, 0x92, 0xAA, 0xAA, 0x6D, 0x59, 0x62, 0x01, 0x12, 0x00, 0x00, 0x12, 0x00, 0x02, 0x48, 0x42,
    0x5A, 0x10, 0x00, 0x00, 0x00, 0x00, 0x21, 0x90, 0x18, 0x28, 0x2D, 0xA1, 0x48, 0xD2, 0x94, 0xE6,
    0x10, 0x90, 0x08, 0x11, 0x00, 0x00, 0x00, 0x20, 0x09, 0x04, 0x01, 0x80, 0x00, 0x00, 0x00, 0x00,
    0x00, 0x00, 0x90, 0x08, 0x00, 0x00, 0x02, 0x00, 0x10, 0x81, 0x00, 0x44, 0x00, 0xC8, 0x00, 0x00,
    0x68, 0xA9, 0x82, 0x94, 0x54, 0x55, 0xD5, 0x94, 0x0A, 0x35, 0x54, 0x00, 0x00, 0x00, 0x80, 0x00,
    0x00, 0x00, 0x02, 0x28, 0x04, 0x42, 0x10, 0x22, 0x48, 0x08, 0x4C, 0x02, 0x49, 0x42, 0x58, 0x94,
    0xA4, 0x4C, 0xA5, 0x00, 0x04, 0x00, 0x02, 0x00, 0x00, 0x00, 0x00, 0x00, 0x00, 0x00, 0x08, 0x00,
    0x00, 0x00, 0x00, 0x08, 0x00, 0x00, 0x40, 0x00, 0x48, 0x80, 0x88, 0x00, 0x00, 0x40, 0x00, 0x00,
    0x20, 0x00, 0x02, 0x50, 0x56, 0x84, 0xAA, 0xA8, 0xAA, 0x2A, 0x53, 0x4B, 0x29, 0x8B, 0x00, 0x20,
    0x40, 0x00, 0x94, 0x48, 0x24, 0x29, 0x4D, 0x02, 0x00, 0x02, 0x00, 0x00, 0x00, 0xA4, 0x08, 0x12,
    0x91, 0x06, 0x42, 0x24, 0xC9, 0x52, 0x24, 0x21, 0x22, 0x10, 0x00, 0x00, 0x20, 0x10, 0x01, 0x44,
    0x00, 0x00, 0x80, 0x00, 0x40, 0x80, 0x00, 0x44, 0x02, 0x00, 0x22, 0x01, 0x00, 0x00, 0x00, 0x08,
    0x00, 0x00, 0x02, 0x48, 0x04, 0x00, 0x04, 0x20, 0x49, 0x55, 0x10, 0x55, 0x55, 0xAD, 0x94, 0xD4,
    0x2A, 0x84, 0x00, 0x02, 0x48, 0x00, 0x00, 0x20, 0x81, 0x12, 0x08, 0x00, 0x20, 0x00, 0x04, 0x01,
    0x92, 0x10, 0x90, 0x48, 0xA0, 0x29, 0xC2, 0x62, 0x52, 0x00, 0x00, 0x00, 0x00, 0x00, 0x00, 0x00,
    0x20, 0x90, 0x00, 0x44, 0x00, 0x04, 0x00, 0x00, 0x08, 0x40, 0x00, 0x00, 0x01, 0x00, 0x00, 0x08,
    0x00, 0x00, 0x00, 0x04, 0x00, 0x00, 0x24, 0x01, 0x00, 0x00, 0x58, 0xC2, 0x4A, 0x43, 0xA9, 0xB5,
    0x55, 0x35, 0x1A, 0x74, 0x23, 0x02, 0x00, 0x01, 0x02, 0x12, 0x08, 0x44, 0x0A, 0x01, 0x00, 0x00,
    0x84, 0x10, 0x20, 0xA8, 0x10, 0x4A, 0x8A, 0x54, 0x10, 0x49, 0x24, 0xA9, 0x00, 0x44, 0x04, 0x04,
    0x00, 0x00, 0x00, 0x00, 0x00, 0x24, 0x00, 0x00, 0x00, 0x00, 0x08, 0x01, 0x04, 0x00, 0x10, 0x08,
    0x00, 0x00, 0x00, 0x01, 0x21, 0x40, 0x00, 0x00, 0x00, 0x44, 0x00, 0x00, 0x20, 0xB8, 0x20, 0x29,
    0xB1, 0x56, 0xAA, 0xDA, 0x4A, 0x89, 0x42, 0x31, 0x11, 0x00, 0x20, 0x90, 0x80, 0x44, 0x42, 0x45,
    0x42, 0x00, 0x80, 0x00, 0x00, 0x02, 0x25, 0x01, 0x92, 0x44, 0x0A, 0x96, 0x89, 0xCE, 0x59, 0x94,
    0x00, 0x90, 0x00, 0x00, 0x00, 0x00, 0x80, 0x04, 0x00, 0x00, 0x40, 0x00, 0x08, 0x00, 0x80, 0x00,
    0x80, 0x00, 0x00, 0x04, 0x80, 0x00, 0x10, 0x00, 0x00, 0x00, 0x40, 0x80, 0x24, 0x02, 0x00, 0x00,
    0x48, 0x42, 0xD5, 0x44, 0xA9, 0x56, 0x25, 0xAD, 0x44, 0x11, 0x89, 0x20, 0x10, 0x80, 0x00, 0x00,
    0x24, 0xA8, 0x11, 0x00, 0x04, 0x10, 0x10, 0x88, 0x00, 0x92, 0x10, 0x24, 0x91, 0xC4, 0x42, 0x12,
    0xA0, 0x28, 0x00, 0x90, 0x00, 0x01, 0x00, 0x01, 0x00, 0x10, 0x00, 0x80, 0x00, 0x01, 0x40, 0x40,
    0x00, 0x00, 0x00, 0x09, 0x00, 0x40, 0x20, 0x12, 0x00, 0x00, 0x00, 0x00, 0x80, 0x00, 0x00, 0x22,
    0x00, 0x40, 0x00, 0x58, 0xA2, 0x96, 0x8A, 0xA4, 0xA9, 0x6A, 0x93, 0x24, 0xA8, 0x44, 0x04, 0x02,
    0x00, 0x04, 0x11, 0x08, 0x90, 0x80, 0x04, 0x00, 0x02, 0x02, 0x02, 0x00, 0xA0, 0x00, 0x22, 0x29,
    0x29, 0x91, 0x48, 0x74, 0x2C, 0x81, 0x04, 0x00, 0x00, 0x00, 0x80, 0x00, 0x00, 0x40, 0x12, 0x00,
    0x00, 0x04, 0x00, 0x40, 0x10, 0x20, 0x00, 0x24, 0x01, 0x00, 0x00, 0x20, 0x00, 0x80, 0x00, 0x04,
    0x00, 0x00, 0x48, 0x00, 0x00, 0x00, 0x28, 0x41, 0x49, 0x85, 0x5A, 0x5A, 0xDB, 0x6C, 0x12, 0x06,
    0x42, 0x02, 0x01, 0x04, 0x40, 0x00, 0x08, 0x5B, 0x29, 0x01, 0x20, 0x00, 0x48, 0x20, 0x24, 0x48,
    0x02, 0x10, 0x44, 0x10, 0x28, 0x91, 0x02, 0x12, 0x24, 0x00, 0x44, 0x00, 0x02, 0x00, 0x00, 0x80,
    0x00, 0x00, 0x04, 0x08, 0x00, 0x00, 0x02, 0x02, 0x02, 0x00, 0x00, 0x08, 0x00, 0x00, 0x04, 0x40,
    0x04, 0x00, 0x00, 0x00, 0x00, 0x04, 0x02, 0x00, 0x00, 0x58, 0xA2, 0xB4, 0x12, 0x4A, 0xA7, 0xA5,
    0x56, 0x85, 0x20, 0x91, 0x40, 0x90, 0x80, 0x00, 0x00, 0x86, 0x24, 0x12, 0x00, 0x00, 0x48, 0x00,
    0x04, 0x01, 0xA4, 0x20, 0x4A, 0x89, 0x8A, 0x85, 0x94, 0xF0, 0x2A, 0x00, 0x22, 0x51, 0x00, 0x00,
    0x00, 0x00, 0x04, 0x00, 0x00, 0x00, 0x80, 0x00, 0x00, 0x00, 0x00, 0x00, 0x90, 0x00, 0x00, 0x01,
    0x00, 0x00, 0x02, 0x00, 0x00, 0x80, 0x04, 0x00, 0x12, 0x10, 0x02, 0x00, 0x28, 0x51, 0x4B, 0x29,
    0xB5, 0xB4, 0x6C, 0xB5, 0x0A, 0x10, 0x20, 0x24, 0x09, 0x10, 0x10, 0x48, 0x60, 0x2A, 0x80, 0x08,
    0x00, 0x01, 0x00, 0x00, 0x00, 0x22, 0x01, 0x49, 0x52, 0x52, 0x52, 0x4A, 0x2C, 0x95, 0x00, 0x20,
    0x09, 0x00, 0x00, 0x00, 0x20, 0x00, 0x04, 0x00, 0x00, 0x00, 0x00, 0x00, 0x10, 0x40, 0x10, 0x01,
    0x00, 0x00, 0x20, 0x89, 0x00, 0x00, 0x20, 0x84, 0x00, 0x00, 0x02, 0x02, 0x00, 0x00, 0x01, 0x28,
    0xA1, 0x32, 0x25, 0x49, 0x5B, 0xDB, 0x6E, 0x67, 0x00, 0x00, 0x01, 0x40, 0x00, 0x02, 0x01, 0x24,
    0x4B, 0x4A, 0x00, 0x00, 0x00, 0x24, 0x48, 0x10, 0x50, 0x01, 0x92, 0x24, 0x44, 0x24, 0x21, 0x19,
    0x0A, 0x64, 0x99, 0x05, 0x00, 0x00, 0x00, 0x00, 0x00, 0x00, 0x00, 0x40, 0x00, 0x48, 0x00, 0x00,
    0x08, 0x00, 0x00, 0x88, 0x20, 0x00, 0x00, 0x00, 0x00, 0x00, 0x00, 0x00, 0x00, 0x10, 0x01, 0x00,
    0x00, 0x00, 0x58, 0xA2, 0xAC, 0x16, 0x56, 0xA5, 0x6A, 0x6B, 0xB3, 0x02, 0x02, 0x40, 0x02, 0x02,
    0x00, 0x80, 0xC8, 0x94, 0x04, 0x00, 0x00, 0x90, 0x00, 0x02, 0x02, 0x94, 0x20, 0x00, 0x00, 0x89,
    0x00, 0x92, 0x90, 0x12, 0x30, 0xCC, 0x00, 0x00, 0x00, 0x00, 0x00, 0x10, 0x00, 0x40, 0x00, 0x00,
    0x00, 0x00, 0x80, 0x00, 0x02, 0x00, 0x00, 0x04, 0x02, 0x00, 0x10, 0x20, 0x02, 0x00, 0x00, 0x00,
    0x80, 0x00, 0x00, 0x00, 0x00, 0x18, 0x51, 0x4B, 0x49, 0xA4, 0x5A, 0xB5, 0xDA, 0x1A, 0x45, 0x90,
    0x08, 0x10, 0x90, 0x40, 0x00, 0xA4, 0x0A, 0x40, 0x40, 0x40, 0x42, 0x40, 0x10, 0x00, 0x22, 0x09,
    0x54, 0x55, 0x21, 0xAA, 0x10, 0x41, 0x25, 0x4D, 0x27, 0x00, 0x00, 0x00, 0x00, 0x00, 0x00, 0x00,
    0x08, 0x00, 0x40, 0x00, 0x00, 0x00, 0x00, 0x40, 0x24, 0x01, 0x00, 0x00, 0x20, 0x00, 0x00, 0x00,
    0x01, 0x04, 0x00, 0x00, 0x00, 0x00, 0x00, 0x00, 0x48, 0xA9, 0x64, 0x49, 0x50, 0xA4, 0x4D, 0xB7,
    0xDD, 0x09, 0x00, 0x00, 0x01, 0x00, 0x08, 0x08, 0x5B, 0x45, 0x15, 0x02, 0x00, 0x00, 0x08, 0x80,
    0x20, 0x52, 0x01, 0x9B, 0x22, 0x52, 0x51, 0xAD, 0x48, 0x28, 0x56, 0x01, 0x00, 0x04, 0x00, 0x00,
    0x00, 0x42, 0x02, 0x01, 0x04, 0x08, 0x00, 0x00, 0x08, 0x40, 0x00, 0x00, 0x10, 0x00, 0x40, 0x00,
    0x01, 0x02, 0x00, 0x00, 0x00, 0x00, 0x00, 0x04, 0x00, 0x20, 0x00, 0xB0, 0xA0, 0x9A, 0x26, 0x80,
    0x55, 0x6A, 0x6D, 0x6B, 0x9A, 0x02, 0x80, 0x08, 0x01, 0x00, 0x80, 0x94, 0xA4, 0x22, 0x00, 0x02,
    0x10, 0x10, 0x04, 0x04, 0x90, 0x80, 0xA4, 0xAC, 0xAD, 0xAD, 0x56, 0xAD, 0x92, 0x22, 0x00, 0x00,
    0x00, 0x00, 0x04, 0x10, 0x00, 0x10, 0x90, 0x80, 0x00, 0x82, 0x00, 0x40, 0x08, 0x08, 0x00, 0x80,
    0x90, 0x08, 0x04, 0x00, 0x00, 0x08, 0x00, 0x00, 0x11, 0x00, 0x20, 0x00, 0x01, 0x00, 0x18, 0x59,
    0x49, 0x95, 0xA2, 0xAA, 0xB5, 0xDA, 0x36, 0x4B, 0x10, 0x22, 0x20, 0x10, 0x01, 0xA1, 0x4A, 0x4A,
    0x00, 0x00, 0x40, 0x04, 0x02, 0x41, 0x00, 0x4A, 0x12, 0x00, 0x01, 0x00, 0x00, 0x00, 0x00, 0x00,
    0x00, 0x00, 0x00, 0x00, 0x00, 0x40, 0x00, 0x00, 0x00, 0x00, 0x00, 0x00, 0x00, 0x20, 0x00, 0x00,
    0x01, 0x01, 0x00, 0x00, 0x00, 0x00, 0x08, 0x40, 0x00, 0x20, 0x00, 0x00, 0x00, 0x00, 0x00, 0x00,
    0x00, 0x98, 0x48, 0xB5, 0x52, 0x44, 0xA9, 0x56, 0xB7, 0xB7, 0x95, 0x24, 0x11, 0x02, 0x00, 0x20,
    0x48, 0x55, 0x23, 0x0D, 0x00, 0x00, 0x40, 0x20, 0x10, 0x00, 0x50, 0x01, 0x00, 0x00, 0x00, 0x00,
    0x00, 0x00, 0x00, 0x00, 0x00, 0x00, 0x40, 0x10, 0x00, 0x00, 0x40, 0x01, 0x00, 0x00, 0x00, 0x00,
    0x00, 0x01, 0x02, 0x00, 0x90, 0x04, 0x00, 0x80, 0x00, 0x00, 0x00, 0x00, 0x01, 0x00, 0x00, 0x00,
    0x00, 0x00, 0x00, 0x01, 0xA8, 0xA4, 0x2A, 0x4D, 0x80, 0x54, 0x59, 0xDB, 0xDA, 0xAA, 0x02, 0x00,
    0x01, 0x04, 0x04, 0xA0, 0xAA, 0x94, 0x02, 0x01, 0xA0, 0x08, 0x84, 0x80, 0x24, 0x92, 0x00, 0x08,
    0x00, 0x00, 0x00, 0x00, 0x00, 0x00, 0x00, 0x00, 0x00, 0x00, 0x00, 0x00, 0x00, 0x04, 0x00, 0x22,
    0x00, 0x00, 0x10, 0x00, 0x00, 0x20, 0x20, 0x00, 0x40, 0x04, 0x00, 0x20, 0x40, 0x00, 0x10, 0x00,
    0x08, 0x00, 0x00, 0x00, 0x00, 0x00, 0x00, 0x48, 0xD8, 0x4A, 0xA9, 0x92, 0xAA, 0xCA, 0xDA, 0xB6,
    0x4A, 0x24, 0x49, 0x90, 0x40, 0x80, 0x58, 0x55, 0x4B, 0x00, 0x00, 0x00, 0x00, 0x00, 0x08, 0x00,
    0x28, 0x05, 0x00, 0x00, 0x00, 0x00, 0x00, 0x00, 0x00, 0x00, 0x00, 0x00, 0x00, 0x00, 0x00, 0x80,
    0x00, 0x00, 0x00, 0x02, 0x40, 0x00, 0x00, 0x20, 0x00, 0x02, 0x02, 0x00, 0x00, 0x09, 0x00, 0x01,
    0x04, 0x02, 0x00, 0x00, 0x00, 0x00, 0x00, 0x00, 0x00, 0x00, 0x98, 0x2C, 0xB5, 0x16, 0x04, 0x55,
    0xB5, 0x6D, 0xB7, 0x35, 0x25, 0x02, 0x02, 0x00, 0x00, 0xA4, 0x4A, 0x21, 0x01, 0x10, 0x20, 0x12,
    0x09, 0x41, 0x02, 0x48, 0x01, 0x00, 0x00, 0x00, 0x00, 0x00, 0x00, 0x00, 0x20, 0x04, 0x00, 0x00,
    0x00, 0x00, 0x00, 0x90, 0x04, 0x10, 0x80, 0x08, 0x00, 0x00, 0x00, 0x02, 0x00, 0x10, 0x08, 0x20,
    0x00, 0x02, 0x00, 0x00, 0x00, 0x04, 0x00, 0x00, 0x00, 0x00, 0x00, 0x08, 0x00, 0x58, 0xC4, 0x4A,
    0x49, 0x21, 0xA2, 0xDA, 0xB6, 0xDA, 0x4A, 0x09, 0x20, 0x00, 0x08, 0x10, 0xD0, 0xB6, 0x2C, 0x21,
    0x80, 0x20, 0x01, 0x00, 0x00, 0x90, 0x44, 0x02, 0x00, 0x00, 0x00, 0x00, 0x00, 0x00, 0x00, 0x00,
    0x00, 0x00, 0x00, 0x00, 0x00, 0x00, 0x00, 0x20, 0x00, 0x00, 0x00, 0x82, 0x00, 0x04, 0x10, 0x00,
    0x00, 0x01, 0x02, 0x00, 0x00, 0x00, 0x20, 0x00, 0x00, 0x00, 0x00, 0x80, 0x08, 0x42, 0x00, 0x00,
    0x48, 0x6A, 0x69, 0x6A, 0x12, 0x54, 0x4D, 0x6A, 0x37, 0x55, 0x22, 0x11, 0x22, 0x41, 0x02, 0x5B,
    0x55, 0x92, 0x00, 0x00, 0x10, 0x20, 0x01, 0x92, 0x04, 0x20, 0x01, 0x00, 0x00, 0x00, 0x00, 0x00,
    0x00, 0x10, 0x00, 0x40, 0x10, 0x00, 0x00, 0x00, 0x00, 0x41, 0x00, 0x88, 0x00, 0x00, 0x00, 0x00,
    0x20, 0x80, 0x90, 0x00, 0x40, 0x00, 0x20, 0x00, 0x00, 0x00, 0x00, 0x80, 0x00, 0x42, 0x08, 0x00,
    0x00, 0x80, 0x00, 0x58, 0x34, 0x96, 0x95, 0x08, 0x91, 0xAA, 0xDD, 0xAA, 0xAA, 0x14, 0x82, 0x00,
    0x00, 0x00, 0xA4, 0x4A, 0x45, 0x00, 0x00, 0x40, 0x04, 0x90, 0x00, 0x00, 0x30, 0x11, 0x00, 0x00,
    0x00, 0x00, 0x00, 0x00, 0x00, 0x00, 0x00, 0x00, 0x00, 0x00, 0x00, 0x00, 0x80, 0x00, 0x01, 0x00,
    0x00, 0x00, 0x00, 0x00, 0x00, 0x00, 0x04, 0x00, 0x00, 0x00, 0x10, 0x09, 0x00, 0x24, 0x00, 0x08,
    0x00, 0x40, 0x00, 0x00, 0x00, 0x00, 0x2C, 0xC8, 0x6A, 0x4A, 0x92, 0x48, 0x65, 0x4B, 0x5D, 0x55,
    0x89, 0x20, 0x08, 0x10, 0x80, 0x55, 0xB6, 0x52, 0x04, 0x00, 0x10, 0x02, 0x04, 0x44, 0x92, 0x14,
    0x01, 0x00, 0x00, 0x00, 0x00, 0x00, 0x00, 0x00, 0x00, 0x00, 0x00, 0x00, 0x00, 0x00, 0x40, 0x00,
    0x00, 0x10, 0x10, 0x00, 0x08, 0x00, 0x00, 0x02, 0x00, 0x40, 0x04, 0x44, 0x02, 0x00, 0x00, 0x00,
    0x00, 0x04, 0x00, 0x00, 0x04, 0x00, 0x00, 0x00, 0x00, 0x48, 0x50, 0x95, 0xAA, 0x22, 0xA0, 0x5A,
    0xEA, 0xD6, 0x4A, 0x4A, 0x04, 0x40, 0x82, 0x48, 0xAA, 0x29, 0x29, 0x00, 0x00, 0x10, 0x21, 0x00,
    0x20, 0x00, 0x40, 0x01, 0x00, 0x00, 0x00, 0x00, 0x00, 0x40, 0x00, 0x00, 0x00, 0x00, 0x00, 0x00,
    0x00, 0x02, 0x02, 0x04, 0x00, 0x01, 0x44, 0x40, 0x00, 0x40, 0x00, 0x04, 0x00, 0x20, 0x00, 0x00,
    0x02, 0x40, 0x00, 0x00, 0x00, 0x00, 0x00, 0x02, 0x00, 0x00, 0x08, 0x00, 0x48, 0xAA, 0x52, 0x55,
    0x08, 0x91, 0x94, 0x35, 0xA5, 0x6A, 0x25, 0x82, 0x04, 0x00, 0xA0, 0x5A, 0x4D, 0x15, 0x40, 0x08,
    0x88, 0x08, 0x42, 0x82, 0x24, 0x24, 0x01, 0x00, 0x00, 0x10, 0x02, 0x00, 0x00, 0x00, 0x00, 0x00,
    0x00, 0x00, 0x00, 0x00, 0x10, 0x90, 0x00, 0x08, 0x00, 0x00, 0x00, 0x00, 0x00, 0x90, 0x40, 0x00,
    0x00, 0x00, 0x20, 0x00, 0x00, 0x40, 0x00, 0x00, 0x10, 0x00, 0x89, 0x00, 0x00, 0x40, 0x08, 0x34,
    0x50, 0x6D, 0x29, 0x25, 0x02, 0xA5, 0x54, 0x5B, 0x25, 0x12, 0x21, 0x00, 0x10, 0x10, 0x8D, 0xA6,
    0x0A, 0x00, 0x40, 0x00, 0x00, 0x00, 0x00, 0x00, 0x50, 0x09, 0x00, 0x40, 0x00, 0x10, 0x40, 0x00,
    0x00, 0x00, 0x00, 0x00, 0x02, 0x01, 0x00, 0x00, 0x00, 0x00, 0x20, 0x00, 0x00, 0x00, 0x42, 0x08,
    0x00, 0x00, 0x88, 0x00, 0x00, 0x00, 0x20, 0x00, 0x00, 0x00, 0x00, 0x00, 0x80, 0x00, 0x00, 0x00,
    0x00, 0x00, 0x2C, 0x58, 0x25, 0x4D, 0x09, 0x20, 0xB2, 0xAA, 0xA9, 0x5A, 0x25, 0x04, 0x90, 0x00,
    0x41, 0xD9, 0x52, 0x04, 0x00, 0x00, 0x92, 0x90, 0x20, 0x48, 0x84, 0x90, 0x00, 0x00, 0x00, 0x00,
    0x00, 0x01, 0x00, 0x00, 0x00, 0x00, 0x00, 0x00, 0x40, 0x08, 0x00, 0x00, 0x01, 0x00, 0x00, 0x00,
    0x00, 0x00, 0x00, 0x01, 0x00, 0x01, 0x10, 0x11, 0x01, 0x00, 0x01, 0x00, 0x48, 0x10, 0x00, 0x84,
    0x00, 0x00, 0x00, 0x00, 0x00, 0x08, 0xA2, 0xB2, 0x52, 0x92, 0x04, 0x48, 0x55, 0x56, 0x25, 0x09,
    0x01, 0x09, 0x00, 0xB2, 0x6D, 0x29, 0x03, 0x02, 0x00, 0x10, 0x84, 0x08, 0x82, 0x48, 0x20, 0x01,
    0x00, 0x00, 0x00, 0x00, 0x00, 0x00, 0x00, 0x01, 0x00, 0x00, 0x00, 0x00, 0x00, 0x42, 0x40, 0x00,
    0x04, 0x02, 0x20, 0x04, 0x00, 0x00, 0x00, 0x10, 0x00, 0x00, 0x00, 0x08, 0x00, 0x08, 0x04, 0x00,
    0x00, 0x00, 0x50, 0x00, 0x00, 0x20, 0x00, 0x00, 0x54, 0xB1, 0x5A, 0xAD, 0x44, 0x88, 0x24, 0x49,
    0x49, 0x95, 0x92, 0x48, 0x20, 0x25, 0x48, 0xAA, 0x56, 0x01, 0x00, 0x00, 0x01, 0x01, 0x80, 0x00,
    0x00, 0x41, 0x02, 0x40, 0x00, 0x00, 0x00, 0x00, 0x00, 0x00, 0x10, 0x00, 0x00, 0x00, 0x00, 0x00,
    0x00, 0x00, 0x20, 0x00, 0x80, 0x00, 0x00, 0x00, 0x00, 0x44, 0x02, 0x10, 0x02, 0x00, 0x00, 0x02,
    0x40, 0x00, 0x00, 0x00, 0x21, 0x40, 0x00, 0x40, 0x00, 0x00, 0x00, 0x28, 0x48, 0x8D, 0x24, 0x09,
    0x01, 0xA2, 0xAA, 0xAA, 0x52, 0x49, 0x04, 0x80, 0x08, 0x99, 0xD6, 0x22, 0x01, 0x00, 0x02, 0xA8,
    0x40, 0x42, 0x24, 0x92, 0x20, 0x01, 0x00, 0x00, 0x00, 0x00, 0x00, 0x00, 0x04, 0x00, 0x00, 0x10,
    0x00, 0x00, 0x40, 0x08, 0x00, 0x02, 0x48, 0x00, 0x00, 0x20, 0x00, 0x48, 0x00, 0x00, 0x00, 0x80,
    0x00, 0x00, 0x00, 0x00, 0x80, 0x00, 0x00, 0x00, 0x20, 0x22, 0x01, 0x00, 0x10, 0x02, 0x14, 0xB0,
    0x64, 0x53, 0x91, 0x20, 0x10, 0x95, 0x54, 0xA9, 0x04, 0x09, 0x09, 0x11, 0xA4, 0x36, 0xA9, 0x48,
    0x00, 0x80, 0x04, 0x08, 0x20, 0x00, 0x41, 0x50, 0x01, 0x00, 0x00, 0x00, 0x00, 0x00, 0x00, 0x00,
    0x00, 0x82, 0x00, 0x00, 0x00, 0x08, 0x00, 0x44, 0x00, 0x00, 0x00, 0x04, 0x00, 0x02, 0x00, 0x00,
    0x00, 0x01, 0x00, 0x04, 0x00, 0x00, 0x00, 0x00, 0x00, 0x00, 0x00, 0x10, 0x00, 0x00, 0x00, 0x01,
    0x00, 0x2C, 0x92, 0x5A, 0xAA, 0x24, 0x48, 0x90, 0x64, 0x92, 0x14, 0x92, 0x20, 0x40, 0x82, 0x51,
    0x95, 0x54, 0x00, 0x20, 0x80, 0x20, 0x21, 0x08, 0x21, 0x00, 0x89, 0x10, 0x04, 0x49, 0x12, 0x00,
    0x22, 0x49, 0x20, 0x00, 0x10, 0x80, 0x24, 0x49, 0x00, 0x00, 0x00, 0x00, 0x00, 0x00, 0x00, 0x01,
    0x10, 0x00, 0x00, 0x00, 0x00, 0x00, 0x00, 0x20, 0x00, 0x00, 0x08, 0x10, 0x01, 0x00, 0x14, 0x00,
    0x00, 0x00, 0x00, 0x00, 0x24, 0x69, 0x95, 0x49, 0x0A, 0x85, 0x40, 0x12, 0x49, 0x42, 0x21, 0x84,
    0x90, 0x40, 0x6A, 0xDB, 0x12, 0x00, 0x00, 0x00, 0x24, 0x80, 0x00, 0x04, 0x49, 0x40, 0x02, 0x20,
    0x00, 0x00, 0x49, 0x00, 0x00, 0x02, 0x44, 0x00, 0x04, 0x00, 0x00, 0x20, 0x00, 0x00, 0x00, 0x24,
    0x08, 0x00, 0x00, 0x00, 0x00, 0x90, 0x20, 0x80, 0x08, 0x40, 0x00, 0x10, 0x00, 0x00, 0x00, 0x10,
    0x00, 0xA2, 0x00, 0x00, 0x00, 0x00, 0x00, 0x10, 0x50, 0x65, 0x55, 0x92, 0x00, 0x01, 0x91, 0x6A,
    0xA9, 0x48, 0x02, 0x04, 0x02, 0x92, 0x25, 0x2A, 0x20, 0x00, 0x82, 0x02, 0x00, 0x90, 0x20, 0x00,
    0x31, 0x01, 0x00, 0x20, 0x44, 0x00, 0x48, 0x04, 0x80, 0x00, 0x82, 0x00, 0x00, 0x00, 0x01, 0x40,
    0x40, 0x22, 0x00, 0x00, 0x10, 0x00, 0x00, 0x01, 0x01, 0x04, 0x12, 0x00, 0x00, 0x04, 0x81, 0x24,
    0x81, 0x00, 0x00, 0x20, 0x48, 0x00, 0x00, 0x00, 0x08, 0x01, 0x2C, 0x92, 0x2A, 0x2A, 0x25, 0x52,
    0x88, 0x48, 0x84, 0x04, 0x84, 0x50, 0x40, 0x20, 0xA4, 0x4A, 0x05, 0x00, 0x02, 0x40, 0x40, 0x22,
    0x42, 0x04, 0x24, 0x82, 0x10, 0x48, 0x0A, 0x01, 0x22, 0x02, 0x90, 0x24, 0x20, 0x10, 0x48, 0x92,
    0x04, 0x00, 0x04, 0x00, 0x00, 0x00, 0x00, 0x00, 0x10, 0x00, 0x20, 0x00, 0x00, 0x00, 0x80, 0x08,
    0x00, 0x00, 0x00, 0x00, 0x00, 0x80, 0x00, 0x2C, 0x00, 0x00, 0x00, 0x00, 0x00, 0x24, 0x41, 0x95,
    0x55, 0x49, 0x08, 0x02, 0x24, 0x11, 0xA4, 0x12, 0x84, 0x14, 0x10, 0x75, 0xB5, 0x12, 0x00, 0x00,
    0x80, 0x34, 0x10, 0x00, 0x09, 0x41, 0xA0, 0x08, 0x00, 0x00, 0x10, 0x00, 0x80, 0x00, 0x00, 0x04,
    0x00, 0x00, 0x00, 0x00, 0x00, 0x00, 0x08, 0x00, 0x88, 0x00, 0x80, 0x00, 0x20, 0x00, 0x08, 0x00,
    0x00, 0x12, 0x80, 0x00, 0x00, 0x00, 0x00, 0x08, 0x00, 0x00, 0x25, 0x10, 0x20, 0x04, 0x00, 0x00,
    0x14, 0xB0, 0xDA, 0xA4, 0x24, 0x41, 0x01, 0x09, 0x49, 0x49, 0x20, 0x01, 0x08, 0x20, 0x52, 0x8B,
    0x84, 0x00, 0x20, 0x40, 0x02, 0x00, 0x20, 0x20, 0x08, 0x52, 0x22, 0x00, 0x40, 0x00, 0x00, 0x00,
    0x00, 0x00, 0x00, 0x01, 0x00, 0x00, 0x20, 0x48, 0x00, 0x00, 0x01, 0x00, 0x00, 0x00, 0x00, 0x02,
    0x00, 0x00, 0x81, 0x40, 0x00, 0x00, 0x44, 0x00, 0x00, 0x10, 0x80, 0x00, 0x00, 0x22, 0x00, 0x00,
    0x40, 0x20, 0x04, 0x10, 0x45, 0x4A, 0x4A, 0x92, 0x24, 0x10, 0x40, 0x24, 0x02, 0x04, 0x48, 0x02,
    0x09, 0xAD, 0x52, 0x09, 0x00, 0x01, 0x48, 0x10, 0x21, 0x09, 0x12, 0x80, 0x40, 0x10, 0x04, 0x00,
    0x42, 0x92, 0x24, 0x44, 0x80, 0x00, 0x40, 0x04, 0x00, 0x00, 0x00, 0x00, 0x40, 0x00, 0x01, 0x80,
    0x00, 0x00, 0x00, 0x04, 0x00, 0x10, 0x04, 0x00, 0x02, 0x00, 0x08, 0x00, 0x80, 0x00, 0x00, 0x00,
    0x19, 0x00, 0x00, 0x00, 0x04, 0x00, 0x4C, 0x62, 0x25, 0x35, 0x49, 0x08, 0x0A, 0x40, 0x42, 0x50,
    0x49, 0x01, 0x01, 0x90, 0xB2, 0x54, 0x01, 0x84, 0x01, 0xA0, 0x88, 0x08, 0x80, 0x84, 0x24, 0x01,
    0x09, 0x20, 0x09, 0x00, 0x00, 0x00, 0x00, 0x12, 0x10, 0x00, 0x80, 0x00, 0x00, 0x01, 0x80, 0x00,
    0x00, 0x10, 0x00, 0x04, 0x10, 0x00, 0x00, 0x01, 0x00, 0x00, 0x00, 0x10, 0x00, 0x00, 0x22, 0x01,
    0x00, 0x40, 0x02, 0x15, 0x02, 0x00, 0x00, 0x00, 0x00, 0x08, 0x90, 0xDA, 0x92, 0x2A, 0x82, 0x91,
    0x84, 0x90, 0x24, 0x20, 0xA4, 0x20, 0x84, 0x54, 0xA5, 0x04, 0x60, 0x40, 0x10, 0x42, 0x00, 0x00,
    0x20, 0x00, 0x52, 0x42, 0x00, 0x00, 0x00, 0x00, 0x00, 0x01, 0x00, 0x00, 0x04, 0x00, 0x10, 0x01,
    0x00, 0x08, 0x00, 0x08, 0x00, 0x00, 0x00, 0x00, 0x00, 0x00, 0x20, 0x00, 0x00, 0x08, 0x00, 0x80,
    0x00, 0x00, 0x00, 0x04, 0x04, 0x90, 0x0A, 0x00, 0x00, 0x00, 0x00, 0x01, 0x94, 0x44, 0x52, 0xAA,
    0x44, 0x51, 0x00, 0x00, 0x24, 0x02, 0x0A, 0x10, 0x00, 0x12, 0xAD, 0x92, 0x00, 0x00, 0x04, 0x40,
    0x28, 0x44, 0x24, 0x89, 0x40, 0x20, 0x24, 0x00, 0x80, 0x24, 0x11, 0x11, 0x10, 0x00, 0x81, 0x00,
    0x00, 0x00, 0x00, 0x10, 0x01, 0x08, 0x01, 0x00, 0x02, 0x00, 0x01, 0x80, 0x20, 0x00, 0x00, 0x00,
    0x40, 0x00, 0x04, 0x00, 0x00, 0x00, 0x20, 0x00, 0xA0, 0x24, 0x80, 0x00, 0x00, 0x10, 0x08, 0x08,
    0x61, 0x2D, 0x55, 0x92, 0x08, 0x54, 0x10, 0x40, 0x48, 0x41, 0x09, 0x20, 0x08, 0x25, 0x59, 0x00,
    0xA0, 0x01, 0x58, 0x92, 0x02, 0x00, 0x04, 0x02, 0x82, 0x10, 0x10, 0x08, 0x00, 0x00, 0x00, 0x40,
    0x10, 0x08, 0x80, 0x10, 0x01, 0x10, 0x00, 0x00, 0x20, 0x00, 0x24, 0x00, 0x10, 0x80, 0x08, 0x00,
    0x04, 0x04, 0x40, 0x00, 0x40, 0x00, 0x44, 0x00, 0x08, 0x00, 0x00, 0x80, 0x12, 0x00, 0x00, 0x00,
    0x04, 0x00, 0x0C, 0x90, 0xCA, 0x92, 0x55, 0x82, 0x8A, 0x84, 0x00, 0x24, 0x48, 0x02, 0x14, 0xC4,
    0xD2, 0x24, 0x02, 0x40, 0x80, 0x88, 0x04, 0x00, 0x91, 0x10, 0x40, 0x50, 0x48, 0x80, 0x20, 0x00,
    0x80, 0x04, 0x01, 0x02, 0x00, 0x08, 0x00, 0x00, 0x00, 0x00, 0x00, 0x00, 0x80, 0x00, 0x00, 0x00,
    0x00, 0x00, 0x00, 0x00, 0x40, 0x04, 0x00, 0x00, 0x00, 0x00, 0x00, 0x40, 0x00, 0x80, 0x40, 0x09,
    0x04, 0x00, 0x80, 0x00, 0x00, 0xA4, 0x24, 0x51, 0xAA, 0x24, 0x51, 0x00, 0x22, 0x09, 0x00, 0x12,
    0x40, 0x02, 0x09, 0x19, 0x92, 0x00, 0x20, 0x09, 0x24, 0x84, 0x24, 0x00, 0x02, 0x09, 0x21, 0x04,
    0x00, 0x00, 0x02, 0x28, 0x20, 0x00, 0x80, 0x00, 0x00, 0x00, 0x08, 0x01, 0x02, 0x20, 0x80, 0x00,
    0x00, 0x00, 0x00, 0x00, 0x00, 0x00, 0x80, 0x00, 0x00, 0x00, 0x04, 0x20, 0x00, 0x42, 0x00, 0x02,
    0x01, 0x60, 0x12, 0x00, 0x10, 0x04, 0x20, 0x00, 0x24, 0x42, 0x2D, 0x55, 0x92, 0x08, 0x52, 0x10,
    0x40, 0x01, 0x00, 0x08, 0x08, 0x82, 0x2C, 0x4D, 0x00, 0x41, 0x01, 0x44, 0x12, 0x01, 0x44, 0x90,
    0x00, 0x42, 0x22, 0x04, 0x00, 0x20, 0x05, 0x02, 0x00, 0x00, 0x88, 0x00, 0x02, 0x00, 0x00, 0x00,
    0x00, 0x00, 0x04, 0x08, 0x00, 0x00, 0x08, 0x00, 0x84, 0x00, 0x00, 0x00, 0x84, 0x00, 0x00, 0x00,
    0x00, 0x00, 0x00, 0x00, 0x28, 0x89, 0x00, 0x00, 0x00, 0x04, 0x08, 0x0A, 0xA0, 0xAA, 0x25, 0x95,
    0x24, 0x89, 0x44, 0x12, 0x40, 0x40, 0x22, 0x11, 0x64, 0x49, 0x09, 0x10, 0x00, 0x21, 0x90, 0x04,
    0x00, 0x01, 0x09, 0x20, 0x10, 0x49, 0x00, 0x20, 0x00, 0x02, 0x00, 0x01, 0x12, 0x00, 0x10, 0x10,
    0x00, 0x40, 0x80, 0x00, 0x00, 0x00, 0x40, 0x00, 0x80, 0x00, 0x40, 0x00, 0x08, 0x04, 0x00, 0x00,
    0x00, 0x01, 0x01, 0x00, 0x00, 0x10, 0x08, 0x90, 0x02, 0x00, 0x00, 0x00, 0x02, 0x01, 0x04, 0x49,
    0xA4, 0x58, 0x49, 0x42, 0x20, 0x22, 0x09, 0x2A, 0x12, 0x01, 0x02, 0x81, 0x94, 0x04, 0x80, 0x80,
    0x04, 0x2A, 0x91, 0xA4, 0x20, 0x04, 0x02, 0x20, 0x10, 0x40, 0x04, 0x84, 0x80, 0x24, 0x40, 0x00,
    0x00, 0x00, 0x00, 0x00, 0x08, 0x08, 0x00, 0x00, 0x00, 0x00, 0x00, 0x04, 0x00, 0x02, 0x00, 0x00,
    0x00, 0x91, 0x00, 0x20, 0x00, 0x10, 0x00, 0x04, 0x00, 0x00, 0x48, 0x11, 0x00, 0x00, 0x00, 0x00,
    0x00, 0x00, 0x20, 0x55, 0x96, 0x52, 0x09, 0x12, 0x89, 0x40, 0x01, 0x21, 0x48, 0x08, 0x24, 0x4D,
    0x22, 0x00, 0x88, 0x0A, 0x11, 0x02, 0x01, 0x08, 0x91, 0x40, 0x91, 0x04, 0x00, 0x80, 0x00, 0x21,
    0x00, 0x00, 0x00, 0x11, 0x01, 0x00, 0x41, 0x00, 0x00, 0x80, 0x80, 0x00, 0x00, 0x08, 0x00, 0x00,
    0x00, 0x00, 0x00, 0x00, 0x00, 0x00, 0x10, 0x00, 0x00, 0x00, 0x20, 0x00, 0x00, 0xA9, 0x08, 0x08,
    0x00, 0x40, 0x00, 0x00, 0x86, 0x84, 0xAA, 0xA5, 0x94, 0x24, 0x81, 0x40, 0x2A, 0x44, 0x88, 0x24,
    0x41, 0x92, 0x4A, 0x02, 0x00, 0x00, 0x0A, 0x90, 0x48, 0x00, 0x01, 0x02, 0x10, 0x48, 0x48, 0x08,
    0x00, 0x40, 0x08, 0x00, 0x01, 0x00, 0x00, 0x40, 0x00, 0x08, 0x00, 0x00, 0x04, 0x10, 0x80, 0x08,
    0x00, 0x00, 0x00, 0x00, 0x00, 0x00, 0x20, 0x00, 0x10, 0x00, 0x08, 0x00, 0x44, 0x00, 0x41, 0x00,
    0x94, 0x04, 0x40, 0x80, 0x00, 0x24, 0x00, 0x04, 0xC8, 0x24, 0x29, 0xA5, 0x40, 0x52, 0x24, 0x84,
    0x20, 0x04, 0x02, 0x08, 0xA1, 0x92, 0x04, 0x50, 0x01, 0x95, 0x8C, 0x84, 0x48, 0x90, 0x10, 0x00,
    0x20, 0x21, 0x00, 0x01, 0x80, 0x80, 0x24, 0x00, 0x22, 0x00, 0x00, 0x00, 0x00, 0x00, 0x01, 0x00,
    0x00, 0x08, 0x00, 0x00, 0x00, 0x20, 0x00, 0x44, 0x88, 0x00, 0x00, 0x80, 0x00, 0x00, 0x40, 0x00,
    0x00, 0x00, 0x00, 0x48, 0x49, 0x00, 0x00, 0x84, 0x00, 0x08, 0x02, 0xA2, 0x94, 0x54, 0x12, 0x09,
    0x24, 0x8A, 0x20, 0x12, 0x92, 0x50, 0x02, 0x20, 0x25, 0x01, 0x00, 0x10, 0x28, 0x49, 0x02, 0x00,
    0x22, 0x04, 0x41, 0x10, 0x08, 0x00, 0x20, 0x44, 0x40, 0x00, 0x08, 0x00, 0x20, 0x04, 0x08, 0x00,
    0x04, 0x40, 0x00, 0x80, 0x00, 0x40, 0x00, 0x10, 0x02, 0x40, 0x00, 0x00, 0x00, 0x00, 0x00, 0x00,
    0x00, 0x01, 0x00, 0x00, 0x00, 0x10, 0x55, 0x02, 0x00, 0x02, 0x00, 0x80, 0x00, 0x02, 0x41, 0x52,
    0x4B, 0x49, 0x12, 0x01, 0x41, 0x14, 0x09, 0x21, 0x89, 0x80, 0x94, 0x94, 0x00, 0x00, 0x00, 0x56,
    0x22, 0x29, 0x40, 0x00, 0x02, 0x00, 0x20, 0x10, 0x00, 0x00, 0x00, 0x44, 0x00, 0x00, 0x00, 0x02,
    0x00, 0x00, 0x00, 0x00, 0x08, 0x00, 0x00, 0x00, 0x00, 0x00, 0x00, 0x00, 0x04, 0x00, 0x00, 0x00,
    0x88, 0x00, 0x00, 0x00, 0x00, 0x00, 0x00, 0x04, 0x01, 0xA4, 0x10, 0x00, 0x00, 0x00, 0x04, 0x00,
    0x02, 0x24, 0x2B, 0xA9, 0x64, 0x41, 0x92, 0x10, 0x82, 0xA0, 0x04, 0x02, 0x44, 0xA8, 0x4A, 0x80,
    0x48, 0x42, 0x20, 0x49, 0x01, 0x02, 0x48, 0x21, 0x08, 0x12, 0x42, 0x48, 0x84, 0x80, 0x20, 0x40,
    0x00, 0x10, 0x00, 0x20, 0x81, 0x40, 0x40, 0x00, 0x00, 0x00, 0x00, 0x08, 0x00, 0x00, 0x00, 0x00,
    0x00, 0x00, 0x04, 0x00, 0x00, 0x00, 0x01, 0x00, 0x80, 0x08, 0x00, 0x80, 0x4A, 0x4A, 0x00, 0x00,
    0x80, 0x00, 0x00, 0x00, 0x40, 0x91, 0x94, 0x92, 0x08, 0x48, 0x24, 0x49, 0x12, 0x48, 0x50, 0x01,
    0x44, 0x25, 0x00, 0x02, 0x00, 0x54, 0x24, 0x12, 0x40, 0x02, 0x08, 0x00, 0x10, 0x08, 0x00, 0x00,
    0x40, 0x00, 0x02, 0x00, 0x00, 0x10, 0x01, 0x00, 0x08, 0x00, 0x00, 0x44, 0x00, 0x00, 0x00, 0x80,
    0x00, 0x00, 0x00, 0x00, 0x01, 0x80, 0x00, 0x00, 0x08, 0x10, 0x88, 0x08, 0x40, 0x00, 0x00, 0x51,
    0x05, 0x00, 0x00, 0x00, 0x48, 0x00, 0x02, 0x89, 0xCC, 0x56, 0x2A, 0x94, 0x04, 0x82, 0x24, 0x04,
    0x91, 0x24, 0x40, 0x32, 0x09, 0x02, 0x00, 0x01, 0x48, 0x92, 0x80, 0x20, 0x20, 0x01, 0x40, 0x08,
    0x04, 0x00, 0x00, 0x08, 0x44, 0x00, 0x00, 0x00, 0x01, 0x00, 0x00, 0x00, 0x02, 0x00, 0x00, 0x40,
    0x02, 0x01, 0x01, 0x00, 0x20, 0x00, 0x04, 0x20, 0x00, 0x00, 0x10, 0x00, 0x00, 0x00, 0x00, 0x00,
    0x10, 0x80, 0x98, 0x22, 0x02, 0x00, 0x00, 0x01, 0x04, 0x00, 0xA0, 0x24, 0x49, 0x45, 0x03, 0x21,
    0x49, 0x00, 0xA1, 0x02, 0x02, 0x49, 0x92, 0x12, 0x00, 0x48, 0x80, 0xA0, 0x48, 0x09, 0x84, 0x24,
    0x84, 0x00, 0x80, 0x20, 0x00, 0x42, 0x80, 0x00, 0x00, 0x01, 0x08, 0x00, 0x00, 0x20, 0x00, 0x00,
    0x40, 0x00, 0x00, 0x00, 0x10, 0x00, 0x40, 0x00, 0x01, 0x00, 0x00, 0x00, 0x00, 0x00, 0x00, 0x00,
    0x00, 0x00, 0x00, 0x00, 0x20, 0x89, 0x14, 0x00, 0x08, 0x10, 0x00, 0x00, 0x02, 0x24, 0x29, 0x29,
    0x49, 0x48, 0x90, 0x20, 0x54, 0x12, 0x90, 0x90, 0x20, 0x49, 0x09, 0x00, 0x01, 0x12, 0x50, 0x25,
    0x00, 0x00, 0x00, 0x01, 0x00, 0x08, 0x00, 0x48, 0x00, 0x00, 0x00, 0x00, 0x00, 0x00, 0x20, 0x12,
    0x02, 0x01, 0x40, 0x04, 0x00, 0x02, 0x00, 0x00, 0x00, 0x00, 0x00, 0x20, 0x00, 0x00, 0x00, 0x00,
    0x81, 0x00, 0x80, 0x00, 0x00, 0x01, 0x80, 0x40, 0x42, 0x0A, 0x00, 0x00, 0x01, 0x48, 0x00, 0x01,
    0x40, 0x92, 0xAA, 0x2A, 0x22, 0x0A, 0x89, 0x22, 0x88, 0x24, 0x09, 0x00, 0xA9, 0x04, 0x20, 0x04,
    0x00, 0x20, 0x91, 0x04, 0x08, 0x08, 0x10, 0x80, 0x08, 0x00, 0x00, 0x08, 0x02, 0x09, 0x20, 0x00,
    0x80, 0x00, 0x00, 0x00, 0x40, 0x00, 0x00, 0x02, 0x00, 0x08, 0x00, 0x00, 0x00, 0x00, 0x00, 0x00,
    0x00, 0x44, 0x10, 0x00, 0x80, 0x00, 0x00, 0x08, 0x88, 0x00, 0x48, 0x64, 0x52, 0x20, 0x00, 0x00,
    0x01, 0x00, 0x00, 0x22, 0x49, 0x55, 0x91, 0x04, 0x21, 0x12, 0x01, 0x45, 0x02, 0x80, 0x04, 0x91,
    0x24, 0x00, 0x20, 0x81, 0x84, 0x49, 0x22, 0x41, 0x42, 0x02, 0x08, 0x44, 0x12, 0x00, 0x00, 0x20,
    0x40, 0x00, 0x00, 0x00, 0x04, 0x00, 0x00, 0x00, 0x04, 0x00, 0x00, 0x00, 0x00, 0x00, 0x00, 0x04,
    0x00, 0x00, 0x20, 0x04, 0x00, 0x00, 0x00, 0x04, 0x04, 0x88, 0x00, 0x00, 0x00, 0x00, 0x08, 0x2A,
    0x00, 0x00, 0x20, 0x00, 0x08, 0x00, 0x80, 0x2A, 0x22, 0x4A, 0x91, 0x90, 0x40, 0x94, 0x20, 0x90,
    0x54, 0x90, 0x54, 0x02, 0x20, 0x01, 0x08, 0x88, 0x24, 0x00, 0x80, 0x00, 0x80, 0x00, 0x04, 0x00,
    0x00, 0x20, 0x00, 0x02, 0x04, 0x08, 0x10, 0x00, 0x80, 0x00, 0x08, 0x00, 0x00, 0x20, 0x80, 0x00,
    0x44, 0x04, 0x00, 0x02, 0x00, 0x01, 0x40, 0x00, 0x00, 0x00, 0x00, 0x00, 0x00, 0x00, 0x00, 0x00,
    0x50, 0x81, 0x95, 0x00, 0x00, 0x00, 0x24, 0x01, 0x00, 0xA4, 0x44, 0x52, 0x95, 0x48, 0x48, 0x94,
    0x48, 0x94, 0x4A, 0x02, 0x40, 0x48, 0x05, 0x00, 0x08, 0x00, 0x40, 0x86, 0x02, 0x0C, 0x29, 0x11,
    0x00, 0x00, 0x00, 0x00, 0x00, 0x00, 0x90, 0x00, 0x00, 0x00, 0x40, 0x12, 0x20, 0x00, 0x40, 0x24,
    0x00, 0x08, 0x00, 0x00, 0x00, 0x00, 0x00, 0x00, 0x00, 0x00, 0x00, 0x00, 0x00, 0x00, 0x00, 0x00,
    0x20, 0x00, 0x08, 0x24, 0x52, 0x50, 0x00, 0x00, 0x80, 0x00, 0x40, 0x00, 0x40, 0xA9, 0x94, 0x22,
    0x0A, 0x05, 0x0A, 0x02, 0x09, 0x01, 0x20, 0x09, 0xA5, 0x00, 0x90, 0x20, 0x81, 0x10, 0x49, 0x21,
    0x41, 0x84, 0x00, 0x00, 0x48, 0x00, 0x10, 0x01, 0x04, 0x00, 0x80, 0x00, 0x00, 0x00, 0x00, 0x00,
    0x80, 0x00, 0x00, 0x00, 0x00, 0x80, 0x00, 0x00, 0x00, 0x00, 0x04, 0x00, 0x00, 0x00, 0x01, 0x00,
    0x00, 0x80, 0x00, 0x00, 0x00, 0x01, 0x02, 0x08, 0x2A, 0x09, 0x00, 0x02, 0x00, 0x00, 0x02, 0x88,
    0x24, 0x42, 0x48, 0x41, 0x52, 0x41, 0xA4, 0x40, 0x50, 0x12, 0xC0, 0x28, 0x09, 0x02, 0x00, 0x10,
    0x08, 0x1A, 0x08, 0x08, 0x10, 0x00, 0x00, 0x00, 0x08, 0x00, 0x80, 0x20, 0x08, 0x10, 0x00, 0x84,
    0x08, 0x00, 0x02, 0x01, 0x04, 0x00, 0x02, 0x00, 0x02, 0x00, 0x00, 0x20, 0x20, 0x00, 0x00, 0x00,
    0x00, 0x08, 0x11, 0x00, 0x00, 0x20, 0x02, 0x11, 0x00, 0x20, 0x21, 0x45, 0x81, 0x08, 0x00, 0x48,
    0x02, 0x00, 0x44, 0x4A, 0x29, 0x95, 0x94, 0x20, 0x24, 0x11, 0x94, 0x24, 0x81, 0xA0, 0x94, 0x00,
    0x80, 0x04, 0x02, 0x40, 0x94, 0x00, 0x44, 0x42, 0x12, 0x42, 0x04, 0x00, 0x00, 0x08, 0x00, 0x40,
    0x02, 0x00, 0x00, 0x00, 0x00, 0x00, 0x00, 0x00, 0x00, 0x00, 0x00, 0x00, 0x20, 0x40, 0x00, 0x00,
    0x00, 0x00, 0x00, 0x08, 0x00, 0x00, 0x88, 0x08, 0x00, 0x00, 0x00, 0x80, 0x14, 0x12, 0x89, 0x00,
    0x00, 0x20, 0x20, 0x00, 0x00, 0x60, 0x25, 0x92, 0x4A, 0x22, 0x09, 0x12, 0x22, 0x09, 0x02, 0x08,
    0x00, 0x4A, 0x04, 0x20, 0x40, 0x40, 0xA4, 0x50, 0x44, 0x00, 0x01, 0x00, 0x00, 0x04, 0x01, 0x00,
    0x00, 0x80, 0x00, 0x00, 0x00, 0x00, 0x00, 0x42, 0x00, 0x08, 0x20, 0x02, 0x40, 0x00, 0x00, 0x02,
    0x01, 0x00, 0x00, 0x20, 0x10, 0x11, 0x00, 0x00, 0x00, 0x00, 0x00, 0x00, 0x00, 0x00, 0x00, 0x81,
    0x40, 0x14, 0x04, 0x40, 0x00, 0x01, 0x01, 0x00, 0x00, 0x92, 0x84, 0x20, 0x09, 0x49, 0x81, 0x08,
    0x91, 0x50, 0x42, 0x62, 0x51, 0x22, 0x12, 0x09, 0x08, 0x12, 0xA8, 0x00, 0x48, 0x48, 0x02, 0x00,
    0x20, 0x10, 0x20, 0x00, 0x00, 0x00, 0x00, 0x00, 0x20, 0x20, 0x00, 0x20, 0x00, 0x00, 0x40, 0x00,
    0x10, 0x01, 0x00, 0x00, 0x02, 0x01, 0x00, 0x00, 0x80, 0x00, 0x00, 0x00, 0x00, 0x00, 0x01, 0x00,
    0x00, 0x01, 0x20, 0x14, 0x12, 0x0A, 0x00, 0x02, 0x90, 0x88, 0x00, 0x8C, 0x55, 0x51, 0x95, 0x48,
    0x92, 0x54, 0x44, 0x22, 0x89, 0x10, 0x20, 0x94, 0x00, 0x80, 0x00, 0x01, 0x44, 0x22, 0x82, 0x04,
    0x92, 0x40, 0x08, 0x00, 0x00, 0x00, 0x40, 0x04, 0x04, 0x00, 0x00, 0x01, 0x01, 0x00, 0x00, 0x40,
    0x00, 0x00, 0x08, 0x00, 0x00, 0x00, 0x00, 0x00, 0x00, 0x00, 0x00, 0x00, 0x00, 0x00, 0x40, 0x00,
    0x00, 0x08, 0x22, 0x00, 0x80, 0x14, 0x21, 0x49, 0x04, 0x00, 0x00, 0x00, 0x00, 0x00, 0xC0, 0xA4,
    0x28, 0x24, 0x92, 0x24, 0x22, 0x22, 0x08, 0x02, 0x00, 0x10, 0x2A, 0x80, 0x00, 0x40, 0x20, 0x28,
    0x41, 0x13, 0x42, 0x01, 0x08, 0x00, 0x04, 0x00, 0x04, 0x04, 0x00, 0x00, 0x00, 0x00, 0x00, 0x00,
    0x44, 0x04, 0x01, 0x02, 0x00, 0x00, 0x00, 0x08, 0x00, 0x00, 0x00, 0x00, 0x00, 0x00, 0x00, 0x00,
    0x00, 0x00, 0x00, 0x00, 0x00, 0x00, 0x11, 0x40, 0x02, 0x08, 0x14, 0x20, 0x00, 0x20, 0x92, 0x00,
    0x20, 0x40, 0x12, 0x85, 0x12, 0x41, 0x80, 0x00, 0x11, 0x91, 0x90, 0x24, 0x11, 0x45, 0x00, 0x24,
    0x09, 0x02, 0x92, 0x88, 0x04, 0x08, 0x20, 0x01, 0x40, 0x20, 0x02, 0x00, 0x00, 0x40, 0x20, 0x00,
    0x10, 0x00, 0x00, 0x00, 0x02, 0x08, 0x00, 0x11, 0x00, 0x01, 0x00, 0x10, 0x00, 0x00, 0x10, 0x01,
    0x01, 0x00, 0x80, 0x10, 0x01, 0x00, 0x11, 0x00, 0x00, 0x00, 0x20, 0x48, 0x82, 0x08, 0x51, 0x00,
    0x00, 0x40, 0x04, 0x00, 0x24, 0x55, 0x22, 0x89, 0x48, 0xAA, 0xAC, 0x48, 0x42, 0x24, 0x00, 0x10,
    0x29, 0x01, 0x40, 0x04, 0x10, 0x49, 0x04, 0x0A, 0x01, 0x09, 0x00, 0x00, 0x00, 0x10, 0x80, 0x20,
    0x00, 0x00, 0x24, 0x02, 0x04, 0x20, 0x00, 0x10, 0x00, 0x10, 0x00, 0x01, 0x00, 0x00, 0x01, 0x01,
    0x00, 0x00, 0x00, 0x00, 0x00, 0x08, 0x00, 0x00, 0x08, 0x00, 0x20, 0x00, 0x00, 0x10, 0x24, 0x50,
    0x24, 0x04, 0x00, 0x01, 0x08, 0x20, 0x00, 0xC0, 0xA4, 0x54, 0xA4, 0x24, 0x12, 0x42, 0x04, 0x10,
    0x02, 0x22, 0x4C, 0x12, 0x80, 0x80, 0x90, 0x80, 0x4A, 0x22, 0x35, 0x92, 0x04, 0x49, 0x02, 0x00,
    0x00, 0x00, 0x00, 0x12, 0x82, 0x00, 0x40, 0x20, 0x02, 0x40, 0x00, 0x00, 0x00, 0x00, 0x00, 0x10,
    0x01, 0x00, 0x00, 0x20, 0x00, 0x00, 0x00, 0x00, 0x00, 0x00, 0x08, 0x00, 0x00, 0x00, 0x00, 0x80,
    0x80, 0x02, 0x09, 0x14, 0x40, 0x01, 0x00, 0x20, 0x01, 0x00, 0x48, 0x12, 0x09, 0x12, 0x12, 0x21,
    0x11, 0x22, 0x25, 0x91, 0x04, 0x08, 0x92, 0x10, 0x10, 0x09, 0x42, 0x24, 0x09, 0x48, 0x08, 0x40,
    0x02, 0x00, 0x02, 0x01, 0x08, 0x00, 0x00, 0x00, 0x00, 0x00, 0x00, 0x00, 0x00, 0x00, 0x00, 0x00,
    0x00, 0x10, 0x00, 0x00, 0x00, 0x00, 0x00, 0x00, 0x08, 0x08, 0x01, 0x00, 0x00, 0x40, 0x00, 0x80,
    0x00, 0x02, 0x00, 0x48, 0x10, 0x84, 0x08, 0x00, 0x00, 0x90, 0x04, 0x00, 0x00, 0x00, 0xAB, 0x22,
    0x89, 0x48, 0x29, 0x89, 0x92, 0x80, 0x08, 0x90, 0x24, 0x49, 0x00, 0x44, 0x20, 0x10, 0x92, 0x00,
    0x90, 0x40, 0x20, 0x00, 0x00, 0x20, 0x00, 0x00, 0x04, 0x40, 0x10, 0x40, 0x00, 0x00, 0x00, 0x02,
    0x02, 0x20, 0x01, 0x00, 0x00, 0x00, 0x08, 0x20, 0x00, 0x00, 0x00, 0x00, 0x00, 0x40, 0x00, 0x00,
    0x00, 0x00, 0x00, 0x00, 0x10, 0x00, 0x04, 0x88, 0x48, 0x04, 0x08, 0x01, 0x00, 0xA0, 0x04, 0x04,
    0xC8, 0x94, 0x94, 0x20, 0x81, 0x84, 0x48, 0x04, 0x12, 0x00, 0x81, 0x24, 0x25, 0x80, 0x80, 0x12,
    0x01, 0x29, 0x21, 0x21, 0x03, 0x09, 0x01, 0x20, 0x00, 0x00, 0x80, 0x00, 0x00, 0x00, 0x04, 0x00,
    0x00, 0x00, 0x00, 0x10, 0x01, 0x10, 0x11, 0x00, 0x00, 0x00, 0x04, 0x02, 0x00, 0x01, 0x00, 0x00,
    0x00, 0x00, 0x00, 0x00, 0x80, 0x00, 0x04, 0x00, 0x04, 0x40, 0x22, 0x80, 0x44, 0x10, 0x12, 0x00,
    0x10, 0x00, 0x02, 0x00, 0x49, 0x09, 0x4C, 0x28, 0x24, 0x25, 0x49, 0x90, 0x24, 0x52, 0x88, 0x12,
    0x10, 0x20, 0x09, 0x82, 0x44, 0x02, 0x80, 0x24, 0x42, 0x48, 0x04, 0x80, 0x12, 0x00, 0x80, 0x00,
    0x00, 0x00, 0x22, 0x04, 0x10, 0x90, 0x00, 0x00, 0x00, 0x80, 0x80, 0x80, 0x00, 0x00, 0x00, 0x00,
    0x00, 0x00, 0x00, 0x00, 0x00, 0x11, 0x00, 0x00, 0x08, 0x00, 0x00, 0x00, 0x28, 0x01, 0x15, 0x10,
    0x00, 0x02, 0x00, 0x42, 0x22, 0x00, 0x90, 0xAA, 0xA4, 0x22, 0x45, 0x49, 0x88, 0x80, 0x44, 0x10,
    0x24, 0x04, 0x29, 0x00, 0x48, 0x44, 0x48, 0xAA, 0x40, 0x10, 0x1A, 0x24, 0x00, 0x80, 0x04, 0x00
};
