/** Font EditorFont, generated from fonts/FogSans-ddd.ttf - Do not edit manually **/

#include "font.h"
#include "target.h"
#include "object.h"

extern const unsigned char EditorFont_sparse_font_data[];
const unsigned char EditorFont_sparse_font_data[136069] FONT_QSPI =
{
    byte(object::ID_sparse_font) | 0x80, byte(uint(object::ID_sparse_font) >> 7),  0x80, 0xA7, 0x08, 0x48, 0x00, 0x01, 0x00, 0x3F, 0x01, 0x01, 0x00, 0x00, 0x0D, 0x01,
    0x00, 0x3F, 0x01, 0x01, 0x0B, 0x00, 0x20, 0x5F, 0x00, 0x3F, 0x01, 0x01, 0x0B, 0x00, 0x03, 0x12,
    0x07, 0x2D, 0x0D, 0xBF, 0xDF, 0xEF, 0xF7, 0xFB, 0xFD, 0x7E, 0xBF, 0xDF, 0xEF, 0xF7, 0xFB, 0xFD,
    0x7E, 0xBF, 0xDF, 0xEF, 0xF7, 0xFB, 0xFD, 0x7E, 0xBF, 0xDF, 0xEF, 0xF7, 0xFB, 0x01, 0x00, 0x00,
    0x00, 0x80, 0xE7, 0xFB, 0xFF, 0xFF, 0xFF, 0xFF, 0xDF, 0xEF, 0x03, 0x02, 0x12, 0x0F, 0x14, 0x15,
    0x1F, 0xFE, 0x0F, 0xFF, 0x87, 0xFF, 0xC3, 0xFF, 0xE1, 0xFF, 0xF0, 0x7F, 0xF8, 0x3F, 0xFC, 0x1F,
    0xFE, 0x0F, 0xFF, 0x07, 0xFF, 0x83, 0xFF, 0xC1, 0xFF, 0xE0, 0x7F, 0xF0, 0x3E, 0x78, 0x1F, 0xBC,
    0x0F, 0xDE, 0x07, 0xEF, 0x83, 0x07, 0x02, 0x12, 0x1D, 0x2E, 0x21, 0xF8, 0xE0, 0x01, 0x00, 0x1F,
    0x7C, 0x00, 0xE0, 0x83, 0x0F, 0x00, 0x78, 0xE0, 0x01, 0x00, 0x0F, 0x3C, 0x00, 0xE0, 0x81, 0x07,
    0x00, 0x7C, 0xF0, 0x01, 0x80, 0x0F, 0x3E, 0x00, 0xE0, 0x81, 0x07, 0x00, 0x3C, 0xF0, 0x00, 0x80,
    0x07, 0x1E, 0x00, 0xF0, 0xC0, 0x03, 0x00, 0x3E, 0xF8, 0x00, 0xFE, 0xFF, 0xFF, 0xC7, 0xFF, 0xFF,
    0xFF, 0xF8, 0xFF, 0xFF, 0x1F, 0xFF, 0xFF, 0xFF, 0xE3, 0xFF, 0xFF, 0x7F, 0xFC, 0xFF, 0xFF, 0x0F,
    0xC0, 0x03, 0x0F, 0x00, 0x78, 0xE0, 0x01, 0x00, 0x0F, 0x3C, 0x00, 0xE0, 0x83, 0x0F, 0x00, 0x7C,
    0xF0, 0x01, 0x00, 0x0F, 0x3C, 0x00, 0xE0, 0x81, 0x07, 0x00, 0x3C, 0xF0, 0x00, 0xFC, 0xFF, 0xFF,
    0x8F, 0xFF, 0xFF, 0xFF, 0xF1, 0xFF, 0xFF, 0x3F, 0xFE, 0xFF, 0xFF, 0xC7, 0xFF, 0xFF, 0xFF, 0xF8,
    0xFF, 0xFF, 0x1F, 0xC0, 0x07, 0x1F, 0x00, 0xF8, 0xE0, 0x03, 0x00, 0x1E, 0x78, 0x00, 0xC0, 0x03,
    0x0F, 0x00, 0x78, 0xE0, 0x01, 0x00, 0x1F, 0x3C, 0x00, 0xE0, 0x83, 0x0F, 0x00, 0x78, 0xF0, 0x01,
    0x00, 0x0F, 0x3C, 0x00, 0xE0, 0x81, 0x07, 0x00, 0x7C, 0xF0, 0x00, 0x80, 0x0F, 0x3E, 0x00, 0xE0,
    0xC1, 0x07, 0x02, 0x11, 0x17, 0x32, 0x1C, 0x00, 0x1E, 0x00, 0x00, 0x0F, 0x00, 0x80, 0x07, 0x00,
    0xE0, 0x07, 0x00, 0xFE, 0x1F, 0x80, 0xFF, 0x3F, 0xE0, 0xFF, 0x3F, 0xF8, 0xFF, 0x3F, 0xFE, 0xFF,
    0x3F, 0xFF, 0xFF, 0xDF, 0xFF, 0xFF, 0xCF, 0xCF, 0xE3, 0xCF, 0xE3, 0xE1, 0xC7, 0xF1, 0xF0, 0x43,
    0x78, 0xF8, 0x01, 0x3C, 0xFC, 0x00, 0x1E, 0x7F, 0x00, 0xCF, 0x3F, 0x80, 0xFF, 0x1F, 0xC0, 0xFF,
    0x07, 0xF8, 0xFF, 0x03, 0xFF, 0xFF, 0xC0, 0xFF, 0x3F, 0xF0, 0xFF, 0x0F, 0xFC, 0xFF, 0x03, 0xFF,
    0x3F, 0x80, 0xFF, 0x07, 0xC0, 0xFF, 0x03, 0xF0, 0xEF, 0x01, 0xF8, 0xF3, 0x00, 0xFC, 0x78, 0x00,
    0x7E, 0x3C, 0x00, 0x3F, 0x1E, 0x88, 0x1F, 0x0F, 0xCE, 0x8F, 0x87, 0xEF, 0xCF, 0xE3, 0xEF, 0xFF,
    0xFF, 0xF7, 0xFF, 0xFF, 0xFB, 0xFF, 0xFF, 0xF8, 0xFF, 0x3F, 0xF8, 0xFF, 0x0F, 0xF8, 0xFF, 0x03,
    0xF8, 0x7F, 0x00, 0xE0, 0x0F, 0x00, 0xE0, 0x01, 0x00, 0xF0, 0x00, 0x00, 0x78, 0x00, 0x00, 0x3C,
    0x00, 0x00, 0x1E, 0x00, 0x00, 0x0F, 0x00, 0x02, 0x10, 0x2D, 0x31, 0x31, 0x00, 0xF8, 0x01, 0x00,
    0x00, 0x00, 0x00, 0x3E, 0x00, 0xC0, 0x0F, 0x00, 0xC0, 0x0F, 0x00, 0xFE, 0x07, 0x00, 0xF8, 0x01,
    0xE0, 0xFF, 0x01, 0x00, 0x3E, 0x00, 0xFE, 0x7F, 0x00, 0xC0, 0x0F, 0xC0, 0xFF, 0x0F, 0x00, 0xF8,
    0x01, 0xFC, 0xFF, 0x03, 0x00, 0x3E, 0x80, 0x3F, 0x7E, 0x00, 0xC0, 0x0F, 0xF0, 0xC3, 0x0F, 0x00,
    0xF8, 0x01, 0x7E, 0xF0, 0x01, 0x00, 0x3E, 0xE0, 0x07, 0x7E, 0x00, 0xC0, 0x0F, 0xFC, 0xC0, 0x0F,
    0x00, 0xF0, 0x81, 0x1F, 0xF8, 0x01, 0x00, 0x7E, 0xF0, 0x03, 0x3F, 0x00, 0xC0, 0x0F, 0x7E, 0xE0,
    0x07, 0x00, 0xF0, 0xC1, 0x0F, 0xFC, 0x00, 0x00, 0x7E, 0xF8, 0x81, 0x1F, 0x00, 0xC0, 0x0F, 0x3F,
    0xF0, 0x03, 0x00, 0xF0, 0xE1, 0x07, 0x7E, 0xE0, 0x07, 0x7E, 0xFC, 0xC0, 0x0F, 0xFF, 0xC3, 0x8F,
    0x1F, 0xF8, 0xF1, 0xFF, 0xF0, 0xE1, 0x07, 0x1F, 0xFF, 0x3F, 0x7E, 0xFC, 0xF0, 0xE3, 0xFF, 0xC7,
    0x8F, 0x3F, 0x7F, 0xFE, 0xFF, 0xF1, 0xF1, 0xFF, 0xCF, 0x9F, 0x3F, 0x7E, 0xFC, 0xFF, 0xF8, 0xE1,
    0xC7, 0x8F, 0xFF, 0x0F, 0x1F, 0xF8, 0xF1, 0xE1, 0xFF, 0xF1, 0x03, 0x3F, 0x7E, 0xF8, 0x1F, 0x7E,
    0xE0, 0xC7, 0x0F, 0xFC, 0xC0, 0x0F, 0xFC, 0xF0, 0x01, 0x00, 0xF8, 0x81, 0x1F, 0x7E, 0x00, 0x00,
    0x3F, 0xF0, 0x83, 0x0F, 0x00, 0xE0, 0x07, 0x7E, 0xF0, 0x03, 0x00, 0xFC, 0xC0, 0x0F, 0x7E, 0x00,
    0x80, 0x1F, 0xF8, 0x81, 0x0F, 0x00, 0xF0, 0x03, 0x3F, 0xF0, 0x03, 0x00, 0x7E, 0xE0, 0x07, 0x7E,
    0x00, 0xC0, 0x0F, 0xFC, 0x80, 0x0F, 0x00, 0xF0, 0x83, 0x0F, 0xF0, 0x03, 0x00, 0x7E, 0xF8, 0x01,
    0x7E, 0x00, 0xC0, 0x9F, 0x3F, 0x80, 0x0F, 0x00, 0xF0, 0xFF, 0x07, 0xF0, 0x03, 0x00, 0xFE, 0x7F,
    0x00, 0x7E, 0x00, 0x80, 0xFF, 0x07, 0x80, 0x0F, 0x00, 0xF0, 0xFF, 0x00, 0xF0, 0x03, 0x00, 0xFC,
    0x0F, 0x00, 0x7E, 0x00, 0x00, 0x7E, 0x00, 0x80, 0x0F, 0x00, 0x00, 0x00, 0x00, 0xF0, 0x03, 0x00,
    0x02, 0x11, 0x1D, 0x2F, 0x20, 0x00, 0xE0, 0x0F, 0x00, 0x00, 0xFF, 0x07, 0x00, 0xF0, 0xFF, 0x01,
    0x00, 0xFF, 0x7F, 0x00, 0xE0, 0xFF, 0x1F, 0x00, 0xFC, 0xFF, 0x03, 0xC0, 0x1F, 0xFE, 0x00, 0xF8,
    0xC1, 0x1F, 0x00, 0x3F, 0xF0, 0x03, 0xE0, 0x07, 0x7E, 0x00, 0xFC, 0xC0, 0x0F, 0x80, 0x1F, 0xF8,
    0x01, 0xF0, 0x07, 0x3F, 0x00, 0xFC, 0xF1, 0x07, 0x80, 0x7F, 0x7E, 0x00, 0xE0, 0xEF, 0x0F, 0x00,
    0xFC, 0xFF, 0x01, 0x00, 0xFF, 0x1F, 0x00, 0xC0, 0xFF, 0x03, 0x00, 0xF8, 0x3F, 0x00, 0x00, 0xFE,
    0x07, 0x00, 0x80, 0xFF, 0x01, 0x00, 0xF0, 0x7F, 0x00, 0x00, 0xFF, 0x1F, 0x20, 0xE0, 0xFF, 0x83,
    0x07, 0xFE, 0xFF, 0xF8, 0xE1, 0xDF, 0x3F, 0x3F, 0xFC, 0xF1, 0xC7, 0xC7, 0x3F, 0xFC, 0xF8, 0xF8,
    0x83, 0x3F, 0xBF, 0x7F, 0xE0, 0xE7, 0xFF, 0x07, 0xFC, 0xF8, 0x7F, 0x80, 0x1F, 0xFF, 0x0F, 0xF0,
    0xC3, 0xFF, 0x00, 0x7E, 0xF8, 0x1F, 0xC0, 0x0F, 0xFE, 0x01, 0xF8, 0xC1, 0x1F, 0x80, 0x3F, 0xFC,
    0x07, 0xF8, 0x83, 0xFF, 0x83, 0x7F, 0xF8, 0xFF, 0xFF, 0x0F, 0xFF, 0xFF, 0xFF, 0xF0, 0xFF, 0xFF,
    0x1F, 0xFF, 0xFF, 0xFF, 0xE1, 0x8F, 0xFF, 0x1F, 0xFE, 0xE1, 0xFF, 0x00, 0x00, 0xF0, 0x07, 0x00,
    0x03, 0x12, 0x06, 0x14, 0x0C, 0xFF, 0xFF, 0xFF, 0xFF, 0xFF, 0x7F, 0xDF, 0xF7, 0x7D, 0xDF, 0xF7,
    0x7D, 0x9F, 0xE7, 0x79, 0x02, 0x10, 0x10, 0x32, 0x13, 0x7F, 0x00, 0xFE, 0x00, 0xFC, 0x00, 0xF8,
    0x01, 0xF8, 0x03, 0xF0, 0x03, 0xE0, 0x07, 0xE0, 0x0F, 0xC0, 0x0F, 0xC0, 0x1F, 0x80, 0x1F, 0x80,
    0x1F, 0x00, 0x3F, 0x00, 0x3F, 0x00, 0x7F, 0x00, 0x7E, 0x00, 0x7E, 0x00, 0x7E, 0x00, 0x7E, 0x00,
    0xFC, 0x00, 0xFC, 0x00, 0xFC, 0x00, 0xFC, 0x00, 0xFC, 0x00, 0xFC, 0x00, 0xFC, 0x00, 0xFC, 0x00,
    0xFC, 0x00, 0xFC, 0x00, 0xFC, 0x00, 0xFC, 0x00, 0x7E, 0x00, 0x7E, 0x00, 0x7E, 0x00, 0x7E, 0x00,
    0x7F, 0x00, 0x3F, 0x00, 0x3F, 0x80, 0x1F, 0x80, 0x1F, 0xC0, 0x1F, 0xC0, 0x0F, 0xE0, 0x0F, 0xE0,
    0x07, 0xF0, 0x03, 0xF8, 0x03, 0xFC, 0x01, 0xFC, 0x00, 0xFE, 0x00, 0x7F, 0x00, 0x03, 0x10, 0x10,
    0x32, 0x16, 0x00, 0xFE, 0x00, 0x7F, 0x00, 0x3F, 0x80, 0x1F, 0xC0, 0x1F, 0xC0, 0x0F, 0xE0, 0x07,
    0xF0, 0x07, 0xF0, 0x03, 0xF8, 0x03, 0xF8, 0x01, 0xF8, 0x01, 0xFC, 0x00, 0xFC, 0x00, 0xFC, 0x00,
    0x7E, 0x00, 0x7E, 0x00, 0x7E, 0x00, 0x7E, 0x00, 0x3F, 0x00, 0x3F, 0x00, 0x3F, 0x00, 0x3F, 0x00,
    0x3F, 0x00, 0x3F, 0x00, 0x3F, 0x00, 0x3F, 0x00, 0x3F, 0x00, 0x3F, 0x00, 0x3F, 0x00, 0x3F, 0x00,
    0x7E, 0x00, 0x7E, 0x00, 0x7E, 0x00, 0x7E, 0x00, 0xFC, 0x00, 0xFC, 0x00, 0xFC, 0x00, 0xF8, 0x01,
    0xF8, 0x01, 0xF8, 0x03, 0xF0, 0x03, 0xF0, 0x07, 0xE0, 0x07, 0xC0, 0x0F, 0xC0, 0x1F, 0x80, 0x1F,
    0x00, 0x3F, 0x00, 0x7F, 0x00, 0xFE, 0x00, 0x0E, 0x14, 0x19, 0x14, 0x00, 0x0F, 0x00, 0xF0, 0x00,
    0x00, 0x0F, 0x40, 0xF0, 0x20, 0x0C, 0x0F, 0xE3, 0xF1, 0x78, 0x3E, 0xCF, 0xF7, 0xF7, 0xFE, 0xFE,
    0xFF, 0xC7, 0xFF, 0x3F, 0xF0, 0xFF, 0x00, 0xFE, 0x07, 0x80, 0x1F, 0x00, 0xFE, 0x07, 0xF0, 0xFF,
    0xC0, 0xFF, 0x3F, 0xFE, 0xFF, 0xF7, 0xF7, 0xFE, 0x3E, 0xCF, 0xE7, 0xF1, 0x78, 0x0C, 0x0F, 0x43,
    0xF0, 0x20, 0x00, 0x0F, 0x00, 0xF0, 0x00, 0x00, 0x0F, 0x00, 0x03, 0x19, 0x1A, 0x26, 0x20, 0x00,
    0x7C, 0x00, 0x00, 0xF0, 0x01, 0x00, 0xC0, 0x07, 0x00, 0x00, 0x1F, 0x00, 0x00, 0x7C, 0x00, 0x00,
    0xF0, 0x01, 0x00, 0xC0, 0x07, 0x00, 0x00, 0x1F, 0x00, 0x00, 0x7C, 0x00, 0x00, 0xF0, 0x01, 0x00,
    0xC0, 0x07, 0x00, 0x00, 0x1F, 0x00, 0x00, 0x7C, 0x00, 0x00, 0xF0, 0x01, 0x00, 0xC0, 0x07, 0x00,
    0x00, 0x1F, 0x00, 0xFF, 0xFF, 0xFF, 0xFF, 0xFF, 0xFF, 0xFF, 0xFF, 0xFF, 0xFF, 0xFF, 0xFF, 0xFF,
    0xFF, 0xFF, 0xFF, 0xFF, 0xFF, 0xFF, 0xFF, 0xFF, 0xFF, 0x3F, 0x00, 0x1F, 0x00, 0x00, 0x7C, 0x00,
    0x00, 0xF0, 0x01, 0x00, 0xC0, 0x07, 0x00, 0x00, 0x1F, 0x00, 0x00, 0x7C, 0x00, 0x00, 0xF0, 0x01,
    0x00, 0xC0, 0x07, 0x00, 0x00, 0x1F, 0x00, 0x00, 0x7C, 0x00, 0x00, 0xF0, 0x01, 0x00, 0xC0, 0x07,
    0x00, 0x00, 0x1F, 0x00, 0x00, 0x7C, 0x00, 0x00, 0xF0, 0x01, 0x00, 0x03, 0x36, 0x07, 0x13, 0x0D,
    0x1C, 0xDF, 0xFF, 0xFF, 0xFF, 0xFF, 0xFF, 0xBF, 0xDF, 0xC3, 0xE1, 0xF1, 0x78, 0x38, 0x3C, 0x1E,
    0x0E, 0x02, 0x29, 0x0E, 0x08, 0x12, 0xFF, 0xFF, 0xFF, 0xFF, 0xFF, 0xFF, 0xFF, 0xFF, 0xFF, 0xFF,
    0xFF, 0xFF, 0xFF, 0xFF, 0x03, 0x35, 0x07, 0x0A, 0x0D, 0x3C, 0xDF, 0xFF, 0xFF, 0xFF, 0xFF, 0xFF,
    0x3E, 0x1E, 0x00, 0x0E, 0x14, 0x3B, 0x17, 0x1F, 0x00, 0xF0, 0x01, 0x00, 0x1F, 0x00, 0xF0, 0x01,
    0x00, 0x3F, 0x00, 0xF0, 0x03, 0x00, 0x3E, 0x00, 0xE0, 0x07, 0x00, 0x7E, 0x00, 0xE0, 0x07, 0x00,
    0x7C, 0x00, 0xC0, 0x0F, 0x00, 0xFC, 0x00, 0xC0, 0x0F, 0x00, 0xF8, 0x00, 0x80, 0x1F, 0x00, 0xF8,
    0x01, 0x80, 0x1F, 0x00, 0xF0, 0x01, 0x00, 0x3F, 0x00, 0xF0, 0x03, 0x00, 0x3F, 0x00, 0xE0, 0x07,
    0x00, 0x7E, 0x00, 0xE0, 0x07, 0x00, 0x7C, 0x00, 0xC0, 0x0F, 0x00, 0xFC, 0x00, 0xC0, 0x0F, 0x00,
    0xF8, 0x00, 0x80, 0x1F, 0x00, 0xF8, 0x01, 0x80, 0x1F, 0x00, 0xF0, 0x01, 0x00, 0x3F, 0x00, 0xF0,
    0x03, 0x00, 0x3F, 0x00, 0xE0, 0x07, 0x00, 0x7E, 0x00, 0xE0, 0x07, 0x00, 0x7C, 0x00, 0xC0, 0x0F,
    0x00, 0xFC, 0x00, 0xC0, 0x0F, 0x00, 0xF8, 0x00, 0x80, 0x1F, 0x00, 0xF8, 0x01, 0x80, 0x1F, 0x00,
    0xF0, 0x01, 0x00, 0x3F, 0x00, 0xF0, 0x03, 0x00, 0x3F, 0x00, 0xE0, 0x07, 0x00, 0x7E, 0x00, 0xE0,
    0x07, 0x00, 0x7E, 0x00, 0xC0, 0x0F, 0x00, 0xFC, 0x00, 0xC0, 0x0F, 0x02, 0x11, 0x18, 0x2F, 0x1C,
    0x00, 0x7E, 0x00, 0xC0, 0xFF, 0x03, 0xE0, 0xFF, 0x07, 0xF0, 0xFF, 0x0F, 0xF0, 0xFF, 0x0F, 0xF8,
    0xFF, 0x1F, 0xFC, 0xFF, 0x3F, 0xFC, 0xFF, 0x3F, 0xFC, 0xC3, 0x3F, 0xFE, 0x81, 0x7F, 0xFE, 0x00,
    0x7F, 0xFE, 0x00, 0x7E, 0x7E, 0x00, 0x7E, 0x7E, 0x00, 0x7E, 0x7E, 0x00, 0xFE, 0x7F, 0x00, 0xFC,
    0x3F, 0x00, 0xFC, 0x3F, 0x00, 0xFC, 0x3F, 0x00, 0xFC, 0x3F, 0x00, 0xFC, 0x3F, 0x00, 0xFC, 0x3F,
    0x00, 0xFC, 0x3F, 0x00, 0xFC, 0x3F, 0x00, 0xFC, 0x3F, 0x00, 0xFC, 0x3F, 0x00, 0xFC, 0x3F, 0x00,
    0xFC, 0x3F, 0x00, 0xFC, 0x3F, 0x00, 0xFC, 0x3F, 0x00, 0xFC, 0x3F, 0x00, 0xFC, 0x7F, 0x00, 0xFE,
    0x7E, 0x00, 0xFE, 0x7E, 0x00, 0x7E, 0x7E, 0x00, 0x7E, 0xFE, 0x00, 0x7E, 0xFE, 0x00, 0x7F, 0xFC,
    0x81, 0x7F, 0xFC, 0xC3, 0x3F, 0xFC, 0xFF, 0x3F, 0xF8, 0xFF, 0x1F, 0xF8, 0xFF, 0x1F, 0xF0, 0xFF,
    0x0F, 0xF0, 0xFF, 0x0F, 0xE0, 0xFF, 0x07, 0xC0, 0xFF, 0x03, 0x00, 0x7E, 0x00, 0x05, 0x12, 0x0E,
    0x2D, 0x1C, 0x1F, 0xC0, 0x07, 0xF0, 0x01, 0x7C, 0x00, 0x3F, 0xC0, 0x0F, 0xF0, 0x07, 0xFC, 0x03,
    0xFF, 0xC3, 0xFF, 0xFF, 0xFF, 0xFF, 0xFF, 0xFF, 0xFF, 0xFF, 0xFF, 0xFF, 0xFF, 0x00, 0x3F, 0xC0,
    0x0F, 0xF0, 0x03, 0xFC, 0x00, 0x3F, 0xC0, 0x0F, 0xF0, 0x03, 0xFC, 0x00, 0x3F, 0xC0, 0x0F, 0xF0,
    0x03, 0xFC, 0x00, 0x3F, 0xC0, 0x0F, 0xF0, 0x03, 0xFC, 0x00, 0x3F, 0xC0, 0x0F, 0xF0, 0x03, 0xFC,
    0x00, 0x3F, 0xC0, 0x0F, 0xF0, 0x03, 0xFC, 0x00, 0x3F, 0xC0, 0x0F, 0xF0, 0x03, 0xFC, 0x00, 0x3F,
    0x00, 0x02, 0x11, 0x17, 0x2E, 0x1B, 0x00, 0xFE, 0x00, 0xC0, 0xFF, 0x01, 0xF8, 0xFF, 0x03, 0xFC,
    0xFF, 0x01, 0xFF, 0xFF, 0xC1, 0xFF, 0xFF, 0xE1, 0xFF, 0xFF, 0xF0, 0xFF, 0xFF, 0xFC, 0xC3, 0x3F,
    0xFE, 0x80, 0x0F, 0x3F, 0xC0, 0x83, 0x1F, 0xC0, 0xC0, 0x0F, 0x00, 0xE0, 0x07, 0x00, 0xF0, 0x03,
    0x00, 0xF8, 0x01, 0x00, 0xFC, 0x00, 0x00, 0xFE, 0x00, 0x00, 0x7E, 0x00, 0x00, 0x7F, 0x00, 0x80,
    0x3F, 0x00, 0x80, 0x3F, 0x00, 0xC0, 0x1F, 0x00, 0xE0, 0x1F, 0x00, 0xE0, 0x0F, 0x00, 0xF0, 0x0F,
    0x00, 0xF0, 0x0F, 0x00, 0xF0, 0x07, 0x00, 0xF8, 0x07, 0x00, 0xF8, 0x07, 0x00, 0xF8, 0x07, 0x00,
    0xFC, 0x03, 0x00, 0xFC, 0x03, 0x00, 0xFC, 0x03, 0x00, 0xFC, 0x03, 0x00, 0xFE, 0x01, 0x00, 0xFE,
    0x01, 0x00, 0xFE, 0xFD, 0xFF, 0xFF, 0xFF, 0xFF, 0xFF, 0xFF, 0xFF, 0xFF, 0xFF, 0xFF, 0xFF, 0xFF,
    0xFF, 0xFF, 0xFF, 0xFF, 0xFF, 0xFF, 0xFF, 0xFF, 0xFF, 0xFF, 0x03, 0x01, 0x11, 0x16, 0x2F, 0x1B,
    0x00, 0x7F, 0x00, 0xF0, 0x7F, 0x00, 0xFF, 0x7F, 0xE0, 0xFF, 0x3F, 0xF8, 0xFF, 0x1F, 0xFF, 0xFF,
    0xC7, 0xFF, 0xFF, 0xFB, 0xFF, 0x7F, 0xFE, 0xC1, 0x8F, 0x3F, 0xE0, 0xE3, 0x07, 0x70, 0xF8, 0x01,
    0x08, 0x7E, 0x00, 0x80, 0x1F, 0x00, 0xE0, 0x07, 0x00, 0xF0, 0x01, 0x00, 0xFC, 0x00, 0x00, 0x7F,
    0x00, 0x80, 0x3F, 0x00, 0xE0, 0xFF, 0x01, 0xF0, 0x7F, 0x00, 0xF0, 0x1F, 0x00, 0xFC, 0x07, 0xC0,
    0xFF, 0x01, 0xF8, 0x7F, 0x00, 0xFF, 0x1F, 0xC0, 0xFF, 0x07, 0xF8, 0x07, 0x00, 0xFE, 0x00, 0xC0,
    0x1F, 0x00, 0xF0, 0x03, 0x00, 0xFC, 0x00, 0x00, 0x3F, 0x00, 0xC0, 0x0F, 0x00, 0xF0, 0x03, 0x00,
    0xFC, 0x00, 0x08, 0x7F, 0x00, 0xC7, 0x1F, 0xE0, 0xE3, 0x1F, 0xFC, 0xF9, 0xFF, 0xFF, 0xFE, 0xFF,
    0x3F, 0xFF, 0xFF, 0xCF, 0xFF, 0xFF, 0xE1, 0xFF, 0x3F, 0xF0, 0xFF, 0x07, 0xF8, 0xFF, 0x00, 0xF0,
    0x07, 0x00, 0x01, 0x12, 0x1A, 0x2E, 0x1D, 0xF0, 0x03, 0x00, 0xC0, 0x1F, 0x00, 0x00, 0x7F, 0x00,
    0x00, 0xFC, 0x03, 0x00, 0xF0, 0x1F, 0x00, 0xC0, 0x7F, 0x00, 0x00, 0xFF, 0x03, 0x00, 0xFC, 0x0F,
    0x00, 0xF0, 0x7F, 0x00, 0xC0, 0xFF, 0x01, 0x00, 0xFF, 0x0F, 0x00, 0xFC, 0x3F, 0x00, 0xF0, 0xFF,
    0x01, 0xC0, 0xEF, 0x07, 0x00, 0xBF, 0x3F, 0x00, 0xFC, 0xFC, 0x00, 0xF0, 0xF3, 0x07, 0xC0, 0x8F,
    0x3F, 0x00, 0x3F, 0xFE, 0x00, 0xFC, 0xF0, 0x07, 0xF0, 0xC3, 0x1F, 0xC0, 0x0F, 0xFE, 0x00, 0x3F,
    0xF0, 0x03, 0xFC, 0xC0, 0x1F, 0xF0, 0x03, 0x7E, 0xC0, 0x0F, 0xF8, 0x03, 0x3F, 0xC0, 0x0F, 0xFC,
    0x00, 0x7F, 0xF0, 0x03, 0xF8, 0xC3, 0x0F, 0xE0, 0xFF, 0xFF, 0xFF, 0xFF, 0xFF, 0xFF, 0xFF, 0xFF,
    0xFF, 0xFF, 0xFF, 0xFF, 0xFF, 0xFF, 0xFF, 0xFF, 0xFF, 0xFF, 0xFF, 0xFF, 0xFF, 0xFF, 0xFF, 0xFF,
    0xFF, 0xFF, 0x0F, 0x3F, 0x00, 0x00, 0xFC, 0x00, 0x00, 0xF0, 0x03, 0x00, 0xC0, 0x0F, 0x00, 0x00,
    0x3F, 0x00, 0x00, 0xFC, 0x00, 0x00, 0xF0, 0x03, 0x00, 0xC0, 0x0F, 0x00, 0x00, 0x00, 0x12, 0x17,
    0x2D, 0x1A, 0xFC, 0xFF, 0x0F, 0xFE, 0xFF, 0x07, 0xFF, 0xFF, 0x83, 0xFF, 0xFF, 0xC1, 0xFF, 0xFF,
    0xE0, 0xFF, 0x7F, 0xF0, 0xFF, 0x3F, 0xF8, 0xFF, 0x1F, 0x00, 0x80, 0x0F, 0x00, 0xC0, 0x07, 0x00,
    0xE0, 0x03, 0x00, 0xF0, 0x01, 0x00, 0xF8, 0x01, 0x00, 0xFC, 0x00, 0x00, 0x7E, 0x00, 0x7F, 0x3F,
    0xE0, 0xFF, 0x1F, 0xF8, 0xFF, 0x0F, 0xFE, 0xFF, 0x87, 0xFF, 0xFF, 0xC3, 0xFF, 0xFF, 0xF1, 0xFF,
    0xFF, 0xF8, 0xFF, 0x7F, 0xFC, 0x07, 0x3F, 0xFE, 0x00, 0x9F, 0x3F, 0x00, 0xC0, 0x1F, 0x00, 0xE0,
    0x07, 0x00, 0xF0, 0x03, 0x00, 0xF8, 0x01, 0x00, 0xFC, 0x00, 0x00, 0x7E, 0x00, 0x00, 0x3F, 0x00,
    0x80, 0x1F, 0x00, 0xC0, 0x1F, 0x00, 0xC1, 0x0F, 0xC0, 0xE1, 0x0F, 0xF0, 0xF1, 0x1F, 0xFC, 0xF9,
    0xFF, 0xFF, 0xF9, 0xFF, 0xFF, 0xF8, 0xFF, 0x3F, 0xFC, 0xFF, 0x1F, 0xFC, 0xFF, 0x07, 0xF8, 0xFF,
    0x00, 0xF0, 0x1F, 0x00, 0x02, 0x11, 0x17, 0x2F, 0x1B, 0xC0, 0x1F, 0x00, 0xF8, 0x3F, 0x00, 0xFF,
    0x7F, 0xC0, 0xFF, 0x7F, 0xC0, 0xFF, 0x3F, 0xE0, 0xFF, 0x3F, 0xF0, 0xFF, 0x3F, 0xF0, 0xFF, 0x1F,
    0xF8, 0xE0, 0x1F, 0x18, 0xE0, 0x0F, 0x04, 0xE0, 0x07, 0x00, 0xF0, 0x07, 0x00, 0xF0, 0x03, 0x00,
    0xF8, 0x01, 0x00, 0xFC, 0x00, 0x00, 0x7E, 0x80, 0x1F, 0x3E, 0xF0, 0x3F, 0x3F, 0xFC, 0xBF, 0x1F,
    0xFF, 0xFF, 0xCF, 0xFF, 0xFF, 0xE7, 0xFF, 0xFF, 0xFB, 0xFF, 0xFF, 0xFD, 0xFF, 0xFF, 0xFE, 0xC1,
    0x7F, 0x7F, 0x80, 0xFF, 0x1F, 0x80, 0xFF, 0x0F, 0xC0, 0xFF, 0x03, 0xE0, 0xFF, 0x01, 0xF0, 0xFF,
    0x00, 0xF8, 0x7F, 0x00, 0xFC, 0x3F, 0x00, 0xFE, 0x1F, 0x00, 0xFF, 0x0F, 0xC0, 0xEF, 0x0F, 0xE0,
    0xF7, 0x07, 0xF0, 0xF3, 0x07, 0xFC, 0xF9, 0x87, 0x7F, 0xFC, 0xFF, 0x3F, 0xFC, 0xFF, 0x1F, 0xFE,
    0xFF, 0x07, 0xFE, 0xFF, 0x01, 0xFE, 0xFF, 0x00, 0xFE, 0x3F, 0x00, 0xFE, 0x0F, 0x00, 0xFC, 0x01,
    0x00, 0x02, 0x12, 0x18, 0x2D, 0x1D, 0xFF, 0xFF, 0xFF, 0xFF, 0xFF, 0xFF, 0xFF, 0xFF, 0xFF, 0xFF,
    0xFF, 0xFF, 0xFF, 0xFF, 0xFF, 0xFF, 0xFF, 0xFF, 0xFF, 0xFF, 0xFF, 0xFE, 0xFF, 0xFF, 0xFE, 0x00,
    0x00, 0xFE, 0x00, 0x00, 0xFC, 0x00, 0x00, 0xFC, 0x01, 0x00, 0xFC, 0x01, 0x00, 0xFC, 0x01, 0x00,
    0xF8, 0x03, 0x00, 0xF8, 0x03, 0x00, 0xF8, 0x03, 0x00, 0xF0, 0x07, 0x00, 0xF0, 0x07, 0x00, 0xF0,
    0x07, 0x00, 0xE0, 0x0F, 0x00, 0xE0, 0x0F, 0x00, 0xE0, 0x0F, 0x00, 0xC0, 0x1F, 0x00, 0xC0, 0x1F,
    0x00, 0xC0, 0x1F, 0x00, 0xC0, 0x3F, 0x00, 0x80, 0x3F, 0x00, 0x80, 0x3F, 0x00, 0x80, 0x3F, 0x00,
    0x00, 0x7F, 0x00, 0x00, 0x7F, 0x00, 0x00, 0x7F, 0x00, 0x00, 0xFE, 0x00, 0x00, 0xFE, 0x00, 0x00,
    0xFE, 0x00, 0x00, 0xFC, 0x01, 0x00, 0xFC, 0x01, 0x00, 0xFC, 0x01, 0x00, 0xF8, 0x03, 0x00, 0xF8,
    0x03, 0x00, 0xF8, 0x03, 0x00, 0xF8, 0x07, 0x00, 0xF0, 0x07, 0x00, 0xF0, 0x07, 0x02, 0x11, 0x17,
    0x2F, 0x1B, 0x80, 0x7F, 0x00, 0xF0, 0xFF, 0x00, 0xFC, 0xFF, 0x00, 0xFF, 0xFF, 0xC0, 0xFF, 0xFF,
    0xF0, 0xFF, 0xFF, 0xF8, 0xFF, 0x7F, 0xFC, 0x83, 0x3F, 0x7F, 0x80, 0xBF, 0x3F, 0x80, 0xDF, 0x0F,
    0xC0, 0xEF, 0x07, 0xE0, 0xF7, 0x03, 0xF0, 0xFB, 0x01, 0xF8, 0xFD, 0x01, 0xFC, 0xFC, 0x00, 0x7F,
    0xFE, 0xC0, 0x1F, 0xFF, 0xF0, 0x0F, 0xFF, 0xFD, 0x07, 0xFF, 0xFF, 0x01, 0xFF, 0x7F, 0x00, 0xFF,
    0x1F, 0x00, 0xFF, 0x0F, 0xE0, 0xFF, 0x0F, 0xF8, 0xFF, 0x0F, 0xFE, 0xFF, 0x0F, 0xFF, 0xF8, 0xC7,
    0x3F, 0xF8, 0xE7, 0x0F, 0xF8, 0xF3, 0x03, 0xF8, 0xFF, 0x01, 0xFC, 0x7F, 0x00, 0xFC, 0x3F, 0x00,
    0xFE, 0x1F, 0x00, 0xFF, 0x0F, 0x80, 0xFF, 0x07, 0xC0, 0xFF, 0x03, 0xE0, 0xFF, 0x03, 0xF8, 0xFB,
    0x03, 0xFC, 0xFD, 0x83, 0x7F, 0xFE, 0xFF, 0x3F, 0xFE, 0xFF, 0x1F, 0xFF, 0xFF, 0x07, 0xFF, 0xFF,
    0x01, 0xFF, 0x7F, 0x00, 0xFF, 0x1F, 0x00, 0xFC, 0x01, 0x00, 0x02, 0x11, 0x17, 0x2F, 0x1B, 0x00,
    0x7E, 0x00, 0xE0, 0xFF, 0x00, 0xF8, 0xFF, 0x00, 0xFE, 0xFF, 0x00, 0xFF, 0xFF, 0xC0, 0xFF, 0xFF,
    0xF0, 0xFF, 0x7F, 0xF8, 0xFF, 0x7F, 0xFC, 0xC3, 0x3F, 0x7F, 0xC0, 0x9F, 0x3F, 0xC0, 0xDF, 0x0F,
    0xE0, 0xEF, 0x07, 0xE0, 0xF7, 0x03, 0xF0, 0xFF, 0x00, 0xF8, 0x7F, 0x00, 0xFC, 0x3F, 0x00, 0xFE,
    0x1F, 0x00, 0xFF, 0x0F, 0x80, 0xFF, 0x07, 0xE0, 0xFF, 0x03, 0xF0, 0xFF, 0x03, 0xFC, 0xFD, 0x07,
    0xFF, 0xFE, 0xFF, 0x7F, 0xFF, 0xFF, 0xBF, 0xFF, 0xFF, 0xCF, 0xFF, 0xFF, 0xE7, 0xFF, 0xFF, 0xF1,
    0xFB, 0x7F, 0xF8, 0xF9, 0x1F, 0xF8, 0xF0, 0x03, 0xFC, 0x00, 0x00, 0x7E, 0x00, 0x00, 0x3F, 0x00,
    0x80, 0x1F, 0x00, 0x80, 0x1F, 0x00, 0xC0, 0x0F, 0x00, 0xE0, 0x0F, 0x30, 0xE0, 0x1F, 0x3C, 0xF0,
    0xFF, 0x1F, 0xF8, 0xFF, 0x1F, 0xF8, 0xFF, 0x0F, 0xFC, 0xFF, 0x0F, 0xFC, 0xFF, 0x07, 0xFC, 0xFF,
    0x01, 0xFC, 0x7F, 0x00, 0xF0, 0x07, 0x00, 0x03, 0x1D, 0x07, 0x22, 0x0D, 0x3C, 0xDF, 0xFF, 0xFF,
    0xFF, 0xFF, 0xFF, 0x3E, 0x1E, 0x00, 0x00, 0x00, 0x00, 0x00, 0x00, 0x00, 0x00, 0x00, 0x00, 0x00,
    0x00, 0x3C, 0xDF, 0xFF, 0xFF, 0xFF, 0xFF, 0xFF, 0x3E, 0x1E, 0x03, 0x1E, 0x07, 0x2B, 0x0D, 0x3C,
    0xDF, 0xFF, 0xFF, 0xFF, 0xFF, 0xFF, 0x3E, 0x1E, 0x00, 0x00, 0x00, 0x00, 0x00, 0x00, 0x00, 0x00,
    0x00, 0x00, 0x00, 0x00, 0x1C, 0xDF, 0xFF, 0xFF, 0xFF, 0xFF, 0xFF, 0xBF, 0xDF, 0xC3, 0xE3, 0xF1,
    0x78, 0x38, 0x3C, 0x1E, 0x1E, 0x03, 0x19, 0x1B, 0x26, 0x20, 0x01, 0x00, 0x00, 0x38, 0x00, 0x00,
    0xC0, 0x03, 0x00, 0x00, 0x7E, 0x00, 0x00, 0xF0, 0x0F, 0x00, 0x80, 0xFF, 0x01, 0x00, 0xFC, 0x1F,
    0x00, 0xE0, 0xFF, 0x03, 0x00, 0xFC, 0x7F, 0x00, 0x80, 0xFF, 0x07, 0x00, 0xF0, 0xFF, 0x00, 0x00,
    0xFF, 0x1F, 0x00, 0xE0, 0xFF, 0x01, 0x00, 0xFC, 0x3F, 0x00, 0xC0, 0xFF, 0x07, 0x00, 0xF8, 0xFF,
    0x00, 0x00, 0xFF, 0x07, 0x00, 0xE0, 0x3F, 0x00, 0x00, 0xFE, 0x01, 0x00, 0xE0, 0x0F, 0x00, 0xC0,
    0x7F, 0x00, 0x80, 0xFF, 0x03, 0x00, 0xFF, 0x1F, 0x00, 0xFC, 0x3F, 0x00, 0xF8, 0x7F, 0x00, 0xF0,
    0xFF, 0x01, 0xE0, 0xFF, 0x03, 0x80, 0xFF, 0x07, 0x00, 0xFF, 0x1F, 0x00, 0xFE, 0x3F, 0x00, 0xF8,
    0x7F, 0x00, 0xE0, 0xFF, 0x00, 0x00, 0xFF, 0x03, 0x00, 0xF8, 0x07, 0x00, 0xC0, 0x0F, 0x00, 0x00,
    0x3E, 0x00, 0x00, 0x70, 0x00, 0x00, 0x80, 0x00, 0x00, 0x00, 0x00, 0x03, 0x20, 0x1A, 0x17, 0x20,
    0xFF, 0xFF, 0xFF, 0xFF, 0xFF, 0xFF, 0xFF, 0xFF, 0xFF, 0xFF, 0xFF, 0xFF, 0xFF, 0xFF, 0xFF, 0xFF,
    0xFF, 0xFF, 0xFF, 0xFF, 0xFF, 0xFF, 0x3F, 0x00, 0x00, 0x00, 0x00, 0x00, 0x00, 0x00, 0x00, 0x00,
    0x00, 0x00, 0x00, 0x00, 0x00, 0x00, 0x00, 0x00, 0x00, 0x00, 0x00, 0x00, 0x00, 0x00, 0x00, 0x00,
    0x00, 0x00, 0x00, 0x00, 0xFF, 0xFF, 0xFF, 0xFF, 0xFF, 0xFF, 0xFF, 0xFF, 0xFF, 0xFF, 0xFF, 0xFF,
    0xFF, 0xFF, 0xFF, 0xFF, 0xFF, 0xFF, 0xFF, 0xFF, 0xFF, 0xFF, 0x3F, 0x03, 0x19, 0x1B, 0x26, 0x20,
    0x00, 0x00, 0x00, 0x04, 0x00, 0x00, 0x30, 0x00, 0x00, 0xE0, 0x01, 0x00, 0xC0, 0x0F, 0x00, 0x00,
    0x7F, 0x00, 0x00, 0xFE, 0x03, 0x00, 0xFC, 0x1F, 0x00, 0xF0, 0xFF, 0x00, 0xE0, 0xFF, 0x01, 0xC0,
    0xFF, 0x07, 0x80, 0xFF, 0x0F, 0x00, 0xFE, 0x1F, 0x00, 0xFC, 0x7F, 0x00, 0xF8, 0xFF, 0x00, 0xE0,
    0xFF, 0x01, 0xC0, 0xFF, 0x07, 0x00, 0xFF, 0x0F, 0x00, 0xF8, 0x1F, 0x00, 0xC0, 0x3F, 0x00, 0x00,
    0xFE, 0x01, 0x00, 0xF0, 0x3F, 0x00, 0x80, 0xFF, 0x03, 0x00, 0xF8, 0x7F, 0x00, 0x80, 0xFF, 0x0F,
    0x00, 0xF0, 0xFF, 0x01, 0x00, 0xFE, 0x1F, 0x00, 0xC0, 0xFF, 0x03, 0x00, 0xFC, 0x7F, 0x00, 0x80,
    0xFF, 0x07, 0x00, 0xF0, 0xFF, 0x00, 0x00, 0xFF, 0x1F, 0x00, 0xE0, 0xFF, 0x00, 0x00, 0xFC, 0x07,
    0x00, 0xC0, 0x3F, 0x00, 0x00, 0xF8, 0x01, 0x00, 0x00, 0x0F, 0x00, 0x00, 0x60, 0x00, 0x00, 0x00,
    0x02, 0x00, 0x11, 0x15, 0x2E, 0x17, 0x80, 0x3F, 0x00, 0xFC, 0x1F, 0xE0, 0xFF, 0x0F, 0xFC, 0xFF,
    0xC3, 0xFF, 0x7F, 0xFC, 0xFF, 0x9F, 0xFF, 0xFF, 0xF3, 0xFF, 0xFF, 0xFF, 0xE0, 0xFF, 0x0F, 0xF8,
    0xFD, 0x00, 0x8E, 0x1F, 0xC0, 0xF0, 0x03, 0x00, 0x7E, 0x00, 0xC0, 0x0F, 0x00, 0xF8, 0x01, 0x00,
    0x7F, 0x00, 0xC0, 0x0F, 0x00, 0xF8, 0x03, 0x00, 0xFE, 0x00, 0xC0, 0x3F, 0x00, 0xF0, 0x1F, 0x00,
    0xFE, 0x07, 0x80, 0xFF, 0x01, 0xE0, 0x3F, 0x00, 0xF8, 0x07, 0x00, 0xFC, 0x00, 0x80, 0x1F, 0x00,
    0xF0, 0x03, 0x00, 0x7E, 0x00, 0xC0, 0x0F, 0x00, 0xF8, 0x01, 0x00, 0x3F, 0x00, 0x00, 0x00, 0x00,
    0x00, 0x00, 0x00, 0x00, 0x00, 0xE0, 0x01, 0x00, 0x7C, 0x00, 0xC0, 0x1F, 0x00, 0xF8, 0x03, 0x00,
    0x7F, 0x00, 0xE0, 0x0F, 0x00, 0xFC, 0x01, 0x80, 0x3F, 0x00, 0xE0, 0x03, 0x00, 0x3C, 0x00, 0x02,
    0x11, 0x28, 0x38, 0x2C, 0x00, 0x80, 0xFF, 0x00, 0x00, 0x00, 0xF0, 0xFF, 0x07, 0x00, 0x00, 0xFC,
    0xFF, 0x0F, 0x00, 0x00, 0xFE, 0xFF, 0x3F, 0x00, 0x00, 0xFF, 0xFF, 0x7F, 0x00, 0x80, 0xFF, 0xFF,
    0xFF, 0x00, 0xC0, 0xFF, 0x80, 0xFF, 0x01, 0xE0, 0x1F, 0x00, 0xFC, 0x03, 0xF0, 0x0F, 0x00, 0xF8,
    0x07, 0xF0, 0x03, 0x00, 0xF0, 0x07, 0xF8, 0x03, 0x00, 0xE0, 0x0F, 0xF8, 0x01, 0x00, 0xC0, 0x0F,
    0xFC, 0x00, 0x00, 0x80, 0x1F, 0xFC, 0x00, 0xF8, 0x00, 0x1F, 0x7C, 0xF8, 0xFE, 0x03, 0x3F, 0x7E,
    0xF8, 0xFF, 0x07, 0x3E, 0x3E, 0xF8, 0xFF, 0x0F, 0x3E, 0x3E, 0xF8, 0xFF, 0x1F, 0x7E, 0x3E, 0xF8,
    0xFF, 0x1F, 0x7C, 0x3E, 0xF8, 0x87, 0x1F, 0x7C, 0x3F, 0xF8, 0x01, 0x3F, 0x7C, 0x1F, 0xF8, 0x00,
    0x3E, 0xFC, 0x1F, 0xF8, 0x00, 0x3E, 0xF8, 0x1F, 0xF8, 0x00, 0x7E, 0xF8, 0x1F, 0xF8, 0x00, 0x7C,
    0xF8, 0x1F, 0xF8, 0x00, 0x7C, 0xF8, 0x1F, 0xF8, 0x00, 0x7C, 0xF8, 0x1F, 0xF8, 0x00, 0x7C, 0xF8,
    0x1F, 0xF8, 0x00, 0x7C, 0xF8, 0x1F, 0xF8, 0x00, 0x7C, 0xF8, 0x1F, 0xF8, 0x00, 0x7C, 0xF8, 0x1F,
    0xF8, 0x00, 0x7C, 0xF8, 0x1F, 0xF8, 0x00, 0x7C, 0xF8, 0x3F, 0xF8, 0x00, 0x7C, 0xF8, 0x3E, 0xF8,
    0x00, 0x7E, 0xFC, 0x3E, 0xF8, 0x01, 0x3E, 0x7C, 0x3E, 0xF8, 0x03, 0x3F, 0x7C, 0x7E, 0xF8, 0x87,
    0x3F, 0x7C, 0xFC, 0xF8, 0xFF, 0x3F, 0x7C, 0xFC, 0xFF, 0xFF, 0x1F, 0x7E, 0xF8, 0xFF, 0xFF, 0x1F,
    0x3E, 0xF8, 0x7F, 0xFF, 0x0F, 0x3F, 0xF0, 0x7F, 0xFE, 0x0F, 0x3F, 0xE0, 0x3F, 0xFC, 0x87, 0x1F,
    0x80, 0x1F, 0xF0, 0x81, 0x1F, 0x00, 0x00, 0x00, 0xC0, 0x0F, 0x00, 0x00, 0x00, 0xE0, 0x0F, 0x00,
    0x00, 0x00, 0xF0, 0x07, 0x00, 0x00, 0x00, 0xFC, 0x03, 0x00, 0x3C, 0x00, 0xFF, 0x03, 0x00, 0xFE,
    0xFF, 0xFF, 0x01, 0x00, 0xFE, 0xFF, 0xFF, 0x00, 0x00, 0xFE, 0xFF, 0x7F, 0x00, 0x00, 0xFE, 0xFF,
    0x1F, 0x00, 0x00, 0xFE, 0xFF, 0x07, 0x00, 0x00, 0xE0, 0xFF, 0x01, 0x00, 0x00, 0x12, 0x1D, 0x2D,
    0x1E, 0x00, 0xF8, 0x07, 0x00, 0x80, 0xFF, 0x00, 0x00, 0xF0, 0x3F, 0x00, 0x00, 0xFE, 0x07, 0x00,
    0xC0, 0xFF, 0x00, 0x00, 0xFC, 0x1F, 0x00, 0x80, 0xFF, 0x07, 0x00, 0xF0, 0xFF, 0x00, 0x00, 0xFE,
    0x1F, 0x00, 0xE0, 0xFF, 0x03, 0x00, 0xFC, 0x7F, 0x00, 0x80, 0xDF, 0x1F, 0x00, 0xF0, 0xF3, 0x03,
    0x00, 0x7E, 0x7E, 0x00, 0xE0, 0xCF, 0x0F, 0x00, 0xFC, 0xF9, 0x03, 0x80, 0x1F, 0x7F, 0x00, 0xF0,
    0xC3, 0x0F, 0x00, 0x7F, 0xF8, 0x01, 0xE0, 0x0F, 0x7F, 0x00, 0xFC, 0xE0, 0x0F, 0x80, 0x1F, 0xF8,
    0x01, 0xF8, 0x03, 0x3F, 0x00, 0x7F, 0xE0, 0x07, 0xE0, 0x07, 0xFC, 0x01, 0xFC, 0x80, 0x3F, 0xC0,
    0x1F, 0xE0, 0x07, 0xF8, 0x03, 0xFC, 0x00, 0xFF, 0xFF, 0x3F, 0xE0, 0xFF, 0xFF, 0x07, 0xFC, 0xFF,
    0xFF, 0xC0, 0xFF, 0xFF, 0x1F, 0xF8, 0xFF, 0xFF, 0x07, 0xFF, 0xFF, 0xFF, 0xE0, 0xFF, 0xFF, 0x1F,
    0xFE, 0xFF, 0xFF, 0xC3, 0x1F, 0x00, 0x7E, 0xF8, 0x03, 0xC0, 0x1F, 0x3F, 0x00, 0xF0, 0xF3, 0x07,
    0x00, 0x7E, 0xFE, 0x00, 0xC0, 0xCF, 0x1F, 0x00, 0xF8, 0xFB, 0x01, 0x00, 0x7F, 0x3F, 0x00, 0xC0,
    0xFF, 0x07, 0x00, 0xF8, 0x01, 0x03, 0x12, 0x18, 0x2D, 0x1D, 0x00, 0xFF, 0xFF, 0xC0, 0xFF, 0xFF,
    0xE0, 0xFF, 0xFF, 0xF0, 0xFF, 0xFF, 0xF8, 0xFF, 0xFF, 0xF8, 0xFF, 0xFF, 0xFC, 0xFF, 0xFF, 0xFC,
    0xFF, 0xFF, 0xFC, 0x03, 0xFC, 0xFC, 0x01, 0xFC, 0xFC, 0x00, 0xFC, 0xFC, 0x00, 0xFC, 0xFC, 0x00,
    0xFC, 0xFC, 0x00, 0xFC, 0xFC, 0x00, 0xFC, 0xF8, 0x01, 0xFC, 0xF8, 0x01, 0xFC, 0xF0, 0x07, 0xFC,
    0xF0, 0xFF, 0xFF, 0xE0, 0xFF, 0xFF, 0x80, 0xFF, 0xFF, 0xC0, 0xFF, 0xFF, 0xF0, 0xFF, 0xFF, 0xF8,
    0xFF, 0xFF, 0xFC, 0xFF, 0xFF, 0xFE, 0xFF, 0xFF, 0xFE, 0x01, 0xFC, 0x7E, 0x00, 0xFC, 0x7F, 0x00,
    0xFC, 0x3F, 0x00, 0xFC, 0x3F, 0x00, 0xFC, 0x3F, 0x00, 0xFC, 0x3F, 0x00, 0xFC, 0x3F, 0x00, 0xFC,
    0x7F, 0x00, 0xFC, 0x7F, 0x00, 0xFC, 0xFF, 0x01, 0xFC, 0xFE, 0xFF, 0xFF, 0xFE, 0xFF, 0xFF, 0xFC,
    0xFF, 0xFF, 0xFC, 0xFF, 0xFF, 0xF8, 0xFF, 0xFF, 0xF0, 0xFF, 0xFF, 0xE0, 0xFF, 0xFF, 0x00, 0xFF,
    0xFF, 0x02, 0x11, 0x1A, 0x2F, 0x1D, 0x00, 0xFF, 0x00, 0x00, 0xFF, 0x0F, 0x00, 0xFF, 0xFF, 0x00,
    0xFE, 0xFF, 0x07, 0xFC, 0xFF, 0x3F, 0xF0, 0xFF, 0xFF, 0xE0, 0xFF, 0xFF, 0x87, 0xFF, 0xFF, 0x1F,
    0xFE, 0x81, 0xFF, 0xF0, 0x03, 0xFC, 0xC3, 0x07, 0xE0, 0x0F, 0x0E, 0x00, 0x7F, 0x30, 0x00, 0xFC,
    0x01, 0x00, 0xE0, 0x07, 0x00, 0x80, 0x1F, 0x00, 0x00, 0xFE, 0x00, 0x00, 0xF0, 0x03, 0x00, 0xC0,
    0x0F, 0x00, 0x00, 0x3F, 0x00, 0x00, 0xFC, 0x00, 0x00, 0xF0, 0x03, 0x00, 0xC0, 0x0F, 0x00, 0x00,
    0x3F, 0x00, 0x00, 0xFC, 0x00, 0x00, 0xF0, 0x03, 0x00, 0xC0, 0x0F, 0x00, 0x00, 0x3F, 0x00, 0x00,
    0xFC, 0x00, 0x00, 0xF0, 0x03, 0x00, 0xC0, 0x0F, 0x00, 0x00, 0x3F, 0x00, 0x00, 0xFE, 0x00, 0x00,
    0xF8, 0x01, 0x00, 0xE0, 0x07, 0x01, 0xC0, 0x1F, 0x0E, 0x00, 0x7F, 0x7C, 0x00, 0xFE, 0xF8, 0x03,
    0xF8, 0xF3, 0x1F, 0xF8, 0xCF, 0xFF, 0xFF, 0x1F, 0xFE, 0xFF, 0x7F, 0xF8, 0xFF, 0xFF, 0xC0, 0xFF,
    0xFF, 0x03, 0xFE, 0xFF, 0x07, 0xF0, 0xFF, 0x0F, 0x00, 0xFF, 0x0F, 0x00, 0xF0, 0x0F, 0x00, 0x03,
    0x12, 0x19, 0x2D, 0x1E, 0x00, 0xF8, 0xFF, 0x01, 0xFE, 0xFF, 0x03, 0xFF, 0xFF, 0x07, 0xFF, 0xFF,
    0x0F, 0xFF, 0xFF, 0x1F, 0xFF, 0xFF, 0x3F, 0xFE, 0xFF, 0x7F, 0xFE, 0xFF, 0xFF, 0xFC, 0x0F, 0xF8,
    0xF9, 0x07, 0xF0, 0xFB, 0x03, 0xE0, 0xF7, 0x07, 0xC0, 0xEF, 0x07, 0x80, 0xDF, 0x0F, 0x00, 0xBF,
    0x1F, 0x00, 0xFE, 0x1F, 0x00, 0xFC, 0x3F, 0x00, 0xF8, 0x7F, 0x00, 0xF0, 0xFF, 0x00, 0xE0, 0xFF,
    0x01, 0xC0, 0xFF, 0x03, 0x80, 0xFF, 0x07, 0x00, 0xFF, 0x0F, 0x00, 0xFE, 0x1F, 0x00, 0xFC, 0x3F,
    0x00, 0xF8, 0x7F, 0x00, 0xF0, 0xFF, 0x00, 0xE0, 0xFF, 0x01, 0xC0, 0xFF, 0x03, 0x80, 0xFF, 0x07,
    0x00, 0xFF, 0x1F, 0x00, 0x7E, 0x3F, 0x00, 0xFC, 0x7E, 0x00, 0xF8, 0xFD, 0x01, 0xF0, 0xFB, 0x03,
    0xE0, 0xE7, 0x0F, 0xC0, 0xCF, 0xFF, 0x80, 0x9F, 0xFF, 0xFF, 0x3F, 0xFE, 0xFF, 0x7F, 0xFC, 0xFF,
    0xFF, 0xF0, 0xFF, 0xFF, 0xC1, 0xFF, 0xFF, 0x03, 0xFF, 0xFF, 0x07, 0xF8, 0xFF, 0x0F, 0x80, 0xFF,
    0x1F, 0x03, 0x12, 0x15, 0x2D, 0x1A, 0xFF, 0xFF, 0xFF, 0xFF, 0xFF, 0xFF, 0xFF, 0xFF, 0xFF, 0xFF,
    0xFF, 0xFF, 0xFF, 0xFF, 0xFF, 0xFF, 0xFF, 0xFF, 0xFF, 0xFF, 0xFF, 0x00, 0x80, 0x1F, 0x00, 0xF0,
    0x03, 0x00, 0x7E, 0x00, 0xC0, 0x0F, 0x00, 0xF8, 0x01, 0x00, 0x3F, 0x00, 0xE0, 0x07, 0x00, 0xFC,
    0x00, 0x80, 0x1F, 0x00, 0xF0, 0xF3, 0xFF, 0x7F, 0xFE, 0xFF, 0xCF, 0xFF, 0xFF, 0xF9, 0xFF, 0x3F,
    0xFF, 0xFF, 0xE7, 0xFF, 0xFF, 0xFC, 0xFF, 0x9F, 0xFF, 0xFF, 0x03, 0x00, 0x7E, 0x00, 0xC0, 0x0F,
    0x00, 0xF8, 0x01, 0x00, 0x3F, 0x00, 0xE0, 0x07, 0x00, 0xFC, 0x00, 0x80, 0x1F, 0x00, 0xF0, 0x03,
    0x00, 0x7E, 0x00, 0xC0, 0x0F, 0x00, 0xF8, 0xFF, 0xFF, 0xFF, 0xFF, 0xFF, 0xFF, 0xFF, 0xFF, 0xFF,
    0xFF, 0xFF, 0xFF, 0xFF, 0xFF, 0xFF, 0xFF, 0xFF, 0xFF, 0xFF, 0xFF, 0xFF, 0x01, 0x03, 0x12, 0x15,
    0x2D, 0x19, 0xFF, 0xFF, 0xFF, 0xFF, 0xFF, 0xFF, 0xFF, 0xFF, 0xFF, 0xFF, 0xFF, 0xFF, 0xFF, 0xFF,
    0xFF, 0xFF, 0xFF, 0xFF, 0xFF, 0xFF, 0xFF, 0x00, 0x80, 0x1F, 0x00, 0xF0, 0x03, 0x00, 0x7E, 0x00,
    0xC0, 0x0F, 0x00, 0xF8, 0x01, 0x00, 0x3F, 0x00, 0xE0, 0x07, 0x00, 0xFC, 0x00, 0x80, 0x1F, 0x00,
    0xF0, 0xE3, 0xFF, 0x7F, 0xFC, 0xFF, 0x8F, 0xFF, 0xFF, 0xF1, 0xFF, 0x3F, 0xFE, 0xFF, 0xC7, 0xFF,
    0xFF, 0xF8, 0xFF, 0x1F, 0xFF, 0xFF, 0x03, 0x00, 0x7E, 0x00, 0xC0, 0x0F, 0x00, 0xF8, 0x01, 0x00,
    0x3F, 0x00, 0xE0, 0x07, 0x00, 0xFC, 0x00, 0x80, 0x1F, 0x00, 0xF0, 0x03, 0x00, 0x7E, 0x00, 0xC0,
    0x0F, 0x00, 0xF8, 0x01, 0x00, 0x3F, 0x00, 0xE0, 0x07, 0x00, 0xFC, 0x00, 0x80, 0x1F, 0x00, 0xF0,
    0x03, 0x00, 0x7E, 0x00, 0xC0, 0x0F, 0x00, 0xF8, 0x01, 0x02, 0x11, 0x1B, 0x2F, 0x20, 0x00, 0xFF,
    0x00, 0x00, 0xFE, 0x3F, 0x00, 0xFC, 0xFF, 0x03, 0xF0, 0xFF, 0x3F, 0xC0, 0xFF, 0xFF, 0x03, 0xFF,
    0xFF, 0x3F, 0xF8, 0xFF, 0xFF, 0xE3, 0xFF, 0xFF, 0x1F, 0xFF, 0x81, 0xFF, 0xF1, 0x07, 0xF0, 0x0F,
    0x0F, 0x00, 0x7F, 0x70, 0x00, 0xF0, 0x07, 0x01, 0x80, 0x3F, 0x08, 0x00, 0xF8, 0x01, 0x00, 0xC0,
    0x0F, 0x00, 0x00, 0x7E, 0x00, 0x00, 0xF0, 0x07, 0x00, 0x00, 0x3F, 0x00, 0x00, 0xF8, 0x01, 0x00,
    0xC0, 0x0F, 0x00, 0x00, 0x7E, 0x00, 0x00, 0xF0, 0xFF, 0x7F, 0x80, 0xFF, 0xFF, 0x03, 0xFC, 0xFF,
    0x1F, 0xE0, 0xFF, 0xFF, 0x00, 0xFF, 0xFF, 0x07, 0xF8, 0xFF, 0x3F, 0xC0, 0xFF, 0xFF, 0x01, 0xFE,
    0xFF, 0x0F, 0xF0, 0xFF, 0x00, 0x80, 0xFF, 0x07, 0x00, 0xFE, 0x3F, 0x00, 0xF0, 0xFB, 0x01, 0x80,
    0xDF, 0x0F, 0x00, 0xFE, 0x7E, 0x00, 0xF0, 0xF7, 0x03, 0xC0, 0xBF, 0x3F, 0x00, 0xFF, 0xFC, 0x07,
    0xFE, 0xE7, 0xFF, 0xFF, 0x1F, 0xFF, 0xFF, 0xFF, 0xF8, 0xFF, 0xFF, 0x83, 0xFF, 0xFF, 0x1F, 0xF8,
    0xFF, 0x7F, 0x80, 0xFF, 0xFF, 0x01, 0xF0, 0xFF, 0x03, 0x00, 0xFC, 0x07, 0x00, 0x03, 0x12, 0x19,
    0x2D, 0x1F, 0x3F, 0x00, 0xF8, 0x7F, 0x00, 0xF0, 0xFF, 0x00, 0xE0, 0xFF, 0x01, 0xC0, 0xFF, 0x03,
    0x80, 0xFF, 0x07, 0x00, 0xFF, 0x0F, 0x00, 0xFE, 0x1F, 0x00, 0xFC, 0x3F, 0x00, 0xF8, 0x7F, 0x00,
    0xF0, 0xFF, 0x00, 0xE0, 0xFF, 0x01, 0xC0, 0xFF, 0x03, 0x80, 0xFF, 0x07, 0x00, 0xFF, 0x0F, 0x00,
    0xFE, 0x1F, 0x00, 0xFC, 0x3F, 0x00, 0xF8, 0x7F, 0x00, 0xF0, 0xFF, 0xFF, 0xFF, 0xFF, 0xFF, 0xFF,
    0xFF, 0xFF, 0xFF, 0xFF, 0xFF, 0xFF, 0xFF, 0xFF, 0xFF, 0xFF, 0xFF, 0xFF, 0xFF, 0xFF, 0xFF, 0xFF,
    0xFF, 0xFF, 0xFF, 0xFF, 0x00, 0xE0, 0xFF, 0x01, 0xC0, 0xFF, 0x03, 0x80, 0xFF, 0x07, 0x00, 0xFF,
    0x0F, 0x00, 0xFE, 0x1F, 0x00, 0xFC, 0x3F, 0x00, 0xF8, 0x7F, 0x00, 0xF0, 0xFF, 0x00, 0xE0, 0xFF,
    0x01, 0xC0, 0xFF, 0x03, 0x80, 0xFF, 0x07, 0x00, 0xFF, 0x0F, 0x00, 0xFE, 0x1F, 0x00, 0xFC, 0x3F,
    0x00, 0xF8, 0x7F, 0x00, 0xF0, 0xFF, 0x00, 0xE0, 0xFF, 0x01, 0xC0, 0xFF, 0x03, 0x80, 0x1F, 0x02,
    0x12, 0x0F, 0x2D, 0x13, 0xFF, 0xFF, 0xFF, 0xFF, 0xFF, 0xFF, 0xFF, 0xFF, 0xFF, 0xFF, 0xFF, 0xFF,
    0xFF, 0xE1, 0x07, 0xF0, 0x03, 0xF8, 0x01, 0xFC, 0x00, 0x7E, 0x00, 0x3F, 0x80, 0x1F, 0xC0, 0x0F,
    0xE0, 0x07, 0xF0, 0x03, 0xF8, 0x01, 0xFC, 0x00, 0x7E, 0x00, 0x3F, 0x80, 0x1F, 0xC0, 0x0F, 0xE0,
    0x07, 0xF0, 0x03, 0xF8, 0x01, 0xFC, 0x00, 0x7E, 0x00, 0x3F, 0x80, 0x1F, 0xC0, 0x0F, 0xE0, 0x07,
    0xF0, 0x03, 0xF8, 0x01, 0xFC, 0x00, 0x7E, 0x00, 0x3F, 0x80, 0x1F, 0xFC, 0xFF, 0xFF, 0xFF, 0xFF,
    0xFF, 0xFF, 0xFF, 0xFF, 0xFF, 0xFF, 0xFF, 0xFF, 0x07, 0x00, 0x12, 0x11, 0x2E, 0x14, 0x3F, 0x00,
    0x7E, 0x00, 0xFC, 0x00, 0xF8, 0x01, 0xF0, 0x03, 0xE0, 0x07, 0xC0, 0x0F, 0x80, 0x1F, 0x00, 0x3F,
    0x00, 0x7E, 0x00, 0xFC, 0x00, 0xF8, 0x01, 0xF0, 0x03, 0xE0, 0x07, 0xC0, 0x0F, 0x80, 0x1F, 0x00,
    0x3F, 0x00, 0x7E, 0x00, 0xFC, 0x00, 0xF8, 0x01, 0xF0, 0x03, 0xE0, 0x07, 0xC0, 0x0F, 0x80, 0x1F,
    0x00, 0x3F, 0x00, 0x7E, 0x00, 0xFC, 0x00, 0xF8, 0x01, 0xF0, 0x03, 0xE0, 0x07, 0xC0, 0x0F, 0x80,
    0x1F, 0x00, 0x3F, 0x00, 0x7E, 0x00, 0xFC, 0x00, 0xF8, 0x01, 0xF0, 0x07, 0xE4, 0x1F, 0x8E, 0xFF,
    0x1F, 0xFF, 0x7F, 0xFE, 0xFF, 0xF8, 0xFF, 0xF1, 0xFF, 0xC3, 0xFF, 0x07, 0xFF, 0x0F, 0xF8, 0x03,
    0x03, 0x12, 0x19, 0x2D, 0x1C, 0xFE, 0x01, 0xF8, 0xF9, 0x03, 0xF0, 0xE3, 0x0F, 0xE0, 0xC7, 0x3F,
    0xC0, 0x0F, 0x7F, 0x80, 0x1F, 0xFC, 0x01, 0x3F, 0xF8, 0x03, 0x7E, 0xE0, 0x0F, 0xFC, 0xC0, 0x3F,
    0xF8, 0x01, 0x7F, 0xF0, 0x03, 0xFC, 0xE1, 0x07, 0xF8, 0xC3, 0x0F, 0xE0, 0x8F, 0x1F, 0xC0, 0x3F,
    0x3F, 0x00, 0x7F, 0x7E, 0x00, 0xFC, 0xFD, 0x00, 0xF8, 0xFB, 0x01, 0xE0, 0xFF, 0x03, 0xC0, 0xFF,
    0x07, 0x00, 0xFF, 0x0F, 0x00, 0xFF, 0x1F, 0x00, 0xFE, 0x3F, 0x00, 0xFE, 0x7F, 0x00, 0xFC, 0xFF,
    0x00, 0xFC, 0xFF, 0x01, 0xF8, 0xFF, 0x03, 0xF8, 0xFF, 0x07, 0xF0, 0xEF, 0x0F, 0xF0, 0x8F, 0x1F,
    0xE0, 0x1F, 0x3F, 0xE0, 0x1F, 0x7E, 0xC0, 0x3F, 0xFC, 0xC0, 0x3F, 0xF8, 0x81, 0x7F, 0xF0, 0x83,
    0x7F, 0xE0, 0x07, 0xFF, 0xC0, 0x0F, 0xFF, 0x80, 0x1F, 0xFE, 0x01, 0x3F, 0xFE, 0x01, 0x7E, 0xFC,
    0x03, 0xFC, 0xFC, 0x03, 0xF8, 0xF9, 0x07, 0xF0, 0xFB, 0x0F, 0xE0, 0xF7, 0x0F, 0xC0, 0xEF, 0x1F,
    0x80, 0x1F, 0x03, 0x12, 0x14, 0x2D, 0x17, 0x00, 0xC0, 0x0F, 0x00, 0xFC, 0x00, 0xC0, 0x0F, 0x00,
    0xFC, 0x00, 0xC0, 0x0F, 0x00, 0xFC, 0x00, 0xC0, 0x0F, 0x00, 0xFC, 0x00, 0xC0, 0x0F, 0x00, 0xFC,
    0x00, 0xC0, 0x0F, 0x00, 0xFC, 0x00, 0xC0, 0x0F, 0x00, 0xFC, 0x00, 0xC0, 0x0F, 0x00, 0xFC, 0x00,
    0xC0, 0x0F, 0x00, 0xFC, 0x00, 0xC0, 0x0F, 0x00, 0xFC, 0x00, 0xC0, 0x0F, 0x00, 0xFC, 0x00, 0xC0,
    0x0F, 0x00, 0xFC, 0x00, 0xC0, 0x0F, 0x00, 0xFC, 0x00, 0xC0, 0x0F, 0x00, 0xFC, 0x00, 0xC0, 0x0F,
    0x00, 0xFC, 0x00, 0xC0, 0x0F, 0x00, 0xFC, 0x00, 0xC0, 0x0F, 0x00, 0xFC, 0x00, 0xC0, 0x0F, 0x00,
    0xFC, 0x00, 0xC0, 0xFF, 0xFF, 0xFF, 0xFF, 0xFF, 0xFF, 0xFF, 0xFF, 0xFF, 0xFF, 0xFF, 0xFF, 0xFF,
    0xFF, 0xFF, 0xFF, 0xFF, 0xFF, 0xFF, 0xFF, 0x0F, 0x03, 0x12, 0x1F, 0x2D, 0x25, 0x7F, 0x00, 0x00,
    0xFF, 0x7F, 0x00, 0xC0, 0xFF, 0x3F, 0x00, 0xE0, 0xFF, 0x1F, 0x00, 0xF8, 0xFF, 0x1F, 0x00, 0xFC,
    0xFF, 0x0F, 0x00, 0xFE, 0xFF, 0x0F, 0x80, 0xFF, 0xFF, 0x07, 0xC0, 0xFF, 0xFF, 0x03, 0xF0, 0xFF,
    0xFF, 0x03, 0xF8, 0xFF, 0xFF, 0x01, 0xFC, 0xFF, 0xFF, 0x01, 0xFF, 0xFF, 0xFF, 0x80, 0xFF, 0xFF,
    0x7F, 0xE0, 0xFF, 0xFF, 0x7F, 0xF0, 0xFF, 0xFF, 0x3F, 0xF8, 0xFF, 0xBF, 0x3F, 0xFE, 0xFE, 0xDF,
    0x1F, 0x7F, 0xFF, 0xCF, 0x8F, 0x9F, 0xFF, 0xE7, 0xEF, 0xCF, 0xFF, 0xF3, 0xF7, 0xE7, 0xFF, 0xF1,
    0xFF, 0xF1, 0xFF, 0xF8, 0xFF, 0xF8, 0x7F, 0xF8, 0x3F, 0xFC, 0x3F, 0xFC, 0x1F, 0xFE, 0x1F, 0xFE,
    0x0F, 0xFF, 0x0F, 0xFE, 0x83, 0xFF, 0x07, 0xFF, 0xC1, 0xFF, 0x03, 0x7F, 0xE0, 0xFF, 0x81, 0x3F,
    0xF0, 0xFF, 0xC0, 0x1F, 0xF8, 0x7F, 0xC0, 0x07, 0xFC, 0x3F, 0xE0, 0x03, 0xFE, 0x1F, 0xE0, 0x00,
    0xFF, 0x0F, 0x00, 0x80, 0xFF, 0x07, 0x00, 0xC0, 0xFF, 0x03, 0x00, 0xE0, 0xFF, 0x01, 0x00, 0xF0,
    0xFF, 0x00, 0x00, 0xF8, 0x7F, 0x00, 0x00, 0xFC, 0x3F, 0x00, 0x00, 0xFE, 0x1F, 0x00, 0x00, 0xFF,
    0x0F, 0x00, 0x80, 0xFF, 0x07, 0x00, 0xC0, 0xFF, 0x03, 0x00, 0xE0, 0x07, 0x03, 0x12, 0x19, 0x2D,
    0x1F, 0x3F, 0x00, 0xFE, 0x7F, 0x00, 0xFE, 0xFF, 0x00, 0xFC, 0xFF, 0x01, 0xF8, 0xFF, 0x03, 0xF8,
    0xFF, 0x07, 0xF0, 0xFF, 0x0F, 0xE0, 0xFF, 0x1F, 0xE0, 0xFF, 0x3F, 0xC0, 0xFF, 0x7F, 0x80, 0xFF,
    0xFF, 0x80, 0xFF, 0xFF, 0x01, 0xFF, 0xFF, 0x03, 0xFF, 0xFF, 0x07, 0xFE, 0xFF, 0x0F, 0xFC, 0xFE,
    0x1F, 0xFC, 0xFD, 0x3F, 0xF8, 0xFB, 0x7F, 0xF0, 0xF3, 0xFF, 0xF0, 0xE7, 0xFF, 0xE1, 0xCF, 0xFF,
    0xC3, 0x8F, 0xFF, 0xC7, 0x1F, 0xFF, 0x8F, 0x1F, 0xFE, 0x9F, 0x3F, 0xFC, 0x3F, 0x7F, 0xF8, 0x7F,
    0x7E, 0xF0, 0xFF, 0xFE, 0xE0, 0xFF, 0xFD, 0xC1, 0xFF, 0xFB, 0x81, 0xFF, 0xFF, 0x03, 0xFF, 0xFF,
    0x07, 0xFE, 0xFF, 0x07, 0xFC, 0xFF, 0x0F, 0xF8, 0xFF, 0x0F, 0xF0, 0xFF, 0x1F, 0xE0, 0xFF, 0x3F,
    0xC0, 0xFF, 0x3F, 0x80, 0xFF, 0x7F, 0x00, 0xFF, 0xFF, 0x00, 0xFE, 0xFF, 0x00, 0xFC, 0xFF, 0x01,
    0xF8, 0xFF, 0x03, 0xF0, 0xFF, 0x03, 0xE0, 0xFF, 0x07, 0xC0, 0xFF, 0x07, 0x80, 0x1F, 0x02, 0x11,
    0x1B, 0x2F, 0x1F, 0x00, 0xFC, 0x01, 0x00, 0xF8, 0x3F, 0x00, 0xF0, 0xFF, 0x07, 0xC0, 0xFF, 0x7F,
    0x00, 0xFF, 0xFF, 0x07, 0xF8, 0xFF, 0x3F, 0xE0, 0xFF, 0xFF, 0x03, 0xFF, 0xFF, 0x1F, 0xFC, 0x07,
    0xFF, 0xE1, 0x0F, 0xE0, 0x8F, 0x3F, 0x00, 0xFE, 0xFC, 0x01, 0xF0, 0xE7, 0x07, 0x00, 0x3F, 0x3F,
    0x00, 0xF8, 0xF9, 0x01, 0xC0, 0xEF, 0x0F, 0x00, 0xFE, 0x3F, 0x00, 0xE0, 0xFF, 0x01, 0x00, 0xFF,
    0x0F, 0x00, 0xF8, 0x7F, 0x00, 0xC0, 0xFF, 0x03, 0x00, 0xFE, 0x1F, 0x00, 0xF0, 0xFF, 0x00, 0x80,
    0xFF, 0x07, 0x00, 0xFC, 0x3F, 0x00, 0xE0, 0xFF, 0x01, 0x00, 0xFF, 0x0F, 0x00, 0xF8, 0x7F, 0x00,
    0xC0, 0xFF, 0x03, 0x00, 0xFE, 0x1F, 0x00, 0xF0, 0xFF, 0x00, 0x80, 0xDF, 0x0F, 0x00, 0xFE, 0x7E,
    0x00, 0xF0, 0xF3, 0x03, 0x80, 0x9F, 0x1F, 0x00, 0xFC, 0xFC, 0x01, 0xF0, 0xC7, 0x0F, 0x80, 0x1F,
    0xFE, 0x00, 0xFE, 0xF0, 0x1F, 0xFC, 0x07, 0xFF, 0xFF, 0x1F, 0xF8, 0xFF, 0xFF, 0x80, 0xFF, 0xFF,
    0x03, 0xFC, 0xFF, 0x1F, 0xC0, 0xFF, 0x7F, 0x00, 0xFC, 0xFF, 0x01, 0x80, 0xFF, 0x03, 0x00, 0xF0,
    0x07, 0x00, 0x03, 0x12, 0x17, 0x2D, 0x1B, 0x80, 0xFF, 0x7F, 0xF0, 0xFF, 0x3F, 0xFC, 0xFF, 0x1F,
    0xFF, 0xFF, 0xCF, 0xFF, 0xFF, 0xE7, 0xFF, 0xFF, 0xFB, 0xFF, 0xFF, 0xFD, 0xFF, 0xFF, 0xFE, 0x03,
    0xFE, 0x7F, 0x00, 0xFF, 0x1F, 0x80, 0xFF, 0x07, 0xC0, 0xFF, 0x03, 0xE0, 0xFF, 0x01, 0xF0, 0xFF,
    0x00, 0xF8, 0x7F, 0x00, 0xFC, 0x3F, 0x00, 0xFE, 0x1F, 0x00, 0xFF, 0x0F, 0x80, 0xFF, 0x0F, 0xC0,
    0xFF, 0x07, 0xE0, 0xF7, 0x07, 0xF0, 0xFB, 0x0F, 0xF8, 0xFD, 0xFF, 0xFF, 0xFE, 0xFF, 0x7F, 0xFE,
    0xFF, 0x3F, 0xFF, 0xFF, 0x1F, 0xFF, 0xFF, 0x0F, 0xFF, 0xFF, 0x07, 0xFF, 0xFF, 0x03, 0xFC, 0xFF,
    0x01, 0x00, 0xFC, 0x00, 0x00, 0x7E, 0x00, 0x00, 0x3F, 0x00, 0x80, 0x1F, 0x00, 0xC0, 0x0F, 0x00,
    0xE0, 0x07, 0x00, 0xF0, 0x03, 0x00, 0xF8, 0x01, 0x00, 0xFC, 0x00, 0x00, 0x7E, 0x00, 0x00, 0x3F,
    0x00, 0x80, 0x1F, 0x00, 0xC0, 0x0F, 0x00, 0xE0, 0x07, 0x02, 0x11, 0x1B, 0x39, 0x1F, 0x00, 0xFC,
    0x01, 0x00, 0xFC, 0x3F, 0x00, 0xF0, 0xFF, 0x07, 0xC0, 0xFF, 0x7F, 0x00, 0xFF, 0xFF, 0x07, 0xF8,
    0xFF, 0x3F, 0xE0, 0xFF, 0xFF, 0x03, 0xFF, 0xFF, 0x1F, 0xFC, 0x07, 0xFF, 0xE1, 0x0F, 0xE0, 0x8F,
    0x3F, 0x00, 0xFF, 0xFC, 0x01, 0xF0, 0xE7, 0x07, 0x00, 0x3F, 0x3F, 0x00, 0xF8, 0xF9, 0x01, 0xC0,
    0xEF, 0x0F, 0x00, 0xFE, 0x3F, 0x00, 0xE0, 0xFF, 0x01, 0x00, 0xFF, 0x0F, 0x00, 0xF8, 0x7F, 0x00,
    0xC0, 0xFF, 0x03, 0x00, 0xFE, 0x1F, 0x00, 0xF0, 0xFF, 0x00, 0x80, 0xFF, 0x07, 0x00, 0xFC, 0x3F,
    0x00, 0xE0, 0xFF, 0x01, 0x00, 0xFF, 0x0F, 0x00, 0xF8, 0x7F, 0x00, 0xC0, 0xFF, 0x03, 0x00, 0xFE,
    0x1F, 0x00, 0xF0, 0xFF, 0x00, 0x80, 0xFF, 0x0F, 0x00, 0xFE, 0x7E, 0x00, 0xF0, 0xF3, 0x03, 0x80,
    0x9F, 0x1F, 0x00, 0xFC, 0xFC, 0x01, 0xF0, 0xE7, 0x0F, 0x80, 0x3F, 0xFE, 0x00, 0xFE, 0xF0, 0x1F,
    0xFC, 0x87, 0xFF, 0xFF, 0x1F, 0xF8, 0xFF, 0xFF, 0xC0, 0xFF, 0xFF, 0x03, 0xFC, 0xFF, 0x1F, 0xC0,
    0xFF, 0x7F, 0x00, 0xFC, 0xFF, 0x01, 0xC0, 0xFF, 0x03, 0x00, 0xF8, 0x07, 0x00, 0xC0, 0x1F, 0x00,
    0x00, 0xFE, 0x00, 0x30, 0xF8, 0x07, 0x80, 0xFF, 0x3F, 0x00, 0xFC, 0xFF, 0x00, 0xE0, 0xFF, 0x07,
    0x80, 0xFF, 0x1F, 0x00, 0xFC, 0x7F, 0x00, 0xE0, 0xFF, 0x01, 0x00, 0xFC, 0x03, 0x00, 0x00, 0x03,
    0x12, 0x19, 0x2D, 0x1D, 0x00, 0xFE, 0xFF, 0x01, 0xFF, 0xFF, 0x83, 0xFF, 0xFF, 0x87, 0xFF, 0xFF,
    0x0F, 0xFF, 0xFF, 0x1F, 0xFF, 0xFF, 0x3F, 0xFE, 0xFF, 0x7F, 0xFC, 0xFF, 0xFF, 0xFC, 0x03, 0xF8,
    0xF9, 0x03, 0xF0, 0xF3, 0x03, 0xE0, 0xE7, 0x07, 0xC0, 0xCF, 0x0F, 0x80, 0x9F, 0x1F, 0x00, 0x3F,
    0x3F, 0x00, 0x7E, 0x7E, 0x00, 0xFC, 0xFC, 0x00, 0xF8, 0xF9, 0x03, 0xF0, 0xF3, 0x07, 0xE0, 0xC7,
    0x3F, 0xC0, 0x8F, 0xFF, 0xFF, 0x1F, 0xFF, 0xFF, 0x3F, 0xFC, 0xFF, 0x7F, 0xF8, 0xFF, 0xFF, 0xE0,
    0xFF, 0xFF, 0x81, 0xFF, 0xFF, 0x03, 0xFE, 0xFF, 0x07, 0xF8, 0xFF, 0x0F, 0xF8, 0x87, 0x1F, 0xF0,
    0x0F, 0x3F, 0xF0, 0x0F, 0x7E, 0xE0, 0x1F, 0xFC, 0xC0, 0x1F, 0xF8, 0xC1, 0x3F, 0xF0, 0x83, 0x3F,
    0xE0, 0x87, 0x7F, 0xC0, 0x0F, 0x7F, 0x80, 0x1F, 0xFF, 0x00, 0x3F, 0xFE, 0x00, 0x7E, 0xFE, 0x01,
    0xFC, 0xFC, 0x01, 0xF8, 0xF9, 0x03, 0xF0, 0xFB, 0x03, 0xE0, 0xF7, 0x07, 0xC0, 0xFF, 0x07, 0x80,
    0x1F, 0x01, 0x11, 0x19, 0x2F, 0x1C, 0x00, 0xFE, 0x00, 0x80, 0xFF, 0x07, 0x80, 0xFF, 0x3F, 0x80,
    0xFF, 0xFF, 0x80, 0xFF, 0xFF, 0x83, 0xFF, 0xFF, 0x87, 0xFF, 0xFF, 0x1F, 0xFF, 0xFF, 0x3F, 0xFE,
    0x83, 0x7F, 0xF8, 0x01, 0xFC, 0xE1, 0x01, 0xF0, 0x83, 0x01, 0xE0, 0x07, 0x03, 0xC0, 0x0F, 0x00,
    0x80, 0x1F, 0x00, 0x00, 0x3F, 0x00, 0x00, 0x7F, 0x00, 0x00, 0xFF, 0x00, 0x80, 0xFF, 0x01, 0xE0,
    0xFF, 0x01, 0xF0, 0xFF, 0x03, 0xFC, 0xFF, 0x07, 0xFC, 0xFF, 0x07, 0xFC, 0xFF, 0x07, 0xFC, 0xFF,
    0x07, 0xFC, 0xFF, 0x07, 0xFC, 0xFF, 0x07, 0xF8, 0xFF, 0x03, 0xF0, 0xFF, 0x00, 0xF0, 0x3F, 0x00,
    0xE0, 0x1F, 0x00, 0xC0, 0x1F, 0x00, 0x80, 0x1F, 0x00, 0x00, 0x3F, 0x00, 0x00, 0x7E, 0x00, 0x00,
    0xFC, 0x00, 0x60, 0xF8, 0x01, 0xC0, 0xF1, 0x07, 0xC0, 0xE7, 0x0F, 0xC0, 0x9F, 0x7F, 0xE0, 0x3F,
    0xFF, 0xFF, 0x7F, 0xFE, 0xFF, 0xFF, 0xF8, 0xFF, 0xFF, 0xF0, 0xFF, 0xFF, 0xC0, 0xFF, 0xFF, 0x01,
    0xFF, 0xFF, 0x00, 0xF8, 0xFF, 0x00, 0xC0, 0x3F, 0x00, 0x01, 0x12, 0x1A, 0x2D, 0x1C, 0xFF, 0xFF,
    0xFF, 0xFF, 0xFF, 0xFF, 0xFF, 0xFF, 0xFF, 0xFF, 0xFF, 0xFF, 0xFF, 0xFF, 0xFF, 0xFF, 0xFF, 0xFF,
    0xFF, 0xFF, 0xFF, 0xFF, 0xFF, 0xFF, 0xFF, 0xFF, 0x00, 0xFC, 0x00, 0x00, 0xF0, 0x03, 0x00, 0xC0,
    0x0F, 0x00, 0x00, 0x3F, 0x00, 0x00, 0xFC, 0x00, 0x00, 0xF0, 0x03, 0x00, 0xC0, 0x0F, 0x00, 0x00,
    0x3F, 0x00, 0x00, 0xFC, 0x00, 0x00, 0xF0, 0x03, 0x00, 0xC0, 0x0F, 0x00, 0x00, 0x3F, 0x00, 0x00,
    0xFC, 0x00, 0x00, 0xF0, 0x03, 0x00, 0xC0, 0x0F, 0x00, 0x00, 0x3F, 0x00, 0x00, 0xFC, 0x00, 0x00,
    0xF0, 0x03, 0x00, 0xC0, 0x0F, 0x00, 0x00, 0x3F, 0x00, 0x00, 0xFC, 0x00, 0x00, 0xF0, 0x03, 0x00,
    0xC0, 0x0F, 0x00, 0x00, 0x3F, 0x00, 0x00, 0xFC, 0x00, 0x00, 0xF0, 0x03, 0x00, 0xC0, 0x0F, 0x00,
    0x00, 0x3F, 0x00, 0x00, 0xFC, 0x00, 0x00, 0xF0, 0x03, 0x00, 0xC0, 0x0F, 0x00, 0x00, 0x3F, 0x00,
    0x00, 0xFC, 0x00, 0x00, 0xF0, 0x03, 0x00, 0xC0, 0x0F, 0x00, 0x00, 0x3F, 0x00, 0x00, 0xFC, 0x00,
    0x00, 0x03, 0x12, 0x1A, 0x2E, 0x20, 0x3F, 0x00, 0xF0, 0xFF, 0x00, 0xC0, 0xFF, 0x03, 0x00, 0xFF,
    0x0F, 0x00, 0xFC, 0x3F, 0x00, 0xF0, 0xFF, 0x00, 0xC0, 0xFF, 0x03, 0x00, 0xFF, 0x0F, 0x00, 0xFC,
    0x3F, 0x00, 0xF0, 0xFF, 0x00, 0xC0, 0xFF, 0x03, 0x00, 0xFF, 0x0F, 0x00, 0xFC, 0x3F, 0x00, 0xF0,
    0xFF, 0x00, 0xC0, 0xFF, 0x03, 0x00, 0xFF, 0x0F, 0x00, 0xFC, 0x3F, 0x00, 0xF0, 0xFF, 0x00, 0xC0,
    0xFF, 0x03, 0x00, 0xFF, 0x0F, 0x00, 0xFC, 0x3F, 0x00, 0xF0, 0xFF, 0x00, 0xC0, 0xFF, 0x03, 0x00,
    0xFF, 0x0F, 0x00, 0xFC, 0x3F, 0x00, 0xF0, 0xFF, 0x00, 0xC0, 0xFF, 0x03, 0x00, 0xFF, 0x0F, 0x00,
    0xFC, 0x3F, 0x00, 0xF0, 0xFF, 0x00, 0xC0, 0xFF, 0x03, 0x00, 0xFF, 0x0F, 0x00, 0xFC, 0x7F, 0x00,
    0xF8, 0xFF, 0x01, 0xE0, 0xEF, 0x07, 0x80, 0x9F, 0x3F, 0x00, 0x7F, 0xFE, 0x00, 0xFE, 0xF9, 0x0F,
    0xFC, 0xC7, 0xFF, 0xFF, 0x0F, 0xFF, 0xFF, 0x3F, 0xFC, 0xFF, 0xFF, 0xE0, 0xFF, 0xFF, 0x01, 0xFF,
    0xFF, 0x03, 0xF8, 0xFF, 0x07, 0xC0, 0xFF, 0x0F, 0x00, 0xF8, 0x07, 0x00, 0x00, 0x12, 0x1B, 0x2D,
    0x1C, 0x7F, 0x00, 0xE0, 0xF7, 0x03, 0x00, 0xBF, 0x1F, 0x00, 0xFC, 0xFD, 0x00, 0xE0, 0xEF, 0x0F,
    0x00, 0x3F, 0x7E, 0x00, 0xF8, 0xF1, 0x03, 0xC0, 0x8F, 0x1F, 0x00, 0x7F, 0xFC, 0x00, 0xF8, 0xE3,
    0x0F, 0xC0, 0x0F, 0x7E, 0x00, 0x7E, 0xF0, 0x03, 0xF8, 0x83, 0x1F, 0xC0, 0x1F, 0xFC, 0x01, 0xFE,
    0xC0, 0x0F, 0xF0, 0x03, 0x7E, 0x80, 0x1F, 0xF0, 0x03, 0xFE, 0x80, 0x1F, 0xF0, 0x07, 0xFC, 0x81,
    0x1F, 0xC0, 0x0F, 0xFC, 0x00, 0x7E, 0xE0, 0x07, 0xF0, 0x83, 0x3F, 0x80, 0x1F, 0xFC, 0x01, 0xFC,
    0xE1, 0x07, 0xC0, 0x0F, 0x3F, 0x00, 0x7E, 0xFC, 0x01, 0xF0, 0xE3, 0x0F, 0x80, 0x1F, 0x3F, 0x00,
    0xF8, 0xF9, 0x01, 0xC0, 0xCF, 0x0F, 0x00, 0x7E, 0x7F, 0x00, 0xF0, 0xFB, 0x03, 0x80, 0xFF, 0x0F,
    0x00, 0xF8, 0x7F, 0x00, 0xC0, 0xFF, 0x03, 0x00, 0xFE, 0x1F, 0x00, 0xF0, 0xFF, 0x00, 0x80, 0xFF,
    0x03, 0x00, 0xF8, 0x1F, 0x00, 0xC0, 0xFF, 0x00, 0x00, 0xFE, 0x07, 0x00, 0xF0, 0x1F, 0x00, 0x00,
    0xFF, 0x00, 0x00, 0xF8, 0x07, 0x00, 0xC0, 0x3F, 0x00, 0x01, 0x12, 0x28, 0x2D, 0x2A, 0x7F, 0x00,
    0x7E, 0x00, 0xFE, 0x7F, 0x00, 0xFE, 0x00, 0xFE, 0x7E, 0x00, 0xFE, 0x00, 0xFE, 0x7E, 0x00, 0xFF,
    0x00, 0x7E, 0x7E, 0x00, 0xFF, 0x00, 0x7E, 0xFE, 0x00, 0xFF, 0x00, 0x7E, 0xFE, 0x00, 0xFF, 0x01,
    0x7F, 0xFC, 0x00, 0xFF, 0x01, 0x7F, 0xFC, 0x80, 0xFF, 0x01, 0x3F, 0xFC, 0x80, 0xFF, 0x01, 0x3F,
    0xFC, 0x80, 0xFF, 0x01, 0x3F, 0xFC, 0x81, 0xFF, 0x01, 0x3F, 0xF8, 0x81, 0xFF, 0x83, 0x3F, 0xF8,
    0x81, 0xFF, 0x83, 0x3F, 0xF8, 0xC1, 0xFF, 0x83, 0x1F, 0xF8, 0xC1, 0xFF, 0x83, 0x1F, 0xF8, 0xC3,
    0xFF, 0x83, 0x1F, 0xF8, 0xC3, 0xEF, 0x87, 0x1F, 0xF0, 0xC3, 0xEF, 0xC7, 0x1F, 0xF0, 0xC3, 0xE7,
    0xC7, 0x1F, 0xF0, 0xE3, 0xE7, 0xC7, 0x0F, 0xF0, 0xE3, 0xE7, 0xC7, 0x0F, 0xF0, 0xE7, 0xE7, 0xCF,
    0x0F, 0xE0, 0xE7, 0xC7, 0xCF, 0x0F, 0xE0, 0xE7, 0xC7, 0xEF, 0x0F, 0xE0, 0xF7, 0xC3, 0xEF, 0x07,
    0xE0, 0xF7, 0xC3, 0xEF, 0x07, 0xE0, 0xF7, 0xC3, 0xEF, 0x07, 0xE0, 0xFF, 0x83, 0xFF, 0x07, 0xC0,
    0xFF, 0x83, 0xFF, 0x07, 0xC0, 0xFF, 0x81, 0xFF, 0x07, 0xC0, 0xFF, 0x81, 0xFF, 0x03, 0xC0, 0xFF,
    0x81, 0xFF, 0x03, 0xC0, 0xFF, 0x81, 0xFF, 0x03, 0x80, 0xFF, 0x01, 0xFF, 0x03, 0x80, 0xFF, 0x01,
    0xFF, 0x03, 0x80, 0xFF, 0x00, 0xFF, 0x01, 0x80, 0xFF, 0x00, 0xFF, 0x01, 0x80, 0xFF, 0x00, 0xFF,
    0x01, 0x80, 0xFF, 0x00, 0xFE, 0x01, 0x00, 0xFF, 0x00, 0xFE, 0x01, 0x00, 0xFF, 0x00, 0xFE, 0x01,
    0x00, 0x7F, 0x00, 0xFE, 0x00, 0x00, 0x7F, 0x00, 0xFE, 0x00, 0x00, 0x7F, 0x00, 0xFE, 0x00, 0x00,
    0x12, 0x1C, 0x2D, 0x1D, 0xFE, 0x00, 0xF0, 0xEF, 0x0F, 0x00, 0x7F, 0xFC, 0x01, 0xF0, 0xC7, 0x1F,
    0x80, 0x3F, 0xFC, 0x01, 0xF8, 0x83, 0x3F, 0xC0, 0x1F, 0xF8, 0x03, 0xFC, 0x01, 0x7F, 0xE0, 0x1F,
    0xF0, 0x07, 0xFE, 0x00, 0xFE, 0xE0, 0x0F, 0xE0, 0x0F, 0x7F, 0x00, 0xFC, 0xF1, 0x07, 0xC0, 0x9F,
    0x3F, 0x00, 0xF8, 0xF9, 0x03, 0x80, 0xFF, 0x1F, 0x00, 0xF0, 0xFF, 0x01, 0x00, 0xFF, 0x1F, 0x00,
    0xF0, 0xFF, 0x00, 0x00, 0xFE, 0x0F, 0x00, 0xE0, 0x7F, 0x00, 0x00, 0xFC, 0x07, 0x00, 0xC0, 0x3F,
    0x00, 0x00, 0xF8, 0x03, 0x00, 0xC0, 0x3F, 0x00, 0x00, 0xFC, 0x07, 0x00, 0xE0, 0x7F, 0x00, 0x00,
    0xFE, 0x0F, 0x00, 0xF0, 0xFF, 0x00, 0x00, 0xFF, 0x1F, 0x00, 0xF8, 0xFF, 0x01, 0x80, 0xBF, 0x3F,
    0x00, 0xFC, 0xFB, 0x03, 0xC0, 0x1F, 0x7F, 0x00, 0xFC, 0xF1, 0x07, 0xE0, 0x0F, 0x7E, 0x00, 0xFE,
    0xE0, 0x0F, 0xF0, 0x07, 0xFC, 0x00, 0x7F, 0xC0, 0x1F, 0xF8, 0x03, 0xFC, 0x81, 0x3F, 0x80, 0x3F,
    0xFC, 0x03, 0xF8, 0xC3, 0x1F, 0x00, 0x7F, 0xFC, 0x01, 0xF0, 0xE7, 0x0F, 0x00, 0xFE, 0xFE, 0x00,
    0xE0, 0x0F, 0x00, 0x12, 0x19, 0x2D, 0x1A, 0x3F, 0x00, 0xFC, 0x7F, 0x00, 0xFC, 0xFD, 0x01, 0xF8,
    0xFB, 0x03, 0xF0, 0xE7, 0x07, 0xF0, 0xC7, 0x1F, 0xE0, 0x8F, 0x3F, 0xC0, 0x1F, 0x7E, 0xC0, 0x1F,
    0xFC, 0x81, 0x3F, 0xF8, 0x03, 0x7F, 0xE0, 0x07, 0x7F, 0xC0, 0x1F, 0xFE, 0x80, 0x3F, 0xFC, 0x01,
    0x7E, 0xF8, 0x01, 0xFC, 0xF9, 0x03, 0xF0, 0xF3, 0x03, 0xE0, 0xE7, 0x07, 0xC0, 0xEF, 0x0F, 0x00,
    0xFF, 0x0F, 0x00, 0xFE, 0x1F, 0x00, 0xFC, 0x3F, 0x00, 0xF0, 0x3F, 0x00, 0xE0, 0x7F, 0x00, 0xC0,
    0xFF, 0x00, 0x00, 0xFF, 0x00, 0x00, 0xFE, 0x01, 0x00, 0xF8, 0x03, 0x00, 0xF0, 0x03, 0x00, 0xE0,
    0x07, 0x00, 0xC0, 0x0F, 0x00, 0x80, 0x1F, 0x00, 0x00, 0x3F, 0x00, 0x00, 0x7E, 0x00, 0x00, 0xFC,
    0x00, 0x00, 0xF8, 0x01, 0x00, 0xF0, 0x03, 0x00, 0xE0, 0x07, 0x00, 0xC0, 0x0F, 0x00, 0x80, 0x1F,
    0x00, 0x00, 0x3F, 0x00, 0x00, 0x7E, 0x00, 0x00, 0xFC, 0x00, 0x00, 0xF8, 0x01, 0x00, 0xF0, 0x03,
    0x00, 0xE0, 0x07, 0x00, 0x02, 0x12, 0x17, 0x2D, 0x1B, 0xFE, 0xFF, 0x3F, 0xFF, 0xFF, 0x9F, 0xFF,
    0xFF, 0xCF, 0xFF, 0xFF, 0xE7, 0xFF, 0xFF, 0xF3, 0xFF, 0xFF, 0xF9, 0xFF, 0xFF, 0xFC, 0xFF, 0x7F,
    0xFC, 0x01, 0x00, 0xFE, 0x00, 0x00, 0xFE, 0x00, 0x00, 0x7F, 0x00, 0x00, 0x7F, 0x00, 0x80, 0x3F,
    0x00, 0x80, 0x3F, 0x00, 0xC0, 0x1F, 0x00, 0xE0, 0x1F, 0x00, 0xE0, 0x0F, 0x00, 0xF0, 0x0F, 0x00,
    0xF0, 0x07, 0x00, 0xF8, 0x07, 0x00, 0xF8, 0x03, 0x00, 0xFC, 0x03, 0x00, 0xFC, 0x01, 0x00, 0xFE,
    0x01, 0x00, 0xFE, 0x00, 0x00, 0xFF, 0x00, 0x00, 0x7F, 0x00, 0x80, 0x7F, 0x00, 0x80, 0x3F, 0x00,
    0xC0, 0x1F, 0x00, 0xC0, 0x1F, 0x00, 0xE0, 0x0F, 0x00, 0xE0, 0x0F, 0x00, 0xF0, 0x07, 0x00, 0xF0,
    0x07, 0x00, 0xF8, 0xFB, 0xFF, 0xFF, 0xFF, 0xFF, 0xFF, 0xFF, 0xFF, 0xFF, 0xFF, 0xFF, 0xFF, 0xFF,
    0xFF, 0xFF, 0xFF, 0xFF, 0xFF, 0xFF, 0xFF, 0xFF, 0xFF, 0xFF, 0x07, 0x03, 0x11, 0x0D, 0x31, 0x11,
    0xFF, 0xFF, 0xFF, 0xFF, 0xFF, 0xFF, 0xFF, 0xFF, 0x01, 0x3F, 0xE0, 0x07, 0xFC, 0x80, 0x1F, 0xF0,
    0x03, 0x7E, 0xC0, 0x0F, 0xF8, 0x01, 0x3F, 0xE0, 0x07, 0xFC, 0x80, 0x1F, 0xF0, 0x03, 0x7E, 0xC0,
    0x0F, 0xF8, 0x01, 0x3F, 0xE0, 0x07, 0xFC, 0x80, 0x1F, 0xF0, 0x03, 0x7E, 0xC0, 0x0F, 0xF8, 0x01,
    0x3F, 0xE0, 0x07, 0xFC, 0x80, 0x1F, 0xF0, 0x03, 0x7E, 0xC0, 0x0F, 0xF8, 0x01, 0x3F, 0xE0, 0x07,
    0xFC, 0x80, 0x1F, 0xF0, 0x03, 0x7E, 0xC0, 0xFF, 0xFF, 0xFF, 0xFF, 0xFF, 0xFF, 0xFF, 0xFF, 0x1F,
    0x02, 0x0F, 0x16, 0x30, 0x17, 0x00, 0x00, 0x3F, 0x00, 0xC0, 0x07, 0x00, 0xF8, 0x01, 0x00, 0x7E,
    0x00, 0x80, 0x0F, 0x00, 0xF0, 0x03, 0x00, 0xFC, 0x00, 0x00, 0x1F, 0x00, 0xE0, 0x07, 0x00, 0xF8,
    0x01, 0x00, 0x3E, 0x00, 0xC0, 0x0F, 0x00, 0xF0, 0x03, 0x00, 0x7C, 0x00, 0x80, 0x1F, 0x00, 0xE0,
    0x07, 0x00, 0xF8, 0x00, 0x00, 0x3F, 0x00, 0xC0, 0x0F, 0x00, 0xF0, 0x01, 0x00, 0x7E, 0x00, 0x80,
    0x1F, 0x00, 0xE0, 0x03, 0x00, 0xFC, 0x00, 0x00, 0x3F, 0x00, 0xC0, 0x07, 0x00, 0xF8, 0x01, 0x00,
    0x7E, 0x00, 0x80, 0x0F, 0x00, 0xF0, 0x03, 0x00, 0xFC, 0x00, 0x00, 0x1F, 0x00, 0xE0, 0x07, 0x00,
    0xF8, 0x01, 0x00, 0x3E, 0x00, 0xC0, 0x0F, 0x00, 0xF0, 0x03, 0x00, 0x7C, 0x00, 0x80, 0x1F, 0x00,
    0xE0, 0x07, 0x00, 0xF8, 0x00, 0x00, 0x3F, 0x00, 0xC0, 0x0F, 0x00, 0xF0, 0x01, 0x00, 0x7E, 0x00,
    0x80, 0x1F, 0x00, 0xE0, 0x03, 0x00, 0xFC, 0x00, 0x00, 0x01, 0x11, 0x0D, 0x31, 0x11, 0xFF, 0xFF,
    0xFF, 0xFF, 0xFF, 0xFF, 0xFF, 0xFF, 0x7F, 0xC0, 0x0F, 0xF8, 0x01, 0x3F, 0xE0, 0x07, 0xFC, 0x80,
    0x1F, 0xF0, 0x03, 0x7E, 0xC0, 0x0F, 0xF8, 0x01, 0x3F, 0xE0, 0x07, 0xFC, 0x80, 0x1F, 0xF0, 0x03,
    0x7E, 0xC0, 0x0F, 0xF8, 0x01, 0x3F, 0xE0, 0x07, 0xFC, 0x80, 0x1F, 0xF0, 0x03, 0x7E, 0xC0, 0x0F,
    0xF8, 0x01, 0x3F, 0xE0, 0x07, 0xFC, 0x80, 0x1F, 0xF0, 0x03, 0x7E, 0xC0, 0x0F, 0xF8, 0x01, 0x3F,
    0xE0, 0x07, 0xFC, 0x80, 0x1F, 0xF0, 0xFF, 0xFF, 0xFF, 0xFF, 0xFF, 0xFF, 0xFF, 0x1F, 0x02, 0x12,
    0x18, 0x1A, 0x1D, 0x00, 0x3C, 0x00, 0x00, 0x7C, 0x00, 0x00, 0x7E, 0x00, 0x00, 0x7E, 0x00, 0x00,
    0xFF, 0x00, 0x00, 0xFF, 0x00, 0x00, 0xFF, 0x01, 0x80, 0xFF, 0x01, 0x80, 0xFF, 0x01, 0x80, 0xEF,
    0x03, 0xC0, 0xE7, 0x03, 0xC0, 0xC7, 0x07, 0xE0, 0xC3, 0x07, 0xE0, 0xC3, 0x07, 0xE0, 0x83, 0x0F,
    0xF0, 0x81, 0x0F, 0xF0, 0x81, 0x1F, 0xF8, 0x00, 0x1F, 0xF8, 0x00, 0x1F, 0xF8, 0x00, 0x3E, 0x7C,
    0x00, 0x3E, 0x7C, 0x00, 0x3E, 0x7C, 0x00, 0x7C, 0x3E, 0x00, 0x7C, 0x3E, 0x00, 0xF8, 0x1F, 0x00,
    0xF8, 0x00, 0x44, 0x18, 0x03, 0x18, 0xFF, 0xFF, 0xFF, 0xFF, 0xFF, 0xFF, 0xFF, 0xFF, 0xFF, 0x04,
    0x0D, 0x0C, 0x0B, 0x18, 0xF0, 0x07, 0x7F, 0xF8, 0x83, 0x1F, 0xF8, 0xC1, 0x0F, 0xFC, 0xE0, 0x07,
    0x3E, 0xE0, 0x03, 0x1F, 0x00, 0x02, 0x1C, 0x15, 0x24, 0x1A, 0x80, 0x3F, 0x00, 0xFE, 0x3F, 0xE0,
    0xFF, 0x0F, 0xFE, 0xFF, 0xE3, 0xFF, 0xFF, 0xFC, 0xFF, 0x9F, 0xFF, 0xFF, 0xFB, 0x07, 0x3F, 0x7F,
    0x80, 0xE3, 0x07, 0x20, 0xFC, 0x00, 0x80, 0x1F, 0x00, 0xF0, 0x03, 0x00, 0xFE, 0x01, 0xC0, 0xFF,
    0x0F, 0xF8, 0xFF, 0x07, 0xFF, 0xFF, 0xE3, 0xFF, 0xFF, 0xFC, 0xFF, 0xBF, 0x1F, 0xFF, 0xF7, 0x03,
    0xFE, 0x7E, 0x80, 0xFF, 0x0F, 0xE0, 0xFF, 0x01, 0xFC, 0x3F, 0x80, 0xFF, 0x07, 0xF0, 0xFF, 0x01,
    0xFE, 0x7F, 0xC0, 0xFF, 0x3F, 0xFC, 0xFF, 0xFF, 0xFF, 0xFF, 0xFF, 0xFB, 0xFF, 0x7F, 0xBF, 0xFF,
    0xE7, 0xE7, 0xFF, 0xFC, 0xF8, 0x0F, 0x00, 0x7C, 0x00, 0x03, 0x0F, 0x16, 0x31, 0x1B, 0x00, 0x00,
    0x3F, 0x00, 0xC0, 0x0F, 0x00, 0xF0, 0x03, 0x00, 0xFC, 0x00, 0x00, 0x3F, 0x00, 0xC0, 0x0F, 0x00,
    0xF0, 0x03, 0x00, 0xFC, 0x00, 0x00, 0x3F, 0x00, 0xC0, 0x0F, 0x00, 0xF0, 0x03, 0x00, 0xFC, 0x00,
    0x00, 0x3F, 0xF0, 0xC3, 0x0F, 0xFE, 0xF3, 0xC3, 0xFF, 0xFD, 0xF8, 0xFF, 0x3F, 0xFF, 0xFF, 0xCF,
    0xFF, 0xFF, 0xFB, 0xFF, 0xFF, 0xFE, 0xE1, 0xBF, 0x3F, 0xF0, 0xEF, 0x07, 0xF8, 0xFF, 0x01, 0xFC,
    0x7F, 0x00, 0xFF, 0x0F, 0xC0, 0xFF, 0x03, 0xF0, 0xFF, 0x00, 0xFC, 0x3F, 0x00, 0xFF, 0x0F, 0xC0,
    0xFF, 0x03, 0xF0, 0xFF, 0x00, 0xFC, 0x3F, 0x00, 0xFF, 0x0F, 0xC0, 0xFF, 0x03, 0xF0, 0xFF, 0x00,
    0xFC, 0x7F, 0x00, 0xFF, 0x1F, 0xC0, 0xEF, 0x07, 0xF0, 0xFB, 0x03, 0xFE, 0xFE, 0xC0, 0xBF, 0x7F,
    0xF8, 0xCF, 0xFF, 0xFF, 0xF3, 0xFF, 0xFF, 0xF8, 0xFF, 0x3F, 0xFE, 0xBF, 0x0F, 0xFF, 0xE7, 0x83,
    0xFF, 0xF8, 0x80, 0x0F, 0x00, 0x02, 0x1C, 0x15, 0x24, 0x18, 0xC0, 0x1F, 0x00, 0xFE, 0x0F, 0xE0,
    0xFF, 0x03, 0xFE, 0xFF, 0xE0, 0xFF, 0x3F, 0xFC, 0xFF, 0x8F, 0xFF, 0xFF, 0xE1, 0x83, 0x3F, 0x38,
    0xE0, 0x0F, 0x02, 0xF8, 0x01, 0x00, 0x3F, 0x00, 0xE0, 0x0F, 0x00, 0xF8, 0x01, 0x00, 0x3F, 0x00,
    0xE0, 0x07, 0x00, 0xFC, 0x00, 0x80, 0x1F, 0x00, 0xF0, 0x03, 0x00, 0x7E, 0x00, 0xC0, 0x0F, 0x00,
    0xF8, 0x01, 0x00, 0x3F, 0x00, 0xE0, 0x07, 0x00, 0xFC, 0x00, 0xC0, 0x1F, 0x00, 0xF8, 0x41, 0x00,
    0x3F, 0x1C, 0xF0, 0xC7, 0x07, 0xFF, 0xFC, 0xFF, 0xCF, 0xFF, 0xFF, 0xF1, 0xFF, 0x1F, 0xFC, 0xFF,
    0x81, 0xFF, 0x1F, 0xC0, 0xFF, 0x01, 0xE0, 0x0F, 0x00, 0x02, 0x0F, 0x16, 0x31, 0x1B, 0x3F, 0x00,
    0xC0, 0x0F, 0x00, 0xF0, 0x03, 0x00, 0xFC, 0x00, 0x00, 0x3F, 0x00, 0xC0, 0x0F, 0x00, 0xF0, 0x03,
    0x00, 0xFC, 0x00, 0x00, 0x3F, 0x00, 0xC0, 0x0F, 0x00, 0xF0, 0x03, 0x00, 0xFC, 0x00, 0x00, 0x3F,
    0x00, 0xC0, 0x0F, 0x1F, 0xF0, 0xF3, 0x1F, 0xFC, 0xFE, 0x0F, 0xFF, 0xFF, 0xC7, 0xFF, 0xFF, 0xF1,
    0xFF, 0xFF, 0xFC, 0xFF, 0x3F, 0xFF, 0xE1, 0xDF, 0x1F, 0xF0, 0xF7, 0x07, 0xFC, 0xFD, 0x00, 0x7E,
    0x3F, 0x80, 0xFF, 0x0F, 0xE0, 0xFF, 0x03, 0xF0, 0xFF, 0x00, 0xFC, 0x3F, 0x00, 0xFF, 0x0F, 0xC0,
    0xFF, 0x03, 0xF0, 0xFF, 0x00, 0xFC, 0x3F, 0x00, 0xFF, 0x0F, 0xC0, 0xFF, 0x03, 0xF0, 0xFF, 0x00,
    0xFC, 0x3F, 0x00, 0xFF, 0x0F, 0xE0, 0xFF, 0x03, 0xF8, 0xFD, 0x01, 0x7E, 0xFF, 0xC0, 0xDF, 0x7F,
    0xF8, 0xF7, 0xFF, 0xFF, 0xFC, 0xFF, 0x3F, 0xFF, 0xFF, 0xCF, 0xF7, 0xFF, 0xF1, 0xF9, 0x3F, 0x7C,
    0xFC, 0x07, 0x00, 0xFC, 0x00, 0x02, 0x1C, 0x16, 0x24, 0x1A, 0x80, 0x3F, 0x00, 0xF8, 0x3F, 0x00,
    0xFF, 0x1F, 0xE0, 0xFF, 0x0F, 0xFC, 0xFF, 0x07, 0xFF, 0xFF, 0xE3, 0xFF, 0xFF, 0xF8, 0x87, 0x7F,
    0x7E, 0xC0, 0x9F, 0x1F, 0xE0, 0xF7, 0x03, 0xF8, 0xFD, 0x00, 0xFC, 0x3F, 0x00, 0xFF, 0x0F, 0xC0,
    0xFF, 0xFF, 0xFF, 0xFF, 0xFF, 0xFF, 0xFF, 0xFF, 0xFF, 0xFF, 0xFF, 0xFF, 0xFF, 0xFF, 0xFF, 0xFF,
    0xFF, 0x00, 0x00, 0x3F, 0x00, 0xC0, 0x0F, 0x00, 0xF0, 0x03, 0x00, 0xFC, 0x00, 0x00, 0x3F, 0x00,
    0xE0, 0x07, 0x01, 0xF8, 0xE1, 0x00, 0x7F, 0xFC, 0xE0, 0x9F, 0xFF, 0xFF, 0xF3, 0xFF, 0xFF, 0xF8,
    0xFF, 0x1F, 0xFC, 0xFF, 0x03, 0xFE, 0x7F, 0x00, 0xFF, 0x0F, 0x00, 0xFF, 0x00, 0x01, 0x0E, 0x11,
    0x32, 0x10, 0xFE, 0x00, 0xFC, 0x07, 0xF8, 0x3F, 0xF0, 0x7F, 0xE0, 0xFF, 0xC1, 0xFF, 0x83, 0xFF,
    0x07, 0xC2, 0x1F, 0x80, 0x3F, 0x00, 0x7E, 0x00, 0xFC, 0x00, 0xF8, 0x01, 0xF0, 0x03, 0xE0, 0x07,
    0xC0, 0x0F, 0xFC, 0xFF, 0xF8, 0xFF, 0xF1, 0xFF, 0xE3, 0xFF, 0xC7, 0xFF, 0x8F, 0xFF, 0x1F, 0xFF,
    0x3F, 0xC0, 0x0F, 0x80, 0x1F, 0x00, 0x3F, 0x00, 0x7E, 0x00, 0xFC, 0x00, 0xF8, 0x01, 0xF0, 0x03,
    0xE0, 0x07, 0xC0, 0x0F, 0x80, 0x1F, 0x00, 0x3F, 0x00, 0x7E, 0x00, 0xFC, 0x00, 0xF8, 0x01, 0xF0,
    0x03, 0xE0, 0x07, 0xC0, 0x0F, 0x80, 0x1F, 0x00, 0x3F, 0x00, 0x7E, 0x00, 0xFC, 0x00, 0xF8, 0x01,
    0xF0, 0x03, 0xE0, 0x07, 0xC0, 0x0F, 0x80, 0x1F, 0x00, 0x3F, 0x00, 0x7E, 0x00, 0x02, 0x1C, 0x16,
    0x30, 0x1B, 0x00, 0x7C, 0xC0, 0xC7, 0x7F, 0xF0, 0xF9, 0x3F, 0x7C, 0xFF, 0x1F, 0xFF, 0xFF, 0xC7,
    0xFF, 0xFF, 0xF3, 0xFF, 0xFF, 0xFC, 0x87, 0x7F, 0x7F, 0xC0, 0xDF, 0x1F, 0xF0, 0xF7, 0x03, 0xF8,
    0xFD, 0x00, 0xFE, 0x3F, 0x80, 0xFF, 0x0F, 0xC0, 0xFF, 0x03, 0xF0, 0xFF, 0x00, 0xFC, 0x3F, 0x00,
    0xFF, 0x0F, 0xC0, 0xFF, 0x03, 0xF0, 0xFF, 0x00, 0xFC, 0x3F, 0x00, 0xFF, 0x0F, 0xC0, 0xFF, 0x03,
    0xF0, 0xFF, 0x00, 0xFE, 0x3F, 0x80, 0xDF, 0x1F, 0xE0, 0xF7, 0x0F, 0xFC, 0xFD, 0x87, 0x7F, 0xFF,
    0xFF, 0xCF, 0xFF, 0xFF, 0xF3, 0xFF, 0xFF, 0xFC, 0xFF, 0x1F, 0xBF, 0xFF, 0xC3, 0xCF, 0x7F, 0xF0,
    0xC3, 0x0F, 0xFC, 0x00, 0x00, 0x3F, 0x00, 0xC0, 0x0F, 0x00, 0xF0, 0x07, 0x80, 0xFC, 0x01, 0x30,
    0xFE, 0x01, 0x8F, 0xFF, 0xFF, 0xE7, 0xFF, 0xFF, 0xF1, 0xFF, 0x7F, 0xF8, 0xFF, 0x1F, 0xFC, 0xFF,
    0x07, 0xFE, 0x7F, 0x00, 0xFC, 0x03, 0x03, 0x0F, 0x15, 0x30, 0x1B, 0x00, 0x80, 0x1F, 0x00, 0xF0,
    0x03, 0x00, 0x7E, 0x00, 0xC0, 0x0F, 0x00, 0xF8, 0x01, 0x00, 0x3F, 0x00, 0xE0, 0x07, 0x00, 0xFC,
    0x00, 0x80, 0x1F, 0x00, 0xF0, 0x03, 0x00, 0x7E, 0x00, 0xC0, 0x0F, 0x00, 0xF8, 0xE1, 0x07, 0x3F,
    0xFE, 0xE1, 0xE7, 0xFF, 0xFC, 0xFE, 0xBF, 0xDF, 0xFF, 0xFF, 0xFB, 0xFF, 0x7F, 0xFF, 0xFF, 0xFF,
    0x8F, 0xFF, 0xFF, 0xE0, 0xFF, 0x0F, 0xF8, 0xFF, 0x01, 0xFE, 0x3F, 0x80, 0xFF, 0x07, 0xF0, 0xFF,
    0x00, 0xFE, 0x1F, 0xC0, 0xFF, 0x03, 0xF8, 0x7F, 0x00, 0xFF, 0x0F, 0xE0, 0xFF, 0x01, 0xFC, 0x3F,
    0x80, 0xFF, 0x07, 0xF0, 0xFF, 0x00, 0xFE, 0x1F, 0xC0, 0xFF, 0x03, 0xF8, 0x7F, 0x00, 0xFF, 0x0F,
    0xE0, 0xFF, 0x01, 0xFC, 0x3F, 0x80, 0xFF, 0x07, 0xF0, 0xFF, 0x00, 0xFE, 0x1F, 0xC0, 0xFF, 0x03,
    0xF8, 0x7F, 0x00, 0xFF, 0x0F, 0xE0, 0xFF, 0x01, 0xFC, 0x03, 0x0F, 0x06, 0x2F, 0x0C, 0xDE, 0xFF,
    0xFF, 0xFF, 0xFF, 0x7B, 0x00, 0x00, 0x00, 0xC0, 0xFF, 0xFF, 0xFF, 0xFF, 0xFF, 0xFF, 0xFF, 0xFF,
    0xFF, 0xFF, 0xFF, 0xFF, 0xFF, 0xFF, 0xFF, 0xFF, 0xFF, 0xFF, 0xFF, 0xFF, 0xFF, 0xFF, 0xFF, 0xFF,
    0xFF, 0x03, 0x02, 0x0F, 0x0D, 0x3D, 0x12, 0x1E, 0xE0, 0x07, 0xFC, 0x80, 0x1F, 0xF0, 0x03, 0x7E,
    0xC0, 0x0F, 0xF0, 0x00, 0x00, 0x00, 0x00, 0x00, 0x00, 0x00, 0x00, 0x00, 0x7E, 0xC0, 0x0F, 0xF8,
    0x01, 0x3F, 0xE0, 0x07, 0xFC, 0x80, 0x1F, 0xF0, 0x03, 0x7E, 0xC0, 0x0F, 0xF8, 0x01, 0x3F, 0xE0,
    0x07, 0xFC, 0x80, 0x1F, 0xF0, 0x03, 0x7E, 0xC0, 0x0F, 0xF8, 0x01, 0x3F, 0xE0, 0x07, 0xFC, 0x80,
    0x1F, 0xF0, 0x03, 0x7E, 0xC0, 0x0F, 0xF8, 0x01, 0x3F, 0xE0, 0x07, 0xFC, 0x80, 0x1F, 0xF0, 0x03,
    0x7E, 0xC0, 0x0F, 0xF8, 0x01, 0x3F, 0xE0, 0x07, 0xFC, 0x80, 0x1F, 0xF0, 0x03, 0xFE, 0xD0, 0xFF,
    0xF3, 0x7F, 0xFE, 0xCF, 0xFF, 0xF1, 0x7F, 0xFC, 0x0F, 0x7E, 0x00, 0x03, 0x0F, 0x15, 0x30, 0x19,
    0x00, 0x80, 0x1F, 0x00, 0xF0, 0x03, 0x00, 0x7E, 0x00, 0xC0, 0x0F, 0x00, 0xF8, 0x01, 0x00, 0x3F,
    0x00, 0xE0, 0x07, 0x00, 0xFC, 0x00, 0x80, 0x1F, 0x00, 0xF0, 0x03, 0x00, 0x7E, 0x00, 0xC0, 0x0F,
    0x00, 0xF8, 0x01, 0x00, 0xFF, 0x1F, 0xE0, 0xF7, 0x07, 0xFC, 0xFC, 0x80, 0x9F, 0x3F, 0xF0, 0xE3,
    0x0F, 0x7E, 0xF8, 0xC1, 0x0F, 0x7F, 0xF8, 0xC1, 0x0F, 0x3F, 0xF0, 0xE3, 0x07, 0xFE, 0xFC, 0x80,
    0x9F, 0x1F, 0xF0, 0xF7, 0x03, 0xFC, 0x7E, 0x00, 0xFF, 0x0F, 0xE0, 0xFF, 0x01, 0xFC, 0x3F, 0xC0,
    0xFF, 0x07, 0xF8, 0xFF, 0x80, 0xFF, 0x1F, 0xF0, 0xFF, 0x03, 0xBF, 0x7F, 0xE0, 0xE7, 0x0F, 0x7E,
    0xFC, 0xC1, 0x0F, 0x3F, 0xFC, 0xE1, 0x87, 0x1F, 0xFC, 0xF8, 0x83, 0x1F, 0x3F, 0xF0, 0xF3, 0x07,
    0x7E, 0x7E, 0xC0, 0xEF, 0x0F, 0xF8, 0xFD, 0x00, 0xFF, 0x1F, 0xE0, 0xFF, 0x03, 0xFC, 0x03, 0x0F,
    0x09, 0x30, 0x0C, 0xF8, 0xF1, 0xE3, 0xC7, 0x8F, 0x1F, 0x3F, 0x7E, 0xFC, 0xF8, 0xF1, 0xE3, 0xC7,
    0x8F, 0x1F, 0x3F, 0x7E, 0xFC, 0xF8, 0xF1, 0xE3, 0xC7, 0x8F, 0x1F, 0x3F, 0x7E, 0xFC, 0xF8, 0xF1,
    0xE3, 0xC7, 0x8F, 0x1F, 0x3F, 0x7E, 0xFC, 0xF8, 0xF1, 0xE3, 0xC7, 0x8F, 0x1F, 0x3F, 0x7E, 0xFC,
    0xFC, 0xFF, 0xFF, 0xF7, 0xEF, 0x8F, 0x1F, 0x1F, 0x1C, 0x03, 0x1C, 0x22, 0x23, 0x28, 0xF0, 0x01,
    0x7C, 0x00, 0xE0, 0x1F, 0xFC, 0xC7, 0xCF, 0xFF, 0xF0, 0x3F, 0xBF, 0xFF, 0xE7, 0xFF, 0xFD, 0xFE,
    0xBF, 0xFF, 0xFF, 0xFB, 0xFF, 0xFF, 0xFF, 0xFF, 0xFF, 0xFF, 0xFF, 0xFF, 0x1F, 0xFF, 0xC7, 0xFF,
    0x3F, 0xF8, 0x1F, 0xFE, 0xFF, 0xC0, 0x3F, 0xF0, 0xFF, 0x03, 0xFE, 0x80, 0xFF, 0x0F, 0xF0, 0x03,
    0xFC, 0x3F, 0xC0, 0x0F, 0xF0, 0xFF, 0x00, 0x3F, 0xC0, 0xFF, 0x03, 0xFC, 0x00, 0xFF, 0x0F, 0xF0,
    0x03, 0xFC, 0x3F, 0xC0, 0x0F, 0xF0, 0xFF, 0x00, 0x3F, 0xC0, 0xFF, 0x03, 0xFC, 0x00, 0xFF, 0x0F,
    0xF0, 0x03, 0xFC, 0x3F, 0xC0, 0x0F, 0xF0, 0xFF, 0x00, 0x3F, 0xC0, 0xFF, 0x03, 0xFC, 0x00, 0xFF,
    0x0F, 0xF0, 0x03, 0xFC, 0x3F, 0xC0, 0x0F, 0xF0, 0xFF, 0x00, 0x3F, 0xC0, 0xFF, 0x03, 0xFC, 0x00,
    0xFF, 0x0F, 0xF0, 0x03, 0xFC, 0x3F, 0xC0, 0x0F, 0xF0, 0xFF, 0x00, 0x3F, 0xC0, 0xFF, 0x03, 0xFC,
    0x00, 0xFF, 0x0F, 0xF0, 0x03, 0xFC, 0x3F, 0xC0, 0x0F, 0xF0, 0xFF, 0x00, 0x3F, 0xC0, 0xFF, 0x03,
    0xFC, 0x00, 0x3F, 0x03, 0x1C, 0x15, 0x23, 0x1B, 0xF0, 0x03, 0x00, 0xFF, 0xF0, 0xF3, 0x7F, 0x7E,
    0xFF, 0xDF, 0xEF, 0xFF, 0xFF, 0xFD, 0xFF, 0xFF, 0xFF, 0xFF, 0xFF, 0xC7, 0xFF, 0x7F, 0xF0, 0xFF,
    0x0F, 0xFC, 0xFF, 0x00, 0xFF, 0x1F, 0xC0, 0xFF, 0x03, 0xF8, 0x7F, 0x00, 0xFF, 0x0F, 0xE0, 0xFF,
    0x01, 0xFC, 0x3F, 0x80, 0xFF, 0x07, 0xF0, 0xFF, 0x00, 0xFE, 0x1F, 0xC0, 0xFF, 0x03, 0xF8, 0x7F,
    0x00, 0xFF, 0x0F, 0xE0, 0xFF, 0x01, 0xFC, 0x3F, 0x80, 0xFF, 0x07, 0xF0, 0xFF, 0x00, 0xFE, 0x1F,
    0xC0, 0xFF, 0x03, 0xF8, 0x7F, 0x00, 0xFF, 0x0F, 0xE0, 0xFF, 0x01, 0xFC, 0x3F, 0x80, 0xFF, 0x07,
    0xF0, 0xFF, 0x00, 0x7E, 0x02, 0x1C, 0x17, 0x24, 0x1B, 0x00, 0x7F, 0x00, 0xE0, 0xFF, 0x00, 0xF8,
    0xFF, 0x00, 0xFE, 0xFF, 0x80, 0xFF, 0xFF, 0xE0, 0xFF, 0xFF, 0xF0, 0xFF, 0x7F, 0xFC, 0x83, 0x7F,
    0xFE, 0x80, 0x3F, 0x3F, 0x80, 0x9F, 0x1F, 0xC0, 0xEF, 0x0F, 0xE0, 0xFF, 0x03, 0xE0, 0xFF, 0x01,
    0xF0, 0xFF, 0x00, 0xF8, 0x7F, 0x00, 0xFC, 0x3F, 0x00, 0xFE, 0x1F, 0x00, 0xFF, 0x0F, 0x80, 0xFF,
    0x07, 0xC0, 0xFF, 0x03, 0xE0, 0xFF, 0x01, 0xF0, 0xFF, 0x00, 0xF8, 0x7F, 0x00, 0xFC, 0x7F, 0x00,
    0x7F, 0x3F, 0x80, 0x9F, 0x1F, 0xC0, 0xCF, 0x1F, 0xF0, 0xE7, 0x1F, 0xFC, 0xE3, 0xFF, 0xFF, 0xF0,
    0xFF, 0x7F, 0xF0, 0xFF, 0x1F, 0xF0, 0xFF, 0x07, 0xF0, 0xFF, 0x01, 0xF0, 0x7F, 0x00, 0xE0, 0x0F,
    0x00, 0x03, 0x1C, 0x16, 0x30, 0x1B, 0xC0, 0x0F, 0x00, 0xF8, 0xCF, 0x0F, 0xFF, 0xF7, 0xE3, 0xFF,
    0xFF, 0xFC, 0xFF, 0x3F, 0xFF, 0xFF, 0xCF, 0xFF, 0xFF, 0xFB, 0x87, 0xFF, 0xFE, 0xC0, 0xBF, 0x1F,
    0xE0, 0xEF, 0x07, 0xF0, 0xFF, 0x01, 0xFC, 0x3F, 0x00, 0xFF, 0x0F, 0xC0, 0xFF, 0x03, 0xF0, 0xFF,
    0x00, 0xFC, 0x3F, 0x00, 0xFF, 0x0F, 0xC0, 0xFF, 0x03, 0xF0, 0xFF, 0x00, 0xFC, 0x3F, 0x00, 0xFF,
    0x0F, 0xC0, 0xFF, 0x03, 0xF0, 0xFF, 0x01, 0xFC, 0x7E, 0x00, 0xBF, 0x1F, 0xC0, 0xEF, 0x0F, 0xF8,
    0xFB, 0x03, 0xFE, 0xFC, 0xE1, 0x3F, 0xFF, 0xFF, 0xCF, 0xFF, 0xFF, 0xE3, 0xFF, 0xFF, 0xF8, 0xFF,
    0x3F, 0xFC, 0xDF, 0x0F, 0xFE, 0xF3, 0x03, 0x3E, 0xFC, 0x00, 0x00, 0x3F, 0x00, 0xC0, 0x0F, 0x00,
    0xF0, 0x03, 0x00, 0xFC, 0x00, 0x00, 0x3F, 0x00, 0xC0, 0x0F, 0x00, 0xF0, 0x03, 0x00, 0xFC, 0x00,
    0x00, 0x3F, 0x00, 0xC0, 0x0F, 0x00, 0xF0, 0x03, 0x00, 0xFC, 0x02, 0x1C, 0x16, 0x30, 0x1B, 0x00,
    0x7C, 0xC0, 0xC7, 0x7F, 0xF0, 0xF9, 0x3F, 0x7C, 0xFF, 0x1F, 0xFF, 0xFF, 0xC7, 0xFF, 0xFF, 0xF3,
    0xFF, 0xFF, 0xFC, 0x87, 0x7F, 0x7F, 0xC0, 0xDF, 0x1F, 0xF0, 0xF7, 0x03, 0xF8, 0xFD, 0x00, 0xFE,
    0x3F, 0x80, 0xFF, 0x0F, 0xC0, 0xFF, 0x03, 0xF0, 0xFF, 0x00, 0xFC, 0x3F, 0x00, 0xFF, 0x0F, 0xC0,
    0xFF, 0x03, 0xF0, 0xFF, 0x00, 0xFC, 0x3F, 0x00, 0xFF, 0x0F, 0xC0, 0xFF, 0x03, 0xF0, 0xFF, 0x00,
    0xFC, 0x3F, 0x80, 0xFF, 0x0F, 0xE0, 0xF7, 0x07, 0xF8, 0xFD, 0x03, 0x7F, 0xFF, 0xE1, 0xDF, 0xFF,
    0xFF, 0xF7, 0xFF, 0xFF, 0xFC, 0xFF, 0x3F, 0xFF, 0xFF, 0xC7, 0xEF, 0xFF, 0xF0, 0xF3, 0x1F, 0xFC,
    0xF0, 0x03, 0x3F, 0x00, 0xC0, 0x0F, 0x00, 0xF0, 0x03, 0x00, 0xFC, 0x00, 0x00, 0x3F, 0x00, 0xC0,
    0x0F, 0x00, 0xF0, 0x03, 0x00, 0xFC, 0x00, 0x00, 0x3F, 0x00, 0xC0, 0x0F, 0x00, 0xF0, 0x03, 0x00,
    0xFC, 0x00, 0x00, 0x03, 0x1C, 0x10, 0x23, 0x13, 0x1E, 0x00, 0x7F, 0xFC, 0xFF, 0xFC, 0xFE, 0xFD,
    0xFE, 0xFD, 0xFE, 0xFF, 0xFE, 0xFF, 0xFE, 0xFF, 0xC2, 0xFF, 0x80, 0xFF, 0x00, 0xFF, 0x00, 0xFE,
    0x00, 0xFC, 0x00, 0xFC, 0x00, 0xFC, 0x00, 0xFC, 0x00, 0xFC, 0x00, 0xFC, 0x00, 0xFC, 0x00, 0xFC,
    0x00, 0xFC, 0x00, 0xFC, 0x00, 0xFC, 0x00, 0xFC, 0x00, 0xFC, 0x00, 0xFC, 0x00, 0xFC, 0x00, 0xFC,
    0x00, 0xFC, 0x00, 0xFC, 0x00, 0xFC, 0x00, 0xFC, 0x00, 0xFC, 0x00, 0xFC, 0x00, 0xFC, 0x00, 0x1B,
    0x13, 0x24, 0x13, 0xC0, 0x1F, 0x80, 0xFF, 0x03, 0xFE, 0x3F, 0xF8, 0xFF, 0xE3, 0xFF, 0x3F, 0xFF,
    0xFF, 0xF9, 0xFF, 0x9F, 0x0F, 0xFE, 0x38, 0xE0, 0x87, 0x00, 0x3F, 0x00, 0xF8, 0x01, 0xC0, 0x0F,
    0x00, 0x7F, 0x00, 0xFE, 0x03, 0xFC, 0x0F, 0xFC, 0x7F, 0xF0, 0xFF, 0xC3, 0xFF, 0x0F, 0xFF, 0x3F,
    0xFC, 0xFF, 0xE0, 0xFF, 0x81, 0xFF, 0x03, 0xFC, 0x07, 0xE0, 0x0F, 0x00, 0x3F, 0x00, 0xF8, 0x01,
    0xC0, 0x0F, 0x20, 0x7E, 0x80, 0xF3, 0x07, 0x3F, 0xFF, 0xFF, 0xFB, 0xFF, 0xDF, 0xFF, 0xFF, 0xFC,
    0xFF, 0xC3, 0xFF, 0x0F, 0xFC, 0x3F, 0x80, 0x3F, 0x00, 0x01, 0x13, 0x10, 0x2D, 0x11, 0x80, 0x1F,
    0x80, 0x1F, 0x80, 0x1F, 0x80, 0x1F, 0x80, 0x1F, 0x80, 0x1F, 0x80, 0x1F, 0x80, 0x1F, 0x80, 0x1F,
    0x80, 0x1F, 0xFE, 0xFF, 0xFE, 0xFF, 0xFE, 0xFF, 0xFE, 0xFF, 0xFE, 0xFF, 0xFE, 0xFF, 0xFE, 0xFF,
    0x80, 0x1F, 0x80, 0x1F, 0x80, 0x1F, 0x80, 0x1F, 0x80, 0x1F, 0x80, 0x1F, 0x80, 0x1F, 0x80, 0x1F,
    0x80, 0x1F, 0x80, 0x1F, 0x80, 0x1F, 0x80, 0x1F, 0x80, 0x1F, 0x80, 0x1F, 0x80, 0x1F, 0x80, 0x1F,
    0x80, 0x1F, 0x80, 0x1F, 0x80, 0x1F, 0xC0, 0x1F, 0xC2, 0x1F, 0xFF, 0x1F, 0xFF, 0x0F, 0xFF, 0x0F,
    0xFF, 0x0F, 0xFF, 0x07, 0xFF, 0x03, 0xFE, 0x00, 0x03, 0x1D, 0x15, 0x23, 0x1B, 0x3F, 0x80, 0xFF,
    0x07, 0xF0, 0xFF, 0x00, 0xFE, 0x1F, 0xC0, 0xFF, 0x03, 0xF8, 0x7F, 0x00, 0xFF, 0x0F, 0xE0, 0xFF,
    0x01, 0xFC, 0x3F, 0x80, 0xFF, 0x07, 0xF0, 0xFF, 0x00, 0xFE, 0x1F, 0xC0, 0xFF, 0x03, 0xF8, 0x7F,
    0x00, 0xFF, 0x0F, 0xE0, 0xFF, 0x01, 0xFC, 0x3F, 0x80, 0xFF, 0x07, 0xF0, 0xFF, 0x00, 0xFE, 0x1F,
    0xC0, 0xFF, 0x03, 0xF8, 0x7F, 0x00, 0xFF, 0x0F, 0xE0, 0xFF, 0x01, 0xFC, 0x7F, 0x80, 0xFF, 0x1F,
    0xF0, 0xFF, 0x07, 0xFF, 0xFF, 0xE1, 0xFF, 0xFF, 0xFF, 0xFF, 0xFF, 0xDF, 0xFF, 0xFF, 0xFB, 0xFD,
    0x7F, 0x3F, 0xFF, 0xE7, 0xC7, 0x7F, 0x00, 0xE0, 0x07, 0x00, 0x1E, 0x16, 0x22, 0x17, 0x3F, 0x00,
    0xFF, 0x0F, 0xC0, 0xFF, 0x03, 0xF0, 0xFB, 0x01, 0x7E, 0x7E, 0x80, 0x9F, 0x1F, 0xE0, 0xE7, 0x07,
    0xF8, 0xF1, 0x03, 0x3F, 0xFC, 0xC0, 0x0F, 0x3F, 0xF0, 0xC3, 0x0F, 0xFC, 0xE0, 0x03, 0x1F, 0xF8,
    0xE1, 0x07, 0x7E, 0xF8, 0x01, 0x1F, 0x7E, 0xC0, 0x87, 0x0F, 0xF0, 0xF3, 0x03, 0xFC, 0xFC, 0x00,
    0x3E, 0x3F, 0x80, 0xCF, 0x0F, 0xE0, 0xFF, 0x01, 0xF8, 0x7F, 0x00, 0xFC, 0x1F, 0x00, 0xFF, 0x07,
    0xC0, 0xFF, 0x00, 0xF0, 0x3F, 0x00, 0xF8, 0x0F, 0x00, 0xFE, 0x03, 0x80, 0x7F, 0x00, 0xE0, 0x1F,
    0x00, 0xF0, 0x07, 0x00, 0xFC, 0x01, 0x00, 0x3F, 0x00, 0xC0, 0x0F, 0x00, 0x00, 0x1D, 0x22, 0x22,
    0x23, 0x3F, 0x80, 0x07, 0xF0, 0xFF, 0x00, 0x3F, 0xC0, 0xFF, 0x03, 0xFC, 0x00, 0xBF, 0x0F, 0xF0,
    0x03, 0xFC, 0x7E, 0xC0, 0x0F, 0xF8, 0xFB, 0x81, 0x7F, 0xE0, 0xE7, 0x07, 0xFE, 0x81, 0x9F, 0x1F,
    0xF8, 0x07, 0x7E, 0x7C, 0xE0, 0x1F, 0xF8, 0xF1, 0xC1, 0xFF, 0xE0, 0xC7, 0x0F, 0xFF, 0x83, 0x0F,
    0x3F, 0xFC, 0x0F, 0x3F, 0xFC, 0xF0, 0x3F, 0xFC, 0xE0, 0xE3, 0xFF, 0xF1, 0x83, 0x8F, 0xDF, 0xC7,
    0x0F, 0x3E, 0x3E, 0x1F, 0x1F, 0xF8, 0xF9, 0x7C, 0x7C, 0xE0, 0xF7, 0xF3, 0xFB, 0x81, 0xDF, 0x8F,
    0xEF, 0x07, 0x7C, 0x1F, 0xBE, 0x1F, 0xF0, 0x7D, 0xF8, 0x7E, 0xC0, 0xFF, 0xE1, 0xFF, 0x00, 0xFF,
    0x07, 0xFF, 0x03, 0xFC, 0x0F, 0xFC, 0x0F, 0xE0, 0x3F, 0xF0, 0x3F, 0x80, 0xFF, 0xC0, 0xFF, 0x00,
    0xFE, 0x03, 0xFE, 0x01, 0xF8, 0x07, 0xF8, 0x07, 0xE0, 0x1F, 0xE0, 0x1F, 0x00, 0x7F, 0x80, 0x7F,
    0x00, 0xFC, 0x01, 0xFC, 0x01, 0xF0, 0x03, 0xF0, 0x03, 0xC0, 0x0F, 0xC0, 0x0F, 0x00, 0x3F, 0x00,
    0x3F, 0x00, 0x00, 0x1D, 0x17, 0x22, 0x18, 0x7F, 0x00, 0x7F, 0x3F, 0x80, 0x9F, 0x3F, 0xE0, 0x8F,
    0x1F, 0xF0, 0xC3, 0x1F, 0xFC, 0xC1, 0x0F, 0xFE, 0xE0, 0x8F, 0x3F, 0xE0, 0xC7, 0x1F, 0xF0, 0xE7,
    0x07, 0xF0, 0xFB, 0x03, 0xF8, 0xFD, 0x00, 0xF8, 0x7F, 0x00, 0xFC, 0x1F, 0x00, 0xFC, 0x0F, 0x00,
    0xFE, 0x03, 0x00, 0xFE, 0x01, 0x00, 0x7F, 0x00, 0x80, 0x3F, 0x00, 0xE0, 0x3F, 0x00, 0xF0, 0x1F,
    0x00, 0xFC, 0x1F, 0x00, 0xFE, 0x0F, 0x00, 0xFF, 0x0F, 0xC0, 0xFF, 0x07, 0xE0, 0xF7, 0x07, 0xF8,
    0xF3, 0x03, 0xFC, 0xF8, 0x03, 0x7F, 0xF8, 0x81, 0x1F, 0xFC, 0xE1, 0x0F, 0xFC, 0xF0, 0x07, 0xFE,
    0xFC, 0x01, 0x7E, 0xFE, 0x00, 0xFF, 0x3F, 0x00, 0x3F, 0x01, 0x1D, 0x19, 0x2F, 0x1B, 0x7E, 0x00,
    0xFC, 0xFC, 0x00, 0xFC, 0xF8, 0x01, 0xF8, 0xF1, 0x03, 0xF0, 0xC3, 0x0F, 0xE0, 0x87, 0x1F, 0xE0,
    0x07, 0x3F, 0xC0, 0x0F, 0x7E, 0x80, 0x1F, 0xF8, 0x81, 0x1F, 0xF0, 0x03, 0x3F, 0xE0, 0x07, 0x7E,
    0x80, 0x0F, 0xFC, 0x00, 0x3F, 0xFC, 0x00, 0x7E, 0xF8, 0x01, 0xFC, 0xF0, 0x03, 0xF0, 0xE1, 0x07,
    0xE0, 0xE7, 0x07, 0xC0, 0xCF, 0x0F, 0x00, 0x9F, 0x1F, 0x00, 0x3E, 0x1F, 0x00, 0xFC, 0x3F, 0x00,
    0xF8, 0x7F, 0x00, 0xE0, 0xFF, 0x00, 0xC0, 0xFF, 0x00, 0x80, 0xFF, 0x01, 0x00, 0xFF, 0x03, 0x00,
    0xFC, 0x07, 0x00, 0xF8, 0x07, 0x00, 0xF0, 0x0F, 0x00, 0xC0, 0x1F, 0x00, 0x80, 0x1F, 0x00, 0x00,
    0x3F, 0x00, 0x00, 0x7E, 0x00, 0x00, 0xF8, 0x00, 0x00, 0xF0, 0x03, 0x00, 0xE0, 0x07, 0x00, 0x80,
    0x1F, 0x00, 0x00, 0x3F, 0x00, 0x00, 0xFE, 0x00, 0x00, 0xFC, 0x43, 0x00, 0xF0, 0xFF, 0x00, 0xE0,
    0xFF, 0x01, 0x80, 0xFF, 0x03, 0x00, 0xFF, 0x07, 0x00, 0xFC, 0x1F, 0x00, 0xF0, 0x3F, 0x00, 0x80,
    0x1F, 0x01, 0x1D, 0x13, 0x22, 0x15, 0xFE, 0xFF, 0xF7, 0xFF, 0xBF, 0xFF, 0xFF, 0xFD, 0xFF, 0xEF,
    0xFF, 0x7F, 0xFF, 0xFF, 0xFB, 0xFF, 0x9F, 0x1F, 0x00, 0xFC, 0x01, 0xC0, 0x1F, 0x00, 0xFE, 0x00,
    0xE0, 0x0F, 0x00, 0x7F, 0x00, 0xF0, 0x07, 0x80, 0x3F, 0x00, 0xF8, 0x03, 0x80, 0x1F, 0x00, 0xFC,
    0x01, 0xC0, 0x0F, 0x00, 0xFE, 0x00, 0xE0, 0x07, 0x00, 0x7F, 0x00, 0xF0, 0x03, 0x80, 0x3F, 0x00,
    0xF8, 0x01, 0xC0, 0x1F, 0x00, 0xFC, 0xFE, 0xFF, 0xFF, 0xFF, 0xFF, 0xFF, 0xFF, 0xFF, 0xFF, 0xFF,
    0xFF, 0xFF, 0xFF, 0xFF, 0xFF, 0xFF, 0x3F, 0x02, 0x10, 0x11, 0x32, 0x14, 0x1F, 0x00, 0xFE, 0x00,
    0xFC, 0x07, 0xF8, 0x0F, 0xF0, 0x3F, 0x00, 0x7F, 0x00, 0xFC, 0x01, 0xF0, 0x03, 0xE0, 0x07, 0xC0,
    0x0F, 0x80, 0x1F, 0x00, 0x3F, 0x00, 0x7E, 0x00, 0xFC, 0x00, 0xF8, 0x01, 0xF0, 0x03, 0xE0, 0x07,
    0xC0, 0x0F, 0x80, 0x3F, 0x00, 0x7E, 0x00, 0xFC, 0x01, 0xF0, 0x07, 0xE0, 0x7F, 0x80, 0xFF, 0x00,
    0xFC, 0x01, 0xF8, 0x03, 0xF8, 0x07, 0xF8, 0x0F, 0xF8, 0x03, 0xF8, 0x03, 0xF0, 0x03, 0xF0, 0x07,
    0xE0, 0x07, 0xC0, 0x0F, 0x80, 0x1F, 0x00, 0x3F, 0x00, 0x7E, 0x00, 0xFC, 0x00, 0xF8, 0x01, 0xF0,
    0x03, 0xE0, 0x07, 0xC0, 0x0F, 0x80, 0x1F, 0x80, 0x3F, 0x80, 0x3F, 0xE0, 0x7F, 0xC0, 0x7F, 0x80,
    0xFF, 0x00, 0xFF, 0x00, 0x7E, 0x00, 0x00, 0x06, 0x11, 0x06, 0x39, 0x12, 0xFF, 0xFF, 0xFF, 0xFF,
    0xFF, 0xFF, 0xFF, 0xFF, 0xFF, 0xFF, 0xFF, 0xFF, 0xFF, 0xFF, 0xFF, 0xFF, 0xFF, 0xFF, 0xFF, 0xFF,
    0xFF, 0xFF, 0xFF, 0xFF, 0xFF, 0xFF, 0xFF, 0xFF, 0xFF, 0xFF, 0xFF, 0xFF, 0xFF, 0xFF, 0xFF, 0xFF,
    0xFF, 0xFF, 0xFF, 0xFF, 0xFF, 0xFF, 0x3F, 0x01, 0x10, 0x12, 0x32, 0x15, 0x00, 0xF0, 0x03, 0xF0,
    0x0F, 0xF0, 0x3F, 0xC0, 0xFF, 0x80, 0xFF, 0x03, 0xFE, 0x00, 0xFC, 0x01, 0xF0, 0x03, 0xC0, 0x0F,
    0x00, 0x3F, 0x00, 0xFC, 0x00, 0xF0, 0x03, 0xC0, 0x0F, 0x00, 0x3F, 0x00, 0xFC, 0x00, 0xF0, 0x03,
    0xC0, 0x0F, 0x00, 0x3F, 0x00, 0xFE, 0x00, 0xF8, 0x01, 0xF0, 0x07, 0xE0, 0x0F, 0xF0, 0x3F, 0xC0,
    0x7F, 0x00, 0x7F, 0x00, 0xFC, 0x01, 0xF0, 0x0F, 0xC0, 0x7F, 0x00, 0xF8, 0x03, 0xC0, 0x1F, 0x00,
    0x7E, 0x00, 0xF8, 0x03, 0xC0, 0x0F, 0x00, 0x3F, 0x00, 0xFC, 0x00, 0xF0, 0x03, 0xC0, 0x0F, 0x00,
    0x3F, 0x00, 0xFC, 0x00, 0xF0, 0x03, 0xC0, 0x0F, 0x00, 0x3F, 0x00, 0xFC, 0x00, 0xF0, 0x07, 0x80,
    0x3F, 0x00, 0xFE, 0x0F, 0xF0, 0x3F, 0x80, 0xFF, 0x00, 0xFC, 0x03, 0xC0, 0x0F, 0x03, 0x20, 0x19,
    0x0C, 0x1F, 0x00, 0x80, 0x1F, 0x02, 0xC0, 0xFF, 0x0C, 0xC0, 0xFF, 0x3B, 0xC0, 0xFF, 0xFF, 0xE1,
    0xFF, 0xFF, 0xFF, 0xFF, 0xFF, 0xFF, 0xFF, 0xFF, 0xFF, 0x7F, 0xF8, 0xFE, 0x3F, 0xC0, 0xF9, 0x3F,
    0x00, 0xE3, 0x3F, 0x00, 0x84, 0x0F, 0x00, 0x00, 0xA0, 0x01, 0xE0, 0x01, 0x00, 0x3F, 0x01, 0x01,
    0x0B, 0x00, 0x03, 0x1B, 0x07, 0x31, 0x0D, 0x3C, 0xDF, 0xFF, 0xFF, 0xFF, 0xFF, 0xFF, 0x3E, 0x1E,
    0x00, 0x00, 0x00, 0x00, 0x7E, 0xBF, 0xDF, 0xEF, 0xF7, 0xFB, 0xFD, 0x7E, 0xBF, 0xDF, 0xEF, 0xF7,
    0xFB, 0xFD, 0x7E, 0xBF, 0xDF, 0xEF, 0xF7, 0xFB, 0xFD, 0x7E, 0xBF, 0xDF, 0xEF, 0xF7, 0xFB, 0xFD,
    0x7E, 0x3F, 0x02, 0x15, 0x15, 0x33, 0x18, 0xF0, 0x00, 0x00, 0x1E, 0x00, 0xC0, 0x07, 0x00, 0xF0,
    0x00, 0x00, 0x1E, 0x00, 0xC0, 0x03, 0x00, 0x78, 0x00, 0x00, 0xFF, 0x00, 0xF0, 0x7F, 0x00, 0xFF,
    0x1F, 0xF0, 0xFF, 0x07, 0xFF, 0xFF, 0xE1, 0xFF, 0x7F, 0xFC, 0xFF, 0x0F, 0xFF, 0xFF, 0xC1, 0x1F,
    0x7F, 0xD0, 0xE7, 0x0F, 0xF0, 0xF8, 0x01, 0x1E, 0x7F, 0xC0, 0xE3, 0x0F, 0x78, 0xF8, 0x01, 0x0F,
    0x3F, 0xE0, 0xE3, 0x07, 0x7C, 0xFC, 0x00, 0x8F, 0x1F, 0xE0, 0xF1, 0x03, 0x3C, 0x7E, 0x80, 0xC7,
    0x0F, 0xF0, 0xF8, 0x01, 0x3E, 0x3F, 0x80, 0xE7, 0x07, 0xF0, 0xFE, 0x00, 0xDE, 0x0F, 0xC2, 0xFB,
    0xE1, 0xF8, 0x3F, 0x3E, 0xFF, 0xE7, 0xFF, 0x7F, 0xFE, 0xFF, 0x8F, 0xFF, 0xFF, 0xE0, 0xFF, 0x0F,
    0xFC, 0xFF, 0x01, 0xFE, 0x0F, 0x00, 0xFF, 0x01, 0x00, 0x3C, 0x00, 0x80, 0x07, 0x00, 0xF0, 0x00,
    0x00, 0x1E, 0x00, 0xC0, 0x07, 0x00, 0xF8, 0x00, 0x00, 0x1E, 0x00, 0xC0, 0x03, 0x02, 0x11, 0x19,
    0x2E, 0x1C, 0x00, 0x7F, 0x00, 0xC0, 0xFF, 0x07, 0xC0, 0xFF, 0x1F, 0xC0, 0xFF, 0x7F, 0xC0, 0xFF,
    0xFF, 0xC1, 0xFF, 0xFF, 0x87, 0xFF, 0xFF, 0x0F, 0xFF, 0xE0, 0x1F, 0x7C, 0x80, 0x7F, 0x70, 0x00,
    0xFE, 0x40, 0x00, 0xF8, 0x01, 0x00, 0xF0, 0x03, 0x00, 0xE0, 0x07, 0x00, 0xC0, 0x0F, 0x00, 0x80,
    0x1F, 0x00, 0x00, 0x3F, 0x00, 0x00, 0x7E, 0x00, 0x00, 0x7E, 0x00, 0x00, 0xFC, 0x00, 0x00, 0xF8,
    0x01, 0x00, 0xF8, 0x01, 0xF8, 0xFF, 0x1F, 0xF0, 0xFF, 0x3F, 0xE0, 0xFF, 0x7F, 0xC0, 0xFF, 0xFF,
    0x80, 0xFF, 0xFF, 0x01, 0xFF, 0xFF, 0x03, 0x00, 0xFC, 0x00, 0x00, 0xF8, 0x01, 0x00, 0xF0, 0x03,
    0x00, 0xE0, 0x07, 0x00, 0xC0, 0x0F, 0x00, 0x00, 0x1F, 0x00, 0x00, 0x3E, 0x00, 0x00, 0xFC, 0x00,
    0x00, 0xF0, 0x01, 0x00, 0xE0, 0x03, 0x00, 0x80, 0xCF, 0xFF, 0xFF, 0xBF, 0xFF, 0xFF, 0xFF, 0xFF,
    0xFF, 0xFF, 0xFF, 0xFF, 0xFF, 0xFF, 0xFF, 0xFF, 0xFF, 0xFF, 0xFF, 0xFF, 0xFF, 0xFF, 0xFF, 0xFF,
    0xFF, 0x3F, 0x03, 0x1A, 0x17, 0x1F, 0x1E, 0x08, 0x00, 0x10, 0x0E, 0x00, 0x98, 0x87, 0x1F, 0xFE,
    0xF7, 0xBF, 0xEF, 0xFF, 0xFF, 0xE7, 0xFF, 0xFF, 0xE1, 0xFF, 0x7F, 0xF0, 0x87, 0x3F, 0xF8, 0x81,
    0x1F, 0x7C, 0x80, 0x0F, 0x1E, 0x80, 0x87, 0x0F, 0xC0, 0xC7, 0x03, 0xC0, 0xE3, 0x01, 0xE0, 0xF1,
    0x00, 0xF0, 0x78, 0x00, 0x78, 0x3C, 0x00, 0x3C, 0x1E, 0x00, 0x1E, 0x0F, 0x00, 0x8F, 0x0F, 0xC0,
    0x87, 0x07, 0xE0, 0xC1, 0x07, 0xF8, 0xE0, 0x07, 0x7E, 0xE0, 0x87, 0x3F, 0xF8, 0xFF, 0x1F, 0xFE,
    0xFF, 0x9F, 0xFF, 0xFF, 0xFF, 0xF7, 0xBF, 0xEF, 0xE1, 0x87, 0xE7, 0x00, 0xC0, 0x21, 0x00, 0x40,
    0x00, 0x00, 0x12, 0x1B, 0x2E, 0x1D, 0x7F, 0x00, 0xF0, 0xFF, 0x03, 0x80, 0xBF, 0x3F, 0x00, 0xFC,
    0xFC, 0x01, 0xF0, 0xE7, 0x1F, 0x80, 0x3F, 0xFE, 0x00, 0xFE, 0xF0, 0x07, 0xF0, 0x07, 0x7F, 0x80,
    0x1F, 0xF8, 0x03, 0xFE, 0x80, 0x3F, 0xF0, 0x07, 0xFC, 0x81, 0x1F, 0xE0, 0x0F, 0xFE, 0x00, 0xFE,
    0xF0, 0x03, 0xF0, 0x87, 0x1F, 0x00, 0x7F, 0xFE, 0x00, 0xF8, 0xF3, 0x03, 0x80, 0xDF, 0x1F, 0x00,
    0xFC, 0x7F, 0x00, 0xFF, 0xFF, 0x7F, 0xF8, 0xFF, 0xFF, 0xC3, 0xFF, 0xFF, 0x1F, 0xFE, 0xFF, 0xFF,
    0xF0, 0xFF, 0xFF, 0x87, 0xFF, 0xFF, 0x3F, 0x00, 0xFC, 0x03, 0x00, 0xC0, 0x0F, 0x00, 0x00, 0x7E,
    0x00, 0xF8, 0xFF, 0xFF, 0xC3, 0xFF, 0xFF, 0x1F, 0xFE, 0xFF, 0xFF, 0xF0, 0xFF, 0xFF, 0x87, 0xFF,
    0xFF, 0x3F, 0xFC, 0xFF, 0xFF, 0x01, 0xC0, 0x0F, 0x00, 0x00, 0x7E, 0x00, 0x00, 0xF0, 0x03, 0x00,
    0x80, 0x1F, 0x00, 0x00, 0xFC, 0x00, 0x00, 0xE0, 0x07, 0x00, 0x00, 0x3F, 0x00, 0x00, 0xF8, 0x01,
    0x00, 0xC0, 0x0F, 0x00, 0x00, 0x7E, 0x00, 0x00, 0xF0, 0x03, 0x00, 0x80, 0x1F, 0x00, 0x00, 0xFC,
    0x00, 0x00, 0x06, 0x0E, 0x06, 0x3E, 0x12, 0xFF, 0xFF, 0xFF, 0xFF, 0xFF, 0xFF, 0xFF, 0xFF, 0xFF,
    0xFF, 0xFF, 0xFF, 0xFF, 0xFF, 0xFF, 0xFF, 0x0F, 0x00, 0x00, 0x00, 0x00, 0x00, 0x00, 0x00, 0x00,
    0x00, 0x00, 0x00, 0x00, 0x00, 0xFF, 0xFF, 0xFF, 0xFF, 0xFF, 0xFF, 0xFF, 0xFF, 0xFF, 0xFF, 0xFF,
    0xFF, 0xFF, 0xFF, 0xFF, 0xFF, 0x0F, 0x02, 0x11, 0x15, 0x3A, 0x19, 0xC0, 0x3F, 0x00, 0xFE, 0x1F,
    0xE0, 0xFF, 0x07, 0xFE, 0xFF, 0xE1, 0xFF, 0x7F, 0xFC, 0xFF, 0x0F, 0xFF, 0xFF, 0xC3, 0x07, 0x7F,
    0x30, 0xC0, 0x0F, 0x00, 0xF8, 0x01, 0x00, 0x3F, 0x00, 0xE0, 0x07, 0x00, 0xFE, 0x00, 0xE0, 0x1F,
    0x00, 0xFE, 0x01, 0xE0, 0x1F, 0x00, 0xFE, 0x03, 0xF0, 0x3F, 0x00, 0xFF, 0x03, 0xF0, 0xFF, 0x00,
    0xFF, 0x3F, 0xF0, 0xFF, 0x0F, 0xFE, 0xFF, 0xE3, 0x3F, 0x7F, 0xFE, 0xC3, 0xCF, 0x3F, 0xF8, 0xFF,
    0x03, 0xFE, 0x3F, 0xC0, 0xFF, 0x03, 0xF8, 0x7F, 0x00, 0xFF, 0x0F, 0xF0, 0xFF, 0x01, 0xFF, 0x7F,
    0xF0, 0xCF, 0x0F, 0xFF, 0xF9, 0xF3, 0x1F, 0xFF, 0xFF, 0xC3, 0xFF, 0x3F, 0xF0, 0xFF, 0x03, 0xFC,
    0x3F, 0x00, 0xFF, 0x03, 0xF0, 0x3F, 0x00, 0xFF, 0x01, 0xE0, 0x1F, 0x00, 0xFE, 0x01, 0xC0, 0x1F,
    0x00, 0xFC, 0x01, 0x80, 0x1F, 0x00, 0xF0, 0x03, 0x00, 0x7E, 0x00, 0xC0, 0x0F, 0x30, 0xF8, 0x87,
    0x0F, 0xFF, 0xFF, 0xC3, 0xFF, 0xFF, 0xF9, 0xFF, 0x1F, 0xFE, 0xFF, 0x81, 0xFF, 0x1F, 0xE0, 0xFF,
    0x01, 0xF0, 0x07, 0x00, 0x03, 0x10, 0x10, 0x08, 0x16, 0x1E, 0x78, 0x3F, 0xFC, 0x3F, 0xFC, 0x3F,
    0xFC, 0x3F, 0xFC, 0x3F, 0xFC, 0x3F, 0xFC, 0x1E, 0x78, 0x02, 0x11, 0x25, 0x34, 0x29, 0x00, 0x80,
    0x3F, 0x00, 0x00, 0x00, 0xFE, 0x3F, 0x00, 0x00, 0xF0, 0xFF, 0x1F, 0x00, 0x00, 0xFF, 0xFF, 0x07,
    0x00, 0xF0, 0xFF, 0xFF, 0x01, 0x00, 0xFF, 0x80, 0x7F, 0x00, 0xF0, 0x07, 0xC0, 0x1F, 0x00, 0x7F,
    0x00, 0xE0, 0x07, 0xE0, 0x07, 0x00, 0xF8, 0x00, 0x7E, 0x00, 0x00, 0x3E, 0xE0, 0x07, 0x00, 0xC0,
    0x0F, 0x7C, 0xC0, 0x1F, 0xF0, 0x81, 0x07, 0xFC, 0x0F, 0x3C, 0xF8, 0xC0, 0xFF, 0x83, 0x0F, 0x0F,
    0xFC, 0xFF, 0xE0, 0xF1, 0xC1, 0xFF, 0x1F, 0x7C, 0x3E, 0xF8, 0xFF, 0x07, 0xCF, 0x83, 0x3F, 0xFE,
    0xE0, 0x79, 0xC0, 0x03, 0x1F, 0x3C, 0x0F, 0x30, 0xE0, 0x87, 0xFF, 0x00, 0x04, 0xF8, 0xE0, 0x1F,
    0x00, 0x00, 0x1F, 0xFC, 0x03, 0x00, 0xE0, 0x83, 0x7F, 0x00, 0x00, 0x7C, 0xF0, 0x0F, 0x00, 0x80,
    0x0F, 0xFE, 0x01, 0x00, 0xF0, 0xC1, 0x3F, 0x00, 0x00, 0x3E, 0xF8, 0x07, 0x00, 0xC0, 0x07, 0xFF,
    0x00, 0x00, 0xF8, 0xE0, 0x1F, 0x00, 0x00, 0x1F, 0xFC, 0x03, 0x00, 0xE0, 0x83, 0xFF, 0x00, 0x03,
    0x3E, 0xF8, 0x1E, 0x70, 0xC0, 0x07, 0xCF, 0x83, 0x1F, 0xFE, 0xE0, 0x79, 0xE0, 0xFF, 0x1F, 0x3C,
    0x1F, 0xFC, 0xFF, 0xC1, 0xC7, 0x03, 0xFF, 0x1F, 0xF8, 0x78, 0xC0, 0xFF, 0x03, 0x0F, 0x1F, 0xF0,
    0x3F, 0xF0, 0xC1, 0x03, 0xF8, 0x01, 0x1E, 0xF8, 0x00, 0x00, 0xE0, 0x03, 0x3E, 0x00, 0x00, 0x3E,
    0xC0, 0x0F, 0x00, 0xE0, 0x07, 0xF0, 0x01, 0x00, 0x7E, 0x00, 0xFC, 0x00, 0xE0, 0x0F, 0x80, 0x3F,
    0x00, 0xFE, 0x00, 0xE0, 0x1F, 0xF0, 0x0F, 0x00, 0xF8, 0xFF, 0xFF, 0x00, 0x00, 0xFE, 0xFF, 0x0F,
    0x00, 0x00, 0xFF, 0xFF, 0x00, 0x00, 0xC0, 0xFF, 0x07, 0x00, 0x00, 0xC0, 0x1F, 0x00, 0x00, 0x02,
    0x0D, 0x0E, 0x18, 0x13, 0x00, 0x00, 0xFE, 0xE1, 0xFF, 0xF8, 0x7F, 0xFF, 0xFF, 0xFF, 0xF7, 0xC0,
    0x3C, 0x00, 0x0F, 0xC0, 0x3F, 0xF0, 0x7F, 0xFC, 0x3F, 0xFF, 0xDF, 0xFB, 0xFF, 0xE0, 0x3F, 0xF0,
    0x0F, 0xFC, 0x07, 0xFF, 0xE3, 0xFF, 0xFF, 0xFF, 0xDF, 0xFF, 0xF7, 0xFE, 0x00, 0x1F, 0x01, 0x1F,
    0x1E, 0x1E, 0x21, 0x7F, 0xC0, 0x0F, 0x80, 0x3F, 0xF0, 0x07, 0xC0, 0x1F, 0xF8, 0x03, 0xF0, 0x07,
    0xFE, 0x00, 0xF8, 0x03, 0x7F, 0x00, 0xFC, 0x81, 0x3F, 0x00, 0x7F, 0xE0, 0x0F, 0x80, 0x3F, 0xF0,
    0x07, 0xC0, 0x0F, 0xF8, 0x01, 0xF0, 0x07, 0xFE, 0x00, 0xF8, 0x03, 0x7F, 0x00, 0xFC, 0x80, 0x1F,
    0x00, 0x7F, 0xE0, 0x0F, 0x80, 0x3F, 0xF0, 0x07, 0xE0, 0x0F, 0xFC, 0x01, 0xF8, 0x03, 0x7F, 0x00,
    0xFE, 0xC0, 0x1F, 0xC0, 0x1F, 0xF8, 0x03, 0xF0, 0x03, 0x7E, 0x00, 0xFE, 0xC0, 0x1F, 0xC0, 0x1F,
    0xF8, 0x03, 0xF0, 0x03, 0x7E, 0x00, 0xFE, 0xC0, 0x1F, 0xC0, 0x1F, 0xF8, 0x03, 0xF0, 0x07, 0xFE,
    0x00, 0xFE, 0xC0, 0x1F, 0xC0, 0x1F, 0xF8, 0x03, 0xF0, 0x07, 0xFE, 0x00, 0xFE, 0xC0, 0x1F, 0xC0,
    0x1F, 0xF0, 0x03, 0x00, 0x03, 0x1E, 0x1B, 0x17, 0x21, 0xFF, 0xFF, 0xFF, 0xFF, 0xFF, 0xFF, 0xFF,
    0xFF, 0xFF, 0xFF, 0xFF, 0xFF, 0xFF, 0xFF, 0xFF, 0xFF, 0xFF, 0xFF, 0xFF, 0xFF, 0xFF, 0xFF, 0xFF,
    0xFF, 0x03, 0x00, 0x00, 0x1F, 0x00, 0x00, 0xF8, 0x00, 0x00, 0xC0, 0x07, 0x00, 0x00, 0x3E, 0x00,
    0x00, 0xF0, 0x01, 0x00, 0x80, 0x0F, 0x00, 0x00, 0x7C, 0x00, 0x00, 0xE0, 0x03, 0x00, 0x00, 0x1F,
    0x00, 0x00, 0xF8, 0x00, 0x00, 0xC0, 0x07, 0x00, 0x00, 0x3E, 0x00, 0x00, 0xF0, 0x01, 0x00, 0x80,
    0x0F, 0x00, 0x00, 0x7C, 0x00, 0x00, 0x00, 0x02, 0x29, 0x0E, 0x08, 0x12, 0xFF, 0xFF, 0xFF, 0xFF,
    0xFF, 0xFF, 0xFF, 0xFF, 0xFF, 0xFF, 0xFF, 0xFF, 0xFF, 0xFF, 0x02, 0x11, 0x25, 0x34, 0x29, 0x00,
    0x80, 0x3F, 0x00, 0x00, 0x00, 0xFE, 0x3F, 0x00, 0x00, 0xF0, 0xFF, 0x1F, 0x00, 0x00, 0xFF, 0xFF,
    0x07, 0x00, 0xF0, 0xFF, 0xFF, 0x01, 0x00, 0xFF, 0x80, 0x7F, 0x00, 0xF0, 0x07, 0xC0, 0x1F, 0x00,
    0x7F, 0x00, 0xE0, 0x07, 0xE0, 0x07, 0x00, 0xF8, 0x00, 0x7E, 0x00, 0x00, 0x3E, 0xE0, 0x07, 0x00,
    0xC0, 0x0F, 0x7C, 0x80, 0xFF, 0xF1, 0x81, 0x07, 0xFC, 0x3F, 0x3C, 0xF8, 0xC0, 0xFF, 0x87, 0x0F,
    0x0F, 0xFC, 0xFF, 0xE0, 0xF1, 0x81, 0xFF, 0x1F, 0x7C, 0x3E, 0xF8, 0xFF, 0x03, 0xCF, 0x03, 0x3F,
    0x7C, 0xE0, 0x79, 0xE0, 0x83, 0x0F, 0x3C, 0x0F, 0x7C, 0xF0, 0x81, 0xFF, 0x80, 0x0F, 0x3E, 0xE0,
    0x1F, 0xF0, 0xC1, 0x07, 0xFC, 0x03, 0x3E, 0xF8, 0x80, 0x7F, 0xC0, 0x0F, 0x1F, 0xF0, 0x0F, 0xF0,
    0xFF, 0x03, 0xFE, 0x01, 0xFE, 0x7F, 0xC0, 0x3F, 0x80, 0xFF, 0x0F, 0xF8, 0x07, 0xE0, 0xFF, 0x01,
    0xFF, 0x00, 0xFC, 0x3F, 0xE0, 0x1F, 0x80, 0xCF, 0x07, 0xFC, 0x03, 0xF8, 0xF9, 0x80, 0xFF, 0x00,
    0x1F, 0x1F, 0xF8, 0x1E, 0xF0, 0xE3, 0x03, 0xCF, 0x03, 0x3E, 0x7C, 0xE0, 0x79, 0xE0, 0x87, 0x0F,
    0x3C, 0x1F, 0x7C, 0xF0, 0xC1, 0xC7, 0xC3, 0x0F, 0x3E, 0xF8, 0x78, 0xF8, 0xC0, 0x07, 0x0F, 0x9F,
    0x1F, 0xF8, 0xF0, 0xC1, 0x03, 0x00, 0x00, 0x1E, 0xF8, 0x00, 0x00, 0xE0, 0x03, 0x3E, 0x00, 0x00,
    0x3E, 0xC0, 0x0F, 0x00, 0xE0, 0x07, 0xF0, 0x01, 0x00, 0x7E, 0x00, 0xFC, 0x00, 0xE0, 0x0F, 0x80,
    0x3F, 0x00, 0xFE, 0x00, 0xE0, 0x1F, 0xF0, 0x0F, 0x00, 0xF8, 0xFF, 0xFF, 0x00, 0x00, 0xFE, 0xFF,
    0x0F, 0x00, 0x00, 0xFF, 0xFF, 0x00, 0x00, 0xC0, 0xFF, 0x07, 0x00, 0x00, 0xC0, 0x1F, 0x00, 0x00,
    0x04, 0x10, 0x0F, 0x06, 0x17, 0xFF, 0xFF, 0xFF, 0xFF, 0xFF, 0xFF, 0xFF, 0xFF, 0xFF, 0xFF, 0xFF,
    0x03, 0x02, 0x0D, 0x0E, 0x14, 0x14, 0xE0, 0x01, 0xFE, 0xC1, 0xFF, 0xF0, 0x3F, 0xFE, 0x9F, 0xFF,
    0xF7, 0xE3, 0x7F, 0xF8, 0x0F, 0xFC, 0x03, 0xFF, 0xC0, 0x3F, 0xF0, 0x1F, 0xFE, 0x8F, 0xEF, 0xFF,
    0xF9, 0x7F, 0xFC, 0x0F, 0xFE, 0x83, 0x7F, 0x80, 0x07, 0x03, 0x0E, 0x1A, 0x31, 0x20, 0x00, 0x7C,
    0x00, 0x00, 0xF0, 0x01, 0x00, 0xC0, 0x07, 0x00, 0x00, 0x1F, 0x00, 0x00, 0x7C, 0x00, 0x00, 0xF0,
    0x01, 0x00, 0xC0, 0x07, 0x00, 0x00, 0x1F, 0x00, 0x00, 0x7C, 0x00, 0x00, 0xF0, 0x01, 0x00, 0xC0,
    0x07, 0x00, 0x00, 0x1F, 0x00, 0x00, 0x7C, 0x00, 0x00, 0xF0, 0x01, 0x00, 0xC0, 0x07, 0xC0, 0xFF,
    0xFF, 0xFF, 0xFF, 0xFF, 0xFF, 0xFF, 0xFF, 0xFF, 0xFF, 0xFF, 0xFF, 0xFF, 0xFF, 0xFF, 0xFF, 0xFF,
    0xFF, 0xFF, 0xFF, 0xFF, 0xFF, 0x0F, 0xC0, 0x07, 0x00, 0x00, 0x1F, 0x00, 0x00, 0x7C, 0x00, 0x00,
    0xF0, 0x01, 0x00, 0xC0, 0x07, 0x00, 0x00, 0x1F, 0x00, 0x00, 0x7C, 0x00, 0x00, 0xF0, 0x01, 0x00,
    0xC0, 0x07, 0x00, 0x00, 0x1F, 0x00, 0x00, 0x7C, 0x00, 0x00, 0xF0, 0x01, 0x00, 0xC0, 0x07, 0x00,
    0x00, 0x1F, 0x00, 0x00, 0x7C, 0x00, 0x00, 0xF0, 0x01, 0x00, 0x00, 0x00, 0x00, 0x00, 0x00, 0x00,
    0x00, 0x00, 0x00, 0x00, 0x00, 0x00, 0xF0, 0xFF, 0xFF, 0xFF, 0xFF, 0xFF, 0xFF, 0xFF, 0xFF, 0xFF,
    0xFF, 0xFF, 0xFF, 0xFF, 0xFF, 0xFF, 0xFF, 0xFF, 0xFF, 0xFF, 0xFF, 0xFF, 0xFF, 0x03, 0x01, 0x0D,
    0x11, 0x1D, 0x15, 0x00, 0x00, 0xE0, 0x3F, 0xE0, 0xFF, 0xE0, 0xFF, 0xC7, 0xFF, 0xCF, 0xFF, 0xBF,
    0xFF, 0x7F, 0xFF, 0x7F, 0x7E, 0x70, 0xFC, 0x60, 0xF8, 0x01, 0xF0, 0x03, 0xE0, 0x0F, 0x80, 0x1F,
    0x00, 0x7F, 0x00, 0xFC, 0x01, 0xF8, 0x07, 0xE0, 0x0F, 0x80, 0x3F, 0x00, 0xFE, 0x00, 0xF8, 0x03,
    0xE0, 0x0F, 0x80, 0xBF, 0xFF, 0xFF, 0xFF, 0xFF, 0xFF, 0xFF, 0xFF, 0xFF, 0xFF, 0xFF, 0xFF, 0xFF,
    0x1F, 0x01, 0x0D, 0x11, 0x1D, 0x16, 0x80, 0x00, 0xF0, 0x3F, 0xF0, 0xFF, 0xF0, 0xFF, 0xE3, 0xFF,
    0xEF, 0xFF, 0xFF, 0xFF, 0x9F, 0x1F, 0x1C, 0x3F, 0x10, 0x7E, 0x00, 0xFC, 0x01, 0xF0, 0x7F, 0xC0,
    0xFF, 0x00, 0xFF, 0x01, 0xFF, 0x03, 0xFF, 0x07, 0xFE, 0x0F, 0xFE, 0x00, 0xFC, 0x00, 0xF8, 0x01,
    0xF0, 0x03, 0xE0, 0x07, 0xC6, 0x1F, 0xBE, 0xFF, 0xFF, 0xFE, 0xFF, 0xFD, 0xFF, 0xF1, 0xFF, 0xC1,
    0xFF, 0x01, 0xFE, 0x00, 0x07, 0x0D, 0x0B, 0x0B, 0x18, 0x7F, 0xF0, 0x83, 0x3F, 0xF8, 0xC1, 0x1F,
    0xFC, 0xC0, 0x07, 0x7E, 0xE0, 0x03, 0x1F, 0xF0, 0x01, 0x03, 0x1D, 0x15, 0x2F, 0x1B, 0x3F, 0x80,
    0xFF, 0x07, 0xF0, 0xFF, 0x00, 0xFE, 0x1F, 0xC0, 0xFF, 0x03, 0xF8, 0x7F, 0x00, 0xFF, 0x0F, 0xE0,
    0xFF, 0x01, 0xFC, 0x3F, 0x80, 0xFF, 0x07, 0xF0, 0xFF, 0x00, 0xFE, 0x1F, 0xC0, 0xFF, 0x03, 0xF8,
    0x7F, 0x00, 0xFF, 0x0F, 0xE0, 0xFF, 0x01, 0xFC, 0x3F, 0x80, 0xFF, 0x07, 0xF0, 0xFF, 0x00, 0xFE,
    0x1F, 0xC0, 0xFF, 0x03, 0xF8, 0x7F, 0x00, 0xFF, 0x0F, 0xE0, 0xFF, 0x01, 0xFC, 0x3F, 0x80, 0xFF,
    0x0F, 0xF0, 0xFF, 0x03, 0xFF, 0xFF, 0xF8, 0xFF, 0xFF, 0xFF, 0xFF, 0xFF, 0xFF, 0xFF, 0xFF, 0xFF,
    0xFF, 0xFF, 0xBF, 0xFF, 0xFF, 0xF7, 0xF7, 0x03, 0x78, 0x7E, 0x00, 0xC0, 0x0F, 0x00, 0xF8, 0x01,
    0x00, 0x3F, 0x00, 0xE0, 0x07, 0x00, 0xFC, 0x00, 0x80, 0x1F, 0x00, 0xF0, 0x03, 0x00, 0x7E, 0x00,
    0xC0, 0x0F, 0x00, 0xF8, 0x01, 0x00, 0x3F, 0x00, 0xE0, 0x07, 0x01, 0x12, 0x1D, 0x31, 0x1E, 0xFF,
    0xFF, 0x1F, 0xE0, 0xFF, 0xFF, 0x1F, 0xFC, 0xFF, 0xFF, 0x87, 0xFF, 0xFF, 0xFF, 0xF1, 0xFF, 0xFF,
    0x7F, 0xE0, 0xC7, 0xFF, 0x0F, 0xFC, 0xF8, 0xFF, 0x83, 0x1F, 0xFF, 0x7F, 0xF0, 0xE3, 0xFF, 0x0F,
    0x7E, 0xFC, 0xFF, 0xC1, 0x8F, 0xFF, 0x7F, 0xF8, 0xF1, 0xFF, 0x0F, 0x3F, 0xFE, 0xFF, 0xE0, 0xC7,
    0xFF, 0x1F, 0xFC, 0xF8, 0xFF, 0x83, 0x1F, 0xFF, 0x7F, 0xF0, 0xE3, 0xFF, 0x0F, 0x7E, 0xFC, 0xFF,
    0xC0, 0x8F, 0xFF, 0x0F, 0xF8, 0xF1, 0xFF, 0x01, 0x3F, 0xFE, 0x1F, 0xE0, 0xC7, 0xFF, 0x00, 0xFC,
    0xF8, 0x03, 0x80, 0x1F, 0x3F, 0x00, 0xF0, 0xE3, 0x07, 0x00, 0x7E, 0xFC, 0x00, 0xC0, 0x8F, 0x1F,
    0x00, 0xF8, 0xF1, 0x03, 0x00, 0x3F, 0x7E, 0x00, 0xE0, 0xC7, 0x0F, 0x00, 0xFC, 0xF8, 0x01, 0x80,
    0x1F, 0x3F, 0x00, 0xF0, 0xE3, 0x07, 0x00, 0x7E, 0xFC, 0x00, 0xC0, 0x8F, 0x1F, 0x00, 0xF8, 0xF1,
    0x03, 0x00, 0x3F, 0x7E, 0x00, 0xE0, 0xC7, 0x0F, 0x00, 0xFC, 0xF8, 0x01, 0x80, 0x1F, 0x3F, 0x00,
    0xF0, 0xE3, 0x07, 0x00, 0x7E, 0xFC, 0x00, 0xC0, 0x8F, 0x1F, 0x00, 0xF8, 0xF1, 0x03, 0x00, 0x3F,
    0x7E, 0x00, 0xE0, 0xC7, 0x0F, 0x00, 0xFC, 0xF8, 0x01, 0x80, 0x1F, 0x3F, 0x00, 0xF0, 0xE3, 0x07,
    0x00, 0x03, 0x22, 0x07, 0x0A, 0x0D, 0x3C, 0xDF, 0xFF, 0xFF, 0xFF, 0xFF, 0xFF, 0x3E, 0x1E, 0x04,
    0x3D, 0x0C, 0x0F, 0x17, 0x3C, 0x80, 0x03, 0x78, 0xC0, 0x07, 0xFE, 0xF0, 0x0F, 0x3F, 0xF0, 0x00,
    0x0F, 0xF0, 0x60, 0xFF, 0xF7, 0xFF, 0xFE, 0xCF, 0xFF, 0xF8, 0x03, 0x04, 0x0E, 0x0B, 0x1C, 0x15,
    0x1F, 0xF8, 0xC0, 0x0F, 0x7E, 0xF0, 0x8F, 0xFF, 0xFF, 0xFF, 0xFF, 0xFF, 0xFF, 0xFF, 0x0F, 0x7E,
    0xF0, 0x83, 0x1F, 0xFC, 0xE0, 0x07, 0x3F, 0xF8, 0xC1, 0x0F, 0x7E, 0xF0, 0x83, 0x1F, 0xFC, 0xE0,
    0x07, 0x3F, 0xF8, 0xC1, 0x0F, 0x7E, 0x00, 0x02, 0x0D, 0x0F, 0x18, 0x13, 0x80, 0x00, 0xF8, 0x03,
    0xFE, 0x83, 0xFF, 0xE3, 0xFF, 0xF3, 0xFF, 0x79, 0xF0, 0x3E, 0xF8, 0x0F, 0xF8, 0x07, 0xFC, 0x03,
    0xFE, 0x01, 0xFF, 0x80, 0x7F, 0xC0, 0x3F, 0xE0, 0x1F, 0xF0, 0x1F, 0xFC, 0x1F, 0xBF, 0xFF, 0xCF,
    0xFF, 0xC7, 0xFF, 0xE1, 0xFF, 0xE0, 0x3F, 0xC0, 0x07, 0x01, 0x1F, 0x1D, 0x1E, 0x21, 0x00, 0xFE,
    0xC0, 0x1F, 0xE0, 0x0F, 0xFC, 0x01, 0xFC, 0x81, 0x3F, 0xC0, 0x1F, 0xF8, 0x03, 0xFC, 0x81, 0x3F,
    0x80, 0x3F, 0xF0, 0x07, 0xF8, 0x03, 0x7F, 0x80, 0x3F, 0xE0, 0x07, 0xF0, 0x07, 0xFE, 0x00, 0x7F,
    0xE0, 0x0F, 0xE0, 0x07, 0xFC, 0x00, 0xFE, 0xC0, 0x1F, 0xE0, 0x0F, 0xFC, 0x01, 0xFC, 0x81, 0x1F,
    0xC0, 0x1F, 0xF8, 0x03, 0xF8, 0x03, 0x7F, 0x00, 0xFE, 0xC0, 0x0F, 0xC0, 0x1F, 0xF8, 0x03, 0xF0,
    0x07, 0xFE, 0x00, 0xFC, 0x80, 0x1F, 0x80, 0x3F, 0xF0, 0x07, 0xE0, 0x0F, 0xFC, 0x01, 0xFC, 0x01,
    0x3F, 0x00, 0x7F, 0xE0, 0x0F, 0xC0, 0x1F, 0xF8, 0x03, 0xF8, 0x03, 0x7F, 0x00, 0xFE, 0xC0, 0x1F,
    0x80, 0x3F, 0xF0, 0x07, 0xF0, 0x07, 0xFE, 0x00, 0xFC, 0x81, 0x3F, 0x01, 0x10, 0x2D, 0x31, 0x30,
    0x00, 0xF0, 0x03, 0x00, 0x00, 0x00, 0x00, 0x7C, 0x00, 0x00, 0x00, 0x00, 0x80, 0x1F, 0x00, 0xF8,
    0x00, 0x00, 0xF0, 0x03, 0x00, 0x1F, 0x00, 0x00, 0x7C, 0x00, 0xE0, 0x07, 0x00, 0x80, 0x1F, 0x00,
    0xFC, 0x00, 0x00, 0xF0, 0x03, 0x80, 0x7F, 0x00, 0x00, 0x7C, 0x00, 0xF0, 0xFF, 0x00, 0x80, 0x1F,
    0x00, 0xFE, 0x1F, 0x00, 0xF0, 0x03, 0xC0, 0xFF, 0x03, 0x00, 0x7C, 0x00, 0xF8, 0x7F, 0x00, 0x80,
    0x1F, 0x00, 0xFF, 0x0F, 0x00, 0xE0, 0x03, 0xE0, 0x07, 0x00, 0x00, 0x7C, 0x00, 0xFC, 0x00, 0x00,
    0x80, 0x1F, 0x80, 0x1F, 0x00, 0x00, 0xE0, 0x03, 0xF0, 0x03, 0x00, 0x00, 0x7C, 0x00, 0x7E, 0x00,
    0x00, 0x80, 0x1F, 0xC0, 0x0F, 0x00, 0x00, 0xE0, 0x03, 0xF8, 0x01, 0x7E, 0x00, 0x7C, 0x00, 0x3F,
    0xC0, 0x1F, 0x80, 0x1F, 0xE0, 0x07, 0xF8, 0x03, 0xE0, 0x03, 0xFC, 0x00, 0xFF, 0x00, 0x7C, 0x80,
    0x1F, 0xE0, 0x3F, 0x80, 0x1F, 0xF0, 0x03, 0xFC, 0x07, 0xE0, 0x03, 0x7E, 0x80, 0xFF, 0x01, 0x7C,
    0xC0, 0x0F, 0xF0, 0x7F, 0x80, 0x1F, 0xF8, 0x01, 0xFE, 0x0F, 0xE0, 0x03, 0x3F, 0xC0, 0xEF, 0x03,
    0x7C, 0xE0, 0x07, 0xF8, 0xFD, 0x80, 0x1F, 0xFC, 0x00, 0x3F, 0x1F, 0xE0, 0x03, 0x00, 0xE0, 0xC7,
    0x07, 0x7C, 0x00, 0x00, 0xFC, 0xF8, 0x81, 0x1F, 0x00, 0x80, 0x1F, 0x3E, 0xE0, 0x03, 0x00, 0xF0,
    0x83, 0x0F, 0xFC, 0x00, 0x00, 0x7E, 0xF0, 0x83, 0x1F, 0x00, 0xF0, 0xFF, 0x7F, 0xE0, 0x03, 0x00,
    0xFE, 0xFF, 0x0F, 0xFC, 0x00, 0xC0, 0xFF, 0xFF, 0x01, 0x1F, 0x00, 0xF8, 0xFF, 0x3F, 0xE0, 0x03,
    0x00, 0xFF, 0xFF, 0x07, 0xFC, 0x00, 0x80, 0x1F, 0x00, 0x00, 0x1F, 0x00, 0xF0, 0x03, 0x00, 0xE0,
    0x03, 0x00, 0x7E, 0x00, 0x00, 0xFC, 0x00, 0xC0, 0x0F, 0x00, 0x00, 0x1F, 0x00, 0xF8, 0x01, 0x00,
    0xE0, 0x03, 0x00, 0x3F, 0x00, 0x00, 0xFC, 0x00, 0x00, 0x00, 0x00, 0x00, 0x1F, 0x00, 0x00, 0x00,
    0x00, 0xE0, 0x03, 0x00, 0x01, 0x10, 0x2C, 0x31, 0x30, 0x00, 0xC0, 0x07, 0x00, 0x00, 0x00, 0x00,
    0x7C, 0x00, 0x00, 0x00, 0x00, 0xC0, 0x0F, 0x00, 0x3E, 0x00, 0x00, 0xF8, 0x00, 0xE0, 0x03, 0x00,
    0x80, 0x0F, 0x00, 0x7E, 0x00, 0x00, 0xF8, 0x01, 0xE0, 0x07, 0x00, 0x00, 0x1F, 0x00, 0xFE, 0x01,
    0x00, 0xF0, 0x01, 0xE0, 0xFF, 0x00, 0x00, 0x3F, 0x00, 0xFE, 0x0F, 0x00, 0xE0, 0x03, 0xE0, 0xFF,
    0x00, 0x00, 0x3E, 0x00, 0xFE, 0x0F, 0x00, 0xE0, 0x07, 0xE0, 0xFF, 0x00, 0x00, 0x7C, 0x00, 0x7E,
    0x00, 0x00, 0xC0, 0x07, 0xE0, 0x07, 0x00, 0x00, 0xFC, 0x00, 0x7E, 0x00, 0x00, 0x80, 0x0F, 0xE0,
    0x07, 0x00, 0x00, 0xF8, 0x01, 0x7E, 0x00, 0x00, 0x00, 0x1F, 0xE0, 0x07, 0xE0, 0x0F, 0xF0, 0x01,
    0x7E, 0x00, 0xFF, 0x03, 0x3F, 0xE0, 0x07, 0xF8, 0x7F, 0xE0, 0x03, 0x7E, 0xC0, 0xFF, 0x0F, 0x3E,
    0xE0, 0x07, 0xFC, 0xFF, 0xE1, 0x07, 0x7E, 0xE0, 0xFF, 0x1F, 0x7C, 0xE0, 0x07, 0xFE, 0xFF, 0xC1,
    0x07, 0x7E, 0xE0, 0x8F, 0x0F, 0xFC, 0xE0, 0x07, 0x7E, 0x70, 0x80, 0x0F, 0x7E, 0xE0, 0x07, 0x02,
    0xF8, 0xE0, 0x07, 0x7E, 0x00, 0x80, 0x1F, 0x7E, 0xE0, 0x07, 0x00, 0xF0, 0xE1, 0x07, 0xFC, 0x00,
    0x00, 0x1F, 0x00, 0xC0, 0x1F, 0x00, 0xF0, 0x03, 0x00, 0xF8, 0x03, 0x00, 0x3E, 0x00, 0x80, 0x3F,
    0x00, 0xE0, 0x07, 0x00, 0xF0, 0x07, 0x00, 0x7E, 0x00, 0x00, 0xFE, 0x00, 0xC0, 0x07, 0x00, 0xC0,
    0x1F, 0x00, 0xFC, 0x00, 0x00, 0xF8, 0x03, 0xC0, 0x0F, 0x00, 0x00, 0x7F, 0x00, 0xF8, 0x00, 0x00,
    0xE0, 0x0F, 0x80, 0x1F, 0x00, 0xFF, 0xFF, 0x01, 0xF0, 0x01, 0xF0, 0xFF, 0x1F, 0x00, 0x1F, 0x00,
    0xFF, 0xFF, 0x01, 0xF0, 0x03, 0xF0, 0xFF, 0x1F, 0x00, 0x3E, 0x00, 0xFF, 0xFF, 0x01, 0xE0, 0x03,
    0xF0, 0xFF, 0x1F, 0x00, 0x7E, 0x00, 0xFF, 0xFF, 0x01, 0xC0, 0x07, 0x00, 0x00, 0x00, 0x00, 0xFC,
    0x00, 0x00, 0x00, 0x00, 0xC0, 0x0F, 0x00, 0x01, 0x10, 0x2D, 0x31, 0x30, 0x00, 0xF8, 0x00, 0x00,
    0x00, 0x00, 0x00, 0x1F, 0x00, 0xC0, 0x1F, 0x00, 0xE0, 0x07, 0x00, 0xFE, 0x0F, 0x00, 0xF8, 0x00,
    0xE0, 0xFF, 0x03, 0x00, 0x3F, 0x00, 0xFE, 0xFF, 0x00, 0xE0, 0x07, 0xC0, 0xFF, 0x1F, 0x00, 0xF8,
    0x00, 0xFC, 0xFF, 0x03, 0x00, 0x3F, 0x80, 0x3F, 0x3E, 0x00, 0xE0, 0x07, 0xF0, 0x03, 0x03, 0x00,
    0xF8, 0x00, 0x7E, 0x20, 0x00, 0x00, 0x3F, 0xC0, 0x0F, 0x00, 0x00, 0xC0, 0x07, 0xF8, 0x01, 0x00,
    0x00, 0xF8, 0x00, 0x7E, 0x00, 0x00, 0x00, 0x3F, 0x80, 0xFF, 0x01, 0x00, 0xC0, 0x07, 0xC0, 0x3F,
    0x00, 0x00, 0xF8, 0x00, 0xFE, 0x07, 0x00, 0x00, 0x3F, 0xE0, 0xFF, 0x00, 0x00, 0xC0, 0x07, 0xFC,
    0x1F, 0x00, 0x00, 0xF8, 0xC0, 0x1F, 0x00, 0x7C, 0x00, 0x3F, 0xF8, 0x01, 0x80, 0x1F, 0xC0, 0x07,
    0x3F, 0x00, 0xF0, 0x07, 0xF8, 0xE0, 0x07, 0x02, 0xFE, 0x00, 0x3F, 0xFC, 0xC0, 0xC1, 0x3F, 0xC0,
    0x87, 0x3F, 0x7C, 0xF8, 0x07, 0xF8, 0xF1, 0xFF, 0x1F, 0xFF, 0x01, 0x3F, 0xFC, 0xFF, 0xE3, 0x7F,
    0xC0, 0x87, 0xFF, 0x3F, 0xFC, 0x0F, 0xF8, 0xE1, 0xFF, 0x83, 0xEF, 0x03, 0x3F, 0xF8, 0x3F, 0xF0,
    0xF9, 0xC0, 0x07, 0xFC, 0x01, 0x3E, 0x1F, 0xF8, 0x01, 0x00, 0xC0, 0xC7, 0x07, 0x3F, 0x00, 0x00,
    0xF8, 0xF0, 0xC1, 0x07, 0x00, 0x00, 0x1F, 0x3E, 0xF8, 0x01, 0x00, 0xE0, 0x83, 0x0F, 0x3F, 0x00,
    0x00, 0x7C, 0xF0, 0xC3, 0x07, 0x00, 0xF0, 0xFF, 0x7F, 0xF8, 0x01, 0x00, 0xFE, 0xFF, 0x0F, 0x3E,
    0x00, 0xC0, 0xFF, 0xFF, 0xC1, 0x07, 0x00, 0xF8, 0xFF, 0x3F, 0xF8, 0x01, 0x00, 0xFF, 0xFF, 0x07,
    0x3E, 0x00, 0x00, 0x1F, 0x00, 0xC0, 0x07, 0x00, 0xE0, 0x03, 0x00, 0xF8, 0x01, 0x00, 0x7C, 0x00,
    0x00, 0x3E, 0x00, 0x80, 0x0F, 0x00, 0xC0, 0x0F, 0x00, 0xF0, 0x01, 0x00, 0xF8, 0x01, 0x00, 0x3E,
    0x00, 0x00, 0x3E, 0x00, 0x00, 0x00, 0x00, 0xC0, 0x0F, 0x00, 0x00, 0x00, 0x00, 0xF8, 0x01, 0x00,
    0x02, 0x1B, 0x15, 0x31, 0x18, 0x80, 0x07, 0x00, 0xF0, 0x01, 0x00, 0x7F, 0x00, 0xE0, 0x0F, 0x00,
    0xFC, 0x01, 0x80, 0x3F, 0x00, 0xF0, 0x07, 0x00, 0xFE, 0x00, 0x80, 0x0F, 0x00, 0xF0, 0x00, 0x00,
    0x00, 0x00, 0x00, 0x00, 0x00, 0x00, 0x00, 0x00, 0x00, 0x00, 0xF0, 0x03, 0x00, 0x7E, 0x00, 0xC0,
    0x0F, 0x00, 0xF8, 0x01, 0x00, 0x3F, 0x00, 0xE0, 0x07, 0x00, 0xFC, 0x00, 0x80, 0x7F, 0x00, 0xF0,
    0x1F, 0x00, 0xFE, 0x07, 0xC0, 0xFF, 0x01, 0xE0, 0x7F, 0x00, 0xF8, 0x0F, 0x00, 0xFC, 0x03, 0x00,
    0xFF, 0x00, 0xC0, 0x1F, 0x00, 0xF8, 0x03, 0x00, 0xFE, 0x00, 0xC0, 0x1F, 0x00, 0xF0, 0x03, 0x00,
    0x7E, 0x00, 0xC0, 0x0F, 0x00, 0xF8, 0x71, 0x00, 0x3F, 0x0F, 0xE0, 0xF7, 0x03, 0xFE, 0xFF, 0xE0,
    0xFF, 0xFF, 0xFF, 0xFD, 0xFF, 0x3F, 0xFF, 0xFF, 0xC7, 0xFF, 0x7F, 0xF8, 0xFF, 0x07, 0xFE, 0x7F,
    0x00, 0xFF, 0x07, 0x80, 0x3F, 0x00, 0x00, 0x02, 0x1D, 0x3D, 0x1E, 0x00, 0xC0, 0x1F, 0x00, 0x00,
    0xF8, 0x03, 0x00, 0x80, 0x3F, 0x00, 0x00, 0xF0, 0x03, 0x00, 0x00, 0x7E, 0x00, 0x00, 0xE0, 0x07,
    0x00, 0x00, 0x7C, 0x00, 0x00, 0xC0, 0x0F, 0x00, 0x00, 0xF8, 0x00, 0x00, 0x00, 0x1F, 0x00, 0x00,
    0xF0, 0x01, 0x00, 0x00, 0x00, 0x00, 0x00, 0x00, 0x00, 0x00, 0x00, 0x00, 0x00, 0x00, 0x00, 0x00,
    0x00, 0x00, 0x00, 0x00, 0x00, 0x00, 0xF8, 0x07, 0x00, 0x80, 0xFF, 0x00, 0x00, 0xF0, 0x3F, 0x00,
    0x00, 0xFE, 0x07, 0x00, 0xC0, 0xFF, 0x00, 0x00, 0xFC, 0x1F, 0x00, 0x80, 0xFF, 0x07, 0x00, 0xF0,
    0xFF, 0x00, 0x00, 0xFE, 0x1F, 0x00, 0xE0, 0xFF, 0x03, 0x00, 0xFC, 0x7F, 0x00, 0x80, 0xDF, 0x1F,
    0x00, 0xF0, 0xF3, 0x03, 0x00, 0x7E, 0x7E, 0x00, 0xE0, 0xCF, 0x0F, 0x00, 0xFC, 0xF9, 0x03, 0x80,
    0x1F, 0x7F, 0x00, 0xF0, 0xC3, 0x0F, 0x00, 0x7F, 0xF8, 0x01, 0xE0, 0x0F, 0x7F, 0x00, 0xFC, 0xE0,
    0x0F, 0x80, 0x1F, 0xF8, 0x01, 0xF8, 0x03, 0x3F, 0x00, 0x7F, 0xE0, 0x07, 0xE0, 0x07, 0xFC, 0x01,
    0xFC, 0x80, 0x3F, 0xC0, 0x1F, 0xE0, 0x07, 0xF8, 0x03, 0xFC, 0x00, 0xFF, 0xFF, 0x3F, 0xE0, 0xFF,
    0xFF, 0x07, 0xFC, 0xFF, 0xFF, 0xC0, 0xFF, 0xFF, 0x1F, 0xF8, 0xFF, 0xFF, 0x07, 0xFF, 0xFF, 0xFF,
    0xE0, 0xFF, 0xFF, 0x1F, 0xFE, 0xFF, 0xFF, 0xC3, 0x1F, 0x00, 0x7E, 0xF8, 0x03, 0xC0, 0x1F, 0x3F,
    0x00, 0xF0, 0xF3, 0x07, 0x00, 0x7E, 0xFE, 0x00, 0xC0, 0xCF, 0x1F, 0x00, 0xF8, 0xFB, 0x01, 0x00,
    0x7F, 0x3F, 0x00, 0xC0, 0xFF, 0x07, 0x00, 0xF8, 0x01, 0x00, 0x02, 0x1D, 0x3D, 0x1E, 0x00, 0x7F,
    0x00, 0x00, 0xE0, 0x0F, 0x00, 0x00, 0xF8, 0x03, 0x00, 0x00, 0x7E, 0x00, 0x00, 0xC0, 0x0F, 0x00,
    0x00, 0xF0, 0x03, 0x00, 0x00, 0x7E, 0x00, 0x00, 0x80, 0x0F, 0x00, 0x00, 0xE0, 0x03, 0x00, 0x00,
    0x7C, 0x00, 0x00, 0x00, 0x1F, 0x00, 0x00, 0x00, 0x00, 0x00, 0x00, 0x00, 0x00, 0x00, 0x00, 0x00,
    0x00, 0x00, 0x00, 0x00, 0x00, 0x00, 0x00, 0x00, 0x00, 0xF8, 0x07, 0x00, 0x80, 0xFF, 0x00, 0x00,
    0xF0, 0x3F, 0x00, 0x00, 0xFE, 0x07, 0x00, 0xC0, 0xFF, 0x00, 0x00, 0xFC, 0x1F, 0x00, 0x80, 0xFF,
    0x07, 0x00, 0xF0, 0xFF, 0x00, 0x00, 0xFE, 0x1F, 0x00, 0xE0, 0xFF, 0x03, 0x00, 0xFC, 0x7F, 0x00,
    0x80, 0xDF, 0x1F, 0x00, 0xF0, 0xF3, 0x03, 0x00, 0x7E, 0x7E, 0x00, 0xE0, 0xCF, 0x0F, 0x00, 0xFC,
    0xF9, 0x03, 0x80, 0x1F, 0x7F, 0x00, 0xF0, 0xC3, 0x0F, 0x00, 0x7F, 0xF8, 0x01, 0xE0, 0x0F, 0x7F,
    0x00, 0xFC, 0xE0, 0x0F, 0x80, 0x1F, 0xF8, 0x01, 0xF8, 0x03, 0x3F, 0x00, 0x7F, 0xE0, 0x07, 0xE0,
    0x07, 0xFC, 0x01, 0xFC, 0x80, 0x3F, 0xC0, 0x1F, 0xE0, 0x07, 0xF8, 0x03, 0xFC, 0x00, 0xFF, 0xFF,
    0x3F, 0xE0, 0xFF, 0xFF, 0x07, 0xFC, 0xFF, 0xFF, 0xC0, 0xFF, 0xFF, 0x1F, 0xF8, 0xFF, 0xFF, 0x07,
    0xFF, 0xFF, 0xFF, 0xE0, 0xFF, 0xFF, 0x1F, 0xFE, 0xFF, 0xFF, 0xC3, 0x1F, 0x00, 0x7E, 0xF8, 0x03,
    0xC0, 0x1F, 0x3F, 0x00, 0xF0, 0xF3, 0x07, 0x00, 0x7E, 0xFE, 0x00, 0xC0, 0xCF, 0x1F, 0x00, 0xF8,
    0xFB, 0x01, 0x00, 0x7F, 0x3F, 0x00, 0xC0, 0xFF, 0x07, 0x00, 0xF8, 0x01, 0x00, 0x01, 0x1D, 0x3E,
    0x1E, 0x00, 0xF0, 0x03, 0x00, 0x00, 0x7E, 0x00, 0x00, 0xE0, 0x1F, 0x00, 0x00, 0xFC, 0x03, 0x00,
    0xC0, 0xFF, 0x00, 0x00, 0xF8, 0x1F, 0x00, 0x80, 0xFF, 0x07, 0x00, 0xF0, 0xF9, 0x00, 0x00, 0x3F,
    0x1F, 0x00, 0xE0, 0xC3, 0x07, 0x00, 0x7E, 0xF8, 0x00, 0xC0, 0x07, 0x3E, 0x00, 0x00, 0x00, 0x00,
    0x00, 0x00, 0x00, 0x00, 0x00, 0x00, 0x00, 0x00, 0x00, 0x00, 0x00, 0x00, 0x00, 0x00, 0x00, 0x00,
    0xFF, 0x00, 0x00, 0xF0, 0x1F, 0x00, 0x00, 0xFE, 0x07, 0x00, 0xC0, 0xFF, 0x00, 0x00, 0xF8, 0x1F,
    0x00, 0x80, 0xFF, 0x03, 0x00, 0xF0, 0xFF, 0x00, 0x00, 0xFE, 0x1F, 0x00, 0xC0, 0xFF, 0x03, 0x00,
    0xFC, 0x7F, 0x00, 0x80, 0xFF, 0x0F, 0x00, 0xF0, 0xFB, 0x03, 0x00, 0x7E, 0x7E, 0x00, 0xC0, 0xCF,
    0x0F, 0x00, 0xFC, 0xF9, 0x01, 0x80, 0x3F, 0x7F, 0x00, 0xF0, 0xE3, 0x0F, 0x00, 0x7E, 0xF8, 0x01,
    0xE0, 0x0F, 0x3F, 0x00, 0xFC, 0xE1, 0x0F, 0x80, 0x1F, 0xFC, 0x01, 0xF0, 0x03, 0x3F, 0x00, 0x7F,
    0xE0, 0x07, 0xE0, 0x0F, 0xFC, 0x00, 0xFC, 0x80, 0x3F, 0x80, 0x1F, 0xF0, 0x07, 0xF8, 0x03, 0xFC,
    0x00, 0x7F, 0x80, 0x1F, 0xE0, 0xFF, 0xFF, 0x07, 0xFC, 0xFF, 0xFF, 0x80, 0xFF, 0xFF, 0x1F, 0xF8,
    0xFF, 0xFF, 0x03, 0xFF, 0xFF, 0xFF, 0xE0, 0xFF, 0xFF, 0x1F, 0xFC, 0xFF, 0xFF, 0xC3, 0xFF, 0xFF,
    0x7F, 0xF8, 0x03, 0xC0, 0x0F, 0x7F, 0x00, 0xF8, 0xE3, 0x07, 0x00, 0x7E, 0xFE, 0x00, 0xC0, 0xCF,
    0x1F, 0x00, 0xF8, 0xF9, 0x03, 0x00, 0x7F, 0x3F, 0x00, 0xE0, 0xEF, 0x07, 0x00, 0xF8, 0xFF, 0x00,
    0x00, 0x3F, 0x00, 0x02, 0x1D, 0x3D, 0x1E, 0xC0, 0x03, 0x0F, 0x00, 0x78, 0xF0, 0x07, 0x00, 0x0F,
    0xFF, 0x00, 0xE0, 0xF3, 0x3F, 0x00, 0xFC, 0xFF, 0x07, 0x80, 0xFF, 0xFF, 0x01, 0xE0, 0xFF, 0x3E,
    0x00, 0xFC, 0x8F, 0x07, 0x80, 0xFF, 0xF0, 0x00, 0xE0, 0x0F, 0x1E, 0x00, 0xF8, 0x00, 0x00, 0x00,
    0x00, 0x00, 0x00, 0x00, 0x00, 0x00, 0x00, 0x00, 0x00, 0x00, 0x00, 0x00, 0x00, 0x00, 0x00, 0x00,
    0x00, 0x00, 0xF8, 0x07, 0x00, 0x00, 0xFF, 0x00, 0x00, 0xF0, 0x1F, 0x00, 0x00, 0xFE, 0x07, 0x00,
    0xC0, 0xFF, 0x00, 0x00, 0xF8, 0x1F, 0x00, 0x80, 0xFF, 0x03, 0x00, 0xF0, 0xFF, 0x00, 0x00, 0xFE,
    0x1F, 0x00, 0xC0, 0xFF, 0x03, 0x00, 0xFC, 0x7F, 0x00, 0x80, 0xFF, 0x1F, 0x00, 0xF0, 0xF3, 0x03,
    0x00, 0x7E, 0x7E, 0x00, 0xC0, 0xCF, 0x0F, 0x00, 0xFC, 0xF9, 0x01, 0x80, 0x1F, 0x7E, 0x00, 0xF0,
    0xC3, 0x0F, 0x00, 0x7E, 0xF8, 0x01, 0xE0, 0x0F, 0x3F, 0x00, 0xFC, 0xE1, 0x0F, 0x80, 0x1F, 0xF8,
    0x01, 0xF0, 0x03, 0x3F, 0x00, 0x7F, 0xE0, 0x07, 0xE0, 0x0F, 0xFC, 0x01, 0xFC, 0x80, 0x3F, 0x80,
    0x1F, 0xE0, 0x07, 0xF8, 0x03, 0xFC, 0x00, 0xFF, 0xFF, 0x1F, 0xE0, 0xFF, 0xFF, 0x07, 0xFC, 0xFF,
    0xFF, 0xC0, 0xFF, 0xFF, 0x1F, 0xF8, 0xFF, 0xFF, 0x03, 0xFF, 0xFF, 0xFF, 0xE0, 0xFF, 0xFF, 0x1F,
    0xFC, 0xFF, 0xFF, 0xC3, 0x1F, 0x00, 0x7E, 0xF8, 0x03, 0xC0, 0x0F, 0x7F, 0x00, 0xF8, 0xE3, 0x07,
    0x00, 0x7E, 0xFE, 0x00, 0xC0, 0xCF, 0x1F, 0x00, 0xF8, 0xF9, 0x03, 0x00, 0x7F, 0x3F, 0x00, 0xE0,
    0xFF, 0x07, 0x00, 0xF8, 0x01, 0x00, 0x05, 0x1D, 0x3A, 0x1E, 0x00, 0x0F, 0x3C, 0x00, 0xF0, 0xC3,
    0x0F, 0x00, 0x7E, 0xF8, 0x01, 0xC0, 0x0F, 0x3F, 0x00, 0xF8, 0xE1, 0x07, 0x00, 0x3F, 0xFC, 0x00,
    0xE0, 0x87, 0x1F, 0x00, 0x78, 0xE0, 0x01, 0x00, 0x00, 0x00, 0x00, 0x00, 0x00, 0x00, 0x00, 0x00,
    0x00, 0x00, 0x00, 0x00, 0x00, 0x00, 0x00, 0x00, 0x00, 0x00, 0xF0, 0x0F, 0x00, 0x00, 0xFF, 0x01,
    0x00, 0xE0, 0x7F, 0x00, 0x00, 0xFC, 0x0F, 0x00, 0x80, 0xFF, 0x01, 0x00, 0xF8, 0x3F, 0x00, 0x00,
    0xFF, 0x07, 0x00, 0xE0, 0xFF, 0x01, 0x00, 0xFC, 0x3F, 0x00, 0x80, 0xFF, 0x07, 0x00, 0xF8, 0xFF,
    0x00, 0x00, 0xBF, 0x3F, 0x00, 0xE0, 0xE7, 0x07, 0x00, 0xFC, 0xFC, 0x00, 0xC0, 0x9F, 0x1F, 0x00,
    0xF8, 0xF3, 0x03, 0x00, 0x3F, 0xFE, 0x00, 0xE0, 0x87, 0x1F, 0x00, 0xFE, 0xF0, 0x03, 0xC0, 0x1F,
    0x7E, 0x00, 0xF8, 0xC1, 0x1F, 0x00, 0x3F, 0xF0, 0x03, 0xE0, 0x07, 0x7E, 0x00, 0xFE, 0xC0, 0x0F,
    0xC0, 0x1F, 0xF8, 0x01, 0xF8, 0x01, 0x7F, 0x00, 0x3F, 0xC0, 0x0F, 0xF0, 0x07, 0xF8, 0x01, 0xFE,
    0xFF, 0x3F, 0xC0, 0xFF, 0xFF, 0x0F, 0xF8, 0xFF, 0xFF, 0x01, 0xFF, 0xFF, 0x3F, 0xF0, 0xFF, 0xFF,
    0x07, 0xFE, 0xFF, 0xFF, 0xC0, 0xFF, 0xFF, 0x3F, 0xF8, 0xFF, 0xFF, 0x87, 0x3F, 0x00, 0xFC, 0xF0,
    0x07, 0x80, 0x1F, 0x7E, 0x00, 0xF0, 0xC7, 0x0F, 0x00, 0xFC, 0xFC, 0x01, 0x80, 0x9F, 0x3F, 0x00,
    0xF0, 0xF3, 0x07, 0x00, 0xFE, 0x7E, 0x00, 0xC0, 0xDF, 0x0F, 0x00, 0xF0, 0x03, 0x00, 0x00, 0x1D,
    0x3F, 0x1E, 0x00, 0xE0, 0x01, 0x00, 0x00, 0x7E, 0x00, 0x00, 0xE0, 0x1F, 0x00, 0x00, 0xFE, 0x07,
    0x00, 0xC0, 0xF3, 0x00, 0x00, 0x38, 0x1C, 0x00, 0x00, 0x87, 0x03, 0x00, 0xE0, 0x70, 0x00, 0x00,
    0x1C, 0x0E, 0x00, 0x80, 0xE7, 0x01, 0x00, 0xF0, 0x3F, 0x00, 0x00, 0xFC, 0x03, 0x00, 0x80, 0x3F,
    0x00, 0x00, 0xC0, 0x03, 0x00, 0x00, 0x00, 0x00, 0x00, 0x00, 0x00, 0x00, 0x00, 0x00, 0x00, 0x00,
    0x00, 0x00, 0x00, 0x00, 0xE0, 0x1F, 0x00, 0x00, 0xFE, 0x03, 0x00, 0xC0, 0xFF, 0x00, 0x00, 0xF8,
    0x1F, 0x00, 0x00, 0xFF, 0x03, 0x00, 0xE0, 0x7F, 0x00, 0x00, 0xFE, 0x1F, 0x00, 0xC0, 0xFF, 0x03,
    0x00, 0xF8, 0x7F, 0x00, 0x00, 0xFF, 0x0F, 0x00, 0xF0, 0xFF, 0x01, 0x00, 0x7E, 0x7E, 0x00, 0xC0,
    0xCF, 0x0F, 0x00, 0xF8, 0xF9, 0x01, 0x80, 0x3F, 0x3F, 0x00, 0xF0, 0xE7, 0x0F, 0x00, 0x7E, 0xF8,
    0x01, 0xC0, 0x0F, 0x3F, 0x00, 0xF8, 0xE1, 0x07, 0x80, 0x3F, 0xFC, 0x00, 0xF0, 0x87, 0x3F, 0x00,
    0x7E, 0xE0, 0x07, 0xC0, 0x0F, 0xFC, 0x00, 0xFC, 0x81, 0x1F, 0x80, 0x3F, 0xF0, 0x07, 0xF0, 0x03,
    0xFE, 0x00, 0x7E, 0x80, 0x1F, 0xE0, 0x0F, 0xF0, 0x03, 0xFC, 0xFF, 0xFF, 0x80, 0xFF, 0xFF, 0x1F,
    0xF0, 0xFF, 0xFF, 0x03, 0xFE, 0xFF, 0x7F, 0xE0, 0xFF, 0xFF, 0x0F, 0xFC, 0xFF, 0xFF, 0x83, 0xFF,
    0xFF, 0x7F, 0xF0, 0xFF, 0xFF, 0x0F, 0x7F, 0x00, 0xF8, 0xE1, 0x0F, 0x00, 0x7F, 0xFC, 0x01, 0xE0,
    0x8F, 0x1F, 0x00, 0xF8, 0xF1, 0x03, 0x00, 0x3F, 0x7F, 0x00, 0xE0, 0xE7, 0x0F, 0x00, 0xFC, 0xFD,
    0x00, 0x80, 0xBF, 0x1F, 0x00, 0xE0, 0x07, 0x00, 0x12, 0x27, 0x2D, 0x2A, 0xFF, 0xFF, 0xFF, 0x07,
    0x80, 0xFF, 0xFF, 0xFF, 0x03, 0xC0, 0xFF, 0xFF, 0xFF, 0x01, 0xE0, 0xFF, 0xFF, 0xFF, 0x01, 0xF0,
    0xFF, 0xFF, 0xFF, 0x00, 0xF8, 0xFF, 0xFF, 0x7F, 0x00, 0xFC, 0xFF, 0xFF, 0x3F, 0x00, 0xFE, 0xFF,
    0xFF, 0x3F, 0x00, 0x00, 0xC0, 0x8F, 0x1F, 0x00, 0x00, 0xE0, 0xC7, 0x0F, 0x00, 0x00, 0xF0, 0xE3,
    0x0F, 0x00, 0x00, 0xF8, 0xF1, 0x07, 0x00, 0x00, 0xFC, 0xF0, 0x03, 0x00, 0x00, 0x7E, 0xF8, 0x01,
    0x00, 0x00, 0x3F, 0xFC, 0x01, 0x00, 0x80, 0x1F, 0xFC, 0x00, 0x00, 0xC0, 0x0F, 0x7E, 0x00, 0x00,
    0xE0, 0x07, 0x7F, 0x00, 0xFE, 0xFF, 0x83, 0x3F, 0x00, 0xFF, 0xFF, 0x81, 0x1F, 0x80, 0xFF, 0xFF,
    0xC0, 0x0F, 0xC0, 0xFF, 0x7F, 0xE0, 0x0F, 0xE0, 0xFF, 0x3F, 0xE0, 0x07, 0xF0, 0xFF, 0x1F, 0xF0,
    0x03, 0xF8, 0xFF, 0x0F, 0xF8, 0x01, 0xFC, 0xFF, 0xFF, 0xFF, 0x01, 0x00, 0xF0, 0xFF, 0xFF, 0x00,
    0x00, 0xF8, 0xFF, 0x7F, 0x00, 0x00, 0xFC, 0xFF, 0x7F, 0x00, 0x00, 0xFE, 0xFF, 0x3F, 0x00, 0x00,
    0xFF, 0xFF, 0x1F, 0x00, 0x80, 0xFF, 0xFF, 0x0F, 0x00, 0xC0, 0xFF, 0xFF, 0x0F, 0x00, 0xE0, 0x07,
    0xF0, 0x07, 0x00, 0xF0, 0x03, 0xF0, 0x03, 0x00, 0xF8, 0x01, 0xF8, 0x03, 0x00, 0xFC, 0x00, 0xFC,
    0xF9, 0xFF, 0x7F, 0x00, 0xFC, 0xFC, 0xFF, 0x3F, 0x00, 0x7E, 0xFE, 0xFF, 0x1F, 0x00, 0x7F, 0xFF,
    0xFF, 0x0F, 0x80, 0xBF, 0xFF, 0xFF, 0x07, 0x80, 0xDF, 0xFF, 0xFF, 0x03, 0xC0, 0xFF, 0xFF, 0xFF,
    0x01, 0xE0, 0xFF, 0xFF, 0xFF, 0x00, 0xE0, 0x07, 0x02, 0x11, 0x1A, 0x3B, 0x1D, 0x00, 0xFF, 0x00,
    0x00, 0xFF, 0x0F, 0x00, 0xFF, 0xFF, 0x00, 0xFE, 0xFF, 0x07, 0xFC, 0xFF, 0x3F, 0xF8, 0xFF, 0xFF,
    0xE0, 0xFF, 0xFF, 0xC7, 0xFF, 0xFF, 0x1F, 0xFE, 0x81, 0xFF, 0xF8, 0x03, 0xFC, 0xC3, 0x07, 0xE0,
    0x0F, 0x0E, 0x00, 0x7F, 0x10, 0x00, 0xFC, 0x01, 0x00, 0xE0, 0x07, 0x00, 0x80, 0x1F, 0x00, 0x00,
    0xFE, 0x00, 0x00, 0xF0, 0x03, 0x00, 0xC0, 0x0F, 0x00, 0x00, 0x3F, 0x00, 0x00, 0xFC, 0x00, 0x00,
    0xF0, 0x03, 0x00, 0xC0, 0x0F, 0x00, 0x00, 0x3F, 0x00, 0x00, 0xFC, 0x00, 0x00, 0xF0, 0x03, 0x00,
    0xC0, 0x0F, 0x00, 0x00, 0x3F, 0x00, 0x00, 0xFC, 0x00, 0x00, 0xF0, 0x03, 0x00, 0xC0, 0x0F, 0x00,
    0x80, 0x3F, 0x00, 0x00, 0x7E, 0x00, 0x00, 0xF8, 0x41, 0x00, 0xE0, 0x87, 0x01, 0xC0, 0x1F, 0x0F,
    0x00, 0x7F, 0x7E, 0x00, 0xFE, 0xFC, 0x03, 0xFC, 0xF3, 0x7F, 0xFE, 0xCF, 0xFF, 0xFF, 0x1F, 0xFE,
    0xFF, 0x7F, 0xF8, 0xFF, 0xFF, 0xC0, 0xFF, 0xFF, 0x01, 0xFE, 0xFF, 0x03, 0xF0, 0xFF, 0x07, 0x00,
    0xFF, 0x07, 0x00, 0xE0, 0x03, 0x00, 0xC0, 0x07, 0x00, 0x80, 0x3F, 0x00, 0x00, 0xFE, 0x00, 0x00,
    0xFC, 0x00, 0x00, 0xF0, 0x00, 0x00, 0xC0, 0x03, 0x00, 0x00, 0x1F, 0x06, 0x00, 0xFC, 0x3F, 0x00,
    0xF0, 0xFF, 0x00, 0x80, 0xFF, 0x03, 0x00, 0xFC, 0x0F, 0x00, 0xE0, 0x1F, 0x00, 0x03, 0x01, 0x15,
    0x3E, 0x1A, 0x00, 0xF8, 0x03, 0x00, 0x7F, 0x00, 0xF0, 0x07, 0x00, 0x7E, 0x00, 0xC0, 0x0F, 0x00,
    0xFC, 0x00, 0x80, 0x1F, 0x00, 0xF8, 0x01, 0x00, 0x1F, 0x00, 0xF0, 0x03, 0x00, 0x3E, 0x00, 0x00,
    0x00, 0x00, 0x00, 0x00, 0x00, 0x00, 0x00, 0x00, 0x00, 0x00, 0x00, 0x00, 0x00, 0x00, 0xE0, 0xFF,
    0xFF, 0xFF, 0xFF, 0xFF, 0xFF, 0xFF, 0xFF, 0xFF, 0xFF, 0xFF, 0xFF, 0xFF, 0xFF, 0xFF, 0xFF, 0xFF,
    0xFF, 0xFF, 0xFF, 0x1F, 0x00, 0xF0, 0x03, 0x00, 0x7E, 0x00, 0xC0, 0x0F, 0x00, 0xF8, 0x01, 0x00,
    0x3F, 0x00, 0xE0, 0x07, 0x00, 0xFC, 0x00, 0x80, 0x1F, 0x00, 0xF0, 0x03, 0x00, 0x7E, 0xFE, 0xFF,
    0xCF, 0xFF, 0xFF, 0xF9, 0xFF, 0x3F, 0xFF, 0xFF, 0xE7, 0xFF, 0xFF, 0xFC, 0xFF, 0x9F, 0xFF, 0xFF,
    0xF3, 0xFF, 0x7F, 0x00, 0xC0, 0x0F, 0x00, 0xF8, 0x01, 0x00, 0x3F, 0x00, 0xE0, 0x07, 0x00, 0xFC,
    0x00, 0x80, 0x1F, 0x00, 0xF0, 0x03, 0x00, 0x7E, 0x00, 0xC0, 0x0F, 0x00, 0xF8, 0x01, 0x00, 0xFF,
    0xFF, 0xFF, 0xFF, 0xFF, 0xFF, 0xFF, 0xFF, 0xFF, 0xFF, 0xFF, 0xFF, 0xFF, 0xFF, 0xFF, 0xFF, 0xFF,
    0xFF, 0xFF, 0xFF, 0xFF, 0x3F, 0x03, 0x01, 0x15, 0x3E, 0x1A, 0xF8, 0x07, 0x00, 0xFE, 0x00, 0x80,
    0x3F, 0x00, 0xF0, 0x07, 0x00, 0xFC, 0x00, 0x00, 0x3F, 0x00, 0xE0, 0x07, 0x00, 0xF8, 0x01, 0x00,
    0x3E, 0x00, 0xC0, 0x0F, 0x00, 0xF0, 0x01, 0x00, 0x00, 0x00, 0x00, 0x00, 0x00, 0x00, 0x00, 0x00,
    0x00, 0x00, 0x00, 0x00, 0x00, 0x00, 0xE0, 0xFF, 0xFF, 0xFF, 0xFF, 0xFF, 0xFF, 0xFF, 0xFF, 0xFF,
    0xFF, 0xFF, 0xFF, 0xFF, 0xFF, 0xFF, 0xFF, 0xFF, 0xFF, 0xFF, 0xFF, 0x1F, 0x00, 0xF0, 0x03, 0x00,
    0x7E, 0x00, 0xC0, 0x0F, 0x00, 0xF8, 0x01, 0x00, 0x3F, 0x00, 0xE0, 0x07, 0x00, 0xFC, 0x00, 0x80,
    0x1F, 0x00, 0xF0, 0x03, 0x00, 0x7E, 0xFE, 0xFF, 0xCF, 0xFF, 0xFF, 0xF9, 0xFF, 0x3F, 0xFF, 0xFF,
    0xE7, 0xFF, 0xFF, 0xFC, 0xFF, 0x9F, 0xFF, 0xFF, 0xF3, 0xFF, 0x7F, 0x00, 0xC0, 0x0F, 0x00, 0xF8,
    0x01, 0x00, 0x3F, 0x00, 0xE0, 0x07, 0x00, 0xFC, 0x00, 0x80, 0x1F, 0x00, 0xF0, 0x03, 0x00, 0x7E,
    0x00, 0xC0, 0x0F, 0x00, 0xF8, 0x01, 0x00, 0xFF, 0xFF, 0xFF, 0xFF, 0xFF, 0xFF, 0xFF, 0xFF, 0xFF,
    0xFF, 0xFF, 0xFF, 0xFF, 0xFF, 0xFF, 0xFF, 0xFF, 0xFF, 0xFF, 0xFF, 0xFF, 0x3F, 0x03, 0x01, 0x15,
    0x3E, 0x1A, 0x00, 0x3F, 0x00, 0xF0, 0x0F, 0x00, 0xFE, 0x01, 0xE0, 0x7F, 0x00, 0xFC, 0x0F, 0xC0,
    0xFF, 0x01, 0xF8, 0x7F, 0x80, 0x9F, 0x0F, 0xF0, 0xE1, 0x03, 0x3F, 0x7C, 0xE0, 0x03, 0x1F, 0x7E,
    0xC0, 0x03, 0x00, 0x00, 0x00, 0x00, 0x00, 0x00, 0x00, 0x00, 0x00, 0x00, 0x00, 0x00, 0xE0, 0xFF,
    0xFF, 0xFF, 0xFF, 0xFF, 0xFF, 0xFF, 0xFF, 0xFF, 0xFF, 0xFF, 0xFF, 0xFF, 0xFF, 0xFF, 0xFF, 0xFF,
    0xFF, 0xFF, 0xFF, 0x1F, 0x00, 0xF0, 0x03, 0x00, 0x7E, 0x00, 0xC0, 0x0F, 0x00, 0xF8, 0x01, 0x00,
    0x3F, 0x00, 0xE0, 0x07, 0x00, 0xFC, 0x00, 0x80, 0x1F, 0x00, 0xF0, 0x03, 0x00, 0x7E, 0xFE, 0xFF,
    0xCF, 0xFF, 0xFF, 0xF9, 0xFF, 0x3F, 0xFF, 0xFF, 0xE7, 0xFF, 0xFF, 0xFC, 0xFF, 0x9F, 0xFF, 0xFF,
    0xF3, 0xFF, 0x7F, 0x00, 0xC0, 0x0F, 0x00, 0xF8, 0x01, 0x00, 0x3F, 0x00, 0xE0, 0x07, 0x00, 0xFC,
    0x00, 0x80, 0x1F, 0x00, 0xF0, 0x03, 0x00, 0x7E, 0x00, 0xC0, 0x0F, 0x00, 0xF8, 0x01, 0x00, 0xFF,
    0xFF, 0xFF, 0xFF, 0xFF, 0xFF, 0xFF, 0xFF, 0xFF, 0xFF, 0xFF, 0xFF, 0xFF, 0xFF, 0xFF, 0xFF, 0xFF,
    0xFF, 0xFF, 0xFF, 0xFF, 0x3F, 0x03, 0x05, 0x15, 0x3A, 0x1A, 0xF0, 0xC0, 0x03, 0x3F, 0xFC, 0xE0,
    0x87, 0x1F, 0xFC, 0xF0, 0x83, 0x1F, 0x7E, 0xF0, 0xC3, 0x0F, 0x7E, 0xF8, 0x81, 0x07, 0x1E, 0x00,
    0x00, 0x00, 0x00, 0x00, 0x00, 0x00, 0x00, 0x00, 0x00, 0x00, 0x00, 0x00, 0xFE, 0xFF, 0xFF, 0xFF,
    0xFF, 0xFF, 0xFF, 0xFF, 0xFF, 0xFF, 0xFF, 0xFF, 0xFF, 0xFF, 0xFF, 0xFF, 0xFF, 0xFF, 0xFF, 0xFF,
    0xFF, 0x01, 0x00, 0x3F, 0x00, 0xE0, 0x07, 0x00, 0xFC, 0x00, 0x80, 0x1F, 0x00, 0xF0, 0x03, 0x00,
    0x7E, 0x00, 0xC0, 0x0F, 0x00, 0xF8, 0x01, 0x00, 0x3F, 0x00, 0xE0, 0xC7, 0xFF, 0xFF, 0xF8, 0xFF,
    0x1F, 0xFF, 0xFF, 0xE3, 0xFF, 0x7F, 0xFC, 0xFF, 0x8F, 0xFF, 0xFF, 0xF1, 0xFF, 0x3F, 0xFE, 0xFF,
    0x07, 0x00, 0xFC, 0x00, 0x80, 0x1F, 0x00, 0xF0, 0x03, 0x00, 0x7E, 0x00, 0xC0, 0x0F, 0x00, 0xF8,
    0x01, 0x00, 0x3F, 0x00, 0xE0, 0x07, 0x00, 0xFC, 0x00, 0x80, 0x1F, 0x00, 0xF0, 0xFF, 0xFF, 0xFF,
    0xFF, 0xFF, 0xFF, 0xFF, 0xFF, 0xFF, 0xFF, 0xFF, 0xFF, 0xFF, 0xFF, 0xFF, 0xFF, 0xFF, 0xFF, 0xFF,
    0xFF, 0xFF, 0x03, 0x01, 0x01, 0x10, 0x3E, 0x13, 0x00, 0x7F, 0x80, 0x7F, 0x80, 0x3F, 0x80, 0x1F,
    0xC0, 0x1F, 0xC0, 0x0F, 0xE0, 0x07, 0xE0, 0x07, 0xE0, 0x03, 0xF0, 0x01, 0xF0, 0x01, 0x00, 0x00,
    0x00, 0x00, 0x00, 0x00, 0x00, 0x00, 0x00, 0x00, 0x00, 0x00, 0xFF, 0x7F, 0xFF, 0x7F, 0xFF, 0x7F,
    0xFF, 0x7F, 0xFF, 0x7F, 0xFF, 0x7F, 0xFF, 0x7F, 0xF0, 0x03, 0xF0, 0x03, 0xF0, 0x03, 0xF0, 0x03,
    0xF0, 0x03, 0xF0, 0x03, 0xF0, 0x03, 0xF0, 0x03, 0xF0, 0x03, 0xF0, 0x03, 0xF0, 0x03, 0xF0, 0x03,
    0xF0, 0x03, 0xF0, 0x03, 0xF0, 0x03, 0xF0, 0x03, 0xF0, 0x03, 0xF0, 0x03, 0xF0, 0x03, 0xF0, 0x03,
    0xF0, 0x03, 0xF0, 0x03, 0xF0, 0x03, 0xF0, 0x03, 0xF0, 0x03, 0xF0, 0x03, 0xF0, 0x03, 0xF0, 0x03,
    0xF0, 0x03, 0xF0, 0x03, 0xF0, 0x03, 0xFF, 0x7F, 0xFF, 0x7F, 0xFF, 0x7F, 0xFF, 0x7F, 0xFF, 0x7F,
    0xFF, 0x7F, 0xFF, 0x7F, 0x02, 0x01, 0x0F, 0x3E, 0x13, 0x7F, 0x00, 0x3F, 0x80, 0x1F, 0x80, 0x1F,
    0xC0, 0x0F, 0xC0, 0x0F, 0xC0, 0x07, 0xE0, 0x03, 0xE0, 0x03, 0xF0, 0x01, 0xF0, 0x00, 0x00, 0x00,
    0x00, 0x00, 0x00, 0x00, 0x00, 0x00, 0x00, 0x00, 0x80, 0xFF, 0xFF, 0xFF, 0xFF, 0xFF, 0xFF, 0xFF,
    0xFF, 0xFF, 0xFF, 0xFF, 0xFF, 0xFF, 0xF0, 0x03, 0xF8, 0x01, 0xFC, 0x00, 0x7E, 0x00, 0x3F, 0x80,
    0x1F, 0xC0, 0x0F, 0xE0, 0x07, 0xF0, 0x03, 0xF8, 0x01, 0xFC, 0x00, 0x7E, 0x00, 0x3F, 0x80, 0x1F,
    0xC0, 0x0F, 0xE0, 0x07, 0xF0, 0x03, 0xF8, 0x01, 0xFC, 0x00, 0x7E, 0x00, 0x3F, 0x80, 0x1F, 0xC0,
    0x0F, 0xE0, 0x07, 0xF0, 0x03, 0xF8, 0x01, 0xFC, 0x00, 0x7E, 0x00, 0x3F, 0x80, 0x1F, 0xC0, 0x0F,
    0xFE, 0xFF, 0xFF, 0xFF, 0xFF, 0xFF, 0xFF, 0xFF, 0xFF, 0xFF, 0xFF, 0xFF, 0xFF, 0x03, 0x01, 0x01,
    0x11, 0x3E, 0x13, 0xE0, 0x07, 0xC0, 0x1F, 0xC0, 0x3F, 0x80, 0xFF, 0x80, 0xFF, 0x01, 0xFF, 0x07,
    0xFE, 0x0F, 0x3E, 0x3F, 0x7C, 0x7C, 0x7C, 0xF8, 0x79, 0xE0, 0xFB, 0xC0, 0x0F, 0x00, 0x00, 0x00,
    0x00, 0x00, 0x00, 0x00, 0x00, 0x00, 0x00, 0xFC, 0xFF, 0xF9, 0xFF, 0xF3, 0xFF, 0xE7, 0xFF, 0xCF,
    0xFF, 0x9F, 0xFF, 0x3F, 0xFF, 0x7F, 0xE0, 0x07, 0xC0, 0x0F, 0x80, 0x1F, 0x00, 0x3F, 0x00, 0x7E,
    0x00, 0xFC, 0x00, 0xF8, 0x01, 0xF0, 0x03, 0xE0, 0x07, 0xC0, 0x0F, 0x80, 0x1F, 0x00, 0x3F, 0x00,
    0x7E, 0x00, 0xFC, 0x00, 0xF8, 0x01, 0xF0, 0x03, 0xE0, 0x07, 0xC0, 0x0F, 0x80, 0x1F, 0x00, 0x3F,
    0x00, 0x7E, 0x00, 0xFC, 0x00, 0xF8, 0x01, 0xF0, 0x03, 0xE0, 0x07, 0xC0, 0x0F, 0x80, 0x1F, 0x00,
    0x3F, 0x00, 0x7E, 0x00, 0xFC, 0x00, 0xF8, 0x01, 0xFF, 0x7F, 0xFE, 0xFF, 0xFC, 0xFF, 0xF9, 0xFF,
    0xF3, 0xFF, 0xE7, 0xFF, 0xCF, 0xFF, 0x1F, 0x02, 0x05, 0x10, 0x3A, 0x13, 0x1E, 0x78, 0x3F, 0xFC,
    0x3F, 0xFC, 0x3F, 0xFC, 0x3F, 0xFC, 0x3F, 0xFC, 0x3F, 0xFC, 0x1E, 0x78, 0x00, 0x00, 0x00, 0x00,
    0x00, 0x00, 0x00, 0x00, 0x00, 0x00, 0xFF, 0x7F, 0xFF, 0x7F, 0xFF, 0x7F, 0xFF, 0x7F, 0xFF, 0x7F,
    0xFF, 0x7F, 0xFF, 0x7F, 0xE0, 0x07, 0xE0, 0x07, 0xE0, 0x07, 0xE0, 0x07, 0xE0, 0x07, 0xE0, 0x07,
    0xE0, 0x07, 0xE0, 0x07, 0xE0, 0x07, 0xE0, 0x07, 0xE0, 0x07, 0xE0, 0x07, 0xE0, 0x07, 0xE0, 0x07,
    0xE0, 0x07, 0xE0, 0x07, 0xE0, 0x07, 0xE0, 0x07, 0xE0, 0x07, 0xE0, 0x07, 0xE0, 0x07, 0xE0, 0x07,
    0xE0, 0x07, 0xE0, 0x07, 0xE0, 0x07, 0xE0, 0x07, 0xE0, 0x07, 0xE0, 0x07, 0xE0, 0x07, 0xE0, 0x07,
    0xE0, 0x07, 0xFF, 0x7F, 0xFF, 0x7F, 0xFF, 0x7F, 0xFF, 0x7F, 0xFF, 0x7F, 0xFF, 0x7F, 0xFF, 0x7F,
    0x01, 0x12, 0x1D, 0x2D, 0x20, 0x00, 0xF8, 0xFF, 0x01, 0xE0, 0xFF, 0x3F, 0x00, 0xFF, 0xFF, 0x07,
    0xF0, 0xFF, 0xFF, 0x00, 0xFF, 0xFF, 0x1F, 0xF0, 0xFF, 0xFF, 0x03, 0xFE, 0xFF, 0x7F, 0xE0, 0xFF,
    0xFF, 0x0F, 0xFC, 0x0F, 0xF8, 0x81, 0x7F, 0x00, 0x3F, 0xF8, 0x03, 0xE0, 0x07, 0x7F, 0x00, 0xFC,
    0xE0, 0x07, 0x80, 0x1F, 0xFC, 0x00, 0xF0, 0x83, 0x1F, 0x00, 0x7E, 0xF8, 0x01, 0xC0, 0x0F, 0x3F,
    0x00, 0xF8, 0xE1, 0x07, 0x00, 0x3F, 0xFC, 0x00, 0xE0, 0x87, 0x1F, 0xF8, 0xFF, 0xFF, 0x03, 0xFF,
    0xFF, 0x7F, 0xE0, 0xFF, 0xFF, 0x0F, 0xFC, 0xFF, 0xFF, 0x81, 0xFF, 0xFF, 0x3F, 0xF0, 0xFF, 0xFF,
    0x07, 0xFE, 0xFF, 0xFF, 0x00, 0xE0, 0x87, 0x1F, 0x00, 0xFC, 0xF0, 0x03, 0x80, 0x1F, 0x7E, 0x00,
    0xF0, 0x83, 0x1F, 0x00, 0x7E, 0xF0, 0x03, 0xC0, 0x0F, 0x7E, 0x00, 0xF8, 0xC1, 0x1F, 0x00, 0x3F,
    0xF8, 0x03, 0xE0, 0x07, 0xFE, 0x00, 0xFC, 0xC0, 0xFF, 0x80, 0x1F, 0xF8, 0xFF, 0xFF, 0x03, 0xFE,
    0xFF, 0x7F, 0xC0, 0xFF, 0xFF, 0x0F, 0xF0, 0xFF, 0xFF, 0x01, 0xFC, 0xFF, 0x3F, 0x00, 0xFF, 0xFF,
    0x07, 0x80, 0xFF, 0xFF, 0x00, 0x80, 0xFF, 0x1F, 0x00, 0x03, 0x03, 0x19, 0x3C, 0x1F, 0x78, 0xC0,
    0x03, 0xF0, 0xE0, 0x0F, 0xE0, 0xE1, 0x3F, 0xC0, 0xE7, 0xFF, 0x80, 0xFF, 0xFF, 0x01, 0xFE, 0xFF,
    0x03, 0xFC, 0x9F, 0x0F, 0xF8, 0x1F, 0x1E, 0xE0, 0x3F, 0x3C, 0xC0, 0x3F, 0x78, 0x00, 0x1E, 0x00,
    0x00, 0x00, 0x00, 0x00, 0x00, 0x00, 0x00, 0x00, 0x00, 0x00, 0x00, 0x00, 0x80, 0x1F, 0x00, 0xFF,
    0x3F, 0x00, 0xFF, 0x7F, 0x00, 0xFE, 0xFF, 0x00, 0xFC, 0xFF, 0x01, 0xFC, 0xFF, 0x03, 0xF8, 0xFF,
    0x07, 0xF0, 0xFF, 0x0F, 0xF0, 0xFF, 0x1F, 0xE0, 0xFF, 0x3F, 0xC0, 0xFF, 0x7F, 0xC0, 0xFF, 0xFF,
    0x80, 0xFF, 0xFF, 0x81, 0xFF, 0xFF, 0x03, 0xFF, 0xFF, 0x07, 0x7E, 0xFF, 0x0F, 0xFE, 0xFE, 0x1F,
    0xFC, 0xFD, 0x3F, 0xF8, 0xF9, 0x7F, 0xF8, 0xF3, 0xFF, 0xF0, 0xE3, 0xFF, 0xE1, 0xC7, 0xFF, 0xE3,
    0x8F, 0xFF, 0xC7, 0x0F, 0xFF, 0xCF, 0x1F, 0xFE, 0x9F, 0x3F, 0xFC, 0x3F, 0x3F, 0xF8, 0x7F, 0x7F,
    0xF0, 0xFF, 0x7E, 0xE0, 0xFF, 0xFD, 0xC0, 0xFF, 0xFF, 0x81, 0xFF, 0xFF, 0x01, 0xFF, 0xFF, 0x03,
    0xFE, 0xFF, 0x07, 0xFC, 0xFF, 0x07, 0xF8, 0xFF, 0x0F, 0xF0, 0xFF, 0x0F, 0xE0, 0xFF, 0x1F, 0xC0,
    0xFF, 0x3F, 0x80, 0xFF, 0x3F, 0x00, 0xFF, 0x7F, 0x00, 0xFE, 0xFF, 0x00, 0xFC, 0xFF, 0x00, 0xF8,
    0xFF, 0x01, 0xF0, 0xFF, 0x01, 0xE0, 0xFF, 0x03, 0xC0, 0x0F, 0x02, 0x01, 0x1B, 0x3F, 0x1F, 0x00,
    0xE0, 0x1F, 0x00, 0x00, 0x7F, 0x00, 0x00, 0xFC, 0x01, 0x00, 0xE0, 0x0F, 0x00, 0x80, 0x3F, 0x00,
    0x00, 0xFC, 0x00, 0x00, 0xE0, 0x07, 0x00, 0x80, 0x1F, 0x00, 0x00, 0x7C, 0x00, 0x00, 0xF0, 0x03,
    0x00, 0x80, 0x0F, 0x00, 0x00, 0x00, 0x00, 0x00, 0x00, 0x00, 0x00, 0x00, 0x00, 0x00, 0x00, 0x00,
    0x00, 0x00, 0x00, 0x00, 0x00, 0x00, 0xFC, 0x01, 0x00, 0xF8, 0x3F, 0x00, 0xF0, 0xFF, 0x07, 0xC0,
    0xFF, 0x7F, 0x00, 0xFF, 0xFF, 0x07, 0xF8, 0xFF, 0x3F, 0xE0, 0xFF, 0xFF, 0x03, 0xFF, 0xFF, 0x1F,
    0xFC, 0x07, 0xFF, 0xE1, 0x0F, 0xE0, 0x8F, 0x3F, 0x00, 0xFE, 0xFC, 0x01, 0xF0, 0xE7, 0x07, 0x00,
    0x3F, 0x3F, 0x00, 0xF8, 0xF9, 0x01, 0xC0, 0xEF, 0x0F, 0x00, 0xFE, 0x3F, 0x00, 0xE0, 0xFF, 0x01,
    0x00, 0xFF, 0x0F, 0x00, 0xF8, 0x7F, 0x00, 0xC0, 0xFF, 0x03, 0x00, 0xFE, 0x1F, 0x00, 0xF0, 0xFF,
    0x00, 0x80, 0xFF, 0x07, 0x00, 0xFC, 0x3F, 0x00, 0xE0, 0xFF, 0x01, 0x00, 0xFF, 0x0F, 0x00, 0xF8,
    0x7F, 0x00, 0xC0, 0xFF, 0x03, 0x00, 0xFE, 0x1F, 0x00, 0xF0, 0xFF, 0x00, 0x80, 0xDF, 0x0F, 0x00,
    0xFE, 0x7E, 0x00, 0xF0, 0xF3, 0x03, 0x80, 0x9F, 0x1F, 0x00, 0xFC, 0xFC, 0x01, 0xF0, 0xC7, 0x0F,
    0x80, 0x1F, 0xFE, 0x00, 0xFE, 0xF0, 0x1F, 0xFC, 0x07, 0xFF, 0xFF, 0x1F, 0xF8, 0xFF, 0xFF, 0x80,
    0xFF, 0xFF, 0x03, 0xFC, 0xFF, 0x1F, 0xC0, 0xFF, 0x7F, 0x00, 0xFC, 0xFF, 0x01, 0x80, 0xFF, 0x03,
    0x00, 0xF0, 0x07, 0x00, 0x02, 0x01, 0x1B, 0x3F, 0x1F, 0xE0, 0x1F, 0x00, 0x00, 0xFE, 0x00, 0x00,
    0xF0, 0x0F, 0x00, 0x00, 0x7F, 0x00, 0x00, 0xF0, 0x03, 0x00, 0x80, 0x3F, 0x00, 0x00, 0xF8, 0x01,
    0x00, 0x80, 0x1F, 0x00, 0x00, 0xFC, 0x00, 0x00, 0xC0, 0x0F, 0x00, 0x00, 0x7C, 0x00, 0x00, 0x00,
    0x00, 0x00, 0x00, 0x00, 0x00, 0x00, 0x00, 0x00, 0x00, 0x00, 0x00, 0x00, 0x00, 0x00, 0x00, 0x00,
    0xFC, 0x01, 0x00, 0xF8, 0x3F, 0x00, 0xF0, 0xFF, 0x07, 0xC0, 0xFF, 0x7F, 0x00, 0xFF, 0xFF, 0x07,
    0xF8, 0xFF, 0x3F, 0xE0, 0xFF, 0xFF, 0x03, 0xFF, 0xFF, 0x1F, 0xFC, 0x07, 0xFF, 0xE1, 0x0F, 0xE0,
    0x8F, 0x3F, 0x00, 0xFE, 0xFC, 0x01, 0xF0, 0xE7, 0x07, 0x00, 0x3F, 0x3F, 0x00, 0xF8, 0xF9, 0x01,
    0xC0, 0xEF, 0x0F, 0x00, 0xFE, 0x3F, 0x00, 0xE0, 0xFF, 0x01, 0x00, 0xFF, 0x0F, 0x00, 0xF8, 0x7F,
    0x00, 0xC0, 0xFF, 0x03, 0x00, 0xFE, 0x1F, 0x00, 0xF0, 0xFF, 0x00, 0x80, 0xFF, 0x07, 0x00, 0xFC,
    0x3F, 0x00, 0xE0, 0xFF, 0x01, 0x00, 0xFF, 0x0F, 0x00, 0xF8, 0x7F, 0x00, 0xC0, 0xFF, 0x03, 0x00,
    0xFE, 0x1F, 0x00, 0xF0, 0xFF, 0x00, 0x80, 0xDF, 0x0F, 0x00, 0xFE, 0x7E, 0x00, 0xF0, 0xF3, 0x03,
    0x80, 0x9F, 0x1F, 0x00, 0xFC, 0xFC, 0x01, 0xF0, 0xC7, 0x0F, 0x80, 0x1F, 0xFE, 0x00, 0xFE, 0xF0,
    0x1F, 0xFC, 0x07, 0xFF, 0xFF, 0x1F, 0xF8, 0xFF, 0xFF, 0x80, 0xFF, 0xFF, 0x03, 0xFC, 0xFF, 0x1F,
    0xC0, 0xFF, 0x7F, 0x00, 0xFC, 0xFF, 0x01, 0x80, 0xFF, 0x03, 0x00, 0xF0, 0x07, 0x00, 0x02, 0x01,
    0x1B, 0x3F, 0x1F, 0x00, 0xFC, 0x00, 0x00, 0xE0, 0x0F, 0x00, 0x80, 0x7F, 0x00, 0x00, 0xFC, 0x07,
    0x00, 0xF0, 0x3F, 0x00, 0x80, 0xFF, 0x03, 0x00, 0xFE, 0x1F, 0x00, 0xF0, 0xF9, 0x01, 0xC0, 0x8F,
    0x0F, 0x00, 0x3E, 0xFC, 0x00, 0xF8, 0xC1, 0x07, 0xC0, 0x07, 0x7C, 0x00, 0x00, 0x00, 0x00, 0x00,
    0x00, 0x00, 0x00, 0x00, 0x00, 0x00, 0x00, 0x00, 0x00, 0x00, 0xFC, 0x01, 0x00, 0xF8, 0x3F, 0x00,
    0xF0, 0xFF, 0x07, 0xC0, 0xFF, 0x7F, 0x00, 0xFF, 0xFF, 0x07, 0xF8, 0xFF, 0x3F, 0xE0, 0xFF, 0xFF,
    0x03, 0xFF, 0xFF, 0x1F, 0xFC, 0x07, 0xFF, 0xE1, 0x0F, 0xE0, 0x8F, 0x3F, 0x00, 0xFE, 0xFC, 0x01,
    0xF0, 0xE7, 0x07, 0x00, 0x3F, 0x3F, 0x00, 0xF8, 0xF9, 0x01, 0xC0, 0xEF, 0x0F, 0x00, 0xFE, 0x3F,
    0x00, 0xE0, 0xFF, 0x01, 0x00, 0xFF, 0x0F, 0x00, 0xF8, 0x7F, 0x00, 0xC0, 0xFF, 0x03, 0x00, 0xFE,
    0x1F, 0x00, 0xF0, 0xFF, 0x00, 0x80, 0xFF, 0x07, 0x00, 0xFC, 0x3F, 0x00, 0xE0, 0xFF, 0x01, 0x00,
    0xFF, 0x0F, 0x00, 0xF8, 0x7F, 0x00, 0xC0, 0xFF, 0x03, 0x00, 0xFE, 0x1F, 0x00, 0xF0, 0xFF, 0x00,
    0x80, 0xDF, 0x0F, 0x00, 0xFE, 0x7E, 0x00, 0xF0, 0xF3, 0x03, 0x80, 0x9F, 0x1F, 0x00, 0xFC, 0xFC,
    0x01, 0xF0, 0xC7, 0x0F, 0x80, 0x1F, 0xFE, 0x00, 0xFE, 0xF0, 0x1F, 0xFC, 0x07, 0xFF, 0xFF, 0x1F,
    0xF8, 0xFF, 0xFF, 0x80, 0xFF, 0xFF, 0x03, 0xFC, 0xFF, 0x1F, 0xC0, 0xFF, 0x7F, 0x00, 0xFC, 0xFF,
    0x01, 0x80, 0xFF, 0x03, 0x00, 0xF0, 0x07, 0x00, 0x02, 0x02, 0x1B, 0x3E, 0x1F, 0xF0, 0xC0, 0x03,
    0x80, 0x07, 0x7F, 0x00, 0x3C, 0xFC, 0x03, 0xE0, 0xF3, 0x3F, 0x00, 0xFF, 0xFF, 0x01, 0xF8, 0xFF,
    0x1F, 0x80, 0xFF, 0xFB, 0x00, 0xFC, 0x8F, 0x07, 0xE0, 0x3F, 0x3C, 0x00, 0xFE, 0xE0, 0x01, 0xE0,
    0x03, 0x00, 0x00, 0x00, 0x00, 0x00, 0x00, 0x00, 0x00, 0x00, 0x00, 0x00, 0x00, 0x00, 0x00, 0x00,
    0x80, 0x3F, 0x00, 0x00, 0xFF, 0x07, 0x00, 0xFE, 0xFF, 0x00, 0xF8, 0xFF, 0x0F, 0xE0, 0xFF, 0xFF,
    0x00, 0xFF, 0xFF, 0x07, 0xFC, 0xFF, 0x7F, 0xE0, 0xFF, 0xFF, 0x83, 0xFF, 0xE0, 0x3F, 0xFC, 0x01,
    0xFC, 0xF1, 0x07, 0xC0, 0x9F, 0x3F, 0x00, 0xFE, 0xFC, 0x00, 0xE0, 0xE7, 0x07, 0x00, 0x3F, 0x3F,
    0x00, 0xF8, 0xFD, 0x01, 0xC0, 0xFF, 0x07, 0x00, 0xFC, 0x3F, 0x00, 0xE0, 0xFF, 0x01, 0x00, 0xFF,
    0x0F, 0x00, 0xF8, 0x7F, 0x00, 0xC0, 0xFF, 0x03, 0x00, 0xFE, 0x1F, 0x00, 0xF0, 0xFF, 0x00, 0x80,
    0xFF, 0x07, 0x00, 0xFC, 0x3F, 0x00, 0xE0, 0xFF, 0x01, 0x00, 0xFF, 0x0F, 0x00, 0xF8, 0x7F, 0x00,
    0xC0, 0xFF, 0x03, 0x00, 0xFE, 0x1F, 0x00, 0xF0, 0xFB, 0x01, 0xC0, 0xDF, 0x0F, 0x00, 0x7E, 0x7E,
    0x00, 0xF0, 0xF3, 0x03, 0x80, 0x9F, 0x3F, 0x00, 0xFE, 0xF8, 0x01, 0xF0, 0xC3, 0x1F, 0xC0, 0x1F,
    0xFE, 0x83, 0xFF, 0xE0, 0xFF, 0xFF, 0x03, 0xFF, 0xFF, 0x1F, 0xF0, 0xFF, 0x7F, 0x80, 0xFF, 0xFF,
    0x03, 0xF8, 0xFF, 0x0F, 0x80, 0xFF, 0x3F, 0x00, 0xF0, 0x7F, 0x00, 0x00, 0xFE, 0x00, 0x00, 0x02,
    0x05, 0x1B, 0x3B, 0x1F, 0xC0, 0x03, 0x0F, 0x00, 0x3F, 0xFC, 0x00, 0xF8, 0xE1, 0x07, 0xC0, 0x0F,
    0x3F, 0x00, 0x7E, 0xF8, 0x01, 0xF0, 0xC3, 0x0F, 0x80, 0x1F, 0x7E, 0x00, 0x78, 0xE0, 0x01, 0x00,
    0x00, 0x00, 0x00, 0x00, 0x00, 0x00, 0x00, 0x00, 0x00, 0x00, 0x00, 0x00, 0x00, 0xC0, 0x1F, 0x00,
    0x80, 0xFF, 0x03, 0x00, 0xFF, 0x7F, 0x00, 0xFC, 0xFF, 0x07, 0xF0, 0xFF, 0x7F, 0x80, 0xFF, 0xFF,
    0x03, 0xFE, 0xFF, 0x3F, 0xF0, 0xFF, 0xFF, 0xC1, 0x7F, 0xF0, 0x1F, 0xFE, 0x00, 0xFE, 0xF8, 0x03,
    0xE0, 0xCF, 0x1F, 0x00, 0x7F, 0x7E, 0x00, 0xF0, 0xF3, 0x03, 0x80, 0x9F, 0x1F, 0x00, 0xFC, 0xFE,
    0x00, 0xE0, 0xFF, 0x03, 0x00, 0xFE, 0x1F, 0x00, 0xF0, 0xFF, 0x00, 0x80, 0xFF, 0x07, 0x00, 0xFC,
    0x3F, 0x00, 0xE0, 0xFF, 0x01, 0x00, 0xFF, 0x0F, 0x00, 0xF8, 0x7F, 0x00, 0xC0, 0xFF, 0x03, 0x00,
    0xFE, 0x1F, 0x00, 0xF0, 0xFF, 0x00, 0x80, 0xFF, 0x07, 0x00, 0xFC, 0x3F, 0x00, 0xE0, 0xFF, 0x01,
    0x00, 0xFF, 0x0F, 0x00, 0xF8, 0xFD, 0x00, 0xE0, 0xEF, 0x07, 0x00, 0x3F, 0x3F, 0x00, 0xF8, 0xF9,
    0x01, 0xC0, 0xCF, 0x1F, 0x00, 0x7F, 0xFC, 0x00, 0xF8, 0xE1, 0x0F, 0xE0, 0x0F, 0xFF, 0xC1, 0x7F,
    0xF0, 0xFF, 0xFF, 0x81, 0xFF, 0xFF, 0x0F, 0xF8, 0xFF, 0x3F, 0xC0, 0xFF, 0xFF, 0x01, 0xFC, 0xFF,
    0x07, 0xC0, 0xFF, 0x1F, 0x00, 0xF8, 0x3F, 0x00, 0x00, 0x7F, 0x00, 0x00, 0x03, 0x19, 0x1B, 0x26,
    0x20, 0x00, 0x00, 0x80, 0xC0, 0x00, 0x00, 0x0C, 0x07, 0x00, 0x70, 0x7C, 0x00, 0xC0, 0xE7, 0x07,
    0x00, 0x7E, 0x7F, 0x00, 0xF8, 0xF3, 0x03, 0xE0, 0x8F, 0x3F, 0x00, 0x3F, 0xF8, 0x03, 0xFC, 0x80,
    0x1F, 0xF0, 0x07, 0xFC, 0xC1, 0x1F, 0xC0, 0x1F, 0x7E, 0x00, 0xFC, 0xF8, 0x03, 0xE0, 0xEF, 0x0F,
    0x00, 0xFE, 0x3F, 0x00, 0xE0, 0xFF, 0x01, 0x00, 0xFE, 0x07, 0x00, 0xF0, 0x1F, 0x00, 0x00, 0x7F,
    0x00, 0x00, 0xF8, 0x03, 0x00, 0xE0, 0x3F, 0x00, 0x00, 0xFF, 0x03, 0x00, 0xFC, 0x1F, 0x00, 0xF0,
    0xFF, 0x01, 0x80, 0xDF, 0x1F, 0x00, 0xFE, 0xFC, 0x01, 0xF8, 0xC3, 0x0F, 0xC0, 0x0F, 0xFE, 0x00,
    0x3F, 0xE0, 0x0F, 0xFC, 0x01, 0x7E, 0xF0, 0x07, 0xF0, 0x87, 0x1F, 0x00, 0x7F, 0xFE, 0x00, 0xF0,
    0xF3, 0x03, 0x80, 0xBF, 0x0F, 0x00, 0xF8, 0x78, 0x00, 0x80, 0x87, 0x01, 0x00, 0x18, 0x04, 0x00,
    0x40, 0x00, 0x00, 0x0F, 0x1D, 0x34, 0x1F, 0x0F, 0x00, 0x00, 0xC0, 0x03, 0x00, 0x00, 0x78, 0x00,
    0x00, 0x00, 0x1F, 0xFE, 0x01, 0xC0, 0xF3, 0xFF, 0x00, 0x78, 0xFF, 0x7F, 0x00, 0xFE, 0xFF, 0x1F,
    0xC0, 0xFF, 0xFF, 0x07, 0xF0, 0xFF, 0xFF, 0x00, 0xFE, 0xFF, 0x3F, 0xE0, 0xFF, 0xFF, 0x07, 0xFC,
    0x0F, 0xFF, 0x81, 0x7F, 0x80, 0x3F, 0xF8, 0x0F, 0xE0, 0x0F, 0xFF, 0x03, 0xFC, 0xE1, 0x7F, 0x00,
    0x3F, 0xFC, 0x1F, 0xE0, 0x87, 0xFF, 0x03, 0xFC, 0xF8, 0xFD, 0x80, 0x3F, 0x3F, 0x1F, 0xE0, 0xE7,
    0xE7, 0x07, 0xFC, 0xFC, 0xF8, 0x80, 0x9F, 0x1F, 0x3F, 0xF0, 0xF3, 0xE3, 0x07, 0x7E, 0x7E, 0xF8,
    0xC1, 0xCF, 0x0F, 0x3F, 0xF8, 0xF9, 0xC1, 0x0F, 0x3F, 0x3F, 0xF8, 0xE1, 0xE7, 0x07, 0x7E, 0xFC,
    0xFC, 0xC0, 0x8F, 0x9F, 0x1F, 0xF0, 0xF3, 0xF3, 0x03, 0x7E, 0x7E, 0x7E, 0x80, 0xDF, 0xCF, 0x1F,
    0xF0, 0xFF, 0xF1, 0x03, 0xFC, 0x3F, 0x7E, 0x80, 0xFF, 0xC3, 0x0F, 0xE0, 0x7F, 0xF8, 0x03, 0xFC,
    0x0F, 0x7E, 0x00, 0xFF, 0xC1, 0x1F, 0xE0, 0x1F, 0xF8, 0x07, 0xFF, 0x03, 0xFE, 0xFF, 0x7F, 0xC0,
    0xFF, 0xFF, 0x07, 0xF0, 0xFF, 0xFF, 0x01, 0xFE, 0xFF, 0x3F, 0x80, 0xFF, 0xFF, 0x07, 0xE0, 0xFF,
    0xEF, 0x01, 0xF0, 0xFF, 0x3C, 0x00, 0xF8, 0x07, 0x0F, 0x00, 0x00, 0xE0, 0x01, 0x00, 0x00, 0x7C,
    0x00, 0x00, 0x00, 0x0F, 0x03, 0x01, 0x1A, 0x3F, 0x20, 0x00, 0xE0, 0x0F, 0x00, 0x80, 0x3F, 0x00,
    0x00, 0x7F, 0x00, 0x00, 0xFC, 0x01, 0x00, 0xF8, 0x03, 0x00, 0xE0, 0x07, 0x00, 0x80, 0x1F, 0x00,
    0x00, 0x3F, 0x00, 0x00, 0x7C, 0x00, 0x00, 0xF8, 0x01, 0x00, 0xE0, 0x03, 0x00, 0x00, 0x00, 0x00,
    0x00, 0x00, 0x00, 0x00, 0x00, 0x00, 0x00, 0x00, 0x00, 0x00, 0x00, 0x00, 0x00, 0x3F, 0x00, 0xF0,
    0xFF, 0x00, 0xC0, 0xFF, 0x03, 0x00, 0xFF, 0x0F, 0x00, 0xFC, 0x3F, 0x00, 0xF0, 0xFF, 0x00, 0xC0,
    0xFF, 0x03, 0x00, 0xFF, 0x0F, 0x00, 0xFC, 0x3F, 0x00, 0xF0, 0xFF, 0x00, 0xC0, 0xFF, 0x03, 0x00,
    0xFF, 0x0F, 0x00, 0xFC, 0x3F, 0x00, 0xF0, 0xFF, 0x00, 0xC0, 0xFF, 0x03, 0x00, 0xFF, 0x0F, 0x00,
    0xFC, 0x3F, 0x00, 0xF0, 0xFF, 0x00, 0xC0, 0xFF, 0x03, 0x00, 0xFF, 0x0F, 0x00, 0xFC, 0x3F, 0x00,
    0xF0, 0xFF, 0x00, 0xC0, 0xFF, 0x03, 0x00, 0xFF, 0x0F, 0x00, 0xFC, 0x3F, 0x00, 0xF0, 0xFF, 0x00,
    0xC0, 0xFF, 0x03, 0x00, 0xFF, 0x0F, 0x00, 0xFC, 0x3F, 0x00, 0xF0, 0xFF, 0x00, 0xC0, 0xFF, 0x03,
    0x00, 0xFF, 0x0F, 0x00, 0xFC, 0x3F, 0x00, 0xF0, 0xFF, 0x01, 0xE0, 0xFF, 0x07, 0x80, 0xBF, 0x1F,
    0x00, 0x7E, 0xFE, 0x00, 0xFC, 0xF9, 0x07, 0xF8, 0xE7, 0x3F, 0xF0, 0x1F, 0xFF, 0xFF, 0x3F, 0xFC,
    0xFF, 0xFF, 0xE0, 0xFF, 0xFF, 0x81, 0xFF, 0xFF, 0x07, 0xFC, 0xFF, 0x0F, 0xE0, 0xFF, 0x1F, 0x00,
    0xFF, 0x3F, 0x00, 0xE0, 0x1F, 0x00, 0x03, 0x01, 0x1A, 0x3F, 0x20, 0xE0, 0x1F, 0x00, 0x00, 0x7F,
    0x00, 0x00, 0xF8, 0x01, 0x00, 0xE0, 0x0F, 0x00, 0x00, 0x3F, 0x00, 0x00, 0xF8, 0x01, 0x00, 0xE0,
    0x07, 0x00, 0x00, 0x3F, 0x00, 0x00, 0xFC, 0x00, 0x00, 0xE0, 0x03, 0x00, 0x00, 0x1F, 0x00, 0x00,
    0x00, 0x00, 0x00, 0x00, 0x00, 0x00, 0x00, 0x00, 0x00, 0x00, 0x00, 0x00, 0x00, 0x00, 0x00, 0x3F,
    0x00, 0xF0, 0xFF, 0x00, 0xC0, 0xFF, 0x03, 0x00, 0xFF, 0x0F, 0x00, 0xFC, 0x3F, 0x00, 0xF0, 0xFF,
    0x00, 0xC0, 0xFF, 0x03, 0x00, 0xFF, 0x0F, 0x00, 0xFC, 0x3F, 0x00, 0xF0, 0xFF, 0x00, 0xC0, 0xFF,
    0x03, 0x00, 0xFF, 0x0F, 0x00, 0xFC, 0x3F, 0x00, 0xF0, 0xFF, 0x00, 0xC0, 0xFF, 0x03, 0x00, 0xFF,
    0x0F, 0x00, 0xFC, 0x3F, 0x00, 0xF0, 0xFF, 0x00, 0xC0, 0xFF, 0x03, 0x00, 0xFF, 0x0F, 0x00, 0xFC,
    0x3F, 0x00, 0xF0, 0xFF, 0x00, 0xC0, 0xFF, 0x03, 0x00, 0xFF, 0x0F, 0x00, 0xFC, 0x3F, 0x00, 0xF0,
    0xFF, 0x00, 0xC0, 0xFF, 0x03, 0x00, 0xFF, 0x0F, 0x00, 0xFC, 0x3F, 0x00, 0xF0, 0xFF, 0x00, 0xC0,
    0xFF, 0x03, 0x00, 0xFF, 0x0F, 0x00, 0xFC, 0x3F, 0x00, 0xF0, 0xFF, 0x01, 0xE0, 0xFF, 0x07, 0x80,
    0xBF, 0x1F, 0x00, 0x7E, 0xFE, 0x00, 0xFC, 0xF9, 0x07, 0xF8, 0xE7, 0x3F, 0xF0, 0x1F, 0xFF, 0xFF,
    0x3F, 0xFC, 0xFF, 0xFF, 0xE0, 0xFF, 0xFF, 0x81, 0xFF, 0xFF, 0x07, 0xFC, 0xFF, 0x0F, 0xE0, 0xFF,
    0x1F, 0x00, 0xFF, 0x3F, 0x00, 0xE0, 0x1F, 0x00, 0x03, 0x01, 0x1A, 0x3F, 0x20, 0x00, 0xFC, 0x00,
    0x00, 0xF8, 0x07, 0x00, 0xE0, 0x1F, 0x00, 0xC0, 0x7F, 0x00, 0x00, 0xFF, 0x03, 0x00, 0xFC, 0x0F,
    0x00, 0xF8, 0x7F, 0x00, 0xE0, 0xF3, 0x01, 0xC0, 0xCF, 0x0F, 0x00, 0x1F, 0x3E, 0x00, 0x3E, 0xF0,
    0x01, 0xF8, 0xC0, 0x07, 0x00, 0x00, 0x00, 0x00, 0x00, 0x00, 0x00, 0x00, 0x00, 0x00, 0x00, 0x00,
    0x00, 0x00, 0x00, 0x00, 0xFC, 0x00, 0xC0, 0xFF, 0x03, 0x00, 0xFF, 0x0F, 0x00, 0xFC, 0x3F, 0x00,
    0xF0, 0xFF, 0x00, 0xC0, 0xFF, 0x03, 0x00, 0xFF, 0x0F, 0x00, 0xFC, 0x3F, 0x00, 0xF0, 0xFF, 0x00,
    0xC0, 0xFF, 0x03, 0x00, 0xFF, 0x0F, 0x00, 0xFC, 0x3F, 0x00, 0xF0, 0xFF, 0x00, 0xC0, 0xFF, 0x03,
    0x00, 0xFF, 0x0F, 0x00, 0xFC, 0x3F, 0x00, 0xF0, 0xFF, 0x00, 0xC0, 0xFF, 0x03, 0x00, 0xFF, 0x0F,
    0x00, 0xFC, 0x3F, 0x00, 0xF0, 0xFF, 0x00, 0xC0, 0xFF, 0x03, 0x00, 0xFF, 0x0F, 0x00, 0xFC, 0x3F,
    0x00, 0xF0, 0xFF, 0x00, 0xC0, 0xFF, 0x03, 0x00, 0xFF, 0x0F, 0x00, 0xFC, 0x3F, 0x00, 0xF0, 0xFF,
    0x00, 0xC0, 0xFF, 0x03, 0x00, 0xFF, 0x0F, 0x00, 0xFC, 0x3F, 0x00, 0xF0, 0xFF, 0x01, 0xE0, 0xFF,
    0x07, 0x80, 0xBF, 0x1F, 0x00, 0x7E, 0xFE, 0x00, 0xFC, 0xF9, 0x03, 0xF8, 0xE7, 0x3F, 0xF0, 0x1F,
    0xFF, 0xFF, 0x3F, 0xFC, 0xFF, 0xFF, 0xF0, 0xFF, 0xFF, 0x83, 0xFF, 0xFF, 0x07, 0xFC, 0xFF, 0x0F,
    0xE0, 0xFF, 0x1F, 0x00, 0xFF, 0x3F, 0x00, 0xE0, 0x1F, 0x00, 0x03, 0x05, 0x1A, 0x3B, 0x20, 0xC0,
    0x03, 0x0F, 0x80, 0x1F, 0x7E, 0x00, 0x7E, 0xF8, 0x01, 0xF8, 0xE1, 0x07, 0xE0, 0x87, 0x1F, 0x80,
    0x1F, 0x7E, 0x00, 0x7E, 0xF8, 0x01, 0xF0, 0xC0, 0x03, 0x00, 0x00, 0x00, 0x00, 0x00, 0x00, 0x00,
    0x00, 0x00, 0x00, 0x00, 0x00, 0x00, 0x00, 0x00, 0x00, 0xFC, 0x00, 0xC0, 0xFF, 0x03, 0x00, 0xFF,
    0x0F, 0x00, 0xFC, 0x3F, 0x00, 0xF0, 0xFF, 0x00, 0xC0, 0xFF, 0x03, 0x00, 0xFF, 0x0F, 0x00, 0xFC,
    0x3F, 0x00, 0xF0, 0xFF, 0x00, 0xC0, 0xFF, 0x03, 0x00, 0xFF, 0x0F, 0x00, 0xFC, 0x3F, 0x00, 0xF0,
    0xFF, 0x00, 0xC0, 0xFF, 0x03, 0x00, 0xFF, 0x0F, 0x00, 0xFC, 0x3F, 0x00, 0xF0, 0xFF, 0x00, 0xC0,
    0xFF, 0x03, 0x00, 0xFF, 0x0F, 0x00, 0xFC, 0x3F, 0x00, 0xF0, 0xFF, 0x00, 0xC0, 0xFF, 0x03, 0x00,
    0xFF, 0x0F, 0x00, 0xFC, 0x3F, 0x00, 0xF0, 0xFF, 0x00, 0xC0, 0xFF, 0x03, 0x00, 0xFF, 0x0F, 0x00,
    0xFC, 0x3F, 0x00, 0xF0, 0xFF, 0x00, 0xC0, 0xFF, 0x03, 0x00, 0xFF, 0x0F, 0x00, 0xFC, 0x3F, 0x00,
    0xF0, 0xFF, 0x01, 0xE0, 0xFF, 0x07, 0x80, 0xBF, 0x1F, 0x00, 0x7E, 0xFE, 0x00, 0xFC, 0xF9, 0x03,
    0xF8, 0xE7, 0x3F, 0xF0, 0x1F, 0xFF, 0xFF, 0x3F, 0xFC, 0xFF, 0xFF, 0xF0, 0xFF, 0xFF, 0x83, 0xFF,
    0xFF, 0x07, 0xFC, 0xFF, 0x0F, 0xE0, 0xFF, 0x1F, 0x00, 0xFF, 0x3F, 0x00, 0xE0, 0x1F, 0x00, 0x00,
    0x02, 0x19, 0x3E, 0x1A, 0xE0, 0x0F, 0x00, 0x80, 0x1F, 0x00, 0x00, 0x7F, 0x00, 0x00, 0xFC, 0x00,
    0x00, 0xF8, 0x01, 0x00, 0xE0, 0x07, 0x00, 0x80, 0x0F, 0x00, 0x00, 0x1F, 0x00, 0x00, 0x7C, 0x00,
    0x00, 0xF8, 0x00, 0x00, 0xE0, 0x03, 0x00, 0x00, 0x00, 0x00, 0x00, 0x00, 0x00, 0x00, 0x00, 0x00,
    0x00, 0x00, 0x00, 0x00, 0x00, 0x00, 0x3F, 0x00, 0xFC, 0x7F, 0x00, 0xFC, 0xFF, 0x01, 0xF8, 0xFB,
    0x03, 0xF0, 0xF7, 0x07, 0xE0, 0xCF, 0x1F, 0xE0, 0x8F, 0x3F, 0xC0, 0x1F, 0x7E, 0x80, 0x1F, 0xFC,
    0x81, 0x3F, 0xF8, 0x03, 0x7F, 0xE0, 0x07, 0x7E, 0xC0, 0x0F, 0xFE, 0x80, 0x3F, 0xFC, 0x01, 0x7E,
    0xF8, 0x01, 0xFC, 0xF8, 0x03, 0xF8, 0xF3, 0x07, 0xE0, 0xE7, 0x07, 0xC0, 0xEF, 0x0F, 0x00, 0xFF,
    0x1F, 0x00, 0xFE, 0x1F, 0x00, 0xFC, 0x3F, 0x00, 0xF0, 0x3F, 0x00, 0xE0, 0x7F, 0x00, 0xC0, 0xFF,
    0x00, 0x00, 0xFF, 0x00, 0x00, 0xFE, 0x01, 0x00, 0xFC, 0x03, 0x00, 0xF0, 0x03, 0x00, 0xE0, 0x07,
    0x00, 0xC0, 0x0F, 0x00, 0x80, 0x1F, 0x00, 0x00, 0x3F, 0x00, 0x00, 0x7E, 0x00, 0x00, 0xFC, 0x00,
    0x00, 0xF8, 0x01, 0x00, 0xF0, 0x03, 0x00, 0xE0, 0x07, 0x00, 0xC0, 0x0F, 0x00, 0x80, 0x1F, 0x00,
    0x00, 0x3F, 0x00, 0x00, 0x7E, 0x00, 0x00, 0xFC, 0x00, 0x00, 0xF8, 0x01, 0x00, 0xF0, 0x03, 0x00,
    0xE0, 0x07, 0x00, 0xC0, 0x0F, 0x00, 0x03, 0x12, 0x17, 0x2D, 0x1B, 0x00, 0x00, 0x7E, 0x00, 0x00,
    0x3F, 0x00, 0x80, 0x1F, 0x00, 0xC0, 0x0F, 0x00, 0xE0, 0x07, 0x00, 0xF0, 0x03, 0xFC, 0xFF, 0xC1,
    0xFF, 0xFF, 0xF0, 0xFF, 0x7F, 0xFC, 0xFF, 0x3F, 0xFF, 0xFF, 0x9F, 0xFF, 0xFF, 0xEF, 0xFF, 0xFF,
    0xF7, 0xFF, 0xFF, 0xFB, 0x0F, 0xF8, 0xFD, 0x01, 0xFC, 0x7F, 0x00, 0xFE, 0x3F, 0x00, 0xFF, 0x0F,
    0x80, 0xFF, 0x07, 0xC0, 0xFF, 0x03, 0xE0, 0xFF, 0x01, 0xF0, 0xFF, 0x00, 0xF8, 0x7F, 0x00, 0xFC,
    0x3F, 0x00, 0xFE, 0x1F, 0x00, 0xFF, 0x1F, 0x80, 0xFF, 0x0F, 0xC0, 0xEF, 0x0F, 0xE0, 0xF7, 0x1F,
    0xF0, 0xFB, 0xFF, 0xFF, 0xFD, 0xFF, 0xFF, 0xFC, 0xFF, 0x7F, 0xFE, 0xFF, 0x3F, 0xFE, 0xFF, 0x1F,
    0xFE, 0xFF, 0x0F, 0xFE, 0xFF, 0x07, 0xF8, 0xFF, 0x03, 0x00, 0xF8, 0x01, 0x00, 0xFC, 0x00, 0x00,
    0x7E, 0x00, 0x00, 0x3F, 0x00, 0x80, 0x1F, 0x00, 0xC0, 0x0F, 0x00, 0xE0, 0x07, 0x03, 0x0E, 0x16,
    0x32, 0x1B, 0x00, 0x7F, 0x00, 0xF0, 0x7F, 0x00, 0xFE, 0x3F, 0xC0, 0xFF, 0x1F, 0xF8, 0xFF, 0x0F,
    0xFE, 0xFF, 0x83, 0xFF, 0xFF, 0xF1, 0x0F, 0x7F, 0xFC, 0x81, 0x1F, 0x3F, 0xE0, 0xC7, 0x0F, 0xF8,
    0xF3, 0x03, 0xFC, 0xFC, 0x00, 0x3F, 0x3F, 0xC0, 0xCF, 0x0F, 0xF0, 0xF3, 0x07, 0xFC, 0xF8, 0x01,
    0x3F, 0xFE, 0xC0, 0x0F, 0xFF, 0xF1, 0xC3, 0x7F, 0xFC, 0xE0, 0x1F, 0x3F, 0xFC, 0xC7, 0x8F, 0xFF,
    0xF1, 0xF3, 0x7F, 0xFC, 0xFC, 0x1F, 0xBF, 0xFF, 0xC0, 0xEF, 0x0F, 0xF0, 0xFB, 0x01, 0xFC, 0x7E,
    0x00, 0xFF, 0x0F, 0xC0, 0xFF, 0x03, 0xF0, 0xFF, 0x00, 0xFC, 0x3F, 0x00, 0xFF, 0x0F, 0xC0, 0xFF,
    0x03, 0xF0, 0xFF, 0x00, 0xFC, 0x3F, 0x00, 0xFF, 0x0F, 0xC0, 0xFF, 0x03, 0xF0, 0xFF, 0x01, 0xFC,
    0x7F, 0x00, 0xBF, 0x1F, 0xC0, 0xEF, 0x0F, 0xF1, 0xFB, 0x7F, 0xFC, 0xFC, 0x1F, 0x3F, 0xFF, 0xC7,
    0xCF, 0xFF, 0xF1, 0xE3, 0x7F, 0xFC, 0xF0, 0x1F, 0x3F, 0xF0, 0x03, 0x00, 0x02, 0x0C, 0x15, 0x34,
    0x1A, 0x00, 0xF8, 0x03, 0x00, 0x3F, 0x00, 0xF0, 0x07, 0x00, 0x7E, 0x00, 0xE0, 0x07, 0x00, 0xFC,
    0x00, 0x80, 0x0F, 0x00, 0xF8, 0x01, 0x00, 0x1F, 0x00, 0xF0, 0x01, 0x00, 0x3E, 0x00, 0x00, 0x00,
    0x00, 0x00, 0x00, 0x00, 0x00, 0x00, 0x00, 0x00, 0x00, 0x00, 0x00, 0x80, 0x3F, 0x00, 0xFE, 0x3F,
    0xE0, 0xFF, 0x0F, 0xFE, 0xFF, 0xE3, 0xFF, 0xFF, 0xFC, 0xFF, 0x9F, 0xFF, 0xFF, 0xFB, 0x07, 0x3F,
    0x7F, 0x80, 0xE3, 0x07, 0x20, 0xFC, 0x00, 0x80, 0x1F, 0x00, 0xF0, 0x03, 0x00, 0xFE, 0x01, 0xC0,
    0xFF, 0x0F, 0xF8, 0xFF, 0x07, 0xFF, 0xFF, 0xE3, 0xFF, 0xFF, 0xFC, 0xFF, 0xBF, 0x1F, 0xFF, 0xF7,
    0x03, 0xFE, 0x7E, 0x80, 0xFF, 0x0F, 0xE0, 0xFF, 0x01, 0xFC, 0x3F, 0x80, 0xFF, 0x07, 0xF0, 0xFF,
    0x01, 0xFE, 0x7F, 0xC0, 0xFF, 0x3F, 0xFC, 0xFF, 0xFF, 0xFF, 0xFF, 0xFF, 0xFB, 0xFF, 0x7F, 0xBF,
    0xFF, 0xE7, 0xE7, 0xFF, 0xFC, 0xF8, 0x0F, 0x00, 0x7C, 0x00, 0x02, 0x0C, 0x15, 0x34, 0x1A, 0xF8,
    0x07, 0x00, 0xFE, 0x00, 0x80, 0x1F, 0x00, 0xF0, 0x07, 0x00, 0xFC, 0x00, 0x00, 0x1F, 0x00, 0xE0,
    0x07, 0x00, 0xF8, 0x00, 0x00, 0x3F, 0x00, 0xC0, 0x07, 0x00, 0xF0, 0x00, 0x00, 0x00, 0x00, 0x00,
    0x00, 0x00, 0x00, 0x00, 0x00, 0x00, 0x00, 0x00, 0x00, 0x80, 0x3F, 0x00, 0xFE, 0x3F, 0xE0, 0xFF,
    0x0F, 0xFE, 0xFF, 0xE3, 0xFF, 0xFF, 0xFC, 0xFF, 0x9F, 0xFF, 0xFF, 0xFB, 0x07, 0x3F, 0x7F, 0x80,
    0xE3, 0x07, 0x20, 0xFC, 0x00, 0x80, 0x1F, 0x00, 0xF0, 0x03, 0x00, 0xFE, 0x01, 0xC0, 0xFF, 0x0F,
    0xF8, 0xFF, 0x07, 0xFF, 0xFF, 0xE3, 0xFF, 0xFF, 0xFC, 0xFF, 0xBF, 0x1F, 0xFF, 0xF7, 0x03, 0xFE,
    0x7E, 0x80, 0xFF, 0x0F, 0xE0, 0xFF, 0x01, 0xFC, 0x3F, 0x80, 0xFF, 0x07, 0xF0, 0xFF, 0x01, 0xFE,
    0x7F, 0xC0, 0xFF, 0x3F, 0xFC, 0xFF, 0xFF, 0xFF, 0xFF, 0xFF, 0xFB, 0xFF, 0x7F, 0xBF, 0xFF, 0xE7,
    0xE7, 0xFF, 0xFC, 0xF8, 0x0F, 0x00, 0x7C, 0x00, 0x02, 0x0C, 0x15, 0x34, 0x1A, 0x80, 0x1F, 0x00,
    0xF0, 0x07, 0x00, 0xFF, 0x00, 0xE0, 0x3F, 0x00, 0xFE, 0x07, 0xC0, 0xFF, 0x01, 0xF8, 0x3E, 0x80,
    0xCF, 0x0F, 0xF0, 0xF1, 0x01, 0x1F, 0x7C, 0xE0, 0x83, 0x0F, 0x3E, 0xE0, 0x03, 0x00, 0x00, 0x00,
    0x00, 0x00, 0x00, 0x00, 0x00, 0x00, 0x00, 0x80, 0x3F, 0x00, 0xFE, 0x3F, 0xE0, 0xFF, 0x0F, 0xFE,
    0xFF, 0xE3, 0xFF, 0xFF, 0xFC, 0xFF, 0x9F, 0xFF, 0xFF, 0xFB, 0x07, 0x3F, 0x7F, 0x80, 0xE3, 0x07,
    0x20, 0xFC, 0x00, 0x80, 0x1F, 0x00, 0xF0, 0x03, 0x00, 0xFE, 0x01, 0xC0, 0xFF, 0x0F, 0xF8, 0xFF,
    0x07, 0xFF, 0xFF, 0xE3, 0xFF, 0xFF, 0xFC, 0xFF, 0xBF, 0x1F, 0xFF, 0xF7, 0x03, 0xFE, 0x7E, 0x80,
    0xFF, 0x0F, 0xE0, 0xFF, 0x01, 0xFC, 0x3F, 0x80, 0xFF, 0x07, 0xF0, 0xFF, 0x01, 0xFE, 0x7F, 0xC0,
    0xFF, 0x3F, 0xFC, 0xFF, 0xFF, 0xFF, 0xFF, 0xFF, 0xFB, 0xFF, 0x7F, 0xBF, 0xFF, 0xE7, 0xE7, 0xFF,
    0xFC, 0xF8, 0x0F, 0x00, 0x7C, 0x00, 0x02, 0x0D, 0x15, 0x33, 0x1A, 0x1E, 0x78, 0xC0, 0x83, 0x3F,
    0x78, 0xF8, 0x07, 0x9F, 0xFF, 0xE1, 0xFF, 0x3F, 0xFC, 0xFF, 0x0F, 0xFF, 0xE7, 0xE1, 0x7F, 0x3C,
    0xF8, 0x87, 0x07, 0x7F, 0xF0, 0x80, 0x07, 0x00, 0x00, 0x00, 0x00, 0x00, 0x00, 0x00, 0x00, 0x00,
    0x00, 0x00, 0x00, 0xFE, 0x01, 0xF0, 0xFF, 0x01, 0xFF, 0x7F, 0xF0, 0xFF, 0x1F, 0xFF, 0xFF, 0xE7,
    0xFF, 0xFF, 0xFC, 0xFF, 0xDF, 0x3F, 0xF8, 0xF9, 0x03, 0x1E, 0x3F, 0x80, 0xE1, 0x07, 0x00, 0xFC,
    0x00, 0x80, 0x1F, 0x00, 0xF0, 0x0F, 0x00, 0xFE, 0x7F, 0xC0, 0xFF, 0x3F, 0xF8, 0xFF, 0x1F, 0xFF,
    0xFF, 0xE7, 0xFF, 0xFF, 0xFD, 0xF8, 0xBF, 0x1F, 0xF0, 0xF7, 0x03, 0xFC, 0x7F, 0x00, 0xFF, 0x0F,
    0xE0, 0xFF, 0x01, 0xFC, 0x3F, 0x80, 0xFF, 0x0F, 0xF0, 0xFF, 0x03, 0xFE, 0xFF, 0xE1, 0xFF, 0xFF,
    0xFF, 0xFF, 0xFF, 0xDF, 0xFF, 0xFF, 0xFB, 0xFD, 0x3F, 0x3F, 0xFF, 0xE7, 0xC7, 0x7F, 0x00, 0xE0,
    0x03, 0x02, 0x0F, 0x15, 0x30, 0x1A, 0xF0, 0xC0, 0x03, 0x3F, 0xFC, 0xE0, 0x87, 0x1F, 0xFC, 0xF0,
    0x83, 0x1F, 0x7E, 0xF0, 0xC3, 0x0F, 0x7E, 0xF8, 0x81, 0x07, 0x1E, 0x00, 0x00, 0x00, 0x00, 0x00,
    0x00, 0x00, 0x00, 0x00, 0x00, 0x00, 0xF8, 0x03, 0xE0, 0xFF, 0x03, 0xFE, 0xFF, 0xE0, 0xFF, 0x3F,
    0xFE, 0xFF, 0xCF, 0xFF, 0xFF, 0xF9, 0xFF, 0xBF, 0x7F, 0xF0, 0xF3, 0x07, 0x38, 0x7E, 0x00, 0xC2,
    0x0F, 0x00, 0xF8, 0x01, 0x00, 0x3F, 0x00, 0xE0, 0x1F, 0x00, 0xFC, 0xFF, 0x80, 0xFF, 0x7F, 0xF0,
    0xFF, 0x3F, 0xFE, 0xFF, 0xCF, 0xFF, 0xFF, 0xFB, 0xF1, 0x7F, 0x3F, 0xE0, 0xEF, 0x07, 0xF8, 0xFF,
    0x00, 0xFE, 0x1F, 0xC0, 0xFF, 0x03, 0xF8, 0x7F, 0x00, 0xFF, 0x1F, 0xE0, 0xFF, 0x07, 0xFC, 0xFF,
    0xC3, 0xFF, 0xFF, 0xFF, 0xFF, 0xFF, 0xBF, 0xFF, 0xFF, 0xF7, 0xFB, 0x7F, 0x7E, 0xFE, 0xCF, 0x8F,
    0xFF, 0x00, 0xC0, 0x07, 0x02, 0x0B, 0x15, 0x35, 0x1A, 0x00, 0x1F, 0x00, 0xF0, 0x07, 0x00, 0xFF,
    0x01, 0xE0, 0x7F, 0x00, 0x1E, 0x0F, 0xC0, 0xC1, 0x01, 0x38, 0x38, 0x00, 0x07, 0x07, 0xE0, 0xE0,
    0x00, 0x3C, 0x1E, 0x80, 0xFF, 0x03, 0xE0, 0x3F, 0x00, 0xF8, 0x03, 0x00, 0x3E, 0x00, 0x00, 0x00,
    0x00, 0x00, 0x00, 0x00, 0x00, 0x00, 0xF0, 0x07, 0xC0, 0xFF, 0x07, 0xFC, 0xFF, 0xC1, 0xFF, 0x7F,
    0xFC, 0xFF, 0x9F, 0xFF, 0xFF, 0xF3, 0xFF, 0x7F, 0xFF, 0xE0, 0xE7, 0x0F, 0x70, 0xFC, 0x00, 0x84,
    0x1F, 0x00, 0xF0, 0x03, 0x00, 0x7E, 0x00, 0xC0, 0x3F, 0x00, 0xF8, 0xFF, 0x01, 0xFF, 0xFF, 0xE0,
    0xFF, 0x7F, 0xFC, 0xFF, 0x9F, 0xFF, 0xFF, 0xF7, 0xE3, 0xFF, 0x7E, 0xC0, 0xDF, 0x0F, 0xF0, 0xFF,
    0x01, 0xFC, 0x3F, 0x80, 0xFF, 0x07, 0xF0, 0xFF, 0x00, 0xFE, 0x3F, 0xC0, 0xFF, 0x0F, 0xF8, 0xFF,
    0x87, 0xFF, 0xFF, 0xFF, 0xFF, 0xFF, 0x7F, 0xFF, 0xFF, 0xEF, 0xF7, 0xFF, 0xFC, 0xFC, 0x9F, 0x1F,
    0xFF, 0x01, 0x80, 0x0F, 0x00, 0x02, 0x1C, 0x25, 0x24, 0x29, 0x80, 0x3F, 0x80, 0x3F, 0x00, 0xFC,
    0x1F, 0xFC, 0x3F, 0xC0, 0xFF, 0xC7, 0xFF, 0x0F, 0xFC, 0xFF, 0xFD, 0xFF, 0x83, 0xFF, 0xFF, 0xFF,
    0xFF, 0xF8, 0xFF, 0xFF, 0xFF, 0x1F, 0xFF, 0xFF, 0xFF, 0xFF, 0xF3, 0x0F, 0xFF, 0x07, 0x3F, 0x7E,
    0xC0, 0x7F, 0x80, 0xC3, 0x0F, 0xF0, 0x07, 0x20, 0xFC, 0x00, 0xFE, 0x00, 0x80, 0x1F, 0xC0, 0x1F,
    0x00, 0xF0, 0x03, 0xF0, 0x03, 0x00, 0x7E, 0x00, 0xFE, 0x1F, 0xC0, 0xFF, 0xFF, 0xFF, 0x1F, 0xF8,
    0xFF, 0xFF, 0xFF, 0x0F, 0xFF, 0xFF, 0xFF, 0xFF, 0xE3, 0xFF, 0xFF, 0xFF, 0xFF, 0xFC, 0xFF, 0xFF,
    0xFF, 0xBF, 0xFF, 0xFF, 0x1F, 0xFE, 0x07, 0x00, 0xF0, 0x03, 0xFE, 0x00, 0x00, 0x7E, 0x80, 0x3F,
    0x00, 0xC0, 0x0F, 0xE0, 0x07, 0x00, 0xF8, 0x01, 0xFC, 0x00, 0x00, 0x3F, 0x80, 0x1F, 0x00, 0xF0,
    0x07, 0xF0, 0x43, 0x00, 0xFE, 0x01, 0x7E, 0x1C, 0xE0, 0x7F, 0xC0, 0xCF, 0x0F, 0xFE, 0x3F, 0xFC,
    0xFD, 0xFF, 0xFF, 0xFF, 0xBF, 0xFF, 0xFF, 0xFF, 0xFF, 0xF3, 0xFF, 0xBF, 0xFF, 0x7F, 0xFC, 0xFF,
    0xE3, 0xFF, 0x07, 0xFF, 0x3F, 0xF8, 0xFF, 0xC0, 0xFF, 0x03, 0xFC, 0x0F, 0xE0, 0x1F, 0x00, 0x7E,
    0x00, 0x02, 0x1C, 0x15, 0x30, 0x18, 0xC0, 0x1F, 0x00, 0xFF, 0x0F, 0xF0, 0xFF, 0x03, 0xFF, 0xFF,
    0xE0, 0xFF, 0x3F, 0xFE, 0xFF, 0x8F, 0xFF, 0xFF, 0xE1, 0x83, 0x3F, 0x38, 0xE0, 0x0F, 0x02, 0xF8,
    0x01, 0x00, 0x3F, 0x00, 0xE0, 0x0F, 0x00, 0xF8, 0x01, 0x00, 0x3F, 0x00, 0xE0, 0x07, 0x00, 0xFC,
    0x00, 0x80, 0x1F, 0x00, 0xF0, 0x03, 0x00, 0x7E, 0x00, 0xC0, 0x0F, 0x00, 0xF8, 0x01, 0x00, 0x3F,
    0x00, 0xE0, 0x07, 0x00, 0xFE, 0x00, 0xC0, 0x1F, 0x00, 0xF8, 0x61, 0x80, 0x3F, 0x1E, 0xF8, 0xE7,
    0xFF, 0xFF, 0xFE, 0xFF, 0xCF, 0xFF, 0xFF, 0xF1, 0xFF, 0x1F, 0xFE, 0xFF, 0x81, 0xFF, 0x1F, 0xC0,
    0xFF, 0x01, 0xE0, 0x07, 0x00, 0xFC, 0x00, 0xC0, 0x1F, 0x00, 0xF8, 0x07, 0x80, 0x3F, 0x00, 0xF0,
    0x01, 0x00, 0x3E, 0x00, 0xC0, 0x87, 0x03, 0xF8, 0x7F, 0x00, 0xFF, 0x0F, 0xC0, 0xFF, 0x03, 0xF0,
    0x7F, 0x00, 0xF8, 0x03, 0x02, 0x0C, 0x16, 0x34, 0x1A, 0x00, 0xF8, 0x03, 0x00, 0xFE, 0x00, 0xC0,
    0x1F, 0x00, 0xF0, 0x03, 0x00, 0xFC, 0x00, 0x80, 0x1F, 0x00, 0xE0, 0x07, 0x00, 0xFC, 0x00, 0x00,
    0x1F, 0x00, 0xC0, 0x07, 0x00, 0xF8, 0x00, 0x00, 0x00, 0x00, 0x00, 0x00, 0x00, 0x00, 0x00, 0x00,
    0x00, 0x00, 0x00, 0x00, 0x00, 0x80, 0x3F, 0x00, 0xF8, 0x3F, 0x00, 0xFF, 0x1F, 0xE0, 0xFF, 0x0F,
    0xFC, 0xFF, 0x07, 0xFF, 0xFF, 0xE3, 0xFF, 0xFF, 0xF8, 0x87, 0x7F, 0x7E, 0xC0, 0x9F, 0x1F, 0xE0,
    0xF7, 0x03, 0xF8, 0xFD, 0x00, 0xFC, 0x3F, 0x00, 0xFF, 0x0F, 0xC0, 0xFF, 0xFF, 0xFF, 0xFF, 0xFF,
    0xFF, 0xFF, 0xFF, 0xFF, 0xFF, 0xFF, 0xFF, 0xFF, 0xFF, 0xFF, 0xFF, 0xFF, 0x00, 0x00, 0x3F, 0x00,
    0xC0, 0x0F, 0x00, 0xF0, 0x03, 0x00, 0xFC, 0x00, 0x00, 0x3F, 0x00, 0xE0, 0x07, 0x01, 0xF8, 0xE1,
    0x00, 0x7F, 0xFC, 0xE0, 0x9F, 0xFF, 0xFF, 0xF3, 0xFF, 0xFF, 0xF8, 0xFF, 0x1F, 0xFC, 0xFF, 0x03,
    0xFE, 0x7F, 0x00, 0xFF, 0x0F, 0x00, 0xFF, 0x00, 0x02, 0x0C, 0x16, 0x34, 0x1A, 0xF0, 0x07, 0x00,
    0xFC, 0x01, 0x00, 0xFE, 0x00, 0x80, 0x3F, 0x00, 0xC0, 0x0F, 0x00, 0xE0, 0x07, 0x00, 0xF8, 0x01,
    0x00, 0xFC, 0x00, 0x00, 0x3E, 0x00, 0x80, 0x0F, 0x00, 0xC0, 0x07, 0x00, 0x00, 0x00, 0x00, 0x00,
    0x00, 0x00, 0x00, 0x00, 0x00, 0x00, 0x00, 0x00, 0x00, 0x80, 0x3F, 0x00, 0xF8, 0x3F, 0x00, 0xFF,
    0x1F, 0xE0, 0xFF, 0x0F, 0xFC, 0xFF, 0x07, 0xFF, 0xFF, 0xE3, 0xFF, 0xFF, 0xF8, 0x87, 0x7F, 0x7E,
    0xC0, 0x9F, 0x1F, 0xE0, 0xF7, 0x03, 0xF8, 0xFD, 0x00, 0xFC, 0x3F, 0x00, 0xFF, 0x0F, 0xC0, 0xFF,
    0xFF, 0xFF, 0xFF, 0xFF, 0xFF, 0xFF, 0xFF, 0xFF, 0xFF, 0xFF, 0xFF, 0xFF, 0xFF, 0xFF, 0xFF, 0xFF,
    0x00, 0x00, 0x3F, 0x00, 0xC0, 0x0F, 0x00, 0xF0, 0x03, 0x00, 0xFC, 0x00, 0x00, 0x3F, 0x00, 0xE0,
    0x07, 0x01, 0xF8, 0xE1, 0x00, 0x7F, 0xFC, 0xE0, 0x9F, 0xFF, 0xFF, 0xF3, 0xFF, 0xFF, 0xF8, 0xFF,
    0x1F, 0xFC, 0xFF, 0x03, 0xFE, 0x7F, 0x00, 0xFF, 0x0F, 0x00, 0xFF, 0x00, 0x02, 0x0C, 0x16, 0x34,
    0x1A, 0x00, 0x3F, 0x00, 0xE0, 0x0F, 0x00, 0xF8, 0x07, 0x00, 0xFF, 0x01, 0xC0, 0xFF, 0x00, 0xF8,
    0x3F, 0x00, 0xBE, 0x1F, 0xC0, 0xCF, 0x07, 0xF0, 0xF1, 0x03, 0x7E, 0xF8, 0x80, 0x0F, 0x3C, 0xF0,
    0x01, 0x1F, 0x00, 0x00, 0x00, 0x00, 0x00, 0x00, 0x00, 0x00, 0x00, 0x00, 0x00, 0x80, 0x3F, 0x00,
    0xF8, 0x3F, 0x00, 0xFF, 0x1F, 0xE0, 0xFF, 0x0F, 0xFC, 0xFF, 0x07, 0xFF, 0xFF, 0xE3, 0xFF, 0xFF,
    0xF8, 0x87, 0x7F, 0x7E, 0xC0, 0x9F, 0x1F, 0xE0, 0xF7, 0x03, 0xF8, 0xFD, 0x00, 0xFC, 0x3F, 0x00,
    0xFF, 0x0F, 0xC0, 0xFF, 0xFF, 0xFF, 0xFF, 0xFF, 0xFF, 0xFF, 0xFF, 0xFF, 0xFF, 0xFF, 0xFF, 0xFF,
    0xFF, 0xFF, 0xFF, 0xFF, 0x00, 0x00, 0x3F, 0x00, 0xC0, 0x0F, 0x00, 0xF0, 0x03, 0x00, 0xFC, 0x00,
    0x00, 0x3F, 0x00, 0xE0, 0x07, 0x01, 0xF8, 0xE1, 0x00, 0x7F, 0xFC, 0xE0, 0x9F, 0xFF, 0xFF, 0xF3,
    0xFF, 0xFF, 0xF8, 0xFF, 0x1F, 0xFC, 0xFF, 0x03, 0xFE, 0x7F, 0x00, 0xFF, 0x0F, 0x00, 0xFF, 0x00,
    0x02, 0x0F, 0x16, 0x30, 0x1A, 0xF0, 0xC0, 0x03, 0x7E, 0xF8, 0x81, 0x1F, 0x7E, 0xE0, 0x87, 0x1F,
    0xF8, 0xE1, 0x07, 0x7E, 0xF8, 0x81, 0x1F, 0x7E, 0xC0, 0x03, 0x0F, 0x00, 0x00, 0x00, 0x00, 0x00,
    0x00, 0x00, 0x00, 0x00, 0x00, 0x00, 0x80, 0x3F, 0x00, 0xF8, 0x3F, 0x00, 0xFF, 0x1F, 0xE0, 0xFF,
    0x0F, 0xFC, 0xFF, 0x07, 0xFF, 0xFF, 0xE3, 0xFF, 0xFF, 0xF8, 0x87, 0x7F, 0x7E, 0xC0, 0x9F, 0x1F,
    0xE0, 0xF7, 0x03, 0xF8, 0xFD, 0x00, 0xFC, 0x3F, 0x00, 0xFF, 0x0F, 0xC0, 0xFF, 0xFF, 0xFF, 0xFF,
    0xFF, 0xFF, 0xFF, 0xFF, 0xFF, 0xFF, 0xFF, 0xFF, 0xFF, 0xFF, 0xFF, 0xFF, 0xFF, 0x00, 0x00, 0x3F,
    0x00, 0xC0, 0x0F, 0x00, 0xF0, 0x03, 0x00, 0xFC, 0x00, 0x00, 0x3F, 0x00, 0xE0, 0x07, 0x01, 0xF8,
    0xE1, 0x00, 0x7F, 0xFC, 0xE0, 0x9F, 0xFF, 0xFF, 0xF3, 0xFF, 0xFF, 0xF8, 0xFF, 0x1F, 0xFC, 0xFF,
    0x03, 0xFE, 0x7F, 0x00, 0xFF, 0x0F, 0x00, 0xFF, 0x00, 0x00, 0x0C, 0x0A, 0x33, 0x0C, 0xFC, 0xF1,
    0xE7, 0x8F, 0x1F, 0x7F, 0xFC, 0xF0, 0xC1, 0x07, 0x0F, 0x1C, 0x70, 0x00, 0x00, 0x00, 0x00, 0x00,
    0x00, 0x00, 0x00, 0x7C, 0xF0, 0xC1, 0x07, 0x1F, 0x7C, 0xF0, 0xC1, 0x07, 0x1F, 0x7C, 0xF0, 0xC1,
    0x07, 0x1F, 0x7C, 0xF0, 0xC1, 0x07, 0x1F, 0x7C, 0xF0, 0xC1, 0x07, 0x1F, 0x7C, 0xF0, 0xC1, 0x07,
    0x1F, 0x7C, 0xF0, 0xC1, 0x07, 0x1F, 0x7C, 0xF0, 0xC1, 0x07, 0x1F, 0x7C, 0xF0, 0x01, 0x02, 0x0C,
    0x0B, 0x33, 0x0C, 0x7F, 0xF0, 0x87, 0x3F, 0xF8, 0x81, 0x1F, 0xFC, 0xC0, 0x0F, 0x7E, 0xE0, 0x03,
    0x3E, 0xF0, 0x01, 0x00, 0x00, 0x00, 0x00, 0x00, 0x00, 0x00, 0x00, 0x3F, 0xF8, 0xC1, 0x0F, 0x7E,
    0xF0, 0x83, 0x1F, 0xFC, 0xE0, 0x07, 0x3F, 0xF8, 0xC1, 0x0F, 0x7E, 0xF0, 0x83, 0x1F, 0xFC, 0xE0,
    0x07, 0x3F, 0xF8, 0xC1, 0x0F, 0x7E, 0xF0, 0x83, 0x1F, 0xFC, 0xE0, 0x07, 0x3F, 0xF8, 0xC1, 0x0F,
    0x7E, 0xF0, 0x83, 0x1F, 0xFC, 0xE0, 0x07, 0x3F, 0xF8, 0x01, 0x00, 0x0C, 0x0D, 0x33, 0x0C, 0xFC,
    0xC0, 0x1F, 0xF8, 0x07, 0xFF, 0xF0, 0x3F, 0xFE, 0xC7, 0xFF, 0x79, 0x3E, 0xC7, 0xEF, 0xF0, 0x0D,
    0xFC, 0x81, 0x0F, 0x00, 0x00, 0x00, 0x00, 0x00, 0x00, 0x00, 0x80, 0x1F, 0xF0, 0x03, 0x7E, 0xC0,
    0x0F, 0xF8, 0x01, 0x3F, 0xE0, 0x07, 0xFC, 0x80, 0x1F, 0xF0, 0x03, 0x7E, 0xC0, 0x0F, 0xF8, 0x01,
    0x3F, 0xE0, 0x07, 0xFC, 0x80, 0x1F, 0xF0, 0x03, 0x7E, 0xC0, 0x0F, 0xF8, 0x01, 0x3F, 0xE0, 0x07,
    0xFC, 0x80, 0x1F, 0xF0, 0x03, 0x7E, 0xC0, 0x0F, 0xF8, 0x01, 0x3F, 0xE0, 0x07, 0xFC, 0x80, 0x1F,
    0xF0, 0x03, 0x00, 0x0F, 0x0E, 0x2F, 0x0C, 0x07, 0xDE, 0xC3, 0xFF, 0xF0, 0x3F, 0xFC, 0x0F, 0xFF,
    0xC3, 0xFF, 0xF0, 0x1F, 0x78, 0x00, 0x00, 0x00, 0x00, 0x00, 0x00, 0x00, 0x00, 0x00, 0x7E, 0x80,
    0x1F, 0xE0, 0x07, 0xF8, 0x01, 0x7E, 0x80, 0x1F, 0xE0, 0x07, 0xF8, 0x01, 0x7E, 0x80, 0x1F, 0xE0,
    0x07, 0xF8, 0x01, 0x7E, 0x80, 0x1F, 0xE0, 0x07, 0xF8, 0x01, 0x7E, 0x80, 0x1F, 0xE0, 0x07, 0xF8,
    0x01, 0x7E, 0x80, 0x1F, 0xE0, 0x07, 0xF8, 0x01, 0x7E, 0x80, 0x1F, 0xE0, 0x07, 0xF8, 0x01, 0x7E,
    0x80, 0x1F, 0xE0, 0x07, 0xF8, 0x01, 0x7E, 0x80, 0x1F, 0x00, 0x02, 0x0D, 0x17, 0x33, 0x1B, 0x00,
    0xE0, 0x07, 0x60, 0xFC, 0x01, 0x78, 0x7E, 0x00, 0xFC, 0x1F, 0x00, 0xFE, 0x07, 0x00, 0xFF, 0x03,
    0x00, 0xFF, 0x03, 0x00, 0xFF, 0x07, 0xC0, 0xFF, 0x07, 0xE0, 0xFF, 0x01, 0xF8, 0xFB, 0x00, 0xFC,
    0x70, 0x00, 0x7F, 0x10, 0x80, 0x1F, 0x00, 0xC0, 0x0F, 0x00, 0xF0, 0x03, 0x00, 0xF8, 0xF9, 0x00,
    0xFE, 0xFF, 0x00, 0xFF, 0xFF, 0x81, 0xFF, 0xFF, 0xC0, 0xFF, 0xFF, 0xF0, 0xFF, 0xFF, 0xF8, 0xFF,
    0x7F, 0xFC, 0x83, 0x7F, 0xFE, 0x80, 0x3F, 0x3F, 0x80, 0xDF, 0x1F, 0xC0, 0xEF, 0x0F, 0xE0, 0xFF,
    0x03, 0xE0, 0xFF, 0x01, 0xF0, 0xFF, 0x00, 0xF8, 0x7F, 0x00, 0xFC, 0x3F, 0x00, 0xFE, 0x1F, 0x00,
    0xFF, 0x0F, 0x80, 0xFF, 0x07, 0xC0, 0xFF, 0x03, 0xE0, 0xFF, 0x01, 0xF0, 0xFF, 0x00, 0xF8, 0xFD,
    0x00, 0xFE, 0x7E, 0x00, 0x3F, 0x3F, 0x80, 0x9F, 0x3F, 0xE0, 0x8F, 0x3F, 0xF8, 0xC7, 0xFF, 0xFF,
    0xE1, 0xFF, 0xFF, 0xE0, 0xFF, 0x3F, 0xE0, 0xFF, 0x0F, 0xE0, 0xFF, 0x03, 0xE0, 0xFF, 0x00, 0xC0,
    0x1F, 0x00, 0x03, 0x0D, 0x15, 0x32, 0x1B, 0x1E, 0xF0, 0xC0, 0x83, 0x3F, 0x78, 0xF8, 0x0F, 0x9F,
    0xFF, 0xE3, 0xFF, 0x7F, 0xFC, 0xFF, 0x0F, 0xFF, 0xE7, 0xE3, 0x7F, 0x78, 0xFC, 0x07, 0x0F, 0x7F,
    0xE0, 0xC1, 0x07, 0x00, 0x00, 0x00, 0x00, 0x00, 0x00, 0x00, 0x00, 0x00, 0x00, 0x00, 0x80, 0x1F,
    0x00, 0xF8, 0x87, 0x9F, 0xFF, 0xF3, 0xFB, 0xFF, 0x7E, 0xFF, 0xFF, 0xEF, 0xFF, 0xFF, 0xFF, 0xFF,
    0xFF, 0x3F, 0xFE, 0xFF, 0x83, 0xFF, 0x7F, 0xE0, 0xFF, 0x07, 0xF8, 0xFF, 0x00, 0xFE, 0x1F, 0xC0,
    0xFF, 0x03, 0xF8, 0x7F, 0x00, 0xFF, 0x0F, 0xE0, 0xFF, 0x01, 0xFC, 0x3F, 0x80, 0xFF, 0x07, 0xF0,
    0xFF, 0x00, 0xFE, 0x1F, 0xC0, 0xFF, 0x03, 0xF8, 0x7F, 0x00, 0xFF, 0x0F, 0xE0, 0xFF, 0x01, 0xFC,
    0x3F, 0x80, 0xFF, 0x07, 0xF0, 0xFF, 0x00, 0xFE, 0x1F, 0xC0, 0xFF, 0x03, 0xF8, 0x7F, 0x00, 0xFF,
    0x0F, 0xE0, 0xFF, 0x01, 0xFC, 0x3F, 0x80, 0xFF, 0x07, 0xF0, 0x03, 0x02, 0x0C, 0x17, 0x34, 0x1B,
    0x00, 0xF0, 0x07, 0x00, 0xFC, 0x01, 0x00, 0x7E, 0x00, 0x80, 0x3F, 0x00, 0xC0, 0x0F, 0x00, 0xE0,
    0x07, 0x00, 0xF8, 0x01, 0x00, 0x7C, 0x00, 0x00, 0x3F, 0x00, 0x80, 0x0F, 0x00, 0xC0, 0x03, 0x00,
    0x00, 0x00, 0x00, 0x00, 0x00, 0x00, 0x00, 0x00, 0x00, 0x00, 0x00, 0x00, 0x00, 0x00, 0x00, 0x7F,
    0x00, 0xE0, 0xFF, 0x00, 0xF8, 0xFF, 0x00, 0xFE, 0xFF, 0x80, 0xFF, 0xFF, 0xE0, 0xFF, 0xFF, 0xF0,
    0xFF, 0x7F, 0xFC, 0x83, 0x7F, 0xFE, 0x80, 0x3F, 0x3F, 0x80, 0x9F, 0x1F, 0xC0, 0xEF, 0x0F, 0xE0,
    0xFF, 0x03, 0xE0, 0xFF, 0x01, 0xF0, 0xFF, 0x00, 0xF8, 0x7F, 0x00, 0xFC, 0x3F, 0x00, 0xFE, 0x1F,
    0x00, 0xFF, 0x0F, 0x80, 0xFF, 0x07, 0xC0, 0xFF, 0x03, 0xE0, 0xFF, 0x01, 0xF0, 0xFF, 0x00, 0xF8,
    0x7F, 0x00, 0xFC, 0x7F, 0x00, 0x7F, 0x3F, 0x80, 0x9F, 0x1F, 0xC0, 0xCF, 0x1F, 0xF0, 0xE7, 0x1F,
    0xFC, 0xE3, 0xFF, 0xFF, 0xF0, 0xFF, 0x7F, 0xF0, 0xFF, 0x1F, 0xF0, 0xFF, 0x07, 0xF0, 0xFF, 0x01,
    0xF0, 0x7F, 0x00, 0xE0, 0x0F, 0x00, 0x02, 0x0C, 0x17, 0x34, 0x1B, 0xF0, 0x07, 0x00, 0xF0, 0x07,
    0x00, 0xF8, 0x03, 0x00, 0xF8, 0x01, 0x00, 0xF8, 0x01, 0x00, 0xFC, 0x00, 0x00, 0xFC, 0x00, 0x00,
    0x7C, 0x00, 0x00, 0x3E, 0x00, 0x00, 0x3E, 0x00, 0x00, 0x1F, 0x00, 0x00, 0x00, 0x00, 0x00, 0x00,
    0x00, 0x00, 0x00, 0x00, 0x00, 0x00, 0x00, 0x00, 0x00, 0x00, 0x7F, 0x00, 0xE0, 0xFF, 0x00, 0xF8,
    0xFF, 0x00, 0xFE, 0xFF, 0x80, 0xFF, 0xFF, 0xE0, 0xFF, 0xFF, 0xF0, 0xFF, 0x7F, 0xFC, 0x83, 0x7F,
    0xFE, 0x80, 0x3F, 0x3F, 0x80, 0x9F, 0x1F, 0xC0, 0xEF, 0x0F, 0xE0, 0xFF, 0x03, 0xE0, 0xFF, 0x01,
    0xF0, 0xFF, 0x00, 0xF8, 0x7F, 0x00, 0xFC, 0x3F, 0x00, 0xFE, 0x1F, 0x00, 0xFF, 0x0F, 0x80, 0xFF,
    0x07, 0xC0, 0xFF, 0x03, 0xE0, 0xFF, 0x01, 0xF0, 0xFF, 0x00, 0xF8, 0x7F, 0x00, 0xFC, 0x7F, 0x00,
    0x7F, 0x3F, 0x80, 0x9F, 0x1F, 0xC0, 0xCF, 0x1F, 0xF0, 0xE7, 0x1F, 0xFC, 0xE3, 0xFF, 0xFF, 0xF0,
    0xFF, 0x7F, 0xF0, 0xFF, 0x1F, 0xF0, 0xFF, 0x07, 0xF0, 0xFF, 0x01, 0xF0, 0x7F, 0x00, 0xE0, 0x0F,
    0x00, 0x02, 0x0C, 0x17, 0x34, 0x1B, 0x00, 0x3E, 0x00, 0x80, 0x3F, 0x00, 0xC0, 0x1F, 0x00, 0xF0,
    0x1F, 0x00, 0xF8, 0x0F, 0x00, 0xFE, 0x0F, 0x00, 0xDF, 0x07, 0xC0, 0xE7, 0x07, 0xE0, 0xE3, 0x03,
    0xF8, 0xE0, 0x03, 0x7C, 0xF0, 0x01, 0x1F, 0xF0, 0x01, 0x00, 0x00, 0x00, 0x00, 0x00, 0x00, 0x00,
    0x00, 0x00, 0x00, 0x00, 0x00, 0x7F, 0x00, 0xE0, 0xFF, 0x00, 0xF8, 0xFF, 0x00, 0xFE, 0xFF, 0x80,
    0xFF, 0xFF, 0xE0, 0xFF, 0xFF, 0xF0, 0xFF, 0x7F, 0xFC, 0x83, 0x7F, 0xFE, 0x80, 0x3F, 0x3F, 0x80,
    0x9F, 0x1F, 0xC0, 0xEF, 0x0F, 0xE0, 0xFF, 0x03, 0xE0, 0xFF, 0x01, 0xF0, 0xFF, 0x00, 0xF8, 0x7F,
    0x00, 0xFC, 0x3F, 0x00, 0xFE, 0x1F, 0x00, 0xFF, 0x0F, 0x80, 0xFF, 0x07, 0xC0, 0xFF, 0x03, 0xE0,
    0xFF, 0x01, 0xF0, 0xFF, 0x00, 0xF8, 0x7F, 0x00, 0xFC, 0x7F, 0x00, 0x7F, 0x3F, 0x80, 0x9F, 0x1F,
    0xC0, 0xCF, 0x1F, 0xF0, 0xE7, 0x1F, 0xFC, 0xE3, 0xFF, 0xFF, 0xF0, 0xFF, 0x7F, 0xF0, 0xFF, 0x1F,
    0xF0, 0xFF, 0x07, 0xF8, 0xFF, 0x01, 0xF0, 0x7F, 0x00, 0xE0, 0x0F, 0x00, 0x02, 0x0D, 0x17, 0x33,
    0x1B, 0x3C, 0xE0, 0x01, 0x1E, 0xFC, 0x01, 0x0F, 0xFF, 0x81, 0xCF, 0xFF, 0xC1, 0xFF, 0xFF, 0xE0,
    0xFF, 0xFF, 0xE0, 0xFF, 0x7C, 0xF0, 0x3F, 0x3C, 0xF0, 0x1F, 0x1E, 0xF8, 0x07, 0x0F, 0xF0, 0x00,
    0x00, 0x00, 0x00, 0x00, 0x00, 0x00, 0x00, 0x00, 0x00, 0x00, 0x00, 0x00, 0x00, 0xFE, 0x00, 0xC0,
    0xFF, 0x01, 0xF0, 0xFF, 0x01, 0xFC, 0xFF, 0x01, 0xFF, 0xFF, 0xC1, 0xFF, 0xFF, 0xE1, 0xFF, 0xFF,
    0xF8, 0x07, 0xFF, 0xFC, 0x01, 0x7F, 0x7E, 0x00, 0x3F, 0x3F, 0x80, 0xDF, 0x1F, 0xC0, 0xFF, 0x07,
    0xC0, 0xFF, 0x03, 0xE0, 0xFF, 0x01, 0xF0, 0xFF, 0x00, 0xF8, 0x7F, 0x00, 0xFC, 0x3F, 0x00, 0xFE,
    0x1F, 0x00, 0xFF, 0x0F, 0x80, 0xFF, 0x07, 0xC0, 0xFF, 0x03, 0xE0, 0xFF, 0x01, 0xF0, 0xFF, 0x00,
    0xF8, 0xFF, 0x00, 0xFE, 0x7E, 0x00, 0x3F, 0x3F, 0x80, 0x9F, 0x3F, 0xE0, 0xCF, 0x3F, 0xF8, 0xC7,
    0xFF, 0xFF, 0xE1, 0xFF, 0xFF, 0xE0, 0xFF, 0x3F, 0xE0, 0xFF, 0x0F, 0xE0, 0xFF, 0x03, 0xE0, 0xFF,
    0x00, 0xC0, 0x1F, 0x00, 0x02, 0x0F, 0x17, 0x30, 0x1B, 0xE0, 0x81, 0x07, 0xF8, 0xE1, 0x07, 0xFC,
    0xF0, 0x03, 0x7E, 0xF8, 0x01, 0x3F, 0xFC, 0x80, 0x1F, 0x7E, 0xC0, 0x0F, 0x3F, 0xC0, 0x03, 0x0F,
    0x00, 0x00, 0x00, 0x00, 0x00, 0x00, 0x00, 0x00, 0x00, 0x00, 0x00, 0x00, 0xF0, 0x07, 0x00, 0xFE,
    0x0F, 0x80, 0xFF, 0x0F, 0xE0, 0xFF, 0x0F, 0xF8, 0xFF, 0x0F, 0xFE, 0xFF, 0x0F, 0xFF, 0xFF, 0xC7,
    0x3F, 0xF8, 0xE7, 0x0F, 0xF8, 0xF3, 0x03, 0xF8, 0xF9, 0x01, 0xFC, 0xFE, 0x00, 0xFE, 0x3F, 0x00,
    0xFE, 0x1F, 0x00, 0xFF, 0x0F, 0x80, 0xFF, 0x07, 0xC0, 0xFF, 0x03, 0xE0, 0xFF, 0x01, 0xF0, 0xFF,
    0x00, 0xF8, 0x7F, 0x00, 0xFC, 0x3F, 0x00, 0xFE, 0x1F, 0x00, 0xFF, 0x0F, 0x80, 0xFF, 0x07, 0xC0,
    0xFF, 0x07, 0xF0, 0xF7, 0x03, 0xF8, 0xF9, 0x01, 0xFC, 0xFC, 0x01, 0x7F, 0xFE, 0xC1, 0x3F, 0xFE,
    0xFF, 0x0F, 0xFF, 0xFF, 0x07, 0xFF, 0xFF, 0x01, 0xFF, 0x7F, 0x00, 0xFF, 0x1F, 0x00, 0xFF, 0x07,
    0x00, 0xFE, 0x00, 0x03, 0x19, 0x1A, 0x26, 0x20, 0x00, 0xFC, 0x00, 0x00, 0xF0, 0x03, 0x00, 0xC0,
    0x0F, 0x00, 0x00, 0x3F, 0x00, 0x00, 0xFC, 0x00, 0x00, 0xF0, 0x03, 0x00, 0xC0, 0x0F, 0x00, 0x00,
    0x3F, 0x00, 0x00, 0x00, 0x00, 0x00, 0x00, 0x00, 0x00, 0x00, 0x00, 0x00, 0x00, 0x00, 0x00, 0x00,
    0x00, 0x00, 0x00, 0x00, 0x00, 0x00, 0x00, 0x00, 0x00, 0x00, 0x00, 0x00, 0xFF, 0xFF, 0xFF, 0xFF,
    0xFF, 0xFF, 0xFF, 0xFF, 0xFF, 0xFF, 0xFF, 0xFF, 0xFF, 0xFF, 0xFF, 0xFF, 0xFF, 0xFF, 0xFF, 0xFF,
    0xFF, 0xFF, 0x3F, 0x00, 0x00, 0x00, 0x00, 0x00, 0x00, 0x00, 0x00, 0x00, 0x00, 0x00, 0x00, 0x00,
    0x00, 0x00, 0x00, 0x00, 0x00, 0x00, 0x00, 0x00, 0x00, 0x00, 0xC0, 0x0F, 0x00, 0x00, 0x3F, 0x00,
    0x00, 0xFC, 0x00, 0x00, 0xF0, 0x03, 0x00, 0xC0, 0x0F, 0x00, 0x00, 0x3F, 0x00, 0x00, 0xFC, 0x00,
    0x00, 0xF0, 0x03, 0x00, 0x02, 0x1A, 0x17, 0x28, 0x1B, 0x0F, 0x00, 0x00, 0x0F, 0x00, 0x80, 0xC7,
    0x1F, 0x80, 0xFF, 0x3F, 0xC0, 0xFF, 0x3F, 0xC0, 0xFF, 0x3F, 0xE0, 0xFF, 0x3F, 0xF8, 0xFF, 0x3F,
    0xFC, 0xFF, 0x1F, 0xFF, 0xE0, 0x9F, 0x7F, 0xE0, 0xCF, 0x7F, 0xE0, 0xE7, 0x3F, 0xF0, 0xFB, 0x3F,
    0xF8, 0xFF, 0x1F, 0xF8, 0x7F, 0x1F, 0xFC, 0x3F, 0x0F, 0xFE, 0x9F, 0x0F, 0xFF, 0x8F, 0x87, 0xFF,
    0xC7, 0xC3, 0xFF, 0xC3, 0xE3, 0xFF, 0xE1, 0xF1, 0xFF, 0xE0, 0xF9, 0x7F, 0xF0, 0xFC, 0x3F, 0xF8,
    0xFE, 0x1F, 0x78, 0xFF, 0x1F, 0xFC, 0xDF, 0x0F, 0xFC, 0xE7, 0x07, 0xFE, 0xF3, 0x07, 0xFE, 0xF9,
    0x07, 0xFF, 0xF8, 0xFF, 0x3F, 0xFC, 0xFF, 0x1F, 0xFC, 0xFF, 0x07, 0xFC, 0xFF, 0x03, 0xFC, 0xFF,
    0x03, 0xFC, 0xFF, 0x01, 0xF8, 0xE3, 0x01, 0x00, 0xF0, 0x00, 0x00, 0xF0, 0x03, 0x0C, 0x15, 0x34,
    0x1B, 0x00, 0xFC, 0x01, 0x80, 0x3F, 0x00, 0xF0, 0x03, 0x00, 0x7F, 0x00, 0xE0, 0x07, 0x00, 0x7C,
    0x00, 0xC0, 0x0F, 0x00, 0xF8, 0x00, 0x00, 0x1F, 0x00, 0xF0, 0x01, 0x00, 0x1E, 0x00, 0x00, 0x00,
    0x00, 0x00, 0x00, 0x00, 0x00, 0x00, 0x00, 0x00, 0x00, 0x00, 0x00, 0x00, 0x00, 0xE0, 0x07, 0xF0,
    0xFF, 0x00, 0xFE, 0x1F, 0xC0, 0xFF, 0x03, 0xF8, 0x7F, 0x00, 0xFF, 0x0F, 0xE0, 0xFF, 0x01, 0xFC,
    0x3F, 0x80, 0xFF, 0x07, 0xF0, 0xFF, 0x00, 0xFE, 0x1F, 0xC0, 0xFF, 0x03, 0xF8, 0x7F, 0x00, 0xFF,
    0x0F, 0xE0, 0xFF, 0x01, 0xFC, 0x3F, 0x80, 0xFF, 0x07, 0xF0, 0xFF, 0x00, 0xFE, 0x1F, 0xC0, 0xFF,
    0x03, 0xF8, 0x7F, 0x00, 0xFF, 0x0F, 0xE0, 0xFF, 0x01, 0xFC, 0x3F, 0x80, 0xFF, 0x0F, 0xF0, 0xFF,
    0x03, 0xFF, 0xFF, 0xE0, 0xFF, 0x3F, 0xFE, 0xFF, 0xFF, 0xFF, 0xFF, 0xFF, 0xFB, 0xFF, 0x7F, 0xBF,
    0xFF, 0xEF, 0xE7, 0xFF, 0xFC, 0xF8, 0x0F, 0x00, 0xFC, 0x00, 0x03, 0x0C, 0x15, 0x34, 0x1B, 0xF8,
    0x03, 0x00, 0xFE, 0x00, 0xC0, 0x1F, 0x00, 0xF0, 0x03, 0x00, 0xFC, 0x00, 0x80, 0x1F, 0x00, 0xE0,
    0x03, 0x00, 0xFC, 0x00, 0x00, 0x1F, 0x00, 0xC0, 0x03, 0x00, 0xF8, 0x00, 0x00, 0x00, 0x00, 0x00,
    0x00, 0x00, 0x00, 0x00, 0x00, 0x00, 0x00, 0x00, 0x00, 0x00, 0x00, 0xE0, 0x07, 0xF0, 0xFF, 0x00,
    0xFE, 0x1F, 0xC0, 0xFF, 0x03, 0xF8, 0x7F, 0x00, 0xFF, 0x0F, 0xE0, 0xFF, 0x01, 0xFC, 0x3F, 0x80,
    0xFF, 0x07, 0xF0, 0xFF, 0x00, 0xFE, 0x1F, 0xC0, 0xFF, 0x03, 0xF8, 0x7F, 0x00, 0xFF, 0x0F, 0xE0,
    0xFF, 0x01, 0xFC, 0x3F, 0x80, 0xFF, 0x07, 0xF0, 0xFF, 0x00, 0xFE, 0x1F, 0xC0, 0xFF, 0x03, 0xF8,
    0x7F, 0x00, 0xFF, 0x0F, 0xE0, 0xFF, 0x01, 0xFC, 0x3F, 0x80, 0xFF, 0x0F, 0xF0, 0xFF, 0x03, 0xFF,
    0xFF, 0xE0, 0xFF, 0x3F, 0xFE, 0xFF, 0xFF, 0xFF, 0xFF, 0xFF, 0xFB, 0xFF, 0x7F, 0xBF, 0xFF, 0xEF,
    0xE7, 0xFF, 0xFC, 0xF8, 0x0F, 0x00, 0xFC, 0x00, 0x03, 0x0C, 0x15, 0x34, 0x1B, 0x00, 0x1F, 0x00,
    0xF0, 0x07, 0x00, 0xFE, 0x00, 0xE0, 0x3F, 0x00, 0xFC, 0x07, 0xC0, 0xFF, 0x01, 0xF8, 0x3E, 0x80,
    0xDF, 0x0F, 0xF0, 0xF1, 0x01, 0x3E, 0x7C, 0xE0, 0x83, 0x0F, 0x3C, 0xE0, 0x01, 0x00, 0x00, 0x00,
    0x00, 0x00, 0x00, 0x00, 0x00, 0x00, 0x00, 0x00, 0x00, 0xE0, 0x07, 0xF0, 0xFF, 0x00, 0xFE, 0x1F,
    0xC0, 0xFF, 0x03, 0xF8, 0x7F, 0x00, 0xFF, 0x0F, 0xE0, 0xFF, 0x01, 0xFC, 0x3F, 0x80, 0xFF, 0x07,
    0xF0, 0xFF, 0x00, 0xFE, 0x1F, 0xC0, 0xFF, 0x03, 0xF8, 0x7F, 0x00, 0xFF, 0x0F, 0xE0, 0xFF, 0x01,
    0xFC, 0x3F, 0x80, 0xFF, 0x07, 0xF0, 0xFF, 0x00, 0xFE, 0x1F, 0xC0, 0xFF, 0x03, 0xF8, 0x7F, 0x00,
    0xFF, 0x0F, 0xE0, 0xFF, 0x01, 0xFC, 0x3F, 0x80, 0xFF, 0x0F, 0xF0, 0xFF, 0x03, 0xFF, 0xFF, 0xE0,
    0xFF, 0x3F, 0xFE, 0xFF, 0xFF, 0xFF, 0xFF, 0xFF, 0xFB, 0xFF, 0x7F, 0xBF, 0xFF, 0xEF, 0xE7, 0xFF,
    0xFC, 0xF8, 0x0F, 0x00, 0xFC, 0x00, 0x03, 0x0F, 0x15, 0x30, 0x1B, 0x78, 0xC0, 0x83, 0x1F, 0xFC,
    0xF0, 0x83, 0x1F, 0x7E, 0xF0, 0xC3, 0x0F, 0x7E, 0xF8, 0xC1, 0x0F, 0x3F, 0xF8, 0xC1, 0x03, 0x1E,
    0x00, 0x00, 0x00, 0x00, 0x00, 0x00, 0x00, 0x00, 0x00, 0x00, 0x00, 0x00, 0x00, 0x7E, 0x00, 0xFF,
    0x0F, 0xE0, 0xFF, 0x01, 0xFC, 0x3F, 0x80, 0xFF, 0x07, 0xF0, 0xFF, 0x00, 0xFE, 0x1F, 0xC0, 0xFF,
    0x03, 0xF8, 0x7F, 0x00, 0xFF, 0x0F, 0xE0, 0xFF, 0x01, 0xFC, 0x3F, 0x80, 0xFF, 0x07, 0xF0, 0xFF,
    0x00, 0xFE, 0x1F, 0xC0, 0xFF, 0x03, 0xF8, 0x7F, 0x00, 0xFF, 0x0F, 0xE0, 0xFF, 0x01, 0xFC, 0x3F,
    0x80, 0xFF, 0x07, 0xF0, 0xFF, 0x00, 0xFE, 0x1F, 0xC0, 0xFF, 0x03, 0xF8, 0xFF, 0x00, 0xFF, 0x3F,
    0xF0, 0xFF, 0x0F, 0xFE, 0xFF, 0xE3, 0xFF, 0xFF, 0xFF, 0xFF, 0xFF, 0xBF, 0xFF, 0xFF, 0xF7, 0xFB,
    0xFF, 0x7E, 0xFE, 0xCF, 0x8F, 0xFF, 0x00, 0xC0, 0x0F, 0x00, 0x0C, 0x17, 0x40, 0x19, 0xF8, 0x07,
    0x00, 0xF8, 0x03, 0x00, 0xF8, 0x01, 0x00, 0xFC, 0x01, 0x00, 0xFC, 0x00, 0x00, 0xFC, 0x00, 0x00,
    0x7E, 0x00, 0x00, 0x3E, 0x00, 0x00, 0x3F, 0x00, 0x00, 0x1F, 0x00, 0x00, 0x0F, 0x00, 0x00, 0x00,
    0x00, 0x00, 0x00, 0x00, 0x00, 0x00, 0x00, 0x00, 0x00, 0x00, 0x00, 0x00, 0x1F, 0x00, 0xBF, 0x0F,
    0x80, 0xDF, 0x07, 0xC0, 0xEF, 0x07, 0xF0, 0xF7, 0x03, 0xF8, 0xF9, 0x01, 0xFC, 0xF8, 0x01, 0x7E,
    0xFC, 0x80, 0x3F, 0x7E, 0xC0, 0x0F, 0x3F, 0xE0, 0x07, 0x3F, 0xF0, 0x83, 0x1F, 0xFC, 0xC0, 0x0F,
    0x7E, 0xC0, 0x07, 0x3F, 0xE0, 0x87, 0x1F, 0xF0, 0xE3, 0x07, 0xF8, 0xF1, 0x03, 0xF8, 0xF8, 0x01,
    0xFC, 0xFC, 0x00, 0x7E, 0x3F, 0x00, 0xBF, 0x1F, 0x00, 0xDF, 0x0F, 0x80, 0xFF, 0x07, 0xC0, 0xFF,
    0x01, 0xC0, 0xFF, 0x00, 0xE0, 0x7F, 0x00, 0xF0, 0x1F, 0x00, 0xF8, 0x0F, 0x00, 0xF8, 0x07, 0x00,
    0xFC, 0x03, 0x00, 0xFE, 0x00, 0x00, 0x7E, 0x00, 0x00, 0x3F, 0x00, 0x80, 0x1F, 0x00, 0xC0, 0x0F,
    0x00, 0xC0, 0x0F, 0x00, 0xE0, 0x07, 0x00, 0xF0, 0x03, 0x00, 0xF0, 0x03, 0x00, 0xF8, 0x01, 0x00,
    0xFC, 0x21, 0x00, 0xFC, 0x1F, 0x00, 0xFE, 0x1F, 0x00, 0xFF, 0x0F, 0x00, 0xFF, 0x07, 0x00, 0xFF,
    0x03, 0x00, 0xFF, 0x01, 0x00, 0x7F, 0x03, 0x0F, 0x16, 0x3D, 0x1B, 0x00, 0x00, 0x3F, 0x00, 0xC0,
    0x0F, 0x00, 0xF0, 0x03, 0x00, 0xFC, 0x00, 0x00, 0x3F, 0x00, 0xC0, 0x0F, 0x00, 0xF0, 0x03, 0x00,
    0xFC, 0x00, 0x00, 0x3F, 0x00, 0xC0, 0x0F, 0x00, 0xF0, 0x03, 0x00, 0xFC, 0x00, 0x00, 0x3F, 0xF0,
    0xC3, 0x0F, 0xFE, 0xF3, 0xC3, 0xFF, 0xFD, 0xF8, 0xFF, 0x3F, 0xFF, 0xFF, 0xCF, 0xFF, 0xFF, 0xF3,
    0xFF, 0xFF, 0xFE, 0xE1, 0xBF, 0x3F, 0xF0, 0xEF, 0x07, 0xF8, 0xFB, 0x01, 0xFC, 0x7F, 0x00, 0xFF,
    0x0F, 0xC0, 0xFF, 0x03, 0xF0, 0xFF, 0x00, 0xFC, 0x3F, 0x00, 0xFF, 0x0F, 0xC0, 0xFF, 0x03, 0xF0,
    0xFF, 0x00, 0xFC, 0x3F, 0x00, 0xFF, 0x0F, 0xC0, 0xFF, 0x03, 0xF0, 0xFF, 0x00, 0xFC, 0x7F, 0x00,
    0xBF, 0x1F, 0xC0, 0xEF, 0x07, 0xF0, 0xFB, 0x03, 0xFE, 0xFE, 0x80, 0x3F, 0x7F, 0xF8, 0xCF, 0xFF,
    0xFF, 0xF3, 0xFF, 0xFF, 0xF8, 0xFF, 0x3F, 0xFE, 0xFF, 0x0F, 0xFF, 0xF7, 0x83, 0xFF, 0xFC, 0x80,
    0x0F, 0x3F, 0x00, 0xC0, 0x0F, 0x00, 0xF0, 0x03, 0x00, 0xFC, 0x00, 0x00, 0x3F, 0x00, 0xC0, 0x0F,
    0x00, 0xF0, 0x03, 0x00, 0xFC, 0x00, 0x00, 0x3F, 0x00, 0xC0, 0x0F, 0x00, 0xF0, 0x03, 0x00, 0xFC,
    0x00, 0x00, 0x3F, 0x00, 0x0F, 0x17, 0x3D, 0x18, 0x78, 0xE0, 0x01, 0x7E, 0xF8, 0x01, 0x3F, 0xFC,
    0x80, 0x1F, 0x7E, 0xC0, 0x0F, 0x3F, 0xE0, 0x87, 0x1F, 0xF0, 0xC3, 0x0F, 0xF0, 0xC0, 0x03, 0x00,
    0x00, 0x00, 0x00, 0x00, 0x00, 0x00, 0x00, 0x00, 0x00, 0x00, 0x00, 0x00, 0x00, 0xF8, 0x00, 0xFC,
    0x7C, 0x00, 0x7E, 0x3E, 0x00, 0x3F, 0x1F, 0x80, 0x9F, 0x1F, 0xC0, 0xC7, 0x0F, 0xF0, 0xE3, 0x07,
    0xF8, 0xE1, 0x03, 0xFC, 0xF0, 0x03, 0x3E, 0xF8, 0x81, 0x1F, 0xFC, 0xC0, 0x0F, 0x7C, 0xE0, 0x07,
    0x7E, 0xF0, 0x01, 0x3F, 0xFC, 0x80, 0x1F, 0x7E, 0x80, 0x0F, 0x3F, 0xC0, 0x8F, 0x0F, 0xE0, 0xE7,
    0x07, 0xE0, 0xF3, 0x03, 0xF0, 0xF9, 0x01, 0xF8, 0x7D, 0x00, 0xFC, 0x3F, 0x00, 0xFC, 0x1F, 0x00,
    0xFE, 0x0F, 0x00, 0xFF, 0x03, 0x80, 0xFF, 0x01, 0x80, 0xFF, 0x00, 0xC0, 0x7F, 0x00, 0xE0, 0x1F,
    0x00, 0xE0, 0x0F, 0x00, 0xF0, 0x07, 0x00, 0xF8, 0x03, 0x00, 0xFC, 0x00, 0x00, 0x7C, 0x00, 0x00,
    0x7E, 0x00, 0x00, 0x3F, 0x00, 0x80, 0x1F, 0x00, 0x80, 0x1F, 0x00, 0xC0, 0x0F, 0x00, 0xE0, 0x0F,
    0x00, 0xE0, 0x87, 0x00, 0xF0, 0xFF, 0x00, 0xF8, 0x7F, 0x00, 0xF8, 0x3F, 0x00, 0xFC, 0x1F, 0x00,
    0xFC, 0x0F, 0x00, 0xFC, 0x07, 0x00, 0xF8, 0x01, 0x00, 0x05, 0x1D, 0x3A, 0x1E, 0x80, 0xFF, 0x3F,
    0x00, 0xF0, 0xFF, 0x07, 0x00, 0xFE, 0xFF, 0x00, 0xC0, 0xFF, 0x1F, 0x00, 0xF8, 0xFF, 0x03, 0x00,
    0xFF, 0x7F, 0x00, 0x00, 0x00, 0x00, 0x00, 0x00, 0x00, 0x00, 0x00, 0x00, 0x00, 0x00, 0x00, 0x00,
    0x00, 0x00, 0x00, 0x00, 0x00, 0x00, 0x00, 0x00, 0x00, 0x00, 0x00, 0x00, 0x00, 0xF8, 0x0F, 0x00,
    0x00, 0xFF, 0x01, 0x00, 0xE0, 0x7F, 0x00, 0x00, 0xFC, 0x0F, 0x00, 0x80, 0xFF, 0x01, 0x00, 0xF8,
    0x3F, 0x00, 0x00, 0xFF, 0x07, 0x00, 0xE0, 0xFF, 0x01, 0x00, 0xFC, 0x3F, 0x00, 0xC0, 0xFF, 0x07,
    0x00, 0xF8, 0xFF, 0x00, 0x00, 0xBF, 0x3F, 0x00, 0xE0, 0xE7, 0x07, 0x00, 0xFE, 0xFC, 0x00, 0xC0,
    0x9F, 0x1F, 0x00, 0xF8, 0xF1, 0x03, 0x00, 0x3F, 0xFE, 0x00, 0xE0, 0x87, 0x1F, 0x00, 0xFE, 0xF0,
    0x03, 0xC0, 0x1F, 0x7E, 0x00, 0xF8, 0xC1, 0x1F, 0x00, 0x3F, 0xF8, 0x03, 0xF0, 0x07, 0x7E, 0x00,
    0xFE, 0xC0, 0x0F, 0xC0, 0x0F, 0xF8, 0x03, 0xF8, 0x01, 0x7F, 0x80, 0x3F, 0xC0, 0x0F, 0xF0, 0x07,
    0xF8, 0x01, 0xFE, 0xFF, 0x3F, 0xC0, 0xFF, 0xFF, 0x0F, 0xF8, 0xFF, 0xFF, 0x81, 0xFF, 0xFF, 0x3F,
    0xF0, 0xFF, 0xFF, 0x07, 0xFE, 0xFF, 0xFF, 0xC1, 0xFF, 0xFF, 0x3F, 0xFC, 0xFF, 0xFF, 0x87, 0x3F,
    0x00, 0xFC, 0xF0, 0x07, 0x80, 0x3F, 0x7E, 0x00, 0xF0, 0xE7, 0x0F, 0x00, 0xFC, 0xFC, 0x01, 0x80,
    0x9F, 0x3F, 0x00, 0xF0, 0xF3, 0x03, 0x00, 0xFE, 0x7E, 0x00, 0xC0, 0xFF, 0x0F, 0x00, 0xF0, 0x03,
    0x02, 0x10, 0x15, 0x30, 0x1A, 0xF8, 0xFF, 0x03, 0xFF, 0x7F, 0xE0, 0xFF, 0x0F, 0xFC, 0xFF, 0x81,
    0xFF, 0x3F, 0xF0, 0xFF, 0x07, 0x00, 0x00, 0x00, 0x00, 0x00, 0x00, 0x00, 0x00, 0x00, 0x00, 0x00,
    0x00, 0x00, 0x00, 0x00, 0x00, 0xF8, 0x03, 0xE0, 0xFF, 0x03, 0xFE, 0xFF, 0xE0, 0xFF, 0x3F, 0xFE,
    0xFF, 0xCF, 0xFF, 0xFF, 0xF9, 0xFF, 0xBF, 0x7F, 0xF0, 0xF3, 0x07, 0x38, 0x7E, 0x00, 0xC2, 0x0F,
    0x00, 0xF8, 0x01, 0x00, 0x3F, 0x00, 0xE0, 0x1F, 0x00, 0xFC, 0xFF, 0x80, 0xFF, 0x7F, 0xF0, 0xFF,
    0x3F, 0xFE, 0xFF, 0xCF, 0xFF, 0xFF, 0xFB, 0xF1, 0x7F, 0x3F, 0xE0, 0xEF, 0x07, 0xF8, 0xFF, 0x00,
    0xFE, 0x1F, 0xC0, 0xFF, 0x03, 0xF8, 0x7F, 0x00, 0xFF, 0x1F, 0xE0, 0xFF, 0x07, 0xFC, 0xFF, 0xC3,
    0xFF, 0xFF, 0xFF, 0xFF, 0xFF, 0xBF, 0xFF, 0xFF, 0xF7, 0xFB, 0x7F, 0x7E, 0xFE, 0xCF, 0x8F, 0xFF,
    0x00, 0xC0, 0x07, 0x00, 0x03, 0x1E, 0x3C, 0x1E, 0xC0, 0x07, 0x7C, 0x00, 0xF0, 0x01, 0x1F, 0x00,
    0xFC, 0xE0, 0x07, 0x00, 0x7F, 0xFC, 0x01, 0x80, 0xFF, 0x3F, 0x00, 0xE0, 0xFF, 0x0F, 0x00, 0xF0,
    0xFF, 0x01, 0x00, 0xFC, 0x7F, 0x00, 0x00, 0xFE, 0x0F, 0x00, 0x00, 0xFF, 0x01, 0x00, 0x00, 0x1F,
    0x00, 0x00, 0x00, 0x00, 0x00, 0x00, 0x00, 0x00, 0x00, 0x00, 0x00, 0x00, 0x00, 0x00, 0x00, 0x00,
    0x00, 0xF0, 0x1F, 0x00, 0x00, 0xFC, 0x07, 0x00, 0x00, 0xFF, 0x03, 0x00, 0xC0, 0xFF, 0x00, 0x00,
    0xF8, 0x3F, 0x00, 0x00, 0xFE, 0x0F, 0x00, 0x80, 0xFF, 0x03, 0x00, 0xE0, 0xFF, 0x01, 0x00, 0xF8,
    0x7F, 0x00, 0x00, 0xFF, 0x1F, 0x00, 0xC0, 0xFF, 0x07, 0x00, 0xF0, 0xFB, 0x03, 0x00, 0xFC, 0xFE,
    0x00, 0x80, 0x3F, 0x3F, 0x00, 0xE0, 0xCF, 0x0F, 0x00, 0xF8, 0xF1, 0x07, 0x00, 0x7E, 0xFC, 0x01,
    0xC0, 0x1F, 0x7E, 0x00, 0xF0, 0x87, 0x1F, 0x00, 0xFC, 0xE1, 0x0F, 0x00, 0x3F, 0xF8, 0x03, 0xE0,
    0x0F, 0xFC, 0x00, 0xF8, 0x03, 0x3F, 0x00, 0xFE, 0xC0, 0x0F, 0x80, 0x1F, 0xF0, 0x07, 0xF0, 0x07,
    0xFC, 0x01, 0xFC, 0x01, 0x7E, 0x00, 0x7F, 0x80, 0x1F, 0xC0, 0xFF, 0xFF, 0x0F, 0xF0, 0xFF, 0xFF,
    0x03, 0xFE, 0xFF, 0xFF, 0x80, 0xFF, 0xFF, 0x3F, 0xE0, 0xFF, 0xFF, 0x1F, 0xF8, 0xFF, 0xFF, 0x07,
    0xFF, 0xFF, 0xFF, 0xC1, 0xFF, 0xFF, 0x7F, 0xF0, 0x07, 0x80, 0x3F, 0xFC, 0x00, 0xE0, 0x8F, 0x3F,
    0x00, 0xF0, 0xE3, 0x0F, 0x00, 0xFC, 0xF8, 0x03, 0x00, 0x7F, 0x7E, 0x00, 0xC0, 0xDF, 0x1F, 0x00,
    0xE0, 0xF7, 0x07, 0x00, 0xF8, 0xFD, 0x01, 0x00, 0x7E, 0x02, 0x0E, 0x15, 0x32, 0x1A, 0x7C, 0xC0,
    0x83, 0x0F, 0x78, 0xF0, 0xC3, 0x0F, 0xFE, 0xFF, 0x81, 0xFF, 0x1F, 0xF0, 0xFF, 0x03, 0xFC, 0x3F,
    0x00, 0xFF, 0x03, 0xC0, 0x3F, 0x00, 0xF0, 0x03, 0x00, 0x00, 0x00, 0x00, 0x00, 0x00, 0x00, 0x00,
    0x00, 0x00, 0x00, 0xF0, 0x0F, 0x80, 0xFF, 0x0F, 0xF8, 0xFF, 0x83, 0xFF, 0xFF, 0xF8, 0xFF, 0x3F,
    0xFF, 0xFF, 0xE7, 0xFF, 0xFF, 0xFE, 0xC1, 0xCF, 0x1F, 0xE0, 0xF8, 0x01, 0x0C, 0x3F, 0x00, 0xE0,
    0x07, 0x00, 0xFC, 0x00, 0x80, 0x7F, 0x00, 0xF0, 0xFF, 0x03, 0xFE, 0xFF, 0xC1, 0xFF, 0xFF, 0xF8,
    0xFF, 0x3F, 0xFF, 0xFF, 0xEF, 0xC7, 0xFF, 0xFD, 0x80, 0xBF, 0x1F, 0xE0, 0xFF, 0x03, 0xF8, 0x7F,
    0x00, 0xFF, 0x0F, 0xE0, 0xFF, 0x01, 0xFC, 0x7F, 0x80, 0xFF, 0x1F, 0xF0, 0xFF, 0x0F, 0xFF, 0xFF,
    0xFF, 0xFF, 0xFF, 0xFF, 0xFE, 0xFF, 0xDF, 0xEF, 0xFF, 0xF9, 0xF9, 0x3F, 0x3F, 0xFE, 0x03, 0x00,
    0x1F, 0x00, 0x00, 0x12, 0x1E, 0x3A, 0x1E, 0x00, 0xF8, 0x0F, 0x00, 0x00, 0xFE, 0x03, 0x00, 0x80,
    0xFF, 0x00, 0x00, 0xF0, 0x3F, 0x00, 0x00, 0xFC, 0x1F, 0x00, 0x00, 0xFF, 0x07, 0x00, 0xC0, 0xFF,
    0x01, 0x00, 0xF8, 0x7F, 0x00, 0x00, 0xFE, 0x1F, 0x00, 0x80, 0xFF, 0x0F, 0x00, 0xE0, 0xF7, 0x03,
    0x00, 0xFC, 0xFD, 0x00, 0x00, 0x7F, 0x3F, 0x00, 0xC0, 0xCF, 0x1F, 0x00, 0xF0, 0xE3, 0x07, 0x00,
    0xFE, 0xF8, 0x01, 0x80, 0x3F, 0x7E, 0x00, 0xE0, 0x8F, 0x3F, 0x00, 0xF8, 0xE1, 0x0F, 0x00, 0x7F,
    0xF0, 0x03, 0xC0, 0x1F, 0xFC, 0x00, 0xF0, 0x07, 0x3F, 0x00, 0xFC, 0xC0, 0x1F, 0x80, 0x3F, 0xE0,
    0x07, 0xE0, 0x0F, 0xF8, 0x01, 0xF8, 0x03, 0x7E, 0x00, 0xFE, 0x80, 0x3F, 0x80, 0x1F, 0xE0, 0x0F,
    0xF0, 0xFF, 0xFF, 0x03, 0xFC, 0xFF, 0xFF, 0x00, 0xFF, 0xFF, 0x7F, 0xC0, 0xFF, 0xFF, 0x1F, 0xF8,
    0xFF, 0xFF, 0x07, 0xFE, 0xFF, 0xFF, 0x81, 0xFF, 0xFF, 0x7F, 0xE0, 0xFF, 0xFF, 0x3F, 0xFC, 0x01,
    0xC0, 0x0F, 0x7F, 0x00, 0xF0, 0xC3, 0x1F, 0x00, 0xFC, 0xF0, 0x03, 0x00, 0x7F, 0xFE, 0x00, 0xC0,
    0x9F, 0x3F, 0x00, 0xE0, 0xE7, 0x0F, 0x00, 0xF8, 0xF9, 0x01, 0x00, 0xFE, 0x7F, 0x00, 0x80, 0xBF,
    0x3F, 0x00, 0x00, 0x80, 0x1F, 0x00, 0x00, 0x80, 0x0F, 0x00, 0x00, 0xC0, 0x03, 0x00, 0x00, 0xF0,
    0x01, 0x00, 0x00, 0x7C, 0x00, 0x00, 0x10, 0x1F, 0x00, 0x00, 0xFC, 0x07, 0x00, 0x80, 0xFF, 0x01,
    0x00, 0xE0, 0x7F, 0x00, 0x00, 0xFC, 0x0F, 0x00, 0x00, 0xFE, 0x03, 0x00, 0x00, 0x3E, 0x00, 0x00,
    0x00, 0x02, 0x1C, 0x15, 0x30, 0x1A, 0x80, 0x3F, 0x00, 0xFE, 0x3F, 0xE0, 0xFF, 0x0F, 0xFE, 0xFF,
    0xE3, 0xFF, 0xFF, 0xFC, 0xFF, 0x9F, 0xFF, 0xFF, 0xFB, 0x07, 0x3F, 0x7F, 0x80, 0xE3, 0x07, 0x20,
    0xFC, 0x00, 0x80, 0x1F, 0x00, 0xF0, 0x03, 0x00, 0xFE, 0x01, 0xC0, 0xFF, 0x0F, 0xF8, 0xFF, 0x07,
    0xFF, 0xFF, 0xE3, 0xFF, 0xFF, 0xFC, 0xFF, 0xBF, 0x1F, 0xFF, 0xF7, 0x03, 0xFE, 0x7E, 0x80, 0xFF,
    0x0F, 0xE0, 0xFF, 0x01, 0xFC, 0x3F, 0x80, 0xFF, 0x07, 0xF0, 0xFF, 0x01, 0xFE, 0x7F, 0xC0, 0xFF,
    0x3F, 0xFC, 0xFF, 0xFF, 0xFF, 0xFF, 0xFF, 0xFB, 0xFF, 0x7F, 0xBF, 0xFF, 0xE7, 0xE7, 0xFF, 0xFC,
    0xF9, 0x0F, 0x7F, 0x7C, 0x80, 0x1F, 0x00, 0xC0, 0x07, 0x00, 0xF0, 0x00, 0x00, 0x3E, 0x00, 0xC0,
    0x07, 0x80, 0xF8, 0x00, 0xF0, 0x1F, 0x00, 0xFF, 0x03, 0xE0, 0x7F, 0x00, 0xFE, 0x07, 0x80, 0xFF,
    0x00, 0xC0, 0x07, 0x00, 0x02, 0x01, 0x1A, 0x3F, 0x1D, 0xE0, 0x0F, 0x00, 0x00, 0x7F, 0x00, 0x00,
    0xFC, 0x01, 0x00, 0xE0, 0x07, 0x00, 0x00, 0x3F, 0x00, 0x00, 0xFC, 0x00, 0x00, 0xE0, 0x07, 0x00,
    0x80, 0x1F, 0x00, 0x00, 0x7C, 0x00, 0x00, 0xE0, 0x03, 0x00, 0x80, 0x0F, 0x00, 0x00, 0x00, 0x00,
    0x00, 0x00, 0x00, 0x00, 0x00, 0x00, 0x00, 0x00, 0x00, 0x00, 0x00, 0x00, 0x00, 0x00, 0xFF, 0x00,
    0x00, 0xFF, 0x0F, 0x00, 0xFF, 0xFF, 0x00, 0xFE, 0xFF, 0x07, 0xFC, 0xFF, 0x3F, 0xF0, 0xFF, 0xFF,
    0xE0, 0xFF, 0xFF, 0x87, 0xFF, 0xFF, 0x1F, 0xFE, 0x81, 0xFF, 0xF0, 0x03, 0xFC, 0xC3, 0x07, 0xE0,
    0x0F, 0x0E, 0x00, 0x7F, 0x30, 0x00, 0xFC, 0x01, 0x00, 0xE0, 0x07, 0x00, 0x80, 0x1F, 0x00, 0x00,
    0xFE, 0x00, 0x00, 0xF0, 0x03, 0x00, 0xC0, 0x0F, 0x00, 0x00, 0x3F, 0x00, 0x00, 0xFC, 0x00, 0x00,
    0xF0, 0x03, 0x00, 0xC0, 0x0F, 0x00, 0x00, 0x3F, 0x00, 0x00, 0xFC, 0x00, 0x00, 0xF0, 0x03, 0x00,
    0xC0, 0x0F, 0x00, 0x00, 0x3F, 0x00, 0x00, 0xFC, 0x00, 0x00, 0xF0, 0x03, 0x00, 0xC0, 0x0F, 0x00,
    0x00, 0x3F, 0x00, 0x00, 0xFE, 0x00, 0x00, 0xF8, 0x01, 0x00, 0xE0, 0x07, 0x01, 0xC0, 0x1F, 0x0E,
    0x00, 0x7F, 0x7C, 0x00, 0xFE, 0xF8, 0x03, 0xF8, 0xF3, 0x1F, 0xF8, 0xCF, 0xFF, 0xFF, 0x1F, 0xFE,
    0xFF, 0x7F, 0xF8, 0xFF, 0xFF, 0xC0, 0xFF, 0xFF, 0x03, 0xFE, 0xFF, 0x07, 0xF0, 0xFF, 0x0F, 0x00,
    0xFF, 0x0F, 0x00, 0xF0, 0x0F, 0x00, 0x02, 0x0C, 0x15, 0x34, 0x18, 0xFC, 0x01, 0x00, 0x7F, 0x00,
    0xC0, 0x0F, 0x00, 0xF8, 0x03, 0x00, 0x7E, 0x00, 0xC0, 0x0F, 0x00, 0xF0, 0x03, 0x00, 0x7C, 0x00,
    0x80, 0x1F, 0x00, 0xE0, 0x03, 0x00, 0x78, 0x00, 0x00, 0x00, 0x00, 0x00, 0x00, 0x00, 0x00, 0x00,
    0x00, 0x00, 0x00, 0x00, 0x00, 0xC0, 0x1F, 0x00, 0xFE, 0x0F, 0xE0, 0xFF, 0x03, 0xFE, 0xFF, 0xE0,
    0xFF, 0x3F, 0xFC, 0xFF, 0x8F, 0xFF, 0xFF, 0xE1, 0x83, 0x3F, 0x38, 0xE0, 0x0F, 0x02, 0xF8, 0x01,
    0x00, 0x3F, 0x00, 0xE0, 0x0F, 0x00, 0xF8, 0x01, 0x00, 0x3F, 0x00, 0xE0, 0x07, 0x00, 0xFC, 0x00,
    0x80, 0x1F, 0x00, 0xF0, 0x03, 0x00, 0x7E, 0x00, 0xC0, 0x0F, 0x00, 0xF8, 0x01, 0x00, 0x3F, 0x00,
    0xE0, 0x07, 0x00, 0xFC, 0x00, 0xC0, 0x1F, 0x00, 0xF8, 0x41, 0x00, 0x3F, 0x1C, 0xF0, 0xC7, 0x07,
    0xFF, 0xFC, 0xFF, 0xCF, 0xFF, 0xFF, 0xF1, 0xFF, 0x1F, 0xFC, 0xFF, 0x81, 0xFF, 0x1F, 0xC0, 0xFF,
    0x01, 0xE0, 0x0F, 0x00, 0x02, 0x01, 0x1A, 0x3F, 0x1D, 0x00, 0x7E, 0x00, 0x00, 0xF8, 0x01, 0x00,
    0xF0, 0x0F, 0x00, 0xC0, 0x3F, 0x00, 0x80, 0xFF, 0x01, 0x00, 0xFE, 0x07, 0x00, 0xFC, 0x3F, 0x00,
    0xF0, 0xF9, 0x00, 0xE0, 0xE7, 0x03, 0x80, 0x0F, 0x1F, 0x00, 0x1E, 0x7C, 0x00, 0x7C, 0xE0, 0x03,
    0x00, 0x00, 0x00, 0x00, 0x00, 0x00, 0x00, 0x00, 0x00, 0x00, 0x00, 0x00, 0x00, 0x00, 0xFF, 0x00,
    0x00, 0xFF, 0x0F, 0x00, 0xFF, 0xFF, 0x00, 0xFE, 0xFF, 0x07, 0xFC, 0xFF, 0x3F, 0xF0, 0xFF, 0xFF,
    0xE0, 0xFF, 0xFF, 0x87, 0xFF, 0xFF, 0x1F, 0xFE, 0x81, 0xFF, 0xF0, 0x03, 0xFC, 0xC3, 0x07, 0xE0,
    0x0F, 0x0E, 0x00, 0x7F, 0x30, 0x00, 0xFC, 0x01, 0x00, 0xE0, 0x07, 0x00, 0x80, 0x1F, 0x00, 0x00,
    0xFE, 0x00, 0x00, 0xF0, 0x03, 0x00, 0xC0, 0x0F, 0x00, 0x00, 0x3F, 0x00, 0x00, 0xFC, 0x00, 0x00,
    0xF0, 0x03, 0x00, 0xC0, 0x0F, 0x00, 0x00, 0x3F, 0x00, 0x00, 0xFC, 0x00, 0x00, 0xF0, 0x03, 0x00,
    0xC0, 0x0F, 0x00, 0x00, 0x3F, 0x00, 0x00, 0xFC, 0x00, 0x00, 0xF0, 0x03, 0x00, 0xC0, 0x0F, 0x00,
    0x00, 0x3F, 0x00, 0x00, 0xFE, 0x00, 0x00, 0xF8, 0x01, 0x00, 0xE0, 0x07, 0x01, 0xC0, 0x1F, 0x0E,
    0x00, 0x7F, 0x7C, 0x00, 0xFE, 0xF8, 0x03, 0xF8, 0xF3, 0x1F, 0xF8, 0xCF, 0xFF, 0xFF, 0x1F, 0xFE,
    0xFF, 0x7F, 0xF8, 0xFF, 0xFF, 0xC0, 0xFF, 0xFF, 0x03, 0xFE, 0xFF, 0x07, 0xF0, 0xFF, 0x0F, 0x00,
    0xFF, 0x0F, 0x00, 0xF0, 0x0F, 0x00, 0x02, 0x0C, 0x15, 0x34, 0x18, 0x80, 0x1F, 0x00, 0xF8, 0x03,
    0x00, 0xFF, 0x00, 0xE0, 0x1F, 0x00, 0xFE, 0x07, 0xC0, 0xFF, 0x00, 0xFC, 0x3F, 0x80, 0xCF, 0x07,
    0xF8, 0xF8, 0x01, 0x1F, 0x3E, 0xF0, 0x81, 0x0F, 0x3E, 0xF0, 0x01, 0x00, 0x00, 0x00, 0x00, 0x00,
    0x00, 0x00, 0x00, 0x00, 0x00, 0xC0, 0x1F, 0x00, 0xFE, 0x0F, 0xE0, 0xFF, 0x03, 0xFE, 0xFF, 0xE0,
    0xFF, 0x3F, 0xFC, 0xFF, 0x8F, 0xFF, 0xFF, 0xE1, 0x83, 0x3F, 0x38, 0xE0, 0x0F, 0x02, 0xF8, 0x01,
    0x00, 0x3F, 0x00, 0xE0, 0x0F, 0x00, 0xF8, 0x01, 0x00, 0x3F, 0x00, 0xE0, 0x07, 0x00, 0xFC, 0x00,
    0x80, 0x1F, 0x00, 0xF0, 0x03, 0x00, 0x7E, 0x00, 0xC0, 0x0F, 0x00, 0xF8, 0x01, 0x00, 0x3F, 0x00,
    0xE0, 0x07, 0x00, 0xFC, 0x00, 0xC0, 0x1F, 0x00, 0xF8, 0x41, 0x00, 0x3F, 0x1C, 0xF0, 0xC7, 0x07,
    0xFF, 0xFC, 0xFF, 0xCF, 0xFF, 0xFF, 0xF1, 0xFF, 0x1F, 0xFC, 0xFF, 0x81, 0xFF, 0x1F, 0xC0, 0xFF,
    0x01, 0xE0, 0x0F, 0x00, 0x02, 0x05, 0x1A, 0x3B, 0x1D, 0x00, 0x78, 0x00, 0x00, 0xF0, 0x03, 0x00,
    0xC0, 0x0F, 0x00, 0x00, 0x3F, 0x00, 0x00, 0xFC, 0x00, 0x00, 0xF0, 0x03, 0x00, 0xC0, 0x0F, 0x00,
    0x00, 0x1E, 0x00, 0x00, 0x00, 0x00, 0x00, 0x00, 0x00, 0x00, 0x00, 0x00, 0x00, 0x00, 0x00, 0x00,
    0x00, 0xFF, 0x00, 0x00, 0xFF, 0x0F, 0x00, 0xFF, 0xFF, 0x00, 0xFE, 0xFF, 0x07, 0xFC, 0xFF, 0x3F,
    0xF0, 0xFF, 0xFF, 0xE0, 0xFF, 0xFF, 0x87, 0xFF, 0xFF, 0x1F, 0xFE, 0x83, 0xFF, 0xF0, 0x03, 0xFC,
    0x83, 0x07, 0xE0, 0x1F, 0x0E, 0x00, 0x7F, 0x30, 0x00, 0xFC, 0x01, 0x00, 0xE0, 0x07, 0x00, 0x80,
    0x1F, 0x00, 0x00, 0xFE, 0x00, 0x00, 0xF0, 0x03, 0x00, 0xC0, 0x0F, 0x00, 0x00, 0x3F, 0x00, 0x00,
    0xFC, 0x00, 0x00, 0xF0, 0x03, 0x00, 0xC0, 0x0F, 0x00, 0x00, 0x3F, 0x00, 0x00, 0xFC, 0x00, 0x00,
    0xF0, 0x03, 0x00, 0xC0, 0x0F, 0x00, 0x00, 0x3F, 0x00, 0x00, 0xFC, 0x00, 0x00, 0xF0, 0x03, 0x00,
    0xC0, 0x0F, 0x00, 0x00, 0x3F, 0x00, 0x00, 0xFE, 0x00, 0x00, 0xF8, 0x01, 0x00, 0xE0, 0x07, 0x03,
    0x80, 0x1F, 0x0E, 0x00, 0x7F, 0x7C, 0x00, 0xFE, 0xF8, 0x03, 0xF8, 0xF3, 0x1F, 0xF8, 0xCF, 0xFF,
    0xFF, 0x1F, 0xFE, 0xFF, 0x7F, 0xF8, 0xFF, 0xFF, 0xC0, 0xFF, 0xFF, 0x03, 0xFE, 0xFF, 0x07, 0xF0,
    0xFF, 0x0F, 0x00, 0xFF, 0x0F, 0x00, 0xF0, 0x0F, 0x00, 0x02, 0x0F, 0x15, 0x30, 0x18, 0x00, 0x0F,
    0x00, 0xF0, 0x03, 0x00, 0x7E, 0x00, 0xC0, 0x0F, 0x00, 0xF8, 0x01, 0x00, 0x3F, 0x00, 0xE0, 0x07,
    0x00, 0x78, 0x00, 0x00, 0x00, 0x00, 0x00, 0x00, 0x00, 0x00, 0x00, 0x00, 0x00, 0x00, 0xFC, 0x01,
    0xE0, 0xFF, 0x00, 0xFF, 0x3F, 0xF0, 0xFF, 0x0F, 0xFE, 0xFF, 0xE3, 0xFF, 0xFF, 0xF8, 0xFF, 0x1F,
    0x3E, 0xF8, 0x83, 0x03, 0xFE, 0x20, 0x80, 0x1F, 0x00, 0xF0, 0x03, 0x00, 0xFE, 0x00, 0x80, 0x1F,
    0x00, 0xF0, 0x03, 0x00, 0x7E, 0x00, 0xC0, 0x0F, 0x00, 0xF8, 0x01, 0x00, 0x3F, 0x00, 0xE0, 0x07,
    0x00, 0xFC, 0x00, 0x80, 0x1F, 0x00, 0xF0, 0x03, 0x00, 0x7E, 0x00, 0xC0, 0x0F, 0x00, 0xFC, 0x01,
    0x80, 0x1F, 0x04, 0xF0, 0xC3, 0x00, 0x7F, 0x7C, 0xF8, 0xCF, 0xFF, 0xFF, 0xFC, 0xFF, 0x1F, 0xFF,
    0xFF, 0xE1, 0xFF, 0x1F, 0xF8, 0xFF, 0x01, 0xFC, 0x1F, 0x00, 0xFE, 0x00, 0x02, 0x01, 0x1A, 0x3F,
    0x1D, 0xF0, 0x01, 0x0F, 0x80, 0x0F, 0x3E, 0x00, 0x7E, 0x7C, 0x00, 0xF0, 0xF1, 0x01, 0xC0, 0xEF,
    0x07, 0x00, 0xBE, 0x0F, 0x00, 0xF8, 0x3F, 0x00, 0xC0, 0x7F, 0x00, 0x00, 0xFF, 0x01, 0x00, 0xFC,
    0x03, 0x00, 0xE0, 0x0F, 0x00, 0x80, 0x1F, 0x00, 0x00, 0x00, 0x00, 0x00, 0x00, 0x00, 0x00, 0x00,
    0x00, 0x00, 0x00, 0x00, 0x00, 0x00, 0xFF, 0x00, 0x00, 0xFF, 0x0F, 0x00, 0xFF, 0xFF, 0x00, 0xFE,
    0xFF, 0x07, 0xFC, 0xFF, 0x3F, 0xF0, 0xFF, 0xFF, 0xE0, 0xFF, 0xFF, 0x87, 0xFF, 0xFF, 0x1F, 0xFE,
    0x81, 0xFF, 0xF0, 0x03, 0xFC, 0xC3, 0x07, 0xE0, 0x0F, 0x0E, 0x00, 0x7F, 0x30, 0x00, 0xFC, 0x01,
    0x00, 0xE0, 0x07, 0x00, 0x80, 0x1F, 0x00, 0x00, 0xFE, 0x00, 0x00, 0xF0, 0x03, 0x00, 0xC0, 0x0F,
    0x00, 0x00, 0x3F, 0x00, 0x00, 0xFC, 0x00, 0x00, 0xF0, 0x03, 0x00, 0xC0, 0x0F, 0x00, 0x00, 0x3F,
    0x00, 0x00, 0xFC, 0x00, 0x00, 0xF0, 0x03, 0x00, 0xC0, 0x0F, 0x00, 0x00, 0x3F, 0x00, 0x00, 0xFC,
    0x00, 0x00, 0xF0, 0x03, 0x00, 0xC0, 0x0F, 0x00, 0x00, 0x3F, 0x00, 0x00, 0xFE, 0x00, 0x00, 0xF8,
    0x01, 0x00, 0xE0, 0x07, 0x01, 0xC0, 0x1F, 0x0E, 0x00, 0x7F, 0x7C, 0x00, 0xFE, 0xF8, 0x03, 0xF8,
    0xF3, 0x1F, 0xF8, 0xCF, 0xFF, 0xFF, 0x1F, 0xFE, 0xFF, 0x7F, 0xF8, 0xFF, 0xFF, 0xC0, 0xFF, 0xFF,
    0x03, 0xFE, 0xFF, 0x07, 0xF0, 0xFF, 0x0F, 0x00, 0xFF, 0x0F, 0x00, 0xF0, 0x0F, 0x00, 0x02, 0x0C,
    0x15, 0x34, 0x18, 0x78, 0xE0, 0x03, 0x1F, 0x7C, 0xE0, 0xC7, 0x07, 0xF8, 0xF8, 0x00, 0xBF, 0x1F,
    0xC0, 0xFF, 0x01, 0xF8, 0x3F, 0x00, 0xFE, 0x03, 0xC0, 0x7F, 0x00, 0xF0, 0x07, 0x00, 0xFE, 0x00,
    0x80, 0x0F, 0x00, 0x00, 0x00, 0x00, 0x00, 0x00, 0x00, 0x00, 0x00, 0x00, 0x00, 0xC0, 0x1F, 0x00,
    0xFE, 0x0F, 0xE0, 0xFF, 0x03, 0xFE, 0xFF, 0xE0, 0xFF, 0x3F, 0xFC, 0xFF, 0x8F, 0xFF, 0xFF, 0xE1,
    0x83, 0x3F, 0x38, 0xE0, 0x0F, 0x02, 0xF8, 0x01, 0x00, 0x3F, 0x00, 0xE0, 0x0F, 0x00, 0xF8, 0x01,
    0x00, 0x3F, 0x00, 0xE0, 0x07, 0x00, 0xFC, 0x00, 0x80, 0x1F, 0x00, 0xF0, 0x03, 0x00, 0x7E, 0x00,
    0xC0, 0x0F, 0x00, 0xF8, 0x01, 0x00, 0x3F, 0x00, 0xE0, 0x07, 0x00, 0xFC, 0x00, 0xC0, 0x1F, 0x00,
    0xF8, 0x41, 0x00, 0x3F, 0x1C, 0xF0, 0xC7, 0x07, 0xFF, 0xFC, 0xFF, 0xCF, 0xFF, 0xFF, 0xF1, 0xFF,
    0x1F, 0xFC, 0xFF, 0x81, 0xFF, 0x1F, 0xC0, 0xFF, 0x01, 0xE0, 0x0F, 0x00, 0x03, 0x01, 0x19, 0x3E,
    0x1E, 0xC0, 0x07, 0x7C, 0x80, 0x1F, 0x7C, 0x00, 0x3E, 0xF8, 0x00, 0xFC, 0xF8, 0x00, 0xF0, 0xFB,
    0x01, 0xE0, 0xFF, 0x01, 0x80, 0xFF, 0x03, 0x00, 0xFE, 0x07, 0x00, 0xFC, 0x07, 0x00, 0xF0, 0x0F,
    0x00, 0xE0, 0x0F, 0x00, 0x80, 0x1F, 0x00, 0x00, 0x00, 0x00, 0x00, 0x00, 0x00, 0x00, 0x00, 0x00,
    0x00, 0x00, 0x00, 0x00, 0x00, 0x00, 0x00, 0xF0, 0xFF, 0x03, 0xFC, 0xFF, 0x07, 0xFE, 0xFF, 0x0F,
    0xFE, 0xFF, 0x1F, 0xFE, 0xFF, 0x3F, 0xFE, 0xFF, 0x7F, 0xFC, 0xFF, 0xFF, 0xFC, 0xFF, 0xFF, 0xF9,
    0x1F, 0xF0, 0xF3, 0x0F, 0xE0, 0xF7, 0x0F, 0xC0, 0xEF, 0x0F, 0x80, 0xDF, 0x0F, 0x00, 0xBF, 0x1F,
    0x00, 0x7E, 0x3F, 0x00, 0xFC, 0x3F, 0x00, 0xF8, 0x7F, 0x00, 0xF0, 0xFF, 0x00, 0xE0, 0xFF, 0x01,
    0xC0, 0xFF, 0x03, 0x80, 0xFF, 0x07, 0x00, 0xFF, 0x0F, 0x00, 0xFE, 0x1F, 0x00, 0xFC, 0x3F, 0x00,
    0xF8, 0x7F, 0x00, 0xF0, 0xFF, 0x00, 0xE0, 0xFF, 0x01, 0xC0, 0xFF, 0x03, 0x80, 0xFF, 0x07, 0x00,
    0xFF, 0x0F, 0x00, 0xFE, 0x3F, 0x00, 0xFC, 0x7E, 0x00, 0xF8, 0xFD, 0x00, 0xF0, 0xFB, 0x03, 0xE0,
    0xF7, 0x07, 0xC0, 0xCF, 0x1F, 0x80, 0x9F, 0xFF, 0x01, 0x3F, 0xFF, 0xFF, 0x7F, 0xFC, 0xFF, 0xFF,
    0xF8, 0xFF, 0xFF, 0xE1, 0xFF, 0xFF, 0x83, 0xFF, 0xFF, 0x07, 0xFE, 0xFF, 0x0F, 0xF0, 0xFF, 0x1F,
    0x00, 0xFF, 0x3F, 0x02, 0x0F, 0x1F, 0x31, 0x1E, 0x3F, 0x7E, 0x00, 0x80, 0x1F, 0x3F, 0x00, 0x80,
    0x8F, 0x1F, 0x00, 0xC0, 0xC7, 0x0F, 0x00, 0xE0, 0xE3, 0x07, 0x00, 0xE0, 0xF3, 0x03, 0x00, 0xF0,
    0xF9, 0x01, 0x00, 0xF8, 0xFC, 0x00, 0x00, 0x78, 0x7E, 0x00, 0x00, 0x3C, 0x3F, 0x00, 0x00, 0x9E,
    0x1F, 0x00, 0x00, 0xC0, 0x0F, 0x00, 0x00, 0xE0, 0x07, 0x00, 0x00, 0xF0, 0xC3, 0x07, 0x00, 0xF8,
    0xF9, 0x0F, 0x00, 0xFC, 0xFE, 0x0F, 0x00, 0xFE, 0xFF, 0x0F, 0x00, 0xFF, 0xFF, 0x07, 0x80, 0xFF,
    0xFF, 0x07, 0xC0, 0xFF, 0xFF, 0x03, 0xE0, 0x3F, 0xFC, 0x03, 0xF0, 0x07, 0xFC, 0x01, 0xF8, 0x03,
    0xFE, 0x00, 0xFC, 0x00, 0x7E, 0x00, 0x7E, 0x00, 0x7F, 0x00, 0x3F, 0x80, 0x3F, 0x80, 0x1F, 0x80,
    0x1F, 0xC0, 0x0F, 0xC0, 0x0F, 0xE0, 0x07, 0xE0, 0x07, 0xF0, 0x03, 0xF0, 0x03, 0xF8, 0x01, 0xF8,
    0x01, 0xFC, 0x00, 0xFC, 0x00, 0x7E, 0x00, 0x7E, 0x00, 0x3F, 0x00, 0x3F, 0x80, 0x1F, 0x80, 0x1F,
    0xC0, 0x0F, 0xC0, 0x0F, 0xE0, 0x07, 0xE0, 0x07, 0xF0, 0x03, 0xF8, 0x03, 0xF8, 0x01, 0xFC, 0x00,
    0xFC, 0x01, 0x7E, 0x00, 0xFE, 0x81, 0x3F, 0x00, 0xFF, 0xE1, 0x1F, 0x80, 0xFF, 0xFF, 0x07, 0xC0,
    0xFF, 0xFF, 0x03, 0xE0, 0xFF, 0xFF, 0x01, 0xF0, 0xFD, 0x7F, 0x00, 0xF8, 0xFC, 0x1F, 0x00, 0x7C,
    0xFC, 0x07, 0x00, 0x00, 0xF8, 0x01, 0x01, 0x12, 0x1D, 0x2D, 0x20, 0x00, 0xF8, 0xFF, 0x01, 0xE0,
    0xFF, 0x3F, 0x00, 0xFF, 0xFF, 0x07, 0xF0, 0xFF, 0xFF, 0x00, 0xFF, 0xFF, 0x1F, 0xF0, 0xFF, 0xFF,
    0x03, 0xFE, 0xFF, 0x7F, 0xE0, 0xFF, 0xFF, 0x0F, 0xFC, 0x0F, 0xF8, 0x81, 0x7F, 0x00, 0x3F, 0xF8,
    0x03, 0xE0, 0x07, 0x7F, 0x00, 0xFC, 0xE0, 0x07, 0x80, 0x1F, 0xFC, 0x00, 0xF0, 0x83, 0x1F, 0x00,
    0x7E, 0xF8, 0x01, 0xC0, 0x0F, 0x3F, 0x00, 0xF8, 0xE1, 0x07, 0x00, 0x3F, 0xFC, 0x00, 0xE0, 0x87,
    0x1F, 0xF8, 0xFF, 0xFF, 0x03, 0xFF, 0xFF, 0x7F, 0xE0, 0xFF, 0xFF, 0x0F, 0xFC, 0xFF, 0xFF, 0x81,
    0xFF, 0xFF, 0x3F, 0xF0, 0xFF, 0xFF, 0x07, 0xFE, 0xFF, 0xFF, 0x00, 0xE0, 0x87, 0x1F, 0x00, 0xFC,
    0xF0, 0x03, 0x80, 0x1F, 0x7E, 0x00, 0xF0, 0x83, 0x1F, 0x00, 0x7E, 0xF0, 0x03, 0xC0, 0x0F, 0x7E,
    0x00, 0xF8, 0xC1, 0x1F, 0x00, 0x3F, 0xF8, 0x03, 0xE0, 0x07, 0xFE, 0x00, 0xFC, 0xC0, 0xFF, 0x80,
    0x1F, 0xF8, 0xFF, 0xFF, 0x03, 0xFE, 0xFF, 0x7F, 0xC0, 0xFF, 0xFF, 0x0F, 0xF0, 0xFF, 0xFF, 0x01,
    0xFC, 0xFF, 0x3F, 0x00, 0xFF, 0xFF, 0x07, 0x80, 0xFF, 0xFF, 0x00, 0x80, 0xFF, 0x1F, 0x00, 0x02,
    0x0F, 0x19, 0x31, 0x1B, 0xF8, 0x01, 0x00, 0xF0, 0x03, 0x00, 0xE0, 0x07, 0x00, 0xF8, 0xFF, 0x03,
    0xF0, 0xFF, 0x07, 0xE0, 0xFF, 0x0F, 0xC0, 0xFF, 0x1F, 0x80, 0xFF, 0x3F, 0x00, 0xFF, 0x7F, 0x00,
    0xF0, 0x03, 0x00, 0xE0, 0x07, 0x00, 0xC0, 0x0F, 0x00, 0x80, 0x1F, 0x00, 0x00, 0x3F, 0x7C, 0x00,
    0x7E, 0xFE, 0x03, 0xFC, 0xFE, 0x0F, 0xF8, 0xFF, 0x3F, 0xF0, 0xFF, 0x7F, 0xE0, 0xFF, 0xFF, 0xC1,
    0xFF, 0xFF, 0x83, 0xFF, 0xF0, 0x0F, 0x7F, 0xC0, 0x1F, 0xFE, 0x80, 0x3F, 0xFC, 0x00, 0x7E, 0xF8,
    0x01, 0xFC, 0xF1, 0x03, 0xF8, 0xE3, 0x07, 0xE0, 0xC7, 0x0F, 0xC0, 0x8F, 0x1F, 0x80, 0x1F, 0x3F,
    0x00, 0x3F, 0x7E, 0x00, 0x7E, 0xFC, 0x00, 0xFC, 0xF8, 0x01, 0xF8, 0xF1, 0x03, 0xF0, 0xE3, 0x07,
    0xE0, 0xC7, 0x0F, 0xC0, 0x8F, 0x1F, 0x80, 0x1F, 0x3F, 0x80, 0x3F, 0x7E, 0x00, 0x3F, 0xFC, 0x01,
    0x7E, 0xF8, 0x07, 0xFE, 0xF0, 0x1F, 0xFE, 0xE1, 0xFF, 0xFF, 0xC1, 0xFF, 0xFF, 0x83, 0xFF, 0xFF,
    0x07, 0xDF, 0xFF, 0x07, 0x3E, 0xFF, 0x07, 0x7C, 0xFC, 0x07, 0x00, 0xE0, 0x07, 0x00, 0x03, 0x05,
    0x15, 0x3A, 0x1A, 0xF0, 0xFF, 0x07, 0xFE, 0xFF, 0xC0, 0xFF, 0x1F, 0xF8, 0xFF, 0x03, 0xFF, 0x7F,
    0xE0, 0xFF, 0x0F, 0x00, 0x00, 0x00, 0x00, 0x00, 0x00, 0x00, 0x00, 0x00, 0x00, 0x00, 0x00, 0x00,
    0x00, 0x00, 0x00, 0x00, 0x00, 0xFE, 0xFF, 0xFF, 0xFF, 0xFF, 0xFF, 0xFF, 0xFF, 0xFF, 0xFF, 0xFF,
    0xFF, 0xFF, 0xFF, 0xFF, 0xFF, 0xFF, 0xFF, 0xFF, 0xFF, 0xFF, 0x01, 0x00, 0x3F, 0x00, 0xE0, 0x07,
    0x00, 0xFC, 0x00, 0x80, 0x1F, 0x00, 0xF0, 0x03, 0x00, 0x7E, 0x00, 0xC0, 0x0F, 0x00, 0xF8, 0x01,
    0x00, 0x3F, 0x00, 0xE0, 0xE7, 0xFF, 0xFF, 0xFC, 0xFF, 0x9F, 0xFF, 0xFF, 0xF3, 0xFF, 0x7F, 0xFE,
    0xFF, 0xCF, 0xFF, 0xFF, 0xF9, 0xFF, 0x3F, 0xFF, 0xFF, 0x07, 0x00, 0xFC, 0x00, 0x80, 0x1F, 0x00,
    0xF0, 0x03, 0x00, 0x7E, 0x00, 0xC0, 0x0F, 0x00, 0xF8, 0x01, 0x00, 0x3F, 0x00, 0xE0, 0x07, 0x00,
    0xFC, 0x00, 0x80, 0x1F, 0x00, 0xF0, 0xFF, 0xFF, 0xFF, 0xFF, 0xFF, 0xFF, 0xFF, 0xFF, 0xFF, 0xFF,
    0xFF, 0xFF, 0xFF, 0xFF, 0xFF, 0xFF, 0xFF, 0xFF, 0xFF, 0xFF, 0xFF, 0x03, 0x02, 0x10, 0x16, 0x30,
    0x1A, 0xF8, 0xFF, 0x03, 0xFE, 0xFF, 0x80, 0xFF, 0x3F, 0xE0, 0xFF, 0x0F, 0xF8, 0xFF, 0x03, 0xFE,
    0xFF, 0x00, 0x00, 0x00, 0x00, 0x00, 0x00, 0x00, 0x00, 0x00, 0x00, 0x00, 0x00, 0x00, 0x00, 0x00,
    0x00, 0x00, 0x80, 0x3F, 0x00, 0xF8, 0x3F, 0x00, 0xFF, 0x1F, 0xE0, 0xFF, 0x0F, 0xFC, 0xFF, 0x07,
    0xFF, 0xFF, 0xE3, 0xFF, 0xFF, 0xF8, 0x87, 0x7F, 0x7E, 0xC0, 0x9F, 0x1F, 0xE0, 0xF7, 0x03, 0xF8,
    0xFD, 0x00, 0xFC, 0x3F, 0x00, 0xFF, 0x0F, 0xC0, 0xFF, 0xFF, 0xFF, 0xFF, 0xFF, 0xFF, 0xFF, 0xFF,
    0xFF, 0xFF, 0xFF, 0xFF, 0xFF, 0xFF, 0xFF, 0xFF, 0xFF, 0x00, 0x00, 0x3F, 0x00, 0xC0, 0x0F, 0x00,
    0xF0, 0x03, 0x00, 0xFC, 0x00, 0x00, 0x3F, 0x00, 0xE0, 0x07, 0x01, 0xF8, 0xE1, 0x00, 0x7F, 0xFC,
    0xE0, 0x9F, 0xFF, 0xFF, 0xF3, 0xFF, 0xFF, 0xF8, 0xFF, 0x1F, 0xFC, 0xFF, 0x03, 0xFE, 0x7F, 0x00,
    0xFF, 0x0F, 0x00, 0xFF, 0x00, 0x03, 0x03, 0x15, 0x3C, 0x1A, 0x7C, 0xC0, 0x83, 0x0F, 0x78, 0xF0,
    0x83, 0x0F, 0xFE, 0xFF, 0x81, 0xFF, 0x1F, 0xF0, 0xFF, 0x03, 0xFC, 0x3F, 0x80, 0xFF, 0x03, 0xC0,
    0x3F, 0x00, 0xF0, 0x03, 0x00, 0x00, 0x00, 0x00, 0x00, 0x00, 0x00, 0x00, 0x00, 0x00, 0x00, 0x00,
    0x00, 0xF8, 0xFF, 0xFF, 0xFF, 0xFF, 0xFF, 0xFF, 0xFF, 0xFF, 0xFF, 0xFF, 0xFF, 0xFF, 0xFF, 0xFF,
    0xFF, 0xFF, 0xFF, 0xFF, 0xFF, 0xFF, 0x07, 0x00, 0xFC, 0x00, 0x80, 0x1F, 0x00, 0xF0, 0x03, 0x00,
    0x7E, 0x00, 0xC0, 0x0F, 0x00, 0xF8, 0x01, 0x00, 0x3F, 0x00, 0xE0, 0x07, 0x00, 0xFC, 0x00, 0x80,
    0x1F, 0xFF, 0xFF, 0xE3, 0xFF, 0x7F, 0xFC, 0xFF, 0x8F, 0xFF, 0xFF, 0xF1, 0xFF, 0x3F, 0xFE, 0xFF,
    0xC7, 0xFF, 0xFF, 0xF8, 0xFF, 0x1F, 0x00, 0xF0, 0x03, 0x00, 0x7E, 0x00, 0xC0, 0x0F, 0x00, 0xF8,
    0x01, 0x00, 0x3F, 0x00, 0xE0, 0x07, 0x00, 0xFC, 0x00, 0x80, 0x1F, 0x00, 0xF0, 0x03, 0x00, 0x7E,
    0x00, 0xC0, 0xFF, 0xFF, 0xFF, 0xFF, 0xFF, 0xFF, 0xFF, 0xFF, 0xFF, 0xFF, 0xFF, 0xFF, 0xFF, 0xFF,
    0xFF, 0xFF, 0xFF, 0xFF, 0xFF, 0xFF, 0xFF, 0x0F, 0x02, 0x0E, 0x16, 0x32, 0x1A, 0x7C, 0x80, 0x07,
    0x3F, 0xF0, 0xC1, 0x1F, 0x7E, 0xF0, 0xFF, 0x1F, 0xF8, 0xFF, 0x03, 0xFE, 0xFF, 0x00, 0xFF, 0x1F,
    0x80, 0xFF, 0x03, 0xC0, 0x7F, 0x00, 0xC0, 0x07, 0x00, 0x00, 0x00, 0x00, 0x00, 0x00, 0x00, 0x00,
    0x00, 0x00, 0x00, 0x00, 0xF8, 0x03, 0x80, 0xFF, 0x03, 0xF0, 0xFF, 0x01, 0xFE, 0xFF, 0xC0, 0xFF,
    0x7F, 0xF0, 0xFF, 0x3F, 0xFE, 0xFF, 0x8F, 0x7F, 0xF8, 0xE7, 0x07, 0xFC, 0xF9, 0x01, 0x7E, 0x3F,
    0x80, 0xDF, 0x0F, 0xC0, 0xFF, 0x03, 0xF0, 0xFF, 0x00, 0xFC, 0xFF, 0xFF, 0xFF, 0xFF, 0xFF, 0xFF,
    0xFF, 0xFF, 0xFF, 0xFF, 0xFF, 0xFF, 0xFF, 0xFF, 0xFF, 0xFF, 0x0F, 0x00, 0xF0, 0x03, 0x00, 0xFC,
    0x00, 0x00, 0x3F, 0x00, 0xC0, 0x0F, 0x00, 0xF0, 0x03, 0x00, 0x7E, 0x10, 0x80, 0x1F, 0x0E, 0xF0,
    0xC7, 0x07, 0xFE, 0xF9, 0xFF, 0x3F, 0xFF, 0xFF, 0x8F, 0xFF, 0xFF, 0xC1, 0xFF, 0x3F, 0xF0, 0xFF,
    0x07, 0xF0, 0xFF, 0x00, 0xF0, 0x0F, 0x00, 0x03, 0x05, 0x15, 0x3A, 0x1A, 0x00, 0x1E, 0x00, 0xE0,
    0x07, 0x00, 0xFC, 0x00, 0x80, 0x1F, 0x00, 0xF0, 0x03, 0x00, 0x7E, 0x00, 0xC0, 0x0F, 0x00, 0xF0,
    0x00, 0x00, 0x00, 0x00, 0x00, 0x00, 0x00, 0x00, 0x00, 0x00, 0x00, 0x00, 0x00, 0x00, 0xFE, 0xFF,
    0xFF, 0xFF, 0xFF, 0xFF, 0xFF, 0xFF, 0xFF, 0xFF, 0xFF, 0xFF, 0xFF, 0xFF, 0xFF, 0xFF, 0xFF, 0xFF,
    0xFF, 0xFF, 0xFF, 0x01, 0x00, 0x3F, 0x00, 0xE0, 0x07, 0x00, 0xFC, 0x00, 0x80, 0x1F, 0x00, 0xF0,
    0x03, 0x00, 0x7E, 0x00, 0xC0, 0x0F, 0x00, 0xF8, 0x01, 0x00, 0x3F, 0x00, 0xE0, 0xE7, 0xFF, 0xFF,
    0xFC, 0xFF, 0x9F, 0xFF, 0xFF, 0xF3, 0xFF, 0x7F, 0xFE, 0xFF, 0xCF, 0xFF, 0xFF, 0xF9, 0xFF, 0x3F,
    0xFF, 0xFF, 0x07, 0x00, 0xFC, 0x00, 0x80, 0x1F, 0x00, 0xF0, 0x03, 0x00, 0x7E, 0x00, 0xC0, 0x0F,
    0x00, 0xF8, 0x01, 0x00, 0x3F, 0x00, 0xE0, 0x07, 0x00, 0xFC, 0x00, 0x80, 0x1F, 0x00, 0xF0, 0xFF,
    0xFF, 0xFF, 0xFF, 0xFF, 0xFF, 0xFF, 0xFF, 0xFF, 0xFF, 0xFF, 0xFF, 0xFF, 0xFF, 0xFF, 0xFF, 0xFF,
    0xFF, 0xFF, 0xFF, 0xFF, 0x03, 0x02, 0x0F, 0x16, 0x30, 0x1A, 0x00, 0x1E, 0x00, 0xC0, 0x0F, 0x00,
    0xF0, 0x03, 0x00, 0xFC, 0x00, 0x00, 0x3F, 0x00, 0xC0, 0x0F, 0x00, 0xF0, 0x03, 0x00, 0x78, 0x00,
    0x00, 0x00, 0x00, 0x00, 0x00, 0x00, 0x00, 0x00, 0x00, 0x00, 0x00, 0x80, 0x3F, 0x00, 0xF8, 0x3F,
    0x00, 0xFF, 0x1F, 0xE0, 0xFF, 0x0F, 0xFC, 0xFF, 0x07, 0xFF, 0xFF, 0xE3, 0xFF, 0xFF, 0xF8, 0x87,
    0x7F, 0x7E, 0xC0, 0x9F, 0x1F, 0xE0, 0xF7, 0x03, 0xF8, 0xFD, 0x00, 0xFC, 0x3F, 0x00, 0xFF, 0x0F,
    0xC0, 0xFF, 0xFF, 0xFF, 0xFF, 0xFF, 0xFF, 0xFF, 0xFF, 0xFF, 0xFF, 0xFF, 0xFF, 0xFF, 0xFF, 0xFF,
    0xFF, 0xFF, 0x00, 0x00, 0x3F, 0x00, 0xC0, 0x0F, 0x00, 0xF0, 0x03, 0x00, 0xFC, 0x00, 0x00, 0x3F,
    0x00, 0xE0, 0x07, 0x01, 0xF8, 0xE1, 0x00, 0x7F, 0xFC, 0xE0, 0x9F, 0xFF, 0xFF, 0xF3, 0xFF, 0xFF,
    0xF8, 0xFF, 0x1F, 0xFC, 0xFF, 0x03, 0xFE, 0x7F, 0x00, 0xFF, 0x0F, 0x00, 0xFF, 0x00, 0x03, 0x12,
    0x15, 0x3A, 0x1A, 0xFF, 0xFF, 0xFF, 0xFF, 0xFF, 0xFF, 0xFF, 0xFF, 0xFF, 0xFF, 0xFF, 0xFF, 0xFF,
    0xFF, 0xFF, 0xFF, 0xFF, 0xFF, 0xFF, 0xFF, 0xFF, 0x00, 0x80, 0x1F, 0x00, 0xF0, 0x03, 0x00, 0x7E,
    0x00, 0xC0, 0x0F, 0x00, 0xF8, 0x01, 0x00, 0x3F, 0x00, 0xE0, 0x07, 0x00, 0xFC, 0x00, 0x80, 0x1F,
    0x00, 0xF0, 0xF3, 0xFF, 0x7F, 0xFE, 0xFF, 0xCF, 0xFF, 0xFF, 0xF9, 0xFF, 0x3F, 0xFF, 0xFF, 0xE7,
    0xFF, 0xFF, 0xFC, 0xFF, 0x9F, 0xFF, 0xFF, 0x03, 0x00, 0x7E, 0x00, 0xC0, 0x0F, 0x00, 0xF8, 0x01,
    0x00, 0x3F, 0x00, 0xE0, 0x07, 0x00, 0xFC, 0x00, 0x80, 0x1F, 0x00, 0xF0, 0x03, 0x00, 0x7E, 0x00,
    0xC0, 0x0F, 0x00, 0xF8, 0xFF, 0xFF, 0xFF, 0xFF, 0xFF, 0xFF, 0xFF, 0xFF, 0xFF, 0xFF, 0xFF, 0xFF,
    0xFF, 0xFF, 0xFF, 0xFF, 0xFF, 0xFF, 0xFF, 0xFF, 0xFF, 0xF9, 0x01, 0x00, 0x7C, 0x00, 0x00, 0x1F,
    0x00, 0xC0, 0x03, 0x00, 0xF8, 0x00, 0x00, 0x1F, 0x00, 0xE2, 0x03, 0xC0, 0x7F, 0x00, 0xFC, 0x0F,
    0x80, 0xFF, 0x01, 0xF0, 0x1F, 0x00, 0xFE, 0x03, 0x00, 0x1F, 0x00, 0x00, 0x02, 0x1C, 0x16, 0x30,
    0x1A, 0x80, 0x3F, 0x00, 0xF8, 0x3F, 0x00, 0xFF, 0x1F, 0xE0, 0xFF, 0x0F, 0xFC, 0xFF, 0x07, 0xFF,
    0xFF, 0xE3, 0xFF, 0xFF, 0xF8, 0x87, 0x7F, 0x7E, 0xC0, 0x9F, 0x1F, 0xE0, 0xF7, 0x03, 0xF8, 0xFD,
    0x00, 0xFC, 0x3F, 0x00, 0xFF, 0x0F, 0xC0, 0xFF, 0xFF, 0xFF, 0xFF, 0xFF, 0xFF, 0xFF, 0xFF, 0xFF,
    0xFF, 0xFF, 0xFF, 0xFF, 0xFF, 0xFF, 0xFF, 0xFF, 0x00, 0x00, 0x3F, 0x00, 0xC0, 0x0F, 0x00, 0xF0,
    0x03, 0x00, 0xFC, 0x00, 0x00, 0x3F, 0x00, 0xE0, 0x07, 0x01, 0xF8, 0xE1, 0x00, 0x7F, 0xFC, 0xE0,
    0x9F, 0xFF, 0xFF, 0xF3, 0xFF, 0xFF, 0xF8, 0xFF, 0x1F, 0xFC, 0xFF, 0x03, 0xFF, 0xFF, 0x80, 0xFF,
    0x0F, 0xC0, 0xFF, 0x00, 0xE0, 0x03, 0x00, 0xF8, 0x00, 0x00, 0x3C, 0x00, 0x00, 0x1F, 0x00, 0xC0,
    0x07, 0x00, 0xF1, 0x01, 0xC0, 0x7F, 0x00, 0xF8, 0x1F, 0x00, 0xFE, 0x07, 0xC0, 0xFF, 0x00, 0xE0,
    0x3F, 0x00, 0xE0, 0x03, 0x00, 0x03, 0x01, 0x15, 0x3E, 0x1A, 0xF8, 0xC0, 0x07, 0x1F, 0x78, 0xC0,
    0x87, 0x0F, 0xF8, 0xF9, 0x01, 0x3E, 0x1F, 0xC0, 0xFF, 0x03, 0xF0, 0x3F, 0x00, 0xFE, 0x07, 0x80,
    0x7F, 0x00, 0xF0, 0x0F, 0x00, 0xFC, 0x00, 0x80, 0x1F, 0x00, 0x00, 0x00, 0x00, 0x00, 0x00, 0x00,
    0x00, 0x00, 0x00, 0x00, 0x00, 0x00, 0xE0, 0xFF, 0xFF, 0xFF, 0xFF, 0xFF, 0xFF, 0xFF, 0xFF, 0xFF,
    0xFF, 0xFF, 0xFF, 0xFF, 0xFF, 0xFF, 0xFF, 0xFF, 0xFF, 0xFF, 0xFF, 0x1F, 0x00, 0xF0, 0x03, 0x00,
    0x7E, 0x00, 0xC0, 0x0F, 0x00, 0xF8, 0x01, 0x00, 0x3F, 0x00, 0xE0, 0x07, 0x00, 0xFC, 0x00, 0x80,
    0x1F, 0x00, 0xF0, 0x03, 0x00, 0x7E, 0xFE, 0xFF, 0xCF, 0xFF, 0xFF, 0xF9, 0xFF, 0x3F, 0xFF, 0xFF,
    0xE7, 0xFF, 0xFF, 0xFC, 0xFF, 0x9F, 0xFF, 0xFF, 0xF3, 0xFF, 0x7F, 0x00, 0xC0, 0x0F, 0x00, 0xF8,
    0x01, 0x00, 0x3F, 0x00, 0xE0, 0x07, 0x00, 0xFC, 0x00, 0x80, 0x1F, 0x00, 0xF0, 0x03, 0x00, 0x7E,
    0x00, 0xC0, 0x0F, 0x00, 0xF8, 0x01, 0x00, 0xFF, 0xFF, 0xFF, 0xFF, 0xFF, 0xFF, 0xFF, 0xFF, 0xFF,
    0xFF, 0xFF, 0xFF, 0xFF, 0xFF, 0xFF, 0xFF, 0xFF, 0xFF, 0xFF, 0xFF, 0xFF, 0x3F, 0x02, 0x0C, 0x16,
    0x34, 0x1A, 0xF8, 0xC0, 0x07, 0x3E, 0xF8, 0x00, 0x1F, 0x3E, 0xC0, 0xC7, 0x07, 0xE0, 0xFB, 0x01,
    0xF8, 0x3F, 0x00, 0xFE, 0x0F, 0x00, 0xFF, 0x01, 0xC0, 0x7F, 0x00, 0xE0, 0x0F, 0x00, 0xF8, 0x03,
    0x00, 0x7C, 0x00, 0x00, 0x00, 0x00, 0x00, 0x00, 0x00, 0x00, 0x00, 0x00, 0x00, 0x00, 0x80, 0x3F,
    0x00, 0xF8, 0x3F, 0x00, 0xFF, 0x1F, 0xE0, 0xFF, 0x0F, 0xFC, 0xFF, 0x07, 0xFF, 0xFF, 0xE3, 0xFF,
    0xFF, 0xF8, 0x87, 0x7F, 0x7E, 0xC0, 0x9F, 0x1F, 0xE0, 0xF7, 0x03, 0xF8, 0xFD, 0x00, 0xFC, 0x3F,
    0x00, 0xFF, 0x0F, 0xC0, 0xFF, 0xFF, 0xFF, 0xFF, 0xFF, 0xFF, 0xFF, 0xFF, 0xFF, 0xFF, 0xFF, 0xFF,
    0xFF, 0xFF, 0xFF, 0xFF, 0xFF, 0x00, 0x00, 0x3F, 0x00, 0xC0, 0x0F, 0x00, 0xF0, 0x03, 0x00, 0xFC,
    0x00, 0x00, 0x3F, 0x00, 0xE0, 0x07, 0x01, 0xF8, 0xE1, 0x00, 0x7F, 0xFC, 0xE0, 0x9F, 0xFF, 0xFF,
    0xF3, 0xFF, 0xFF, 0xF8, 0xFF, 0x1F, 0xFC, 0xFF, 0x03, 0xFE, 0x7F, 0x00, 0xFF, 0x0F, 0x00, 0xFF,
    0x00, 0x02, 0x01, 0x1B, 0x3F, 0x20, 0x00, 0x7E, 0x00, 0x00, 0xF0, 0x07, 0x00, 0xC0, 0x3F, 0x00,
    0x00, 0xFE, 0x03, 0x00, 0xF8, 0x1F, 0x00, 0xC0, 0xFF, 0x01, 0x00, 0xFF, 0x0F, 0x00, 0xF8, 0xFC,
    0x00, 0xE0, 0xC7, 0x07, 0x00, 0x1F, 0x7E, 0x00, 0x78, 0xE0, 0x03, 0xE0, 0x03, 0x3E, 0x00, 0x00,
    0x00, 0x00, 0x00, 0x00, 0x00, 0x00, 0x00, 0x00, 0x00, 0x00, 0x00, 0x00, 0x00, 0xFF, 0x00, 0x00,
    0xFE, 0x3F, 0x00, 0xFC, 0xFF, 0x03, 0xF0, 0xFF, 0x3F, 0xC0, 0xFF, 0xFF, 0x03, 0xFF, 0xFF, 0x3F,
    0xF8, 0xFF, 0xFF, 0xE3, 0xFF, 0xFF, 0x1F, 0xFF, 0x81, 0xFF, 0xF1, 0x07, 0xF0, 0x0F, 0x0F, 0x00,
    0x7F, 0x70, 0x00, 0xF0, 0x07, 0x01, 0x80, 0x3F, 0x08, 0x00, 0xF8, 0x01, 0x00, 0xC0, 0x0F, 0x00,
    0x00, 0x7E, 0x00, 0x00, 0xF0, 0x07, 0x00, 0x00, 0x3F, 0x00, 0x00, 0xF8, 0x01, 0x00, 0xC0, 0x0F,
    0x00, 0x00, 0x7E, 0x00, 0x00, 0xF0, 0xFF, 0x7F, 0x80, 0xFF, 0xFF, 0x03, 0xFC, 0xFF, 0x1F, 0xE0,
    0xFF, 0xFF, 0x00, 0xFF, 0xFF, 0x07, 0xF8, 0xFF, 0x3F, 0xC0, 0xFF, 0xFF, 0x01, 0xFE, 0xFF, 0x0F,
    0xF0, 0xFF, 0x00, 0x80, 0xFF, 0x07, 0x00, 0xFE, 0x3F, 0x00, 0xF0, 0xFB, 0x01, 0x80, 0xDF, 0x0F,
    0x00, 0xFE, 0x7E, 0x00, 0xF0, 0xF7, 0x03, 0xC0, 0xBF, 0x3F, 0x00, 0xFF, 0xFC, 0x07, 0xFE, 0xE7,
    0xFF, 0xFF, 0x1F, 0xFF, 0xFF, 0xFF, 0xF8, 0xFF, 0xFF, 0x83, 0xFF, 0xFF, 0x1F, 0xF8, 0xFF, 0x7F,
    0x80, 0xFF, 0xFF, 0x01, 0xF0, 0xFF, 0x03, 0x00, 0xFC, 0x07, 0x00, 0x02, 0x0C, 0x16, 0x40, 0x1B,
    0x00, 0x3F, 0x00, 0xE0, 0x0F, 0x00, 0xF8, 0x03, 0x00, 0xFE, 0x01, 0xC0, 0x7F, 0x00, 0xF0, 0x3F,
    0x00, 0xBE, 0x0F, 0x80, 0xEF, 0x07, 0xF0, 0xF1, 0x01, 0x7C, 0x78, 0x80, 0x0F, 0x3E, 0xE0, 0x03,
    0x0F, 0x00, 0x00, 0x00, 0x00, 0x00, 0x00, 0x00, 0x00, 0x00, 0x00, 0x00, 0x00, 0x7C, 0xC0, 0xC7,
    0x7F, 0xF0, 0xF9, 0x3F, 0x7C, 0xFF, 0x1F, 0xFF, 0xFF, 0xC7, 0xFF, 0xFF, 0xF3, 0xFF, 0xFF, 0xFC,
    0x87, 0x7F, 0x7F, 0xC0, 0xDF, 0x1F, 0xF0, 0xF7, 0x03, 0xF8, 0xFD, 0x00, 0xFE, 0x3F, 0x80, 0xFF,
    0x0F, 0xC0, 0xFF, 0x03, 0xF0, 0xFF, 0x00, 0xFC, 0x3F, 0x00, 0xFF, 0x0F, 0xC0, 0xFF, 0x03, 0xF0,
    0xFF, 0x00, 0xFC, 0x3F, 0x00, 0xFF, 0x0F, 0xC0, 0xFF, 0x03, 0xF0, 0xFF, 0x00, 0xFE, 0x3F, 0x80,
    0xDF, 0x1F, 0xE0, 0xF7, 0x0F, 0xFC, 0xFD, 0x87, 0x7F, 0xFF, 0xFF, 0xCF, 0xFF, 0xFF, 0xF3, 0xFF,
    0xFF, 0xFC, 0xFF, 0x1F, 0xBF, 0xFF, 0xC3, 0xCF, 0x7F, 0xF0, 0xC3, 0x0F, 0xFC, 0x00, 0x00, 0x3F,
    0x00, 0xC0, 0x0F, 0x00, 0xF0, 0x07, 0x80, 0xFC, 0x01, 0x30, 0xFE, 0x01, 0x8F, 0xFF, 0xFF, 0xE7,
    0xFF, 0xFF, 0xF1, 0xFF, 0x7F, 0xF8, 0xFF, 0x1F, 0xFC, 0xFF, 0x07, 0xFE, 0x7F, 0x00, 0xFC, 0x03,
    0x02, 0x03, 0x1B, 0x3D, 0x20, 0xF0, 0x00, 0x1E, 0x80, 0x0F, 0xF8, 0x00, 0x7C, 0xC0, 0x07, 0xE0,
    0x07, 0x3F, 0x00, 0xFE, 0xFF, 0x00, 0xF0, 0xFF, 0x07, 0x00, 0xFF, 0x1F, 0x00, 0xF8, 0xFF, 0x00,
    0x80, 0xFF, 0x03, 0x00, 0xF8, 0x0F, 0x00, 0x00, 0x1F, 0x00, 0x00, 0x00, 0x00, 0x00, 0x00, 0x00,
    0x00, 0x00, 0x00, 0x00, 0x00, 0xFC, 0x03, 0x00, 0xF8, 0xFF, 0x00, 0xF0, 0xFF, 0x0F, 0xC0, 0xFF,
    0xFF, 0x00, 0xFF, 0xFF, 0x0F, 0xFC, 0xFF, 0xFF, 0xE0, 0xFF, 0xFF, 0x8F, 0xFF, 0xFF, 0x7F, 0xFC,
    0x07, 0xFE, 0xC7, 0x1F, 0xC0, 0x3F, 0x7C, 0x00, 0xFC, 0xC1, 0x01, 0xC0, 0x1F, 0x04, 0x00, 0xFE,
    0x20, 0x00, 0xE0, 0x07, 0x00, 0x00, 0x3F, 0x00, 0x00, 0xF8, 0x01, 0x00, 0xC0, 0x1F, 0x00, 0x00,
    0xFC, 0x00, 0x00, 0xE0, 0x07, 0x00, 0x00, 0x3F, 0x00, 0x00, 0xF8, 0x01, 0x00, 0xC0, 0xFF, 0xFF,
    0x01, 0xFE, 0xFF, 0x0F, 0xF0, 0xFF, 0x7F, 0x80, 0xFF, 0xFF, 0x03, 0xFC, 0xFF, 0x1F, 0xE0, 0xFF,
    0xFF, 0x00, 0xFF, 0xFF, 0x07, 0xF8, 0xFF, 0x3F, 0xC0, 0xFF, 0x03, 0x00, 0xFE, 0x1F, 0x00, 0xF8,
    0xFF, 0x00, 0xC0, 0xEF, 0x07, 0x00, 0x7E, 0x3F, 0x00, 0xF8, 0xFB, 0x01, 0xC0, 0xDF, 0x0F, 0x00,
    0xFF, 0xFE, 0x00, 0xFC, 0xF3, 0x1F, 0xF8, 0x9F, 0xFF, 0xFF, 0x7F, 0xFC, 0xFF, 0xFF, 0xE3, 0xFF,
    0xFF, 0x0F, 0xFE, 0xFF, 0x7F, 0xE0, 0xFF, 0xFF, 0x01, 0xFE, 0xFF, 0x07, 0xC0, 0xFF, 0x0F, 0x00,
    0xF0, 0x1F, 0x00, 0x02, 0x0E, 0x16, 0x3E, 0x1B, 0x78, 0xC0, 0x07, 0x3E, 0xF0, 0x81, 0x0F, 0x7C,
    0xE0, 0x87, 0x1F, 0xF0, 0xFF, 0x03, 0xFC, 0xFF, 0x00, 0xFF, 0x3F, 0x80, 0xFF, 0x07, 0xC0, 0xFF,
    0x00, 0xE0, 0x1F, 0x00, 0xF0, 0x03, 0x00, 0x00, 0x00, 0x00, 0x00, 0x00, 0x00, 0x00, 0x00, 0xC0,
    0x07, 0x7C, 0xFC, 0x07, 0x9F, 0xFF, 0xC3, 0xF7, 0xFF, 0xF1, 0xFF, 0x7F, 0xFC, 0xFF, 0x3F, 0xFF,
    0xFF, 0xCF, 0x7F, 0xF8, 0xF7, 0x07, 0xFC, 0xFD, 0x01, 0x7F, 0x3F, 0x80, 0xDF, 0x0F, 0xE0, 0xFF,
    0x03, 0xF8, 0xFF, 0x00, 0xFC, 0x3F, 0x00, 0xFF, 0x0F, 0xC0, 0xFF, 0x03, 0xF0, 0xFF, 0x00, 0xFC,
    0x3F, 0x00, 0xFF, 0x0F, 0xC0, 0xFF, 0x03, 0xF0, 0xFF, 0x00, 0xFC, 0x3F, 0x00, 0xFF, 0x0F, 0xE0,
    0xFF, 0x03, 0xF8, 0xFD, 0x01, 0x7E, 0xFF, 0xC0, 0xDF, 0x7F, 0xF8, 0xF7, 0xFF, 0xFF, 0xFC, 0xFF,
    0x3F, 0xFF, 0xFF, 0xCF, 0xFF, 0xFF, 0xF1, 0xFB, 0x3F, 0xFC, 0xFC, 0x07, 0x3F, 0xFC, 0xC0, 0x0F,
    0x00, 0xF0, 0x03, 0x00, 0xFC, 0x00, 0x00, 0x7F, 0x00, 0xC0, 0x1F, 0x00, 0xE3, 0x1F, 0xF0, 0xF8,
    0xFF, 0x7F, 0xFE, 0xFF, 0x1F, 0xFF, 0xFF, 0x87, 0xFF, 0xFF, 0xC1, 0xFF, 0x7F, 0xE0, 0xFF, 0x07,
    0xC0, 0x3F, 0x00, 0x02, 0x05, 0x1B, 0x3B, 0x20, 0x00, 0x78, 0x00, 0x00, 0xE0, 0x07, 0x00, 0x00,
    0x3F, 0x00, 0x00, 0xF8, 0x01, 0x00, 0xC0, 0x0F, 0x00, 0x00, 0x7E, 0x00, 0x00, 0xF0, 0x03, 0x00,
    0x00, 0x0F, 0x00, 0x00, 0x00, 0x00, 0x00, 0x00, 0x00, 0x00, 0x00, 0x00, 0x00, 0x00, 0x00, 0x00,
    0x00, 0xF0, 0x0F, 0x00, 0xE0, 0xFF, 0x03, 0xC0, 0xFF, 0x3F, 0x00, 0xFF, 0xFF, 0x03, 0xFC, 0xFF,
    0x3F, 0xF0, 0xFF, 0xFF, 0x83, 0xFF, 0xFF, 0x3F, 0xFE, 0xFF, 0xFF, 0xF1, 0x1F, 0xF8, 0x1F, 0x7F,
    0x00, 0xFF, 0xF0, 0x00, 0xF0, 0x07, 0x07, 0x00, 0x7F, 0x10, 0x00, 0xF8, 0x83, 0x00, 0x80, 0x1F,
    0x00, 0x00, 0xFC, 0x00, 0x00, 0xE0, 0x07, 0x00, 0x00, 0x7F, 0x00, 0x00, 0xF0, 0x03, 0x00, 0x80,
    0x1F, 0x00, 0x00, 0xFC, 0x00, 0x00, 0xE0, 0x07, 0x00, 0x00, 0xFF, 0xFF, 0x07, 0xF8, 0xFF, 0x3F,
    0xC0, 0xFF, 0xFF, 0x01, 0xFE, 0xFF, 0x0F, 0xF0, 0xFF, 0x7F, 0x80, 0xFF, 0xFF, 0x03, 0xFC, 0xFF,
    0x1F, 0xE0, 0xFF, 0xFF, 0x00, 0xFF, 0x0F, 0x00, 0xF8, 0x7F, 0x00, 0xE0, 0xFF, 0x03, 0x00, 0xBF,
    0x1F, 0x00, 0xF8, 0xFD, 0x00, 0xE0, 0xEF, 0x07, 0x00, 0x7F, 0x3F, 0x00, 0xFC, 0xFB, 0x03, 0xF0,
    0xCF, 0x7F, 0xE0, 0x7F, 0xFE, 0xFF, 0xFF, 0xF1, 0xFF, 0xFF, 0x8F, 0xFF, 0xFF, 0x3F, 0xF8, 0xFF,
    0xFF, 0x81, 0xFF, 0xFF, 0x07, 0xF8, 0xFF, 0x1F, 0x00, 0xFF, 0x3F, 0x00, 0xC0, 0x7F, 0x00, 0x00,
    0x02, 0x0F, 0x16, 0x3D, 0x1B, 0x00, 0x1E, 0x00, 0xC0, 0x0F, 0x00, 0xF0, 0x03, 0x00, 0xFC, 0x00,
    0x00, 0x3F, 0x00, 0xC0, 0x0F, 0x00, 0xF0, 0x03, 0x00, 0x78, 0x00, 0x00, 0x00, 0x00, 0x00, 0x00,
    0x00, 0x00, 0x00, 0x00, 0x00, 0x00, 0x00, 0x00, 0x00, 0x00, 0x1F, 0xF0, 0xF1, 0x1F, 0x7C, 0xFE,
    0x0F, 0xDF, 0xFF, 0xC7, 0xFF, 0xFF, 0xF1, 0xFF, 0xFF, 0xFC, 0xFF, 0x3F, 0xFF, 0xE1, 0xDF, 0x1F,
    0xF0, 0xF7, 0x07, 0xFC, 0xFD, 0x00, 0x7E, 0x3F, 0x80, 0xFF, 0x0F, 0xE0, 0xFF, 0x03, 0xF0, 0xFF,
    0x00, 0xFC, 0x3F, 0x00, 0xFF, 0x0F, 0xC0, 0xFF, 0x03, 0xF0, 0xFF, 0x00, 0xFC, 0x3F, 0x00, 0xFF,
    0x0F, 0xC0, 0xFF, 0x03, 0xF0, 0xFF, 0x00, 0xFC, 0x3F, 0x80, 0xFF, 0x0F, 0xE0, 0xF7, 0x07, 0xF8,
    0xFD, 0x03, 0x7F, 0xFF, 0xE1, 0xDF, 0xFF, 0xFF, 0xF3, 0xFF, 0xFF, 0xFC, 0xFF, 0x3F, 0xFF, 0xFF,
    0xC7, 0xEF, 0xFF, 0xF0, 0xF3, 0x1F, 0xFC, 0xF0, 0x03, 0x3F, 0x00, 0xC0, 0x0F, 0x00, 0xF0, 0x03,
    0x00, 0xFC, 0x01, 0x20, 0x7F, 0x00, 0x8C, 0x7F, 0xC0, 0xE3, 0xFF, 0xFF, 0xF9, 0xFF, 0x7F, 0xFC,
    0xFF, 0x1F, 0xFE, 0xFF, 0x07, 0xFF, 0xFF, 0x81, 0xFF, 0x1F, 0x00, 0xFF, 0x00, 0x02, 0x11, 0x1B,
    0x40, 0x20, 0x00, 0xFF, 0x00, 0x00, 0xFE, 0x3F, 0x00, 0xFC, 0xFF, 0x03, 0xF0, 0xFF, 0x3F, 0xC0,
    0xFF, 0xFF, 0x03, 0xFF, 0xFF, 0x3F, 0xF8, 0xFF, 0xFF, 0xE3, 0xFF, 0xFF, 0x1F, 0xFF, 0x81, 0xFF,
    0xF1, 0x07, 0xF0, 0x0F, 0x0F, 0x00, 0x7F, 0x70, 0x00, 0xF0, 0x07, 0x01, 0x80, 0x3F, 0x08, 0x00,
    0xF8, 0x01, 0x00, 0xC0, 0x0F, 0x00, 0x00, 0x7E, 0x00, 0x00, 0xF0, 0x07, 0x00, 0x00, 0x3F, 0x00,
    0x00, 0xF8, 0x01, 0x00, 0xC0, 0x0F, 0x00, 0x00, 0x7E, 0x00, 0x00, 0xF0, 0xFF, 0x3F, 0x80, 0xFF,
    0xFF, 0x01, 0xFC, 0xFF, 0x0F, 0xE0, 0xFF, 0x7F, 0x00, 0xFF, 0xFF, 0x03, 0xF8, 0xFF, 0x1F, 0xC0,
    0xFF, 0xFF, 0x00, 0xFE, 0xFF, 0x07, 0xF0, 0xFF, 0x00, 0x80, 0xFF, 0x07, 0x00, 0xFE, 0x3F, 0x00,
    0xF0, 0xFB, 0x01, 0x80, 0xDF, 0x0F, 0x00, 0xFE, 0x7E, 0x00, 0xF0, 0xF7, 0x03, 0xC0, 0xBF, 0x3F,
    0x00, 0xFF, 0xFC, 0x07, 0xFE, 0xE7, 0xFF, 0xFF, 0x1F, 0xFF, 0xFF, 0xFF, 0xF8, 0xFF, 0xFF, 0x83,
    0xFF, 0xFF, 0x1F, 0xF8, 0xFF, 0x7F, 0x80, 0xFF, 0xFF, 0x01, 0xF0, 0xFF, 0x03, 0x00, 0xFC, 0x07,
    0x00, 0x00, 0x00, 0x00, 0x00, 0x1C, 0x00, 0x00, 0xF0, 0x01, 0x00, 0xC0, 0x1F, 0x00, 0x00, 0xFE,
    0x00, 0x00, 0xF0, 0x07, 0x00, 0x80, 0x3F, 0x00, 0x00, 0xFC, 0x01, 0x00, 0xE0, 0x0F, 0x00, 0x00,
    0x7F, 0x00, 0x00, 0xF8, 0x01, 0x00, 0xC0, 0x03, 0x00, 0x00, 0x1C, 0x00, 0x00, 0xE0, 0x01, 0x00,
    0x00, 0x0F, 0x00, 0x00, 0x70, 0x00, 0x00, 0x80, 0x07, 0x00, 0x02, 0x09, 0x16, 0x43, 0x1B, 0x00,
    0x0F, 0x00, 0x80, 0x03, 0x00, 0xE0, 0x01, 0x00, 0x78, 0x00, 0x00, 0x1C, 0x00, 0x00, 0x0F, 0x00,
    0xF0, 0x03, 0x00, 0xFE, 0x00, 0x80, 0x3F, 0x00, 0xE0, 0x0F, 0x00, 0xF8, 0x03, 0x00, 0xFE, 0x00,
    0x80, 0x3F, 0x00, 0xE0, 0x0F, 0x00, 0xF0, 0x01, 0x00, 0x38, 0x00, 0x00, 0x00, 0x00, 0x00, 0x00,
    0x00, 0x00, 0x00, 0x00, 0xF0, 0x01, 0x1F, 0xFF, 0xC1, 0xE7, 0xFF, 0xF0, 0xFD, 0x7F, 0xFC, 0xFF,
    0x1F, 0xFF, 0xFF, 0xCF, 0xFF, 0xFF, 0xF3, 0x1F, 0xFE, 0xFD, 0x01, 0x7F, 0x7F, 0xC0, 0xDF, 0x0F,
    0xE0, 0xF7, 0x03, 0xF8, 0xFF, 0x00, 0xFE, 0x3F, 0x00, 0xFF, 0x0F, 0xC0, 0xFF, 0x03, 0xF0, 0xFF,
    0x00, 0xFC, 0x3F, 0x00, 0xFF, 0x0F, 0xC0, 0xFF, 0x03, 0xF0, 0xFF, 0x00, 0xFC, 0x3F, 0x00, 0xFF,
    0x0F, 0xC0, 0xFF, 0x03, 0xF8, 0xFF, 0x00, 0x7E, 0x7F, 0x80, 0xDF, 0x3F, 0xF0, 0xF7, 0x1F, 0xFE,
    0xFD, 0xFF, 0x3F, 0xFF, 0xFF, 0xCF, 0xFF, 0xFF, 0xF3, 0xFF, 0x7F, 0xFC, 0xFE, 0x0F, 0x3F, 0xFF,
    0xC1, 0x0F, 0x3F, 0xF0, 0x03, 0x00, 0xFC, 0x00, 0x00, 0x3F, 0x00, 0xC0, 0x1F, 0x00, 0xF2, 0x07,
    0xC0, 0xF8, 0x07, 0x3C, 0xFE, 0xFF, 0x9F, 0xFF, 0xFF, 0xC7, 0xFF, 0xFF, 0xE1, 0xFF, 0x7F, 0xF0,
    0xFF, 0x1F, 0xF8, 0xFF, 0x01, 0xF0, 0x0F, 0x00, 0x03, 0x01, 0x19, 0x3E, 0x1F, 0x00, 0x7E, 0x00,
    0x00, 0xFC, 0x01, 0x00, 0xFC, 0x03, 0x00, 0xF8, 0x0F, 0x00, 0xF8, 0x1F, 0x00, 0xF0, 0x7F, 0x00,
    0xF0, 0xFB, 0x00, 0xE0, 0xF3, 0x03, 0xE0, 0xC7, 0x07, 0xC0, 0x07, 0x1F, 0x80, 0x07, 0x3E, 0x80,
    0x0F, 0xF8, 0x00, 0x00, 0x00, 0x00, 0x00, 0x00, 0x00, 0x00, 0x00, 0x00, 0x00, 0x00, 0x00, 0x00,
    0x00, 0x00, 0x7E, 0x00, 0xF0, 0xFF, 0x00, 0xE0, 0xFF, 0x01, 0xC0, 0xFF, 0x03, 0x80, 0xFF, 0x07,
    0x00, 0xFF, 0x0F, 0x00, 0xFE, 0x1F, 0x00, 0xFC, 0x3F, 0x00, 0xF8, 0x7F, 0x00, 0xF0, 0xFF, 0x00,
    0xE0, 0xFF, 0x01, 0xC0, 0xFF, 0x03, 0x80, 0xFF, 0x07, 0x00, 0xFF, 0x0F, 0x00, 0xFE, 0x1F, 0x00,
    0xFC, 0x3F, 0x00, 0xF8, 0x7F, 0x00, 0xF0, 0xFF, 0x00, 0xE0, 0xFF, 0xFF, 0xFF, 0xFF, 0xFF, 0xFF,
    0xFF, 0xFF, 0xFF, 0xFF, 0xFF, 0xFF, 0xFF, 0xFF, 0xFF, 0xFF, 0xFF, 0xFF, 0xFF, 0xFF, 0xFF, 0xFF,
    0xFF, 0xFF, 0xFF, 0xFF, 0x01, 0xC0, 0xFF, 0x03, 0x80, 0xFF, 0x07, 0x00, 0xFF, 0x0F, 0x00, 0xFE,
    0x1F, 0x00, 0xFC, 0x3F, 0x00, 0xF8, 0x7F, 0x00, 0xF0, 0xFF, 0x00, 0xE0, 0xFF, 0x01, 0xC0, 0xFF,
    0x03, 0x80, 0xFF, 0x07, 0x00, 0xFF, 0x0F, 0x00, 0xFE, 0x1F, 0x00, 0xFC, 0x3F, 0x00, 0xF8, 0x7F,
    0x00, 0xF0, 0xFF, 0x00, 0xE0, 0xFF, 0x01, 0xC0, 0xFF, 0x03, 0x80, 0xFF, 0x07, 0x00, 0x3F, 0x03,
    0x01, 0x15, 0x3E, 0x1B, 0x80, 0x1F, 0x00, 0xF0, 0x03, 0x00, 0xFF, 0x00, 0xE0, 0x1F, 0x00, 0xFE,
    0x07, 0xC0, 0xFF, 0x00, 0xFC, 0x3F, 0x80, 0xCF, 0x07, 0xF8, 0xF1, 0x01, 0x1F, 0x3E, 0xE0, 0x81,
    0x07, 0x3E, 0xF0, 0x01, 0x00, 0x00, 0x00, 0x00, 0x00, 0x00, 0xE0, 0x07, 0x00, 0xFC, 0x00, 0x80,
    0x1F, 0x00, 0xF0, 0x03, 0x00, 0x7E, 0x00, 0xC0, 0x0F, 0x00, 0xF8, 0x01, 0x00, 0x3F, 0x00, 0xE0,
    0x07, 0x00, 0xFC, 0x00, 0x80, 0x1F, 0x00, 0xF0, 0x03, 0x00, 0x7E, 0xF8, 0xC1, 0x8F, 0x7F, 0xF8,
    0xF9, 0x3F, 0xBF, 0xFF, 0xEF, 0xF7, 0xFF, 0xFF, 0xFE, 0xFF, 0xDF, 0xFF, 0xFF, 0xFF, 0xE3, 0xFF,
    0x3F, 0xF8, 0xFF, 0x03, 0xFE, 0x7F, 0x80, 0xFF, 0x0F, 0xE0, 0xFF, 0x01, 0xFC, 0x3F, 0x80, 0xFF,
    0x07, 0xF0, 0xFF, 0x00, 0xFE, 0x1F, 0xC0, 0xFF, 0x03, 0xF8, 0x7F, 0x00, 0xFF, 0x0F, 0xE0, 0xFF,
    0x01, 0xFC, 0x3F, 0x80, 0xFF, 0x07, 0xF0, 0xFF, 0x00, 0xFE, 0x1F, 0xC0, 0xFF, 0x03, 0xF8, 0x7F,
    0x00, 0xFF, 0x0F, 0xE0, 0xFF, 0x01, 0xFC, 0x3F, 0x80, 0xFF, 0x07, 0xF0, 0xFF, 0x00, 0xFE, 0x1F,
    0xC0, 0xFF, 0x03, 0xF8, 0x7F, 0x00, 0x3F, 0x01, 0x12, 0x20, 0x2D, 0x21, 0xF0, 0x03, 0x80, 0x1F,
    0xF0, 0x03, 0x80, 0x1F, 0xF0, 0x03, 0x80, 0x1F, 0xF0, 0x03, 0x80, 0x1F, 0xF0, 0x03, 0x80, 0x1F,
    0xF0, 0x03, 0x80, 0x1F, 0xFF, 0xFF, 0xFF, 0xFF, 0xFF, 0xFF, 0xFF, 0xFF, 0xFF, 0xFF, 0xFF, 0xFF,
    0xFF, 0xFF, 0xFF, 0xFF, 0xFF, 0xFF, 0xFF, 0xFF, 0xFF, 0xFF, 0xFF, 0xFF, 0xFF, 0xFF, 0xFF, 0xFF,
    0xF0, 0x03, 0x80, 0x1F, 0xF0, 0x03, 0x80, 0x1F, 0xF0, 0x03, 0x80, 0x1F, 0xF0, 0x03, 0x80, 0x1F,
    0xF0, 0x03, 0x80, 0x1F, 0xF0, 0xFF, 0xFF, 0x1F, 0xF0, 0xFF, 0xFF, 0x1F, 0xF0, 0xFF, 0xFF, 0x1F,
    0xF0, 0xFF, 0xFF, 0x1F, 0xF0, 0xFF, 0xFF, 0x1F, 0xF0, 0xFF, 0xFF, 0x1F, 0xF0, 0xFF, 0xFF, 0x1F,
    0xF0, 0xFF, 0xFF, 0x1F, 0xF0, 0x03, 0x80, 0x1F, 0xF0, 0x03, 0x80, 0x1F, 0xF0, 0x03, 0x80, 0x1F,
    0xF0, 0x03, 0x80, 0x1F, 0xF0, 0x03, 0x80, 0x1F, 0xF0, 0x03, 0x80, 0x1F, 0xF0, 0x03, 0x80, 0x1F,
    0xF0, 0x03, 0x80, 0x1F, 0xF0, 0x03, 0x80, 0x1F, 0xF0, 0x03, 0x80, 0x1F, 0xF0, 0x03, 0x80, 0x1F,
    0xF0, 0x03, 0x80, 0x1F, 0xF0, 0x03, 0x80, 0x1F, 0xF0, 0x03, 0x80, 0x1F, 0xF0, 0x03, 0x80, 0x1F,
    0xF0, 0x03, 0x80, 0x1F, 0xF0, 0x03, 0x80, 0x1F, 0xF0, 0x03, 0x80, 0x1F, 0xF0, 0x03, 0x80, 0x1F,
    0x01, 0x0F, 0x19, 0x30, 0x1D, 0x00, 0x00, 0x3F, 0x00, 0x00, 0x7E, 0x00, 0x00, 0xFC, 0x00, 0xE0,
    0xFF, 0x0F, 0xC0, 0xFF, 0x1F, 0x80, 0xFF, 0x3F, 0x00, 0xFF, 0x7F, 0x00, 0xFE, 0xFF, 0x00, 0xFC,
    0xFF, 0x01, 0x00, 0x7E, 0x00, 0x00, 0xFC, 0x00, 0x00, 0xF8, 0x01, 0x00, 0xF0, 0x03, 0x7C, 0xE0,
    0x07, 0xFE, 0xC3, 0x0F, 0xFE, 0x9F, 0x1F, 0xFC, 0x7F, 0x3F, 0xFC, 0xFF, 0x7F, 0xF8, 0xFF, 0xFF,
    0xF0, 0xFF, 0xFF, 0xF1, 0x8F, 0xFF, 0xE3, 0x0F, 0xFC, 0xC7, 0x1F, 0xF0, 0x8F, 0x1F, 0xC0, 0x1F,
    0x3F, 0x00, 0x3F, 0x7E, 0x00, 0x7E, 0xFC, 0x00, 0xFC, 0xF8, 0x01, 0xF8, 0xF1, 0x03, 0xF0, 0xE3,
    0x07, 0xE0, 0xC7, 0x0F, 0xC0, 0x8F, 0x1F, 0x80, 0x1F, 0x3F, 0x00, 0x3F, 0x7E, 0x00, 0x7E, 0xFC,
    0x00, 0xFC, 0xF8, 0x01, 0xF8, 0xF1, 0x03, 0xF0, 0xE3, 0x07, 0xE0, 0xC7, 0x0F, 0xC0, 0x8F, 0x1F,
    0x80, 0x1F, 0x3F, 0x00, 0x3F, 0x7E, 0x00, 0x7E, 0xFC, 0x00, 0xFC, 0xF8, 0x01, 0xF8, 0xF1, 0x03,
    0xF0, 0xE3, 0x07, 0xE0, 0xC7, 0x0F, 0xC0, 0x8F, 0x1F, 0x80, 0x1F, 0x01, 0x02, 0x12, 0x3D, 0x14,
    0x0F, 0x3C, 0x3C, 0xF8, 0xF3, 0xF0, 0xCF, 0xE7, 0x7F, 0xFF, 0xFF, 0xFD, 0xFF, 0xEF, 0x7F, 0xBE,
    0xFF, 0xF1, 0xFC, 0xC3, 0xF3, 0x07, 0x8F, 0x07, 0x00, 0x00, 0x00, 0x00, 0x00, 0x00, 0x00, 0x00,
    0x00, 0x00, 0x00, 0x00, 0xFE, 0xFF, 0xF8, 0xFF, 0xE3, 0xFF, 0x8F, 0xFF, 0x3F, 0xFE, 0xFF, 0xF8,
    0xFF, 0xE3, 0xFF, 0x0F, 0xF0, 0x03, 0xC0, 0x0F, 0x00, 0x3F, 0x00, 0xFC, 0x00, 0xF0, 0x03, 0xC0,
    0x0F, 0x00, 0x3F, 0x00, 0xFC, 0x00, 0xF0, 0x03, 0xC0, 0x0F, 0x00, 0x3F, 0x00, 0xFC, 0x00, 0xF0,
    0x03, 0xC0, 0x0F, 0x00, 0x3F, 0x00, 0xFC, 0x00, 0xF0, 0x03, 0xC0, 0x0F, 0x00, 0x3F, 0x00, 0xFC,
    0x00, 0xF0, 0x03, 0xC0, 0x0F, 0x00, 0x3F, 0x00, 0xFC, 0x00, 0xF0, 0x03, 0xC0, 0x0F, 0x00, 0x3F,
    0x00, 0xFC, 0x00, 0xF0, 0x03, 0xC0, 0x0F, 0x00, 0x3F, 0xE0, 0xFF, 0x8F, 0xFF, 0x3F, 0xFE, 0xFF,
    0xF8, 0xFF, 0xE3, 0xFF, 0x8F, 0xFF, 0x3F, 0xFE, 0xFF, 0x00, 0x00, 0x0D, 0x0F, 0x32, 0x0C, 0x81,
    0x87, 0xE0, 0x4F, 0xF8, 0x67, 0xFE, 0xF7, 0xFF, 0xFB, 0xFF, 0xFF, 0xF7, 0xFF, 0xF1, 0x7F, 0xF8,
    0x1F, 0xFC, 0x07, 0x00, 0x00, 0x00, 0x00, 0x00, 0x00, 0x00, 0x00, 0x00, 0x00, 0xF8, 0x01, 0xFC,
    0x00, 0x7E, 0x00, 0x3F, 0x80, 0x1F, 0xC0, 0x0F, 0xE0, 0x07, 0xF0, 0x03, 0xF8, 0x01, 0xFC, 0x00,
    0x7E, 0x00, 0x3F, 0x80, 0x1F, 0xC0, 0x0F, 0xE0, 0x07, 0xF0, 0x03, 0xF8, 0x01, 0xFC, 0x00, 0x7E,
    0x00, 0x3F, 0x80, 0x1F, 0xC0, 0x0F, 0xE0, 0x07, 0xF0, 0x03, 0xF8, 0x01, 0xFC, 0x00, 0x7E, 0x00,
    0x3F, 0x80, 0x1F, 0xC0, 0x0F, 0xE0, 0x07, 0xF0, 0x03, 0xF8, 0x01, 0xFC, 0x00, 0x02, 0x05, 0x0F,
    0x3A, 0x13, 0xFF, 0xFF, 0xFF, 0xFF, 0xFF, 0xFF, 0xFF, 0xFF, 0xFF, 0xFF, 0xFF, 0x03, 0x00, 0x00,
    0x00, 0x00, 0x00, 0x00, 0x00, 0x00, 0x00, 0x00, 0x00, 0x00, 0xF8, 0xFF, 0xFF, 0xFF, 0xFF, 0xFF,
    0xFF, 0xFF, 0xFF, 0xFF, 0xFF, 0xFF, 0xFF, 0x0F, 0x3F, 0x80, 0x1F, 0xC0, 0x0F, 0xE0, 0x07, 0xF0,
    0x03, 0xF8, 0x01, 0xFC, 0x00, 0x7E, 0x00, 0x3F, 0x80, 0x1F, 0xC0, 0x0F, 0xE0, 0x07, 0xF0, 0x03,
    0xF8, 0x01, 0xFC, 0x00, 0x7E, 0x00, 0x3F, 0x80, 0x1F, 0xC0, 0x0F, 0xE0, 0x07, 0xF0, 0x03, 0xF8,
    0x01, 0xFC, 0x00, 0x7E, 0x00, 0x3F, 0x80, 0x1F, 0xC0, 0x0F, 0xE0, 0x07, 0xF0, 0x03, 0xF8, 0x01,
    0xFC, 0xE0, 0xFF, 0xFF, 0xFF, 0xFF, 0xFF, 0xFF, 0xFF, 0xFF, 0xFF, 0xFF, 0xFF, 0xFF, 0x3F, 0x00,
    0x10, 0x0E, 0x2F, 0x0C, 0xFF, 0xFF, 0xFF, 0xFF, 0xFF, 0xFF, 0xFF, 0xFF, 0xFF, 0xFF, 0x0F, 0x00,
    0x00, 0x00, 0x00, 0x00, 0x00, 0x00, 0x00, 0x00, 0x00, 0x00, 0x00, 0x7E, 0x80, 0x1F, 0xE0, 0x07,
    0xF8, 0x01, 0x7E, 0x80, 0x1F, 0xE0, 0x07, 0xF8, 0x01, 0x7E, 0x80, 0x1F, 0xE0, 0x07, 0xF8, 0x01,
    0x7E, 0x80, 0x1F, 0xE0, 0x07, 0xF8, 0x01, 0x7E, 0x80, 0x1F, 0xE0, 0x07, 0xF8, 0x01, 0x7E, 0x80,
    0x1F, 0xE0, 0x07, 0xF8, 0x01, 0x7E, 0x80, 0x1F, 0xE0, 0x07, 0xF8, 0x01, 0x7E, 0x80, 0x1F, 0xE0,
    0x07, 0xF8, 0x01, 0x7E, 0x80, 0x1F, 0x00, 0x02, 0x03, 0x11, 0x3C, 0x14, 0x1F, 0xF0, 0x7F, 0xE0,
    0xFF, 0xE1, 0xFF, 0xFF, 0xEF, 0xFF, 0xCF, 0xFF, 0x1F, 0xFF, 0x1F, 0xFC, 0x1F, 0xF0, 0x1F, 0x80,
    0x0F, 0x00, 0x00, 0x00, 0x00, 0x00, 0x00, 0x00, 0x00, 0x00, 0x00, 0x00, 0xFF, 0x7F, 0xFE, 0xFF,
    0xFC, 0xFF, 0xF9, 0xFF, 0xF3, 0xFF, 0xE7, 0xFF, 0xCF, 0xFF, 0x1F, 0xF0, 0x03, 0xE0, 0x07, 0xC0,
    0x0F, 0x80, 0x1F, 0x00, 0x3F, 0x00, 0x7E, 0x00, 0xFC, 0x00, 0xF8, 0x01, 0xF0, 0x03, 0xE0, 0x07,
    0xC0, 0x0F, 0x80, 0x1F, 0x00, 0x3F, 0x00, 0x7E, 0x00, 0xFC, 0x00, 0xF8, 0x01, 0xF0, 0x03, 0xE0,
    0x07, 0xC0, 0x0F, 0x80, 0x1F, 0x00, 0x3F, 0x00, 0x7E, 0x00, 0xFC, 0x00, 0xF8, 0x01, 0xF0, 0x03,
    0xE0, 0x07, 0xC0, 0x0F, 0x80, 0x1F, 0x00, 0x3F, 0x00, 0x7E, 0x00, 0xFC, 0xC0, 0xFF, 0x9F, 0xFF,
    0x3F, 0xFF, 0x7F, 0xFE, 0xFF, 0xFC, 0xFF, 0xF9, 0xFF, 0xF3, 0xFF, 0x07, 0x00, 0x0E, 0x0E, 0x31,
    0x0C, 0x03, 0xFC, 0x81, 0xFF, 0xF0, 0xFF, 0xFF, 0xFF, 0xDF, 0xFF, 0xF7, 0xFF, 0xFC, 0x1F, 0xFC,
    0x03, 0x7E, 0x00, 0x00, 0x00, 0x00, 0x00, 0x00, 0x00, 0x00, 0x00, 0xE0, 0x07, 0xF8, 0x01, 0x7E,
    0x80, 0x1F, 0xE0, 0x07, 0xF8, 0x01, 0x7E, 0x80, 0x1F, 0xE0, 0x07, 0xF8, 0x01, 0x7E, 0x80, 0x1F,
    0xE0, 0x07, 0xF8, 0x01, 0x7E, 0x80, 0x1F, 0xE0, 0x07, 0xF8, 0x01, 0x7E, 0x80, 0x1F, 0xE0, 0x07,
    0xF8, 0x01, 0x7E, 0x80, 0x1F, 0xE0, 0x07, 0xF8, 0x01, 0x7E, 0x80, 0x1F, 0xE0, 0x07, 0xF8, 0x01,
    0x7E, 0x80, 0x1F, 0xE0, 0x07, 0xF8, 0x01, 0x02, 0x12, 0x0F, 0x3A, 0x13, 0xFF, 0xFF, 0xFF, 0xFF,
    0xFF, 0xFF, 0xFF, 0xFF, 0xFF, 0xFF, 0xFF, 0xFF, 0xFF, 0xE1, 0x07, 0xF0, 0x03, 0xF8, 0x01, 0xFC,
    0x00, 0x7E, 0x00, 0x3F, 0x80, 0x1F, 0xC0, 0x0F, 0xE0, 0x07, 0xF0, 0x03, 0xF8, 0x01, 0xFC, 0x00,
    0x7E, 0x00, 0x3F, 0x80, 0x1F, 0xC0, 0x0F, 0xE0, 0x07, 0xF0, 0x03, 0xF8, 0x01, 0xFC, 0x00, 0x7E,
    0x00, 0x3F, 0x80, 0x1F, 0xC0, 0x0F, 0xE0, 0x07, 0xF0, 0x03, 0xF8, 0x01, 0xFC, 0x00, 0x7E, 0x00,
    0x3F, 0x80, 0x1F, 0xFC, 0xFF, 0xFF, 0xFF, 0xFF, 0xFF, 0xFF, 0xFF, 0xFF, 0xFF, 0xFF, 0xFF, 0xFF,
    0xF7, 0x07, 0xE0, 0x03, 0xC0, 0x03, 0xC0, 0x01, 0xE0, 0x01, 0xF0, 0x80, 0x78, 0xE0, 0x3F, 0xF0,
    0x1F, 0xF8, 0x0F, 0xFE, 0x03, 0xFE, 0x01, 0x3C, 0x00, 0x00, 0x0F, 0x0B, 0x3D, 0x0D, 0x3C, 0xF0,
    0x83, 0x1F, 0xFC, 0xE0, 0x07, 0x3F, 0xF8, 0x81, 0x07, 0x00, 0x00, 0x00, 0x00, 0x00, 0x00, 0x00,
    0x3F, 0xF8, 0xC1, 0x0F, 0x7E, 0xF0, 0x83, 0x1F, 0xFC, 0xE0, 0x07, 0x3F, 0xF8, 0xC1, 0x0F, 0x7E,
    0xF0, 0x83, 0x1F, 0xFC, 0xE0, 0x07, 0x3F, 0xF8, 0xC1, 0x0F, 0x7E, 0xF0, 0x83, 0x1F, 0xFC, 0xE0,
    0x07, 0x3F, 0xF8, 0xC1, 0x0F, 0x7E, 0xF0, 0x83, 0x1F, 0xFC, 0xE0, 0x07, 0x3F, 0xF8, 0xC1, 0x0F,
    0xFC, 0x80, 0x0F, 0xF8, 0x80, 0x07, 0x7C, 0xE0, 0x13, 0x9F, 0xFF, 0xFE, 0xF7, 0xBF, 0xFF, 0xFC,
    0x87, 0x0F, 0x02, 0x05, 0x0F, 0x3A, 0x13, 0xC0, 0x03, 0xF0, 0x03, 0xF8, 0x01, 0xFC, 0x00, 0x7E,
    0x00, 0x3F, 0x80, 0x1F, 0x80, 0x07, 0x00, 0x00, 0x00, 0x00, 0x00, 0x00, 0x00, 0x00, 0x00, 0xF8,
    0xFF, 0xFF, 0xFF, 0xFF, 0xFF, 0xFF, 0xFF, 0xFF, 0xFF, 0xFF, 0xFF, 0xFF, 0x0F, 0x7E, 0x00, 0x3F,
    0x80, 0x1F, 0xC0, 0x0F, 0xE0, 0x07, 0xF0, 0x03, 0xF8, 0x01, 0xFC, 0x00, 0x7E, 0x00, 0x3F, 0x80,
    0x1F, 0xC0, 0x0F, 0xE0, 0x07, 0xF0, 0x03, 0xF8, 0x01, 0xFC, 0x00, 0x7E, 0x00, 0x3F, 0x80, 0x1F,
    0xC0, 0x0F, 0xE0, 0x07, 0xF0, 0x03, 0xF8, 0x01, 0xFC, 0x00, 0x7E, 0x00, 0x3F, 0x80, 0x1F, 0xC0,
    0x0F, 0xE0, 0x07, 0xF0, 0x03, 0xF8, 0xE1, 0xFF, 0xFF, 0xFF, 0xFF, 0xFF, 0xFF, 0xFF, 0xFF, 0xFF,
    0xFF, 0xFF, 0xFF, 0x3F, 0x03, 0x1D, 0x06, 0x22, 0x0C, 0xFF, 0xFF, 0xFF, 0xFF, 0xFF, 0xFF, 0xFF,
    0xFF, 0xFF, 0xFF, 0xFF, 0xFF, 0xFF, 0xFF, 0xFF, 0xFF, 0xFF, 0xFF, 0xFF, 0xFF, 0xFF, 0xFF, 0xFF,
    0xFF, 0xFF, 0x0F, 0x02, 0x12, 0x21, 0x2E, 0x26, 0x3F, 0x00, 0xFC, 0xFF, 0x7F, 0x00, 0xF8, 0xFF,
    0xFF, 0x00, 0xF0, 0xFF, 0xFF, 0x01, 0xE0, 0xFF, 0xFF, 0x03, 0xC0, 0xFF, 0xFF, 0x07, 0x80, 0xFF,
    0xFF, 0x0F, 0x00, 0xFF, 0xFF, 0x1F, 0x00, 0xE0, 0x07, 0x3F, 0x00, 0xC0, 0x0F, 0x7E, 0x00, 0x80,
    0x1F, 0xFC, 0x00, 0x00, 0x3F, 0xF8, 0x01, 0x00, 0x7E, 0xF0, 0x03, 0x00, 0xFC, 0xE0, 0x07, 0x00,
    0xF8, 0xC1, 0x0F, 0x00, 0xF0, 0x83, 0x1F, 0x00, 0xE0, 0x07, 0x3F, 0x00, 0xC0, 0x0F, 0x7E, 0x00,
    0x80, 0x1F, 0xFC, 0x00, 0x00, 0x3F, 0xF8, 0x01, 0x00, 0x7E, 0xF0, 0x03, 0x00, 0xFC, 0xE0, 0x07,
    0x00, 0xF8, 0xC1, 0x0F, 0x00, 0xF0, 0x83, 0x1F, 0x00, 0xE0, 0x07, 0x3F, 0x00, 0xC0, 0x0F, 0x7E,
    0x00, 0x80, 0x1F, 0xFC, 0x00, 0x00, 0x3F, 0xF8, 0x01, 0x00, 0x7E, 0xF0, 0x03, 0x00, 0xFC, 0xE0,
    0x07, 0x00, 0xF8, 0xC1, 0x0F, 0x00, 0xF0, 0x83, 0x1F, 0x00, 0xE0, 0x07, 0x3F, 0x00, 0xC0, 0x0F,
    0x7E, 0x00, 0x80, 0x1F, 0xFC, 0x00, 0x00, 0x3F, 0xF8, 0x01, 0x00, 0x7E, 0xF0, 0x07, 0x04, 0xFC,
    0xE0, 0x1F, 0x0E, 0xF8, 0x81, 0xFF, 0x1F, 0xFF, 0x7F, 0xFF, 0x3F, 0xFE, 0xFF, 0xFE, 0xFF, 0xFC,
    0xFF, 0xF9, 0xFF, 0xF9, 0xFF, 0xF3, 0xFF, 0xF3, 0xFF, 0xC7, 0xFF, 0xE7, 0xFF, 0x0F, 0xFF, 0xCF,
    0xFF, 0x1F, 0xF8, 0x03, 0x00, 0x00, 0x03, 0x0F, 0x13, 0x3D, 0x19, 0x1E, 0xC0, 0xFB, 0x01, 0xFF,
    0x0F, 0xF8, 0x7F, 0xC0, 0xFF, 0x03, 0xFE, 0x1F, 0xF0, 0xFF, 0x80, 0xDF, 0x03, 0x78, 0x00, 0x00,
    0x00, 0x00, 0x00, 0x00, 0x00, 0x00, 0x00, 0x00, 0x00, 0x00, 0x00, 0x00, 0xFC, 0x80, 0xFF, 0x07,
    0xFC, 0x3F, 0xE0, 0xFF, 0x01, 0xFF, 0x0F, 0xF8, 0x7F, 0xC0, 0xFF, 0x03, 0xFE, 0x1F, 0xF0, 0xFF,
    0x80, 0xFF, 0x07, 0xFC, 0x3F, 0xE0, 0xFF, 0x01, 0xFF, 0x0F, 0xF8, 0x7F, 0xC0, 0xFF, 0x03, 0xFE,
    0x1F, 0xF0, 0xFF, 0x80, 0xFF, 0x07, 0xFC, 0x3F, 0xE0, 0xFF, 0x01, 0xFF, 0x0F, 0xF8, 0x7F, 0xC0,
    0xFF, 0x03, 0xFE, 0x1F, 0xF0, 0xFF, 0x80, 0xFF, 0x07, 0xFC, 0x3F, 0xE0, 0xFF, 0x01, 0xFF, 0x0F,
    0xF8, 0x7F, 0xC0, 0xFF, 0x03, 0xFE, 0x1F, 0xF0, 0xFF, 0x80, 0xFF, 0x07, 0xFC, 0x3F, 0x00, 0xF8,
    0x01, 0xC0, 0x0F, 0x00, 0x7E, 0x00, 0xF0, 0x03, 0x80, 0x3F, 0x04, 0xFC, 0x7F, 0xC0, 0xFF, 0x03,
    0xFE, 0x1F, 0xF0, 0xFF, 0x00, 0xFF, 0x07, 0xF0, 0x3F, 0x00, 0xFE, 0x00, 0x00, 0x01, 0x16, 0x3F,
    0x14, 0xE0, 0x07, 0x00, 0xF8, 0x01, 0x00, 0xFF, 0x00, 0xC0, 0x3F, 0x00, 0xF8, 0x0F, 0x00, 0xFE,
    0x07, 0xC0, 0xFF, 0x01, 0xF0, 0xF9, 0x00, 0x7C, 0x3E, 0x80, 0x0F, 0x1F, 0xE0, 0xC3, 0x07, 0x7C,
    0xE0, 0x03, 0x00, 0x00, 0x00, 0x00, 0x00, 0x00, 0x00, 0x00, 0x00, 0x00, 0x00, 0x00, 0x00, 0x00,
    0xF8, 0x01, 0x00, 0x7E, 0x00, 0x80, 0x1F, 0x00, 0xE0, 0x07, 0x00, 0xF8, 0x01, 0x00, 0x7E, 0x00,
    0x80, 0x1F, 0x00, 0xE0, 0x07, 0x00, 0xF8, 0x01, 0x00, 0x7E, 0x00, 0x80, 0x1F, 0x00, 0xE0, 0x07,
    0x00, 0xF8, 0x01, 0x00, 0x7E, 0x00, 0x80, 0x1F, 0x00, 0xE0, 0x07, 0x00, 0xF8, 0x01, 0x00, 0x7E,
    0x00, 0x80, 0x1F, 0x00, 0xE0, 0x07, 0x00, 0xF8, 0x01, 0x00, 0x7E, 0x00, 0x80, 0x1F, 0x00, 0xE0,
    0x07, 0x00, 0xF8, 0x01, 0x00, 0x7E, 0x00, 0x80, 0x1F, 0x00, 0xE0, 0x07, 0x00, 0xF8, 0x01, 0x00,
    0x7E, 0x00, 0x80, 0x1F, 0x00, 0xE0, 0x07, 0x00, 0xF8, 0x01, 0x00, 0x7E, 0x00, 0x80, 0x1F, 0x00,
    0xE0, 0x07, 0x00, 0xF8, 0x03, 0x02, 0xFE, 0xE1, 0x00, 0xFF, 0x3F, 0xC0, 0xFF, 0x1F, 0xF0, 0xFF,
    0x07, 0xF8, 0xFF, 0x01, 0xFE, 0x7F, 0x00, 0xFF, 0x1F, 0x80, 0xFF, 0x07, 0x80, 0x3F, 0x00, 0x00,
    0x0C, 0x0E, 0x40, 0x0D, 0x7E, 0x80, 0x3F, 0xF0, 0x0F, 0xFC, 0x03, 0xFF, 0xC1, 0x7F, 0xF0, 0x3F,
    0x9C, 0x0F, 0xE7, 0xC7, 0xF0, 0x31, 0xF8, 0x04, 0x3E, 0x00, 0x00, 0x00, 0x00, 0x00, 0x00, 0x00,
    0x00, 0x80, 0x1F, 0xE0, 0x07, 0xF8, 0x01, 0x7E, 0x80, 0x1F, 0xE0, 0x07, 0xF8, 0x01, 0x7E, 0x80,
    0x1F, 0xE0, 0x07, 0xF8, 0x01, 0x7E, 0x80, 0x1F, 0xE0, 0x07, 0xF8, 0x01, 0x7E, 0x80, 0x1F, 0xE0,
    0x07, 0xF8, 0x01, 0x7E, 0x80, 0x1F, 0xE0, 0x07, 0xF8, 0x01, 0x7E, 0x80, 0x1F, 0xE0, 0x07, 0xF8,
    0x01, 0x7E, 0x80, 0x1F, 0xE0, 0x07, 0xF8, 0x01, 0x7E, 0x80, 0x1F, 0xE0, 0x07, 0xF8, 0x01, 0x7E,
    0x80, 0x1F, 0xE0, 0x07, 0xF8, 0x01, 0xFE, 0x90, 0xFF, 0xC7, 0xFF, 0xF1, 0xFF, 0xFC, 0x3F, 0xFE,
    0x0F, 0xFF, 0x03, 0x7F, 0x03, 0x12, 0x19, 0x3F, 0x1C, 0xFC, 0x01, 0xF8, 0xF9, 0x07, 0xF0, 0xE3,
    0x0F, 0xE0, 0xC7, 0x3F, 0xC0, 0x0F, 0x7F, 0x80, 0x1F, 0xFC, 0x01, 0x3F, 0xF8, 0x07, 0x7E, 0xE0,
    0x0F, 0xFC, 0xC0, 0x3F, 0xF8, 0x01, 0x7F, 0xF0, 0x03, 0xFC, 0xE1, 0x07, 0xF8, 0xC3, 0x0F, 0xE0,
    0x8F, 0x1F, 0xC0, 0x3F, 0x3F, 0x00, 0x7F, 0x7E, 0x00, 0xFC, 0xFD, 0x00, 0xF8, 0xFB, 0x01, 0xE0,
    0xFF, 0x03, 0xC0, 0xFF, 0x07, 0x00, 0xFF, 0x0F, 0x00, 0xFF, 0x1F, 0x00, 0xFE, 0x3F, 0x00, 0xFE,
    0x7F, 0x00, 0xFC, 0xFF, 0x00, 0xFC, 0xFF, 0x01, 0xF8, 0xFF, 0x03, 0xF8, 0xFF, 0x07, 0xF0, 0xE7,
    0x0F, 0xF0, 0xCF, 0x1F, 0xE0, 0x0F, 0x3F, 0xE0, 0x1F, 0x7E, 0xC0, 0x3F, 0xFC, 0xC0, 0x3F, 0xF8,
    0x81, 0x7F, 0xF0, 0x83, 0x7F, 0xE0, 0x07, 0xFF, 0xC0, 0x0F, 0xFF, 0x80, 0x1F, 0xFE, 0x01, 0x3F,
    0xFC, 0x01, 0x7E, 0xFC, 0x03, 0xFC, 0xF8, 0x03, 0xF8, 0xF9, 0x07, 0xF0, 0xF3, 0x0F, 0xE0, 0xF7,
    0x0F, 0xC0, 0xEF, 0x1F, 0x80, 0x1F, 0x00, 0x00, 0x00, 0x00, 0x00, 0x00, 0x00, 0x70, 0x00, 0x00,
    0xF0, 0x01, 0x00, 0xF0, 0x07, 0x00, 0xE0, 0x0F, 0x00, 0xC0, 0x1F, 0x00, 0x80, 0x3F, 0x00, 0x00,
    0x7F, 0x00, 0x00, 0xFE, 0x00, 0x00, 0xFC, 0x01, 0x00, 0xF8, 0x01, 0x00, 0xF0, 0x00, 0x00, 0xC0,
    0x01, 0x00, 0x80, 0x07, 0x00, 0x00, 0x0F, 0x00, 0x00, 0x1C, 0x00, 0x00, 0x78, 0x00, 0x03, 0x0F,
    0x15, 0x43, 0x18, 0x00, 0x80, 0x1F, 0x00, 0xF0, 0x03, 0x00, 0x7E, 0x00, 0xC0, 0x0F, 0x00, 0xF8,
    0x01, 0x00, 0x3F, 0x00, 0xE0, 0x07, 0x00, 0xFC, 0x00, 0x80, 0x1F, 0x00, 0xF0, 0x03, 0x00, 0x7E,
    0x00, 0xC0, 0x0F, 0x00, 0xF8, 0x01, 0x00, 0xBF, 0x3F, 0xE0, 0xE7, 0x0F, 0xFC, 0xFC, 0x81, 0x1F,
    0x7F, 0xF0, 0xC3, 0x0F, 0x7E, 0xF8, 0xC3, 0x0F, 0x7E, 0xF8, 0x81, 0x1F, 0x3F, 0xF0, 0xE3, 0x07,
    0xFC, 0xFC, 0x80, 0x9F, 0x1F, 0xE0, 0xF7, 0x03, 0xF8, 0x7F, 0x00, 0xFF, 0x0F, 0xC0, 0xFF, 0x01,
    0xFC, 0x3F, 0x80, 0xFF, 0x07, 0xF8, 0xFF, 0x00, 0xFF, 0x1F, 0xF0, 0xFF, 0x03, 0xFE, 0x7F, 0xE0,
    0xE7, 0x0F, 0xFC, 0xFC, 0xC1, 0x0F, 0x3F, 0xF8, 0xE1, 0x07, 0x3F, 0xFC, 0xF0, 0x83, 0x1F, 0x7E,
    0xF0, 0xE3, 0x07, 0x7E, 0xFC, 0xC0, 0xCF, 0x1F, 0xF8, 0xF9, 0x01, 0xBF, 0x3F, 0xE0, 0xF7, 0x03,
    0xFC, 0x00, 0x00, 0x00, 0x00, 0x00, 0x00, 0x00, 0x00, 0x00, 0x1C, 0x00, 0xC0, 0x07, 0x00, 0xFC,
    0x01, 0x80, 0x3F, 0x00, 0xF0, 0x07, 0x00, 0xFE, 0x00, 0xC0, 0x1F, 0x00, 0xF8, 0x03, 0x00, 0x7F,
    0x00, 0xE0, 0x07, 0x00, 0x3C, 0x00, 0x00, 0x07, 0x00, 0xE0, 0x00, 0x00, 0x3C, 0x00, 0x00, 0x07,
    0x00, 0xE0, 0x00, 0x03, 0x1C, 0x15, 0x23, 0x19, 0x3C, 0x00, 0xE0, 0x0F, 0xF0, 0xFB, 0x03, 0x7E,
    0x7F, 0xC0, 0xEF, 0x1F, 0xF8, 0xFD, 0x07, 0x3F, 0xFF, 0xE0, 0x87, 0x3F, 0xFC, 0xE0, 0x87, 0x1F,
    0xFC, 0xF1, 0x03, 0x7F, 0x7E, 0xC0, 0xCF, 0x0F, 0xF8, 0xFB, 0x01, 0x7E, 0x3F, 0x80, 0xFF, 0x07,
    0xF0, 0xFF, 0x00, 0xFE, 0x1F, 0xE0, 0xFF, 0x03, 0xFC, 0x7F, 0xC0, 0xFF, 0x0F, 0xF8, 0xFF, 0x81,
    0xDF, 0x3F, 0xF0, 0xF3, 0x07, 0x7F, 0xFE, 0xE0, 0x87, 0x1F, 0xFE, 0xF0, 0xC3, 0x0F, 0x7E, 0xFC,
    0xC1, 0x8F, 0x1F, 0xF8, 0xF9, 0x03, 0x3F, 0x3F, 0xE0, 0xF7, 0x07, 0xFC, 0x7E, 0x80, 0xFF, 0x0F,
    0xF0, 0xFF, 0x01, 0x7E, 0x03, 0x01, 0x14, 0x3E, 0x17, 0xF0, 0x0F, 0x00, 0xFE, 0x00, 0xC0, 0x0F,
    0x00, 0xFC, 0x01, 0x80, 0x1F, 0x00, 0xF8, 0x03, 0x00, 0x3F, 0x00, 0xE0, 0x03, 0x00, 0x7E, 0x00,
    0xC0, 0x07, 0x00, 0xF8, 0x00, 0x00, 0x00, 0x00, 0x00, 0x00, 0x00, 0x00, 0x00, 0x00, 0x00, 0x00,
    0x00, 0x00, 0xC0, 0x0F, 0x00, 0xFC, 0x00, 0xC0, 0x0F, 0x00, 0xFC, 0x00, 0xC0, 0x0F, 0x00, 0xFC,
    0x00, 0xC0, 0x0F, 0x00, 0xFC, 0x00, 0xC0, 0x0F, 0x00, 0xFC, 0x00, 0xC0, 0x0F, 0x00, 0xFC, 0x00,
    0xC0, 0x0F, 0x00, 0xFC, 0x00, 0xC0, 0x0F, 0x00, 0xFC, 0x00, 0xC0, 0x0F, 0x00, 0xFC, 0x00, 0xC0,
    0x0F, 0x00, 0xFC, 0x00, 0xC0, 0x0F, 0x00, 0xFC, 0x00, 0xC0, 0x0F, 0x00, 0xFC, 0x00, 0xC0, 0x0F,
    0x00, 0xFC, 0x00, 0xC0, 0x0F, 0x00, 0xFC, 0x00, 0xC0, 0x0F, 0x00, 0xFC, 0x00, 0xC0, 0x0F, 0x00,
    0xFC, 0x00, 0xC0, 0x0F, 0x00, 0xFC, 0x00, 0xC0, 0x0F, 0x00, 0xFC, 0x00, 0xC0, 0x0F, 0x00, 0xFC,
    0xFF, 0xFF, 0xFF, 0xFF, 0xFF, 0xFF, 0xFF, 0xFF, 0xFF, 0xFF, 0xFF, 0xFF, 0xFF, 0xFF, 0xFF, 0xFF,
    0xFF, 0xFF, 0xFF, 0xFF, 0x02, 0x01, 0x0C, 0x42, 0x0C, 0xFE, 0xE0, 0x0F, 0xFC, 0x81, 0x1F, 0xF8,
    0x01, 0x3F, 0xF0, 0x03, 0x7E, 0xC0, 0x07, 0x7C, 0x80, 0x0F, 0x00, 0x00, 0x00, 0x00, 0xE0, 0x07,
    0x7E, 0xE0, 0x07, 0x7E, 0xE0, 0x07, 0x7E, 0xE0, 0x07, 0x7E, 0xE0, 0x07, 0x7E, 0xE0, 0x07, 0x7E,
    0xE0, 0x07, 0x7E, 0xE0, 0x07, 0x7E, 0xE0, 0x07, 0x7E, 0xE0, 0x07, 0x7E, 0xE0, 0x07, 0x7E, 0xE0,
    0x07, 0x7E, 0xE0, 0x07, 0x7E, 0xE0, 0x07, 0x7E, 0xE0, 0x07, 0x7E, 0xE0, 0x07, 0x7E, 0xE0, 0x07,
    0x7E, 0xE0, 0x07, 0x7E, 0xE0, 0x07, 0x7E, 0xE0, 0x07, 0x7E, 0xE0, 0x07, 0x7E, 0xE0, 0x07, 0x7E,
    0xE0, 0xC7, 0x7F, 0xFC, 0x87, 0x7F, 0xF8, 0x03, 0x3F, 0xF0, 0x01, 0x0E, 0x03, 0x11, 0x14, 0x40,
    0x17, 0x00, 0xC0, 0x0F, 0x00, 0xFC, 0x00, 0xC0, 0x0F, 0x00, 0xFC, 0x00, 0xC0, 0x0F, 0x00, 0xFC,
    0x00, 0xC0, 0x0F, 0x00, 0xFC, 0x00, 0xC0, 0x0F, 0x00, 0xFC, 0x00, 0xC0, 0x0F, 0x00, 0xFC, 0x00,
    0xC0, 0x0F, 0x00, 0xFC, 0x00, 0xC0, 0x0F, 0x00, 0xFC, 0x00, 0xC0, 0x0F, 0x00, 0xFC, 0x00, 0xC0,
    0x0F, 0x00, 0xFC, 0x00, 0xC0, 0x0F, 0x00, 0xFC, 0x00, 0xC0, 0x0F, 0x00, 0xFC, 0x00, 0xC0, 0x0F,
    0x00, 0xFC, 0x00, 0xC0, 0x0F, 0x00, 0xFC, 0x00, 0xC0, 0x0F, 0x00, 0xFC, 0x00, 0xC0, 0x0F, 0x00,
    0xFC, 0x00, 0xC0, 0x0F, 0x00, 0xFC, 0x00, 0xC0, 0x0F, 0x00, 0xFC, 0x00, 0xC0, 0x0F, 0x00, 0xFC,
    0xFF, 0xFF, 0xFF, 0xFF, 0xFF, 0xFF, 0xFF, 0xFF, 0xFF, 0xFF, 0xFF, 0xFF, 0xFF, 0xFF, 0xFF, 0xFF,
    0xFF, 0xFF, 0xFF, 0xFF, 0x00, 0x00, 0x00, 0x00, 0x00, 0x00, 0x0E, 0x00, 0xF0, 0x01, 0x80, 0x3F,
    0x00, 0xF8, 0x03, 0x80, 0x3F, 0x00, 0xF8, 0x03, 0x80, 0x3F, 0x00, 0xF8, 0x03, 0x80, 0x3F, 0x00,
    0xF8, 0x01, 0x80, 0x0F, 0x00, 0xF0, 0x00, 0x00, 0x0F, 0x00, 0xF0, 0x00, 0x00, 0x1E, 0x00, 0xE0,
    0x01, 0x03, 0x0F, 0x09, 0x43, 0x0C, 0xFC, 0xF8, 0xF1, 0xE3, 0xC7, 0x8F, 0x1F, 0x3F, 0x7E, 0xFC,
    0xF8, 0xF1, 0xE3, 0xC7, 0x8F, 0x1F, 0x3F, 0x7E, 0xFC, 0xF8, 0xF1, 0xE3, 0xC7, 0x8F, 0x1F, 0x3F,
    0x7E, 0xFC, 0xF8, 0xF1, 0xE3, 0xC7, 0x8F, 0x1F, 0x3F, 0x7E, 0xFC, 0xF8, 0xF1, 0xE3, 0xC7, 0x8F,
    0x1F, 0x3F, 0x7E, 0xFC, 0xF8, 0xF1, 0xE3, 0xC7, 0x8F, 0xDF, 0xBF, 0x7F, 0xFF, 0xFC, 0xF8, 0xE1,
    0xC3, 0x8F, 0x3F, 0x7F, 0xFE, 0xFC, 0xF9, 0xF3, 0xE7, 0xC7, 0x87, 0x07, 0x0E, 0x1C, 0x78, 0xF0,
    0xC0, 0x03, 0x03, 0x12, 0x14, 0x2D, 0x17, 0xE0, 0xC7, 0x0F, 0x7E, 0xFC, 0xE0, 0xC7, 0x0F, 0x7C,
    0xFC, 0xC0, 0xC7, 0x0F, 0x7C, 0xFC, 0x80, 0xCF, 0x0F, 0xF8, 0xFC, 0x80, 0xCF, 0x0F, 0xF0, 0xFC,
    0x00, 0xCF, 0x0F, 0x00, 0xFC, 0x00, 0xC0, 0x0F, 0x00, 0xFC, 0x00, 0xC0, 0x0F, 0x00, 0xFC, 0x00,
    0xC0, 0x0F, 0x00, 0xFC, 0x00, 0xC0, 0x0F, 0x00, 0xFC, 0x00, 0xC0, 0x0F, 0x00, 0xFC, 0x00, 0xC0,
    0x0F, 0x00, 0xFC, 0x00, 0xC0, 0x0F, 0x00, 0xFC, 0x00, 0xC0, 0x0F, 0x00, 0xFC, 0x00, 0xC0, 0x0F,
    0x00, 0xFC, 0x00, 0xC0, 0x0F, 0x00, 0xFC, 0x00, 0xC0, 0x0F, 0x00, 0xFC, 0x00, 0xC0, 0x0F, 0x00,
    0xFC, 0x00, 0xC0, 0xFF, 0xFF, 0xFF, 0xFF, 0xFF, 0xFF, 0xFF, 0xFF, 0xFF, 0xFF, 0xFF, 0xFF, 0xFF,
    0xFF, 0xFF, 0xFF, 0xFF, 0xFF, 0xFF, 0xFF, 0x0F, 0x03, 0x0F, 0x0F, 0x34, 0x0F, 0x3F, 0xFE, 0x1F,
    0xBF, 0x8F, 0xDF, 0xC7, 0xEF, 0xE7, 0xE7, 0xF3, 0xF3, 0xF9, 0xF1, 0xFC, 0x78, 0x7E, 0x3C, 0x3F,
    0x9C, 0x1F, 0xC0, 0x0F, 0xE0, 0x07, 0xF0, 0x03, 0xF8, 0x01, 0xFC, 0x00, 0x7E, 0x00, 0x3F, 0x80,
    0x1F, 0xC0, 0x0F, 0xE0, 0x07, 0xF0, 0x03, 0xF8, 0x01, 0xFC, 0x00, 0x7E, 0x00, 0x3F, 0x80, 0x1F,
    0xC0, 0x0F, 0xE0, 0x07, 0xF0, 0x03, 0xF8, 0x01, 0xFC, 0x00, 0x7E, 0x00, 0x3F, 0x80, 0x1F, 0xC0,
    0x0F, 0xE0, 0x07, 0xF0, 0x03, 0xF8, 0x01, 0xFC, 0x00, 0x7E, 0x00, 0x3F, 0x80, 0x1F, 0xC0, 0x0F,
    0xF0, 0x07, 0xFE, 0x03, 0xFF, 0x01, 0xFF, 0x80, 0x3F, 0x80, 0x1F, 0xC0, 0x07, 0xC0, 0x01, 0x03,
    0x12, 0x14, 0x2D, 0x17, 0x00, 0xC0, 0x0F, 0x00, 0xFC, 0x00, 0xC0, 0x0F, 0x00, 0xFC, 0x00, 0xC0,
    0x0F, 0x00, 0xFC, 0x00, 0xC0, 0x0F, 0x00, 0xFC, 0x00, 0xC0, 0x0F, 0x00, 0xFC, 0x00, 0xC0, 0x0F,
    0x00, 0xFC, 0x00, 0xC0, 0x0F, 0x00, 0xFC, 0x00, 0xC0, 0x0F, 0x00, 0xFC, 0x78, 0xC0, 0xCF, 0x0F,
    0xFC, 0xFC, 0xC0, 0xCF, 0x0F, 0xFC, 0xFC, 0xC0, 0xCF, 0x0F, 0xFC, 0xFC, 0xC0, 0x8F, 0x07, 0xFC,
    0x00, 0xC0, 0x0F, 0x00, 0xFC, 0x00, 0xC0, 0x0F, 0x00, 0xFC, 0x00, 0xC0, 0x0F, 0x00, 0xFC, 0x00,
    0xC0, 0x0F, 0x00, 0xFC, 0x00, 0xC0, 0x0F, 0x00, 0xFC, 0x00, 0xC0, 0x0F, 0x00, 0xFC, 0x00, 0xC0,
    0xFF, 0xFF, 0xFF, 0xFF, 0xFF, 0xFF, 0xFF, 0xFF, 0xFF, 0xFF, 0xFF, 0xFF, 0xFF, 0xFF, 0xFF, 0xFF,
    0xFF, 0xFF, 0xFF, 0xFF, 0x0F, 0x03, 0x0F, 0x0F, 0x34, 0x12, 0x00, 0x7E, 0x00, 0x3F, 0x80, 0x1F,
    0xC0, 0x0F, 0xE0, 0x07, 0xF0, 0x03, 0xF8, 0x01, 0xFC, 0x00, 0x7E, 0x00, 0x3F, 0x80, 0x1F, 0xC0,
    0x0F, 0xE0, 0x07, 0xF0, 0x03, 0xF8, 0x01, 0xFC, 0x00, 0x7E, 0x00, 0x3F, 0x80, 0xDF, 0xC3, 0xFF,
    0xE3, 0xFF, 0xF1, 0xFF, 0xF8, 0x7F, 0xFC, 0x3F, 0xFE, 0x1F, 0xBF, 0x87, 0x1F, 0xC0, 0x0F, 0xE0,
    0x07, 0xF0, 0x03, 0xF8, 0x01, 0xFC, 0x00, 0x7E, 0x00, 0x3F, 0x80, 0x1F, 0xC0, 0x0F, 0xE0, 0x07,
    0xF0, 0x03, 0xF8, 0x01, 0xFC, 0x00, 0x7E, 0x00, 0x3F, 0x80, 0x1F, 0xC0, 0x0F, 0xF0, 0x07, 0xFE,
    0x03, 0xFF, 0x01, 0xFF, 0x80, 0x3F, 0x80, 0x1F, 0xC0, 0x07, 0xC0, 0x01, 0x01, 0x12, 0x17, 0x2D,
    0x18, 0x00, 0xC0, 0x0F, 0x00, 0xE0, 0x07, 0x00, 0xF0, 0x03, 0x00, 0xF8, 0x01, 0x00, 0xFC, 0x00,
    0x00, 0x7E, 0x00, 0x00, 0x3F, 0x00, 0x80, 0x1F, 0x00, 0xC1, 0x0F, 0x80, 0xE1, 0x07, 0xC0, 0xF1,
    0x03, 0xE0, 0xF9, 0x01, 0xF0, 0xFD, 0x00, 0xF8, 0x7F, 0x00, 0xFC, 0x3F, 0x00, 0xFE, 0x1F, 0x00,
    0xFF, 0x0F, 0x00, 0xFF, 0x07, 0x00, 0xFF, 0x03, 0x00, 0xFF, 0x01, 0x00, 0xFF, 0x00, 0x00, 0xFF,
    0x00, 0x00, 0xFF, 0x00, 0x80, 0xFF, 0x00, 0xC0, 0x7F, 0x00, 0xE0, 0x3F, 0x00, 0xF0, 0x1F, 0x00,
    0xF8, 0x0F, 0x00, 0xFC, 0x07, 0x00, 0xFE, 0x03, 0x00, 0xBF, 0x01, 0x80, 0x9F, 0x00, 0xC0, 0x0F,
    0x00, 0xE0, 0x07, 0x00, 0xF0, 0x03, 0x00, 0xF8, 0x01, 0x00, 0xFC, 0xF8, 0xFF, 0x7F, 0xFC, 0xFF,
    0x3F, 0xFE, 0xFF, 0x1F, 0xFF, 0xFF, 0x8F, 0xFF, 0xFF, 0xC7, 0xFF, 0xFF, 0xE3, 0xFF, 0xFF, 0xF1,
    0xFF, 0xFF, 0x00, 0x01, 0x0F, 0x0C, 0x30, 0x0D, 0xF8, 0x81, 0x1F, 0xF8, 0x81, 0x1F, 0xF8, 0x81,
    0x1F, 0xF8, 0x81, 0x1F, 0xF8, 0x81, 0x1F, 0xF8, 0x81, 0x1F, 0xF8, 0x91, 0x1F, 0xF9, 0xB1, 0x1F,
    0xFF, 0xF1, 0x1F, 0xFF, 0xF1, 0x1F, 0xFF, 0xE1, 0x1F, 0xFC, 0xC1, 0x1F, 0xF8, 0x81, 0x3F, 0xF8,
    0x83, 0x7F, 0xF8, 0x8F, 0xFF, 0xF8, 0x8F, 0xFF, 0xF8, 0x8F, 0xDF, 0xF8, 0x89, 0x9F, 0xF8, 0x81,
    0x1F, 0xF8, 0x81, 0x1F, 0xF8, 0x81, 0x1F, 0xF8, 0x81, 0x1F, 0xF8, 0x81, 0x1F, 0xF8, 0x81, 0x1F,
    0x03, 0x01, 0x19, 0x3E, 0x1F, 0xE0, 0x0F, 0x00, 0x80, 0x3F, 0x00, 0x00, 0x7E, 0x00, 0x00, 0xFC,
    0x01, 0x00, 0xF0, 0x03, 0x00, 0xC0, 0x0F, 0x00, 0x80, 0x1F, 0x00, 0x00, 0x3E, 0x00, 0x00, 0xFC,
    0x00, 0x00, 0xF0, 0x01, 0x00, 0xC0, 0x07, 0x00, 0x00, 0x00, 0x00, 0x00, 0x00, 0x00, 0x00, 0x00,
    0x00, 0x00, 0x00, 0x00, 0x00, 0x00, 0x00, 0x00, 0x00, 0x00, 0x7E, 0x00, 0xFC, 0xFF, 0x00, 0xFC,
    0xFF, 0x01, 0xF8, 0xFF, 0x03, 0xF0, 0xFF, 0x07, 0xF0, 0xFF, 0x0F, 0xE0, 0xFF, 0x1F, 0xC0, 0xFF,
    0x3F, 0xC0, 0xFF, 0x7F, 0x80, 0xFF, 0xFF, 0x00, 0xFF, 0xFF, 0x01, 0xFF, 0xFF, 0x03, 0xFE, 0xFF,
    0x07, 0xFE, 0xFF, 0x0F, 0xFC, 0xFF, 0x1F, 0xF8, 0xFD, 0x3F, 0xF8, 0xFB, 0x7F, 0xF0, 0xF7, 0xFF,
    0xE0, 0xE7, 0xFF, 0xE1, 0xCF, 0xFF, 0xC3, 0x9F, 0xFF, 0x87, 0x1F, 0xFF, 0x8F, 0x3F, 0xFE, 0x1F,
    0x3F, 0xFC, 0x3F, 0x7F, 0xF8, 0x7F, 0xFE, 0xF0, 0xFF, 0xFC, 0xE0, 0xFF, 0xFD, 0xC1, 0xFF, 0xFB,
    0x83, 0xFF, 0xF7, 0x03, 0xFF, 0xFF, 0x07, 0xFE, 0xFF, 0x0F, 0xFC, 0xFF, 0x0F, 0xF8, 0xFF, 0x1F,
    0xF0, 0xFF, 0x1F, 0xE0, 0xFF, 0x3F, 0xC0, 0xFF, 0x7F, 0x80, 0xFF, 0x7F, 0x00, 0xFF, 0xFF, 0x00,
    0xFE, 0xFF, 0x01, 0xFC, 0xFF, 0x01, 0xF8, 0xFF, 0x03, 0xF0, 0xFF, 0x07, 0xE0, 0xFF, 0x07, 0xC0,
    0xFF, 0x0F, 0x80, 0xFF, 0x0F, 0x00, 0x3F, 0x03, 0x0C, 0x15, 0x33, 0x1B, 0xF8, 0x03, 0x00, 0x7E,
    0x00, 0xC0, 0x1F, 0x00, 0xF0, 0x03, 0x00, 0xFC, 0x00, 0x80, 0x1F, 0x00, 0xE0, 0x03, 0x00, 0xFC,
    0x00, 0x00, 0x1F, 0x00, 0xC0, 0x03, 0x00, 0xF8, 0x00, 0x00, 0x00, 0x00, 0x00, 0x00, 0x00, 0x00,
    0x00, 0x00, 0x00, 0x00, 0x00, 0x00, 0xF0, 0x03, 0x00, 0xFF, 0xF0, 0xF3, 0x7F, 0x7E, 0xFF, 0xDF,
    0xEF, 0xFF, 0xFF, 0xFD, 0xFF, 0xFF, 0xFF, 0xFF, 0xFF, 0xC7, 0xFF, 0x7F, 0xF0, 0xFF, 0x0F, 0xFC,
    0xFF, 0x00, 0xFF, 0x1F, 0xC0, 0xFF, 0x03, 0xF8, 0x7F, 0x00, 0xFF, 0x0F, 0xE0, 0xFF, 0x01, 0xFC,
    0x3F, 0x80, 0xFF, 0x07, 0xF0, 0xFF, 0x00, 0xFE, 0x1F, 0xC0, 0xFF, 0x03, 0xF8, 0x7F, 0x00, 0xFF,
    0x0F, 0xE0, 0xFF, 0x01, 0xFC, 0x3F, 0x80, 0xFF, 0x07, 0xF0, 0xFF, 0x00, 0xFE, 0x1F, 0xC0, 0xFF,
    0x03, 0xF8, 0x7F, 0x00, 0xFF, 0x0F, 0xE0, 0xFF, 0x01, 0xFC, 0x3F, 0x80, 0xFF, 0x07, 0xF0, 0xFF,
    0x00, 0x7E, 0x03, 0x12, 0x1A, 0x3F, 0x20, 0x3F, 0x00, 0xFE, 0xFF, 0x00, 0xF8, 0xFF, 0x03, 0xE0,
    0xFF, 0x0F, 0xC0, 0xFF, 0x3F, 0x00, 0xFF, 0xFF, 0x00, 0xFE, 0xFF, 0x03, 0xF8, 0xFF, 0x0F, 0xE0,
    0xFF, 0x3F, 0xC0, 0xFF, 0xFF, 0x00, 0xFF, 0xFF, 0x03, 0xFC, 0xFF, 0x0F, 0xF8, 0xFF, 0x3F, 0xE0,
    0xFF, 0xFF, 0xC0, 0xFF, 0xFF, 0x03, 0x7F, 0xFF, 0x0F, 0xFC, 0xFD, 0x3F, 0xF8, 0xF7, 0xFF, 0xE0,
    0xCF, 0xFF, 0xC3, 0x3F, 0xFF, 0x0F, 0x7F, 0xFC, 0x3F, 0xFC, 0xF1, 0xFF, 0xF8, 0xC7, 0xFF, 0xE3,
    0x0F, 0xFF, 0x8F, 0x3F, 0xFC, 0x3F, 0xFF, 0xF0, 0xFF, 0xFC, 0xC1, 0xFF, 0xFB, 0x07, 0xFF, 0xEF,
    0x0F, 0xFC, 0xBF, 0x3F, 0xF0, 0xFF, 0xFF, 0xC0, 0xFF, 0xFF, 0x01, 0xFF, 0xFF, 0x07, 0xFC, 0xFF,
    0x1F, 0xF0, 0xFF, 0x3F, 0xC0, 0xFF, 0xFF, 0x00, 0xFF, 0xFF, 0x01, 0xFC, 0xFF, 0x07, 0xF0, 0xFF,
    0x1F, 0xC0, 0xFF, 0x3F, 0x00, 0xFF, 0xFF, 0x00, 0xFC, 0xFF, 0x01, 0xF0, 0xFF, 0x07, 0xC0, 0xFF,
    0x1F, 0x00, 0xFF, 0x3F, 0x00, 0xFC, 0xFF, 0x00, 0xF0, 0x03, 0x00, 0x00, 0x00, 0x00, 0x00, 0x00,
    0x00, 0x0E, 0x00, 0x00, 0x7C, 0x00, 0x00, 0xF8, 0x03, 0x00, 0xE0, 0x0F, 0x00, 0x80, 0x3F, 0x00,
    0x00, 0xFE, 0x00, 0x00, 0xF8, 0x03, 0x00, 0xE0, 0x0F, 0x00, 0x80, 0x3F, 0x00, 0x00, 0x7E, 0x00,
    0x00, 0x78, 0x00, 0x00, 0xC0, 0x03, 0x00, 0x00, 0x0F, 0x00, 0x00, 0x3C, 0x00, 0x00, 0xE0, 0x01,
    0x00, 0x80, 0x07, 0x00, 0x03, 0x1C, 0x15, 0x35, 0x1B, 0xF0, 0x03, 0x00, 0xFF, 0xF0, 0xF3, 0x7F,
    0x7E, 0xFF, 0xDF, 0xEF, 0xFF, 0xFF, 0xFD, 0xFF, 0xFF, 0xFF, 0xFF, 0xFF, 0xC7, 0xFF, 0x7F, 0xF0,
    0xFF, 0x0F, 0xFC, 0xFF, 0x00, 0xFF, 0x1F, 0xC0, 0xFF, 0x03, 0xF8, 0x7F, 0x00, 0xFF, 0x0F, 0xE0,
    0xFF, 0x01, 0xFC, 0x3F, 0x80, 0xFF, 0x07, 0xF0, 0xFF, 0x00, 0xFE, 0x1F, 0xC0, 0xFF, 0x03, 0xF8,
    0x7F, 0x00, 0xFF, 0x0F, 0xE0, 0xFF, 0x01, 0xFC, 0x3F, 0x80, 0xFF, 0x07, 0xF0, 0xFF, 0x00, 0xFE,
    0x1F, 0xC0, 0xFF, 0x03, 0xF8, 0x7F, 0x00, 0xFF, 0x0F, 0xE0, 0xFF, 0x01, 0xFC, 0x3F, 0x80, 0xFF,
    0x07, 0xF0, 0xFF, 0x00, 0x7E, 0x00, 0x00, 0x00, 0x00, 0x00, 0x00, 0x1C, 0x00, 0xC0, 0x07, 0x00,
    0xFC, 0x01, 0x80, 0x3F, 0x00, 0xF0, 0x07, 0x00, 0xFE, 0x00, 0xC0, 0x1F, 0x00, 0xF8, 0x03, 0x00,
    0x7F, 0x00, 0xE0, 0x07, 0x00, 0x3C, 0x00, 0x00, 0x07, 0x00, 0xE0, 0x01, 0x00, 0x3C, 0x00, 0x00,
    0x07, 0x00, 0xE0, 0x01, 0x00, 0x03, 0x01, 0x19, 0x3E, 0x1F, 0xE0, 0x01, 0x1F, 0xC0, 0x07, 0x1F,
    0x80, 0x1F, 0x3F, 0x00, 0x3E, 0x3E, 0x00, 0xFC, 0x7E, 0x00, 0xF0, 0x7D, 0x00, 0xE0, 0xFF, 0x00,
    0x80, 0xFF, 0x00, 0x00, 0xFF, 0x01, 0x00, 0xFC, 0x01, 0x00, 0xF8, 0x03, 0x00, 0xE0, 0x03, 0x00,
    0x00, 0x00, 0x00, 0x00, 0x00, 0x00, 0x00, 0x00, 0x00, 0x00, 0x00, 0x00, 0x00, 0x00, 0x00, 0x7E,
    0x00, 0xFC, 0xFF, 0x00, 0xFC, 0xFF, 0x01, 0xF8, 0xFF, 0x03, 0xF0, 0xFF, 0x07, 0xF0, 0xFF, 0x0F,
    0xE0, 0xFF, 0x1F, 0xC0, 0xFF, 0x3F, 0xC0, 0xFF, 0x7F, 0x80, 0xFF, 0xFF, 0x00, 0xFF, 0xFF, 0x01,
    0xFF, 0xFF, 0x03, 0xFE, 0xFF, 0x07, 0xFE, 0xFF, 0x0F, 0xFC, 0xFF, 0x1F, 0xF8, 0xFD, 0x3F, 0xF8,
    0xFB, 0x7F, 0xF0, 0xF7, 0xFF, 0xE0, 0xE7, 0xFF, 0xE1, 0xCF, 0xFF, 0xC3, 0x9F, 0xFF, 0x87, 0x1F,
    0xFF, 0x8F, 0x3F, 0xFE, 0x1F, 0x3F, 0xFC, 0x3F, 0x7F, 0xF8, 0x7F, 0xFE, 0xF0, 0xFF, 0xFC, 0xE0,
    0xFF, 0xFD, 0xC1, 0xFF, 0xFB, 0x83, 0xFF, 0xF7, 0x03, 0xFF, 0xFF, 0x07, 0xFE, 0xFF, 0x0F, 0xFC,
    0xFF, 0x0F, 0xF8, 0xFF, 0x1F, 0xF0, 0xFF, 0x1F, 0xE0, 0xFF, 0x3F, 0xC0, 0xFF, 0x7F, 0x80, 0xFF,
    0x7F, 0x00, 0xFF, 0xFF, 0x00, 0xFE, 0xFF, 0x01, 0xFC, 0xFF, 0x01, 0xF8, 0xFF, 0x03, 0xF0, 0xFF,
    0x07, 0xE0, 0xFF, 0x07, 0xC0, 0xFF, 0x0F, 0x80, 0xFF, 0x0F, 0x00, 0x3F, 0x03, 0x0C, 0x15, 0x33,
    0x1B, 0x78, 0xE0, 0x03, 0x1F, 0x3E, 0xE0, 0xC3, 0x07, 0xF8, 0x7C, 0x00, 0xBF, 0x0F, 0xC0, 0xFF,
    0x01, 0xF8, 0x1F, 0x00, 0xFE, 0x03, 0xC0, 0x3F, 0x00, 0xF0, 0x07, 0x00, 0x7E, 0x00, 0x80, 0x0F,
    0x00, 0x00, 0x00, 0x00, 0x00, 0x00, 0x00, 0x00, 0x00, 0x00, 0x00, 0xF0, 0x03, 0x00, 0xFF, 0xF0,
    0xF3, 0x7F, 0x7E, 0xFF, 0xDF, 0xEF, 0xFF, 0xFF, 0xFD, 0xFF, 0xFF, 0xFF, 0xFF, 0xFF, 0xC7, 0xFF,
    0x7F, 0xF0, 0xFF, 0x0F, 0xFC, 0xFF, 0x00, 0xFF, 0x1F, 0xC0, 0xFF, 0x03, 0xF8, 0x7F, 0x00, 0xFF,
    0x0F, 0xE0, 0xFF, 0x01, 0xFC, 0x3F, 0x80, 0xFF, 0x07, 0xF0, 0xFF, 0x00, 0xFE, 0x1F, 0xC0, 0xFF,
    0x03, 0xF8, 0x7F, 0x00, 0xFF, 0x0F, 0xE0, 0xFF, 0x01, 0xFC, 0x3F, 0x80, 0xFF, 0x07, 0xF0, 0xFF,
    0x00, 0xFE, 0x1F, 0xC0, 0xFF, 0x03, 0xF8, 0x7F, 0x00, 0xFF, 0x0F, 0xE0, 0xFF, 0x01, 0xFC, 0x3F,
    0x80, 0xFF, 0x07, 0xF0, 0xFF, 0x00, 0x7E, 0x00, 0x11, 0x1E, 0x2E, 0x21, 0x00, 0x00, 0x00, 0x0E,
    0x00, 0x00, 0xC0, 0x07, 0x00, 0x00, 0xF8, 0x03, 0x00, 0x00, 0xFE, 0x00, 0x00, 0x80, 0x3F, 0x00,
    0x00, 0xE0, 0x0F, 0x00, 0x00, 0xF8, 0x03, 0x00, 0x00, 0xFE, 0x00, 0x00, 0x80, 0x3F, 0x00, 0x00,
    0xE0, 0x07, 0x00, 0x00, 0x78, 0xC0, 0x0F, 0x00, 0x3C, 0xF8, 0x8F, 0x1F, 0x0F, 0xFF, 0xE7, 0xC7,
    0xE3, 0xFF, 0xFB, 0xF1, 0xF8, 0xFF, 0x7F, 0x78, 0xFE, 0xFF, 0x1F, 0xDE, 0xFF, 0xFF, 0x87, 0xF7,
    0x8F, 0xFF, 0xC1, 0xFF, 0xC1, 0x7F, 0x00, 0x7F, 0xE0, 0x1F, 0xC0, 0x0F, 0xF0, 0x07, 0xF0, 0x03,
    0xF8, 0x01, 0xFC, 0x00, 0x7E, 0x00, 0x3F, 0x80, 0x1F, 0xC0, 0x0F, 0xE0, 0x07, 0xF0, 0x03, 0xF8,
    0x01, 0xFC, 0x00, 0x7E, 0x00, 0x3F, 0x80, 0x1F, 0xC0, 0x0F, 0xE0, 0x07, 0xF0, 0x03, 0xF8, 0x01,
    0xFC, 0x00, 0x7E, 0x00, 0x3F, 0x80, 0x1F, 0xC0, 0x0F, 0xE0, 0x07, 0xF0, 0x03, 0xF8, 0x01, 0xFC,
    0x00, 0x7E, 0x00, 0x3F, 0x80, 0x1F, 0xC0, 0x0F, 0xE0, 0x07, 0xF0, 0x03, 0xF8, 0x01, 0xFC, 0x00,
    0x7E, 0x00, 0x3F, 0x80, 0x1F, 0xC0, 0x0F, 0xE0, 0x07, 0xF0, 0x03, 0xF8, 0x01, 0xFC, 0x00, 0x7E,
    0x00, 0x3F, 0x80, 0x1F, 0xC0, 0x0F, 0xE0, 0x07, 0x00, 0x03, 0x12, 0x19, 0x3A, 0x1F, 0x3F, 0x00,
    0xFE, 0x7F, 0x00, 0xFE, 0xFF, 0x00, 0xFC, 0xFF, 0x01, 0xF8, 0xFF, 0x03, 0xF8, 0xFF, 0x07, 0xF0,
    0xFF, 0x0F, 0xF0, 0xFF, 0x1F, 0xE0, 0xFF, 0x3F, 0xC0, 0xFF, 0x7F, 0xC0, 0xFF, 0xFF, 0x80, 0xFF,
    0xFF, 0x81, 0xFF, 0xFF, 0x03, 0xFF, 0xFF, 0x07, 0xFE, 0xFF, 0x0F, 0xFE, 0xFE, 0x1F, 0xFC, 0xFD,
    0x3F, 0xF8, 0xF9, 0x7F, 0xF8, 0xF3, 0xFF, 0xF0, 0xE7, 0xFF, 0xF1, 0xC7, 0xFF, 0xE3, 0x8F, 0xFF,
    0xC7, 0x0F, 0xFF, 0xCF, 0x1F, 0xFE, 0x9F, 0x3F, 0xFC, 0xBF, 0x3F, 0xF8, 0x7F, 0x7F, 0xF0, 0xFF,
    0x7E, 0xE0, 0xFF, 0xFF, 0xC0, 0xFF, 0xFF, 0x80, 0xFF, 0xFF, 0x01, 0xFF, 0xFF, 0x03, 0xFE, 0xFF,
    0x03, 0xFC, 0xFF, 0x07, 0xF8, 0xFF, 0x07, 0xF0, 0xFF, 0x0F, 0xE0, 0xFF, 0x1F, 0xC0, 0xFF, 0x1F,
    0x80, 0xFF, 0x3F, 0x00, 0xFF, 0x3F, 0x00, 0xFE, 0x7F, 0x00, 0xFC, 0x7F, 0x00, 0xF8, 0xFF, 0x00,
    0xF0, 0xFF, 0x01, 0xE0, 0xFF, 0x01, 0xC0, 0xFF, 0x03, 0x80, 0xFF, 0x07, 0x00, 0xC0, 0x0F, 0x00,
    0x80, 0x1F, 0x00, 0x00, 0x3F, 0x00, 0x00, 0x7E, 0x00, 0x00, 0xFC, 0x21, 0x00, 0xF8, 0x7F, 0x00,
    0xE0, 0xFF, 0x00, 0xC0, 0xFF, 0x01, 0x80, 0xFF, 0x07, 0x00, 0xFE, 0x0F, 0x00, 0xF8, 0x1F, 0x00,
    0xC0, 0x1F, 0x00, 0x00, 0x03, 0x1C, 0x15, 0x30, 0x1B, 0xF0, 0x03, 0x00, 0xFF, 0xF0, 0xF3, 0x7F,
    0x7E, 0xFF, 0xDF, 0xEF, 0xFF, 0xFF, 0xFD, 0xFF, 0xFF, 0xFF, 0xFF, 0xFF, 0xC7, 0xFF, 0x7F, 0xF0,
    0xFF, 0x0F, 0xFC, 0xFF, 0x00, 0xFF, 0x1F, 0xC0, 0xFF, 0x03, 0xF8, 0x7F, 0x00, 0xFF, 0x0F, 0xE0,
    0xFF, 0x01, 0xFC, 0x3F, 0x80, 0xFF, 0x07, 0xF0, 0xFF, 0x00, 0xFE, 0x1F, 0xC0, 0xFF, 0x03, 0xF8,
    0x7F, 0x00, 0xFF, 0x0F, 0xE0, 0xFF, 0x01, 0xFC, 0x3F, 0x80, 0xFF, 0x07, 0xF0, 0xFF, 0x00, 0xFE,
    0x1F, 0xC0, 0xFF, 0x03, 0xF8, 0x7F, 0x00, 0xFF, 0x0F, 0xE0, 0xFF, 0x01, 0xFC, 0x3F, 0x80, 0xFF,
    0x07, 0xF0, 0xFF, 0x00, 0xFE, 0x1F, 0x00, 0xF0, 0x03, 0x00, 0x7E, 0x00, 0xC0, 0x0F, 0x00, 0xF8,
    0x01, 0x00, 0x7F, 0x08, 0xE0, 0xFF, 0x01, 0xF8, 0x3F, 0x00, 0xFF, 0x07, 0xE0, 0xFF, 0x00, 0xF8,
    0x3F, 0x00, 0xFE, 0x07, 0x00, 0x3F, 0x00, 0x02, 0x05, 0x1B, 0x3B, 0x1F, 0xC0, 0xFF, 0x1F, 0x00,
    0xFE, 0xFF, 0x00, 0xF0, 0xFF, 0x07, 0x80, 0xFF, 0x3F, 0x00, 0xFC, 0xFF, 0x01, 0xE0, 0xFF, 0x0F,
    0x00, 0x00, 0x00, 0x00, 0x00, 0x00, 0x00, 0x00, 0x00, 0x00, 0x00, 0x00, 0x00, 0x00, 0x00, 0x00,
    0x00, 0x00, 0x00, 0x00, 0x00, 0xC0, 0x1F, 0x00, 0x80, 0xFF, 0x03, 0x00, 0xFF, 0x7F, 0x00, 0xFC,
    0xFF, 0x07, 0xF0, 0xFF, 0x7F, 0x80, 0xFF, 0xFF, 0x03, 0xFE, 0xFF, 0x3F, 0xF0, 0xFF, 0xFF, 0xC1,
    0x7F, 0xF0, 0x1F, 0xFE, 0x00, 0xFE, 0xF8, 0x03, 0xE0, 0xCF, 0x1F, 0x00, 0x7F, 0x7E, 0x00, 0xF0,
    0xF3, 0x03, 0x80, 0x9F, 0x1F, 0x00, 0xFC, 0xFE, 0x00, 0xE0, 0xFF, 0x03, 0x00, 0xFE, 0x1F, 0x00,
    0xF0, 0xFF, 0x00, 0x80, 0xFF, 0x07, 0x00, 0xFC, 0x3F, 0x00, 0xE0, 0xFF, 0x01, 0x00, 0xFF, 0x0F,
    0x00, 0xF8, 0x7F, 0x00, 0xC0, 0xFF, 0x03, 0x00, 0xFE, 0x1F, 0x00, 0xF0, 0xFF, 0x00, 0x80, 0xFF,
    0x07, 0x00, 0xFC, 0x3F, 0x00, 0xE0, 0xFF, 0x01, 0x00, 0xFF, 0x0F, 0x00, 0xF8, 0xFD, 0x00, 0xE0,
    0xEF, 0x07, 0x00, 0x3F, 0x3F, 0x00, 0xF8, 0xF9, 0x01, 0xC0, 0xCF, 0x1F, 0x00, 0x7F, 0xFC, 0x00,
    0xF8, 0xE1, 0x0F, 0xE0, 0x0F, 0xFF, 0xC1, 0x7F, 0xF0, 0xFF, 0xFF, 0x81, 0xFF, 0xFF, 0x0F, 0xF8,
    0xFF, 0x3F, 0xC0, 0xFF, 0xFF, 0x01, 0xFC, 0xFF, 0x07, 0xC0, 0xFF, 0x1F, 0x00, 0xF8, 0x3F, 0x00,
    0x00, 0x7F, 0x00, 0x00, 0x02, 0x10, 0x17, 0x30, 0x1B, 0xF0, 0xFF, 0x07, 0xF8, 0xFF, 0x03, 0xFC,
    0xFF, 0x01, 0xFE, 0xFF, 0x00, 0xFF, 0x7F, 0x80, 0xFF, 0x3F, 0x00, 0x00, 0x00, 0x00, 0x00, 0x00,
    0x00, 0x00, 0x00, 0x00, 0x00, 0x00, 0x00, 0x00, 0x00, 0x00, 0x00, 0x00, 0xF0, 0x07, 0x00, 0xFE,
    0x0F, 0x80, 0xFF, 0x0F, 0xE0, 0xFF, 0x0F, 0xF8, 0xFF, 0x0F, 0xFE, 0xFF, 0x0F, 0xFF, 0xFF, 0xC7,
    0x3F, 0xF8, 0xE7, 0x0F, 0xF8, 0xF3, 0x03, 0xF8, 0xF9, 0x01, 0xFC, 0xFE, 0x00, 0xFE, 0x3F, 0x00,
    0xFE, 0x1F, 0x00, 0xFF, 0x0F, 0x80, 0xFF, 0x07, 0xC0, 0xFF, 0x03, 0xE0, 0xFF, 0x01, 0xF0, 0xFF,
    0x00, 0xF8, 0x7F, 0x00, 0xFC, 0x3F, 0x00, 0xFE, 0x1F, 0x00, 0xFF, 0x0F, 0x80, 0xFF, 0x07, 0xC0,
    0xFF, 0x07, 0xF0, 0xF7, 0x03, 0xF8, 0xF9, 0x01, 0xFC, 0xFC, 0x01, 0x7F, 0xFE, 0xC1, 0x3F, 0xFE,
    0xFF, 0x0F, 0xFF, 0xFF, 0x07, 0xFF, 0xFF, 0x01, 0xFF, 0x7F, 0x00, 0xFF, 0x1F, 0x00, 0xFF, 0x07,
    0x00, 0xFE, 0x00, 0x02, 0x03, 0x1B, 0x3D, 0x1F, 0xE0, 0x01, 0x1C, 0x00, 0x1F, 0xF0, 0x00, 0xF8,
    0x80, 0x07, 0xC0, 0x0F, 0x3F, 0x00, 0xFC, 0xFF, 0x00, 0xE0, 0xFF, 0x07, 0x00, 0xFF, 0x3F, 0x00,
    0xF0, 0xFF, 0x00, 0x00, 0xFF, 0x03, 0x00, 0xF0, 0x0F, 0x00, 0x00, 0x3E, 0x00, 0x00, 0x00, 0x00,
    0x00, 0x00, 0x00, 0x00, 0x00, 0x00, 0x00, 0x00, 0xF0, 0x07, 0x00, 0xE0, 0xFF, 0x00, 0xC0, 0xFF,
    0x1F, 0x00, 0xFF, 0xFF, 0x01, 0xFC, 0xFF, 0x1F, 0xE0, 0xFF, 0xFF, 0x80, 0xFF, 0xFF, 0x0F, 0xFC,
    0xFF, 0x7F, 0xF0, 0x1F, 0xFC, 0x87, 0x3F, 0x80, 0x3F, 0xFE, 0x00, 0xF8, 0xF3, 0x07, 0xC0, 0x9F,
    0x1F, 0x00, 0xFC, 0xFC, 0x00, 0xE0, 0xE7, 0x07, 0x00, 0xBF, 0x3F, 0x00, 0xF8, 0xFF, 0x00, 0x80,
    0xFF, 0x07, 0x00, 0xFC, 0x3F, 0x00, 0xE0, 0xFF, 0x01, 0x00, 0xFF, 0x0F, 0x00, 0xF8, 0x7F, 0x00,
    0xC0, 0xFF, 0x03, 0x00, 0xFE, 0x1F, 0x00, 0xF0, 0xFF, 0x00, 0x80, 0xFF, 0x07, 0x00, 0xFC, 0x3F,
    0x00, 0xE0, 0xFF, 0x01, 0x00, 0xFF, 0x0F, 0x00, 0xF8, 0x7F, 0x00, 0xC0, 0xFF, 0x03, 0x00, 0x7E,
    0x3F, 0x00, 0xF8, 0xFB, 0x01, 0xC0, 0xCF, 0x0F, 0x00, 0x7E, 0x7E, 0x00, 0xF0, 0xF3, 0x07, 0xC0,
    0x1F, 0x3F, 0x00, 0x7E, 0xF8, 0x03, 0xF8, 0xC3, 0x7F, 0xF0, 0x1F, 0xFC, 0xFF, 0x7F, 0xE0, 0xFF,
    0xFF, 0x03, 0xFE, 0xFF, 0x0F, 0xF0, 0xFF, 0x7F, 0x00, 0xFF, 0xFF, 0x01, 0xF0, 0xFF, 0x07, 0x00,
    0xFE, 0x0F, 0x00, 0xC0, 0x1F, 0x00, 0x02, 0x0E, 0x17, 0x32, 0x1B, 0xF0, 0x80, 0x0F, 0x78, 0xC0,
    0x07, 0x7C, 0xF0, 0x03, 0xFE, 0xFF, 0x01, 0xFE, 0x7F, 0x00, 0xFF, 0x3F, 0x00, 0xFF, 0x0F, 0x00,
    0xFF, 0x03, 0x00, 0xFF, 0x00, 0x00, 0x3F, 0x00, 0x00, 0x00, 0x00, 0x00, 0x00, 0x00, 0x00, 0x00,
    0x00, 0x00, 0x00, 0x00, 0xFC, 0x01, 0x80, 0xFF, 0x03, 0xE0, 0xFF, 0x03, 0xF8, 0xFF, 0x03, 0xFE,
    0xFF, 0x83, 0xFF, 0xFF, 0xC3, 0xFF, 0xFF, 0xF1, 0x0F, 0xFE, 0xF9, 0x03, 0xFE, 0xFC, 0x00, 0x7E,
    0x7E, 0x00, 0xBF, 0x3F, 0x80, 0xFF, 0x0F, 0x80, 0xFF, 0x07, 0xC0, 0xFF, 0x03, 0xE0, 0xFF, 0x01,
    0xF0, 0xFF, 0x00, 0xF8, 0x7F, 0x00, 0xFC, 0x3F, 0x00, 0xFE, 0x1F, 0x00, 0xFF, 0x0F, 0x80, 0xFF,
    0x07, 0xC0, 0xFF, 0x03, 0xE0, 0xFF, 0x01, 0xF0, 0xFF, 0x01, 0xFC, 0xFD, 0x00, 0x7E, 0x7E, 0x00,
    0x3F, 0x7F, 0xC0, 0x9F, 0x7F, 0xF0, 0x8F, 0xFF, 0xFF, 0xC3, 0xFF, 0xFF, 0xC1, 0xFF, 0x7F, 0xC0,
    0xFF, 0x1F, 0xC0, 0xFF, 0x07, 0xC0, 0xFF, 0x01, 0x80, 0x3F, 0x00, 0x02, 0x01, 0x1B, 0x3F, 0x1F,
    0x7F, 0xFC, 0x01, 0xF0, 0xE3, 0x1F, 0x00, 0x3F, 0xFE, 0x00, 0xF8, 0xE1, 0x07, 0x80, 0x1F, 0x7F,
    0x00, 0xFC, 0xF0, 0x03, 0xC0, 0x0F, 0x3F, 0x00, 0x7E, 0xF8, 0x01, 0xE0, 0x83, 0x1F, 0x00, 0x3E,
    0xF8, 0x00, 0xF0, 0xC1, 0x07, 0x00, 0x00, 0x00, 0x00, 0x00, 0x00, 0x00, 0x00, 0x00, 0x00, 0x00,
    0x00, 0x00, 0x00, 0x00, 0x00, 0x00, 0x00, 0xFC, 0x01, 0x00, 0xF8, 0x3F, 0x00, 0xF0, 0xFF, 0x07,
    0xC0, 0xFF, 0x7F, 0x00, 0xFF, 0xFF, 0x07, 0xF8, 0xFF, 0x3F, 0xE0, 0xFF, 0xFF, 0x03, 0xFF, 0xFF,
    0x1F, 0xFC, 0x07, 0xFF, 0xE1, 0x0F, 0xE0, 0x8F, 0x3F, 0x00, 0xFE, 0xFC, 0x01, 0xF0, 0xE7, 0x07,
    0x00, 0x3F, 0x3F, 0x00, 0xF8, 0xF9, 0x01, 0xC0, 0xEF, 0x0F, 0x00, 0xFE, 0x3F, 0x00, 0xE0, 0xFF,
    0x01, 0x00, 0xFF, 0x0F, 0x00, 0xF8, 0x7F, 0x00, 0xC0, 0xFF, 0x03, 0x00, 0xFE, 0x1F, 0x00, 0xF0,
    0xFF, 0x00, 0x80, 0xFF, 0x07, 0x00, 0xFC, 0x3F, 0x00, 0xE0, 0xFF, 0x01, 0x00, 0xFF, 0x0F, 0x00,
    0xF8, 0x7F, 0x00, 0xC0, 0xFF, 0x03, 0x00, 0xFE, 0x1F, 0x00, 0xF0, 0xFF, 0x00, 0x80, 0xDF, 0x0F,
    0x00, 0xFE, 0x7E, 0x00, 0xF0, 0xF3, 0x03, 0x80, 0x9F, 0x1F, 0x00, 0xFC, 0xFC, 0x01, 0xF0, 0xC7,
    0x0F, 0x80, 0x1F, 0xFE, 0x00, 0xFE, 0xF0, 0x1F, 0xFC, 0x07, 0xFF, 0xFF, 0x1F, 0xF8, 0xFF, 0xFF,
    0x80, 0xFF, 0xFF, 0x03, 0xFC, 0xFF, 0x1F, 0xC0, 0xFF, 0x7F, 0x00, 0xFC, 0xFF, 0x01, 0x80, 0xFF,
    0x03, 0x00, 0xF0, 0x07, 0x00, 0x02, 0x0C, 0x19, 0x34, 0x1B, 0xFF, 0xFC, 0x01, 0xFC, 0xF9, 0x03,
    0xF0, 0xE3, 0x0F, 0xE0, 0x8F, 0x1F, 0x80, 0x1F, 0x7F, 0x00, 0x3F, 0xFC, 0x00, 0xFC, 0xF0, 0x01,
    0xF0, 0xE1, 0x07, 0xE0, 0x87, 0x0F, 0x80, 0x0F, 0x3F, 0x00, 0x1F, 0x7C, 0x00, 0x00, 0x00, 0x00,
    0x00, 0x00, 0x00, 0x00, 0x00, 0x00, 0x00, 0x00, 0x00, 0x00, 0x00, 0x00, 0x00, 0xFC, 0x01, 0x00,
    0xFE, 0x0F, 0x00, 0xFE, 0x3F, 0x00, 0xFE, 0xFF, 0x00, 0xFE, 0xFF, 0x03, 0xFE, 0xFF, 0x0F, 0xFC,
    0xFF, 0x1F, 0xFC, 0x83, 0x7F, 0xF8, 0x03, 0xFE, 0xF0, 0x03, 0xF8, 0xE1, 0x07, 0xF0, 0xE3, 0x0F,
    0xE0, 0xCF, 0x0F, 0x80, 0x9F, 0x1F, 0x00, 0x3F, 0x3F, 0x00, 0x7E, 0x7E, 0x00, 0xFC, 0xFC, 0x00,
    0xF8, 0xF9, 0x01, 0xF0, 0xF3, 0x03, 0xE0, 0xE7, 0x07, 0xC0, 0xCF, 0x0F, 0x80, 0x9F, 0x1F, 0x00,
    0x3F, 0x3F, 0x00, 0x7E, 0x7E, 0x00, 0xFC, 0xFC, 0x01, 0xFC, 0xF1, 0x03, 0xF8, 0xE1, 0x07, 0xF0,
    0xC3, 0x1F, 0xF0, 0x87, 0x7F, 0xF0, 0x0F, 0xFE, 0xFF, 0x0F, 0xFC, 0xFF, 0x1F, 0xF0, 0xFF, 0x1F,
    0xC0, 0xFF, 0x1F, 0x80, 0xFF, 0x1F, 0x00, 0xFC, 0x1F, 0x00, 0xE0, 0x0F, 0x00, 0x02, 0x11, 0x27,
    0x2F, 0x2B, 0x00, 0x00, 0xE0, 0x1F, 0x80, 0xFF, 0xFF, 0xFF, 0x3F, 0xC0, 0xFF, 0xFF, 0xFF, 0x7F,
    0xE0, 0xFF, 0xFF, 0xFF, 0x7F, 0xF0, 0xFF, 0xFF, 0xFF, 0x3F, 0xF8, 0xFF, 0xFF, 0xFF, 0x3F, 0xFC,
    0xFF, 0xFF, 0xFF, 0x3F, 0xFE, 0xFF, 0xFF, 0xFF, 0x1F, 0xFF, 0xFF, 0x3F, 0xF0, 0x1F, 0x00, 0xF0,
    0x07, 0xE0, 0x0F, 0x00, 0xF8, 0x01, 0xF0, 0x07, 0x00, 0xFC, 0x00, 0xF0, 0x07, 0x00, 0x7E, 0x00,
    0xF0, 0x03, 0x00, 0x3F, 0x00, 0xF8, 0x01, 0x80, 0x1F, 0x00, 0xFC, 0x00, 0xC0, 0x0F, 0x00, 0x7E,
    0x00, 0xE0, 0x07, 0x00, 0x7E, 0x00, 0xF0, 0x03, 0x00, 0x3F, 0x00, 0xF8, 0x01, 0x80, 0x9F, 0xFF,
    0xFF, 0x00, 0xC0, 0xCF, 0xFF, 0x7F, 0x00, 0xE0, 0xE7, 0xFF, 0x3F, 0x00, 0xF0, 0xF3, 0xFF, 0x1F,
    0x00, 0xF8, 0xF9, 0xFF, 0x0F, 0x00, 0xFC, 0xFC, 0xFF, 0x07, 0x00, 0x7E, 0xFE, 0xFF, 0x03, 0x00,
    0x3F, 0xFF, 0xFF, 0x01, 0x80, 0x1F, 0x00, 0xFC, 0x00, 0xC0, 0x0F, 0x00, 0x7E, 0x00, 0xE0, 0x07,
    0x00, 0x3F, 0x00, 0xF0, 0x03, 0x80, 0x1F, 0x00, 0xF8, 0x01, 0xC0, 0x0F, 0x00, 0x7E, 0x00, 0xE0,
    0x07, 0x00, 0x3F, 0x00, 0xF0, 0x03, 0x80, 0x1F, 0x00, 0xF8, 0x01, 0xC0, 0x0F, 0x00, 0xFC, 0x00,
    0xF0, 0x07, 0x00, 0x7E, 0x00, 0xF8, 0x01, 0x00, 0x3F, 0x00, 0xFE, 0xFC, 0xFF, 0x7F, 0xC0, 0x7F,
    0xFE, 0xFF, 0xFF, 0xFF, 0x1F, 0xFF, 0xFF, 0xFF, 0xFF, 0x8F, 0xFF, 0xFF, 0xFF, 0xFF, 0xC3, 0xFF,
    0xFF, 0xFF, 0xFF, 0xE0, 0xFF, 0xFF, 0xFF, 0x7F, 0xF0, 0xFF, 0xFF, 0xFF, 0x1F, 0xF8, 0xFF, 0xFF,
    0xFF, 0x03, 0x00, 0x00, 0x80, 0x7F, 0x00, 0x00, 0x02, 0x1C, 0x27, 0x24, 0x2B, 0x80, 0x3F, 0x00,
    0x7F, 0x00, 0xF0, 0x7F, 0xE0, 0xFF, 0x00, 0xFC, 0x7F, 0xF8, 0xFF, 0x00, 0xFF, 0x7F, 0xFE, 0xFF,
    0xC0, 0xFF, 0xFF, 0xFF, 0xFF, 0xE0, 0xFF, 0xFF, 0xFF, 0xFF, 0xF0, 0xFF, 0xFF, 0xFF, 0x7F, 0xFC,
    0xC3, 0xFF, 0x83, 0x7F, 0x7E, 0xC0, 0xFF, 0x80, 0x3F, 0x3F, 0xC0, 0x3F, 0x80, 0xDF, 0x0F, 0xE0,
    0x1F, 0xC0, 0xEF, 0x07, 0xE0, 0x0F, 0xE0, 0xFF, 0x03, 0xF0, 0x03, 0xE0, 0xFF, 0x01, 0xF8, 0x01,
    0xF0, 0xFF, 0xFF, 0xFF, 0x00, 0xF8, 0xFF, 0xFF, 0x7F, 0x00, 0xFC, 0xFF, 0xFF, 0x3F, 0x00, 0xFE,
    0xFF, 0xFF, 0x1F, 0x00, 0xFF, 0xFF, 0xFF, 0x0F, 0x80, 0xFF, 0xFF, 0xFF, 0x07, 0xC0, 0x0F, 0x00,
    0xF0, 0x03, 0xE0, 0x07, 0x00, 0xF8, 0x01, 0xF0, 0x03, 0x00, 0xFC, 0x00, 0xF8, 0x01, 0x00, 0x7E,
    0x00, 0xFC, 0x00, 0x00, 0x7F, 0x00, 0x7F, 0x00, 0xC0, 0x3F, 0x80, 0x1F, 0x04, 0xE0, 0x1F, 0xC0,
    0x0F, 0x07, 0xF8, 0x1F, 0xF0, 0xC7, 0x0F, 0xFE, 0x1F, 0xFC, 0xF3, 0xFF, 0xFF, 0xFF, 0xFF, 0xFC,
    0xFF, 0xFF, 0xFF, 0x7F, 0xFC, 0xFF, 0xFF, 0xFF, 0x1F, 0xFC, 0xFF, 0xF3, 0xFF, 0x07, 0xFC, 0xFF,
    0xF0, 0xFF, 0x01, 0xFC, 0x3F, 0xF0, 0x7F, 0x00, 0xF8, 0x03, 0xE0, 0x0F, 0x00, 0x03, 0x01, 0x19,
    0x3E, 0x1D, 0x80, 0x3F, 0x00, 0x00, 0xFE, 0x00, 0x00, 0xFC, 0x01, 0x00, 0xF0, 0x07, 0x00, 0xC0,
    0x0F, 0x00, 0x80, 0x3F, 0x00, 0x00, 0x7E, 0x00, 0x00, 0xF8, 0x00, 0x00, 0xF0, 0x03, 0x00, 0xC0,
    0x07, 0x00, 0x00, 0x1F, 0x00, 0x00, 0x00, 0x00, 0x00, 0x00, 0x00, 0x00, 0x00, 0x00, 0x00, 0x00,
    0x00, 0x00, 0x00, 0x00, 0x00, 0x00, 0x00, 0x00, 0xFC, 0xFF, 0x03, 0xFE, 0xFF, 0x07, 0xFF, 0xFF,
    0x0F, 0xFF, 0xFF, 0x1F, 0xFE, 0xFF, 0x3F, 0xFE, 0xFF, 0x7F, 0xFC, 0xFF, 0xFF, 0xF8, 0xFF, 0xFF,
    0xF9, 0x07, 0xF0, 0xF3, 0x07, 0xE0, 0xE7, 0x07, 0xC0, 0xCF, 0x0F, 0x80, 0x9F, 0x1F, 0x00, 0x3F,
    0x3F, 0x00, 0x7E, 0x7E, 0x00, 0xFC, 0xFC, 0x00, 0xF8, 0xF9, 0x01, 0xF0, 0xF3, 0x07, 0xE0, 0xE7,
    0x0F, 0xC0, 0x8F, 0x7F, 0x80, 0x1F, 0xFF, 0xFF, 0x3F, 0xFE, 0xFF, 0x7F, 0xF8, 0xFF, 0xFF, 0xF0,
    0xFF, 0xFF, 0xC1, 0xFF, 0xFF, 0x03, 0xFF, 0xFF, 0x07, 0xFC, 0xFF, 0x0F, 0xF0, 0xFF, 0x1F, 0xF0,
    0x0F, 0x3F, 0xE0, 0x1F, 0x7E, 0xE0, 0x1F, 0xFC, 0xC0, 0x3F, 0xF8, 0x81, 0x3F, 0xF0, 0x83, 0x7F,
    0xE0, 0x07, 0x7F, 0xC0, 0x0F, 0xFF, 0x80, 0x1F, 0xFE, 0x00, 0x3F, 0xFE, 0x01, 0x7E, 0xFC, 0x01,
    0xFC, 0xFC, 0x03, 0xF8, 0xF9, 0x03, 0xF0, 0xF3, 0x07, 0xE0, 0xF7, 0x07, 0xC0, 0xEF, 0x0F, 0x80,
    0xFF, 0x0F, 0x00, 0x3F, 0x03, 0x0C, 0x10, 0x33, 0x13, 0xFE, 0x00, 0xFC, 0x00, 0xFC, 0x01, 0xF8,
    0x01, 0xF0, 0x03, 0xF0, 0x03, 0xE0, 0x03, 0xE0, 0x07, 0xC0, 0x07, 0x80, 0x0F, 0x80, 0x0F, 0x00,
    0x00, 0x00, 0x00, 0x00, 0x00, 0x00, 0x00, 0x00, 0x00, 0x1E, 0x00, 0x7F, 0xFC, 0xFF, 0xFC, 0xFE,
    0xFD, 0xFE, 0xFD, 0xFE, 0xFF, 0xFE, 0xFF, 0xFE, 0xFF, 0xC2, 0xFF, 0x80, 0xFF, 0x00, 0xFF, 0x00,
    0xFE, 0x00, 0xFC, 0x00, 0xFC, 0x00, 0xFC, 0x00, 0xFC, 0x00, 0xFC, 0x00, 0xFC, 0x00, 0xFC, 0x00,
    0xFC, 0x00, 0xFC, 0x00, 0xFC, 0x00, 0xFC, 0x00, 0xFC, 0x00, 0xFC, 0x00, 0xFC, 0x00, 0xFC, 0x00,
    0xFC, 0x00, 0xFC, 0x00, 0xFC, 0x00, 0xFC, 0x00, 0xFC, 0x00, 0xFC, 0x00, 0xFC, 0x00, 0xFC, 0x03,
    0x12, 0x19, 0x3F, 0x1D, 0x00, 0xFE, 0xFF, 0x01, 0xFF, 0xFF, 0x83, 0xFF, 0xFF, 0x87, 0xFF, 0xFF,
    0x0F, 0xFF, 0xFF, 0x1F, 0xFF, 0xFF, 0x3F, 0xFE, 0xFF, 0x7F, 0xFC, 0xFF, 0xFF, 0xFC, 0x03, 0xF8,
    0xF9, 0x03, 0xF0, 0xF3, 0x03, 0xE0, 0xE7, 0x07, 0xC0, 0xCF, 0x0F, 0x80, 0x9F, 0x1F, 0x00, 0x3F,
    0x3F, 0x00, 0x7E, 0x7E, 0x00, 0xFC, 0xFC, 0x00, 0xF8, 0xF9, 0x03, 0xF0, 0xF3, 0x07, 0xE0, 0xC7,
    0x3F, 0xC0, 0x8F, 0xFF, 0xFF, 0x1F, 0xFF, 0xFF, 0x3F, 0xFC, 0xFF, 0x7F, 0xF8, 0xFF, 0xFF, 0xE0,
    0xFF, 0xFF, 0x81, 0xFF, 0xFF, 0x03, 0xFE, 0xFF, 0x07, 0xF8, 0xFF, 0x0F, 0xF8, 0x8F, 0x1F, 0xF0,
    0x0F, 0x3F, 0xF0, 0x1F, 0x7E, 0xE0, 0x1F, 0xFC, 0xC0, 0x3F, 0xF8, 0xC1, 0x3F, 0xF0, 0x83, 0x3F,
    0xE0, 0x87, 0x7F, 0xC0, 0x0F, 0x7F, 0x80, 0x1F, 0xFF, 0x00, 0x3F, 0xFE, 0x00, 0x7E, 0xFE, 0x01,
    0xFC, 0xFC, 0x01, 0xF8, 0xF9, 0x03, 0xF0, 0xFB, 0x03, 0xE0, 0xF7, 0x07, 0xC0, 0xFF, 0x07, 0x80,
    0x1F, 0x00, 0x00, 0x00, 0x00, 0x00, 0x00, 0x00, 0x78, 0x00, 0x00, 0xF8, 0x01, 0x00, 0xF8, 0x07,
    0x00, 0xF0, 0x0F, 0x00, 0xE0, 0x1F, 0x00, 0xC0, 0x3F, 0x00, 0x80, 0x7F, 0x00, 0x00, 0xFF, 0x00,
    0x00, 0xFE, 0x00, 0x00, 0xFC, 0x01, 0x00, 0xF0, 0x00, 0x00, 0xE0, 0x01, 0x00, 0xC0, 0x03, 0x00,
    0x00, 0x0F, 0x00, 0x00, 0x1E, 0x00, 0x00, 0x78, 0x00, 0x02, 0x1C, 0x10, 0x35, 0x12, 0x1E, 0x00,
    0x3F, 0x7E, 0x7F, 0x7E, 0xFF, 0x7E, 0xFF, 0x7E, 0xFE, 0x7F, 0xFE, 0x7F, 0xFE, 0x7F, 0xE0, 0x7F,
    0x80, 0x7F, 0x80, 0x7F, 0x00, 0x7F, 0x00, 0x7E, 0x00, 0x7E, 0x00, 0x7E, 0x00, 0x7E, 0x00, 0x7E,
    0x00, 0x7E, 0x00, 0x7E, 0x00, 0x7E, 0x00, 0x7E, 0x00, 0x7E, 0x00, 0x7E, 0x00, 0x7E, 0x00, 0x7E,
    0x00, 0x7E, 0x00, 0x7E, 0x00, 0x7E, 0x00, 0x7E, 0x00, 0x7E, 0x00, 0x7E, 0x00, 0x7E, 0x00, 0x7E,
    0x00, 0x7E, 0x00, 0x7E, 0x00, 0x00, 0x00, 0x00, 0x00, 0x38, 0x00, 0x7C, 0x00, 0xFE, 0x00, 0xFE,
    0x00, 0xFE, 0x00, 0xFE, 0x00, 0xFE, 0x00, 0xFE, 0x00, 0x7E, 0x00, 0x7E, 0x00, 0x1E, 0x00, 0x1C,
    0x00, 0x1C, 0x00, 0x3C, 0x00, 0x3C, 0x00, 0x78, 0x03, 0x01, 0x19, 0x3E, 0x1D, 0xC0, 0x07, 0x3E,
    0x00, 0x1F, 0x7C, 0x00, 0x3E, 0x7C, 0x00, 0xFC, 0xF8, 0x00, 0xF0, 0xF9, 0x00, 0xE0, 0xFF, 0x01,
    0x80, 0xFF, 0x01, 0x00, 0xFF, 0x03, 0x00, 0xFC, 0x07, 0x00, 0xF8, 0x07, 0x00, 0xE0, 0x0F, 0x00,
    0xC0, 0x0F, 0x00, 0x00, 0x00, 0x00, 0x00, 0x00, 0x00, 0x00, 0x00, 0x00, 0x00, 0x00, 0x00, 0x00,
    0x00, 0x00, 0x00, 0xFC, 0xFF, 0x03, 0xFE, 0xFF, 0x07, 0xFF, 0xFF, 0x0F, 0xFF, 0xFF, 0x1F, 0xFE,
    0xFF, 0x3F, 0xFE, 0xFF, 0x7F, 0xFC, 0xFF, 0xFF, 0xF8, 0xFF, 0xFF, 0xF9, 0x07, 0xF0, 0xF3, 0x07,
    0xE0, 0xE7, 0x07, 0xC0, 0xCF, 0x0F, 0x80, 0x9F, 0x1F, 0x00, 0x3F, 0x3F, 0x00, 0x7E, 0x7E, 0x00,
    0xFC, 0xFC, 0x00, 0xF8, 0xF9, 0x01, 0xF0, 0xF3, 0x07, 0xE0, 0xE7, 0x0F, 0xC0, 0x8F, 0x7F, 0x80,
    0x1F, 0xFF, 0xFF, 0x3F, 0xFE, 0xFF, 0x7F, 0xF8, 0xFF, 0xFF, 0xF0, 0xFF, 0xFF, 0xC1, 0xFF, 0xFF,
    0x03, 0xFF, 0xFF, 0x07, 0xFC, 0xFF, 0x0F, 0xF0, 0xFF, 0x1F, 0xF0, 0x0F, 0x3F, 0xE0, 0x1F, 0x7E,
    0xE0, 0x1F, 0xFC, 0xC0, 0x3F, 0xF8, 0x81, 0x3F, 0xF0, 0x83, 0x7F, 0xE0, 0x07, 0x7F, 0xC0, 0x0F,
    0xFF, 0x80, 0x1F, 0xFE, 0x00, 0x3F, 0xFE, 0x01, 0x7E, 0xFC, 0x01, 0xFC, 0xFC, 0x03, 0xF8, 0xF9,
    0x03, 0xF0, 0xF3, 0x07, 0xE0, 0xF7, 0x07, 0xC0, 0xEF, 0x0F, 0x80, 0xFF, 0x0F, 0x00, 0x3F, 0x02,
    0x0C, 0x11, 0x33, 0x13, 0x3E, 0xF0, 0x7D, 0xF0, 0xF1, 0xE1, 0xE3, 0xE7, 0x83, 0xEF, 0x07, 0xFF,
    0x07, 0xFC, 0x0F, 0xF8, 0x0F, 0xE0, 0x1F, 0xC0, 0x1F, 0x00, 0x3F, 0x00, 0x7E, 0x00, 0x00, 0x00,
    0x00, 0x00, 0x00, 0x00, 0x00, 0x00, 0x1E, 0x00, 0xFE, 0xF8, 0xFD, 0xF3, 0xF3, 0xEF, 0xE7, 0xDF,
    0xCF, 0xFF, 0x9F, 0xFF, 0x3F, 0xFF, 0x7F, 0xC2, 0xFF, 0x00, 0xFF, 0x01, 0xFC, 0x03, 0xF0, 0x07,
    0xC0, 0x0F, 0x80, 0x1F, 0x00, 0x3F, 0x00, 0x7E, 0x00, 0xFC, 0x00, 0xF8, 0x01, 0xF0, 0x03, 0xE0,
    0x07, 0xC0, 0x0F, 0x80, 0x1F, 0x00, 0x3F, 0x00, 0x7E, 0x00, 0xFC, 0x00, 0xF8, 0x01, 0xF0, 0x03,
    0xE0, 0x07, 0xC0, 0x0F, 0x80, 0x1F, 0x00, 0x3F, 0x00, 0x7E, 0x00, 0xFC, 0x00, 0xF8, 0x01, 0xF0,
    0x03, 0x01, 0x01, 0x19, 0x3F, 0x1C, 0xF0, 0x0F, 0x00, 0xC0, 0x1F, 0x00, 0x00, 0x7F, 0x00, 0x00,
    0xFE, 0x00, 0x00, 0xF8, 0x01, 0x00, 0xE0, 0x07, 0x00, 0xC0, 0x0F, 0x00, 0x00, 0x3F, 0x00, 0x00,
    0x7E, 0x00, 0x00, 0xF8, 0x01, 0x00, 0xE0, 0x03, 0x00, 0x00, 0x00, 0x00, 0x00, 0x00, 0x00, 0x00,
    0x00, 0x00, 0x00, 0x00, 0x00, 0x00, 0x00, 0x00, 0x00, 0xFE, 0x00, 0x80, 0xFF, 0x07, 0x80, 0xFF,
    0x3F, 0x80, 0xFF, 0xFF, 0x80, 0xFF, 0xFF, 0x83, 0xFF, 0xFF, 0x87, 0xFF, 0xFF, 0x1F, 0xFF, 0xFF,
    0x3F, 0xFE, 0x83, 0x7F, 0xF8, 0x01, 0xFC, 0xE1, 0x01, 0xF0, 0x83, 0x01, 0xE0, 0x07, 0x03, 0xC0,
    0x0F, 0x00, 0x80, 0x1F, 0x00, 0x00, 0x3F, 0x00, 0x00, 0x7F, 0x00, 0x00, 0xFF, 0x00, 0x80, 0xFF,
    0x01, 0xE0, 0xFF, 0x01, 0xF0, 0xFF, 0x03, 0xF8, 0xFF, 0x07, 0xFC, 0xFF, 0x07, 0xFC, 0xFF, 0x07,
    0xFC, 0xFF, 0x0F, 0xFC, 0xFF, 0x07, 0xF8, 0xFF, 0x03, 0xF8, 0xFF, 0x01, 0xF0, 0xFF, 0x00, 0xF0,
    0x3F, 0x00, 0xE0, 0x1F, 0x00, 0xC0, 0x1F, 0x00, 0x80, 0x1F, 0x00, 0x00, 0x3F, 0x00, 0x00, 0x7E,
    0x00, 0x00, 0xFC, 0x00, 0x60, 0xF8, 0x01, 0xC0, 0xF1, 0x07, 0xC0, 0xE7, 0x0F, 0xC0, 0x9F, 0x7F,
    0xE0, 0x3F, 0xFF, 0xFF, 0x7F, 0xFE, 0xFF, 0xFF, 0xF8, 0xFF, 0xFF, 0xF0, 0xFF, 0xFF, 0xC0, 0xFF,
    0xFF, 0x01, 0xFF, 0xFF, 0x00, 0xF8, 0xFF, 0x00, 0xC0, 0x3F, 0x00, 0x01, 0x0C, 0x14, 0x34, 0x17,
    0xFC, 0x01, 0x80, 0x3F, 0x00, 0xF0, 0x03, 0x00, 0x3F, 0x00, 0xE0, 0x07, 0x00, 0x7E, 0x00, 0xC0,
    0x07, 0x00, 0xF8, 0x00, 0x80, 0x0F, 0x00, 0xF0, 0x00, 0x00, 0x1F, 0x00, 0x00, 0x00, 0x00, 0x00,
    0x00, 0x00, 0x00, 0x00, 0x00, 0x00, 0x00, 0x00, 0xC0, 0x1F, 0x00, 0xFF, 0x07, 0xF8, 0xFF, 0xC0,
    0xFF, 0x1F, 0xFE, 0xFF, 0xE3, 0xFF, 0x3F, 0xFE, 0xFF, 0xC7, 0x07, 0x7F, 0x38, 0xE0, 0x07, 0x01,
    0x7E, 0x00, 0xE0, 0x07, 0x00, 0x7E, 0x00, 0xF0, 0x07, 0xC0, 0x7F, 0x80, 0xFF, 0x03, 0xFE, 0x3F,
    0xF0, 0xFF, 0x83, 0xFF, 0x1F, 0xFC, 0xFF, 0xE0, 0xFF, 0x07, 0xFE, 0x1F, 0xE0, 0x7F, 0x00, 0xFF,
    0x00, 0xF0, 0x07, 0x00, 0x3F, 0x00, 0xF0, 0x03, 0x00, 0x3F, 0xC0, 0xF0, 0x03, 0x1C, 0xFF, 0xF0,
    0xE3, 0xFF, 0x7F, 0xFE, 0xFF, 0xE7, 0xFF, 0x7F, 0xFC, 0xFF, 0x83, 0xFF, 0x1F, 0xF0, 0xFF, 0x00,
    0xFC, 0x03, 0x01, 0x01, 0x19, 0x3F, 0x1C, 0x00, 0xFE, 0x00, 0x00, 0xFC, 0x01, 0x00, 0xFC, 0x07,
    0x00, 0xF8, 0x0F, 0x00, 0xF8, 0x1F, 0x00, 0xF0, 0x7F, 0x00, 0xF0, 0xFB, 0x00, 0xE0, 0xF7, 0x03,
    0xC0, 0xC7, 0x07, 0xC0, 0x07, 0x1F, 0x80, 0x0F, 0x3E, 0x80, 0x0F, 0xF8, 0x00, 0x00, 0x00, 0x00,
    0x00, 0x00, 0x00, 0x00, 0x00, 0x00, 0x00, 0x00, 0x00, 0x00, 0xFE, 0x00, 0x80, 0xFF, 0x07, 0x80,
    0xFF, 0x3F, 0x80, 0xFF, 0xFF, 0x80, 0xFF, 0xFF, 0x83, 0xFF, 0xFF, 0x87, 0xFF, 0xFF, 0x1F, 0xFF,
    0xFF, 0x3F, 0xFE, 0x83, 0x7F, 0xF8, 0x01, 0xFC, 0xE1, 0x01, 0xF0, 0x83, 0x01, 0xE0, 0x07, 0x03,
    0xC0, 0x0F, 0x00, 0x80, 0x1F, 0x00, 0x00, 0x3F, 0x00, 0x00, 0x7F, 0x00, 0x00, 0xFF, 0x00, 0x80,
    0xFF, 0x01, 0xE0, 0xFF, 0x01, 0xF0, 0xFF, 0x03, 0xF8, 0xFF, 0x07, 0xFC, 0xFF, 0x07, 0xFC, 0xFF,
    0x07, 0xFC, 0xFF, 0x0F, 0xFC, 0xFF, 0x07, 0xF8, 0xFF, 0x03, 0xF8, 0xFF, 0x01, 0xF0, 0xFF, 0x00,
    0xF0, 0x3F, 0x00, 0xE0, 0x1F, 0x00, 0xC0, 0x1F, 0x00, 0x80, 0x1F, 0x00, 0x00, 0x3F, 0x00, 0x00,
    0x7E, 0x00, 0x00, 0xFC, 0x00, 0x60, 0xF8, 0x01, 0xC0, 0xF1, 0x07, 0xC0, 0xE7, 0x0F, 0xC0, 0x9F,
    0x7F, 0xE0, 0x3F, 0xFF, 0xFF, 0x7F, 0xFE, 0xFF, 0xFF, 0xF8, 0xFF, 0xFF, 0xF0, 0xFF, 0xFF, 0xC0,
    0xFF, 0xFF, 0x01, 0xFF, 0xFF, 0x00, 0xF8, 0xFF, 0x00, 0xC0, 0x3F, 0x00, 0x01, 0x0C, 0x14, 0x34,
    0x17, 0x80, 0x0F, 0x00, 0xFC, 0x01, 0xC0, 0x1F, 0x00, 0xFE, 0x03, 0xE0, 0x3F, 0x00, 0xFF, 0x07,
    0xF0, 0x7D, 0x00, 0xDF, 0x0F, 0xF8, 0xF8, 0x80, 0x0F, 0x1F, 0x7C, 0xF0, 0xC1, 0x07, 0x3E, 0x00,
    0x00, 0x00, 0x00, 0x00, 0x00, 0x00, 0x00, 0x00, 0x00, 0xC0, 0x1F, 0x00, 0xFF, 0x07, 0xF8, 0xFF,
    0xC0, 0xFF, 0x1F, 0xFE, 0xFF, 0xE3, 0xFF, 0x3F, 0xFE, 0xFF, 0xC7, 0x07, 0x7F, 0x38, 0xE0, 0x07,
    0x01, 0x7E, 0x00, 0xE0, 0x07, 0x00, 0x7E, 0x00, 0xF0, 0x07, 0xC0, 0x7F, 0x80, 0xFF, 0x03, 0xFE,
    0x3F, 0xF0, 0xFF, 0x83, 0xFF, 0x1F, 0xFC, 0xFF, 0xE0, 0xFF, 0x07, 0xFE, 0x1F, 0xE0, 0x7F, 0x00,
    0xFF, 0x00, 0xF0, 0x07, 0x00, 0x3F, 0x00, 0xF0, 0x03, 0x00, 0x3F, 0xC0, 0xF0, 0x03, 0x1C, 0xFF,
    0xF0, 0xE3, 0xFF, 0x7F, 0xFE, 0xFF, 0xE7, 0xFF, 0x7F, 0xFC, 0xFF, 0x83, 0xFF, 0x1F, 0xF0, 0xFF,
    0x00, 0xFC, 0x03, 0x01, 0x11, 0x19, 0x3B, 0x1C, 0x00, 0xFE, 0x00, 0x80, 0xFF, 0x0F, 0x80, 0xFF,
    0x3F, 0x80, 0xFF, 0xFF, 0x80, 0xFF, 0xFF, 0x83, 0xFF, 0xFF, 0x87, 0xFF, 0xFF, 0x1F, 0xFF, 0xFF,
    0x3F, 0xFE, 0x83, 0x7F, 0xF8, 0x03, 0xFC, 0xE1, 0x03, 0xF0, 0x83, 0x03, 0xE0, 0x07, 0x06, 0xC0,
    0x0F, 0x00, 0x80, 0x1F, 0x00, 0x00, 0x3F, 0x00, 0x00, 0x7F, 0x00, 0x00, 0xFF, 0x00, 0x80, 0xFF,
    0x01, 0xE0, 0xFF, 0x01, 0xF0, 0xFF, 0x03, 0xFC, 0xFF, 0x07, 0xFC, 0xFF, 0x07, 0xFC, 0xFF, 0x07,
    0xFC, 0xFF, 0x07, 0xFC, 0xFF, 0x07, 0xFC, 0xFF, 0x03, 0xF8, 0xFF, 0x00, 0xF0, 0x7F, 0x00, 0xF0,
    0x1F, 0x00, 0xE0, 0x1F, 0x00, 0xC0, 0x1F, 0x00, 0x80, 0x1F, 0x00, 0x00, 0x3F, 0x00, 0x00, 0x7E,
    0x00, 0x20, 0xFC, 0x00, 0x60, 0xF8, 0x01, 0xE0, 0xF1, 0x07, 0xC0, 0xE7, 0x1F, 0xE0, 0x9F, 0xFF,
    0xF9, 0x7F, 0xFF, 0xFF, 0x7F, 0xFE, 0xFF, 0xFF, 0xF8, 0xFF, 0xFF, 0xE0, 0xFF, 0xFF, 0x80, 0xFF,
    0xFF, 0x00, 0xFE, 0xFF, 0x00, 0xF8, 0xFF, 0x00, 0x80, 0x1F, 0x00, 0x00, 0x1F, 0x00, 0x00, 0x7F,
    0x00, 0x00, 0xFE, 0x00, 0x00, 0x7E, 0x00, 0x00, 0x3C, 0x00, 0x00, 0x78, 0x00, 0x00, 0xF0, 0x60,
    0x00, 0xE0, 0xFF, 0x01, 0xC0, 0xFF, 0x03, 0x00, 0xFF, 0x07, 0x00, 0xFC, 0x0F, 0x00, 0xF0, 0x07,
    0x00, 0x01, 0x1C, 0x14, 0x30, 0x17, 0xC0, 0x1F, 0x00, 0xFF, 0x07, 0xF8, 0xFF, 0xC0, 0xFF, 0x1F,
    0xFE, 0xFF, 0xE3, 0xFF, 0x3F, 0xFE, 0xFF, 0xC7, 0x0F, 0x7F, 0x38, 0xE0, 0x07, 0x01, 0x7E, 0x00,
    0xE0, 0x07, 0x00, 0x7E, 0x00, 0xF0, 0x07, 0xC0, 0x7F, 0x80, 0xFF, 0x03, 0xFE, 0x3F, 0xF0, 0xFF,
    0x83, 0xFF, 0x1F, 0xFC, 0xFF, 0xE0, 0xFF, 0x07, 0xFE, 0x3F, 0xF0, 0x7F, 0x00, 0xFF, 0x01, 0xF0,
    0x07, 0x00, 0x3F, 0x00, 0xF0, 0x03, 0x00, 0x3F, 0xC0, 0xF0, 0x03, 0x1C, 0x7F, 0xF0, 0xE3, 0xFF,
    0x7F, 0xFE, 0xFF, 0xE7, 0xFF, 0x7F, 0xFC, 0xFF, 0x83, 0xFF, 0x1F, 0xF0, 0xFF, 0x00, 0xFC, 0x01,
    0xC0, 0x07, 0x00, 0x7E, 0x00, 0xF0, 0x0F, 0x00, 0x3F, 0x00, 0xF0, 0x00, 0x00, 0x0F, 0x00, 0xF0,
    0x70, 0x00, 0xFF, 0x07, 0xF0, 0x7F, 0x00, 0xFE, 0x0F, 0xC0, 0xFF, 0x00, 0xF8, 0x03, 0x01, 0x01,
    0x19, 0x3F, 0x1C, 0xE0, 0x03, 0x1F, 0xC0, 0x07, 0x3E, 0x80, 0x1F, 0x3E, 0x00, 0x7E, 0x7C, 0x00,
    0xFC, 0x7C, 0x00, 0xF0, 0xFF, 0x00, 0xE0, 0xFF, 0x00, 0x80, 0xFF, 0x01, 0x00, 0xFF, 0x03, 0x00,
    0xFC, 0x03, 0x00, 0xF8, 0x07, 0x00, 0xE0, 0x07, 0x00, 0x00, 0x00, 0x00, 0x00, 0x00, 0x00, 0x00,
    0x00, 0x00, 0x00, 0x00, 0x00, 0x00, 0xFE, 0x00, 0x80, 0xFF, 0x07, 0x80, 0xFF, 0x3F, 0x80, 0xFF,
    0xFF, 0x80, 0xFF, 0xFF, 0x83, 0xFF, 0xFF, 0x87, 0xFF, 0xFF, 0x1F, 0xFF, 0xFF, 0x3F, 0xFE, 0x83,
    0x7F, 0xF8, 0x01, 0xFC, 0xE1, 0x01, 0xF0, 0x83, 0x01, 0xE0, 0x07, 0x03, 0xC0, 0x0F, 0x00, 0x80,
    0x1F, 0x00, 0x00, 0x3F, 0x00, 0x00, 0x7F, 0x00, 0x00, 0xFF, 0x00, 0x80, 0xFF, 0x01, 0xE0, 0xFF,
    0x01, 0xF0, 0xFF, 0x03, 0xF8, 0xFF, 0x07, 0xFC, 0xFF, 0x07, 0xFC, 0xFF, 0x07, 0xFC, 0xFF, 0x0F,
    0xFC, 0xFF, 0x07, 0xF8, 0xFF, 0x03, 0xF8, 0xFF, 0x01, 0xF0, 0xFF, 0x00, 0xF0, 0x3F, 0x00, 0xE0,
    0x1F, 0x00, 0xC0, 0x1F, 0x00, 0x80, 0x1F, 0x00, 0x00, 0x3F, 0x00, 0x00, 0x7E, 0x00, 0x00, 0xFC,
    0x00, 0x60, 0xF8, 0x01, 0xC0, 0xF1, 0x07, 0xC0, 0xE7, 0x0F, 0xC0, 0x9F, 0x7F, 0xE0, 0x3F, 0xFF,
    0xFF, 0x7F, 0xFE, 0xFF, 0xFF, 0xF8, 0xFF, 0xFF, 0xF0, 0xFF, 0xFF, 0xC0, 0xFF, 0xFF, 0x01, 0xFF,
    0xFF, 0x00, 0xF8, 0xFF, 0x00, 0xC0, 0x3F, 0x00, 0x01, 0x0C, 0x14, 0x34, 0x17, 0xF8, 0xE0, 0x83,
    0x0F, 0x3F, 0xF0, 0xF1, 0x01, 0x9F, 0x1F, 0xE0, 0xFB, 0x00, 0xFE, 0x0F, 0xE0, 0x7F, 0x00, 0xFC,
    0x07, 0xC0, 0x3F, 0x00, 0xF8, 0x03, 0x80, 0x1F, 0x00, 0xF0, 0x01, 0x00, 0x00, 0x00, 0x00, 0x00,
    0x00, 0x00, 0x00, 0x00, 0x00, 0xC0, 0x1F, 0x00, 0xFF, 0x07, 0xF8, 0xFF, 0xC0, 0xFF, 0x1F, 0xFE,
    0xFF, 0xE3, 0xFF, 0x3F, 0xFE, 0xFF, 0xC7, 0x07, 0x7F, 0x38, 0xE0, 0x07, 0x01, 0x7E, 0x00, 0xE0,
    0x07, 0x00, 0x7E, 0x00, 0xF0, 0x07, 0xC0, 0x7F, 0x80, 0xFF, 0x03, 0xFE, 0x3F, 0xF0, 0xFF, 0x83,
    0xFF, 0x1F, 0xFC, 0xFF, 0xE0, 0xFF, 0x07, 0xFE, 0x1F, 0xE0, 0x7F, 0x00, 0xFF, 0x00, 0xF0, 0x07,
    0x00, 0x3F, 0x00, 0xF0, 0x03, 0x00, 0x3F, 0xC0, 0xF0, 0x03, 0x1C, 0xFF, 0xF0, 0xE3, 0xFF, 0x7F,
    0xFE, 0xFF, 0xE7, 0xFF, 0x7F, 0xFC, 0xFF, 0x83, 0xFF, 0x1F, 0xF0, 0xFF, 0x00, 0xFC, 0x03, 0x01,
    0x12, 0x1A, 0x3A, 0x1C, 0xFF, 0xFF, 0xFF, 0xFF, 0xFF, 0xFF, 0xFF, 0xFF, 0xFF, 0xFF, 0xFF, 0xFF,
    0xFF, 0xFF, 0xFF, 0xFF, 0xFF, 0xFF, 0xFF, 0xFF, 0xFF, 0xFF, 0xFF, 0xFF, 0xFF, 0xFF, 0x00, 0xFC,
    0x00, 0x00, 0xF0, 0x03, 0x00, 0xC0, 0x0F, 0x00, 0x00, 0x3F, 0x00, 0x00, 0xFC, 0x00, 0x00, 0xF0,
    0x03, 0x00, 0xC0, 0x0F, 0x00, 0x00, 0x3F, 0x00, 0x00, 0xFC, 0x00, 0x00, 0xF0, 0x03, 0x00, 0xC0,
    0x0F, 0x00, 0x00, 0x3F, 0x00, 0x00, 0xFC, 0x00, 0x00, 0xF0, 0x03, 0x00, 0xC0, 0x0F, 0x00, 0x00,
    0x3F, 0x00, 0x00, 0xFC, 0x00, 0x00, 0xF0, 0x03, 0x00, 0xC0, 0x0F, 0x00, 0x00, 0x3F, 0x00, 0x00,
    0xFC, 0x00, 0x00, 0xF0, 0x03, 0x00, 0xC0, 0x0F, 0x00, 0x00, 0x3F, 0x00, 0x00, 0xFC, 0x00, 0x00,
    0xF0, 0x03, 0x00, 0xC0, 0x0F, 0x00, 0x00, 0x3F, 0x00, 0x00, 0xFC, 0x00, 0x00, 0xF0, 0x03, 0x00,
    0xC0, 0x0F, 0x00, 0x00, 0x3F, 0x00, 0x00, 0xFC, 0x00, 0x00, 0xF0, 0x03, 0x00, 0xC0, 0x0F, 0x00,
    0x00, 0x3F, 0x00, 0x00, 0xFC, 0x00, 0x00, 0xC0, 0x00, 0x00, 0xE0, 0x07, 0x00, 0xC0, 0x1F, 0x00,
    0x00, 0x7F, 0x00, 0x00, 0xFE, 0x00, 0x00, 0xF8, 0x00, 0x00, 0xE0, 0x03, 0x00, 0x80, 0x0F, 0x03,
    0x00, 0xFE, 0x1F, 0x00, 0xF8, 0x7F, 0x00, 0xC0, 0xFF, 0x01, 0x00, 0xFE, 0x07, 0x00, 0xF0, 0x07,
    0x00, 0x01, 0x13, 0x10, 0x39, 0x11, 0x80, 0x1F, 0x80, 0x1F, 0x80, 0x1F, 0x80, 0x1F, 0x80, 0x1F,
    0x80, 0x1F, 0x80, 0x1F, 0x80, 0x1F, 0x80, 0x1F, 0x80, 0x1F, 0xFE, 0xFF, 0xFE, 0xFF, 0xFE, 0xFF,
    0xFE, 0xFF, 0xFE, 0xFF, 0xFE, 0xFF, 0xFE, 0xFF, 0x80, 0x1F, 0x80, 0x1F, 0x80, 0x1F, 0x80, 0x1F,
    0x80, 0x1F, 0x80, 0x1F, 0x80, 0x1F, 0x80, 0x1F, 0x80, 0x1F, 0x80, 0x1F, 0x80, 0x1F, 0x80, 0x1F,
    0x80, 0x1F, 0x80, 0x1F, 0x80, 0x1F, 0x80, 0x1F, 0x80, 0x1F, 0x80, 0x1F, 0x80, 0x1F, 0x80, 0x1F,
    0xC2, 0x1F, 0xFE, 0x1F, 0xFE, 0x0F, 0xFE, 0x0F, 0xFE, 0x0F, 0xFE, 0x07, 0xFF, 0x03, 0xFC, 0x00,
    0xF8, 0x00, 0xFC, 0x01, 0xFC, 0x01, 0x7E, 0x00, 0x1E, 0x00, 0x1E, 0x00, 0x1E, 0x0C, 0xFE, 0x0F,
    0xFE, 0x1F, 0xFC, 0x1F, 0xF8, 0x1F, 0xF0, 0x07, 0x01, 0x00, 0x1A, 0x3F, 0x1C, 0xE0, 0x03, 0x1F,
    0x00, 0x0F, 0x7C, 0x00, 0x7C, 0xF8, 0x00, 0xF0, 0xE3, 0x03, 0x80, 0xCF, 0x07, 0x00, 0x7E, 0x1F,
    0x00, 0xF0, 0x3F, 0x00, 0xC0, 0xFF, 0x00, 0x00, 0xFE, 0x01, 0x00, 0xF8, 0x07, 0x00, 0xC0, 0x0F,
    0x00, 0x00, 0x3F, 0x00, 0x00, 0xF8, 0x00, 0x00, 0x00, 0x00, 0x00, 0x00, 0x00, 0x00, 0x00, 0x00,
    0x00, 0x00, 0x00, 0x00, 0x00, 0x00, 0x00, 0xF0, 0xFF, 0xFF, 0xFF, 0xFF, 0xFF, 0xFF, 0xFF, 0xFF,
    0xFF, 0xFF, 0xFF, 0xFF, 0xFF, 0xFF, 0xFF, 0xFF, 0xFF, 0xFF, 0xFF, 0xFF, 0xFF, 0xFF, 0xFF, 0xFF,
    0xFF, 0x0F, 0xC0, 0x0F, 0x00, 0x00, 0x3F, 0x00, 0x00, 0xFC, 0x00, 0x00, 0xF0, 0x03, 0x00, 0xC0,
    0x0F, 0x00, 0x00, 0x3F, 0x00, 0x00, 0xFC, 0x00, 0x00, 0xF0, 0x03, 0x00, 0xC0, 0x0F, 0x00, 0x00,
    0x3F, 0x00, 0x00, 0xFC, 0x00, 0x00, 0xF0, 0x03, 0x00, 0xC0, 0x0F, 0x00, 0x00, 0x3F, 0x00, 0x00,
    0xFC, 0x00, 0x00, 0xF0, 0x03, 0x00, 0xC0, 0x0F, 0x00, 0x00, 0x3F, 0x00, 0x00, 0xFC, 0x00, 0x00,
    0xF0, 0x03, 0x00, 0xC0, 0x0F, 0x00, 0x00, 0x3F, 0x00, 0x00, 0xFC, 0x00, 0x00, 0xF0, 0x03, 0x00,
    0xC0, 0x0F, 0x00, 0x00, 0x3F, 0x00, 0x00, 0xFC, 0x00, 0x00, 0xF0, 0x03, 0x00, 0xC0, 0x0F, 0x00,
    0x00, 0x3F, 0x00, 0x00, 0xFC, 0x00, 0x00, 0xF0, 0x03, 0x00, 0xC0, 0x0F, 0x00, 0x00, 0x3F, 0x00,
    0x00, 0xFC, 0x00, 0x00, 0xF0, 0x03, 0x00, 0xC0, 0x0F, 0x00, 0x01, 0x0F, 0x13, 0x31, 0x11, 0x3F,
    0x00, 0xF0, 0x03, 0x80, 0x1F, 0x00, 0xFC, 0x00, 0xC0, 0xC7, 0x0F, 0x3E, 0x7E, 0xF0, 0xF1, 0x03,
    0x8F, 0x1F, 0xF8, 0xFC, 0xC0, 0xE7, 0x07, 0x3C, 0x3F, 0x00, 0xF8, 0x01, 0xC0, 0x0F, 0xF8, 0xFF,
    0xC3, 0xFF, 0x1F, 0xFE, 0xFF, 0xF0, 0xFF, 0x87, 0xFF, 0x3F, 0xFC, 0xFF, 0xE1, 0xFF, 0x0F, 0xC0,
    0x0F, 0x00, 0x7E, 0x00, 0xF0, 0x03, 0x80, 0x1F, 0x00, 0xFC, 0x00, 0xE0, 0x07, 0x00, 0x3F, 0x00,
    0xF8, 0x01, 0xC0, 0x0F, 0x00, 0x7E, 0x00, 0xF0, 0x03, 0x80, 0x1F, 0x00, 0xFC, 0x00, 0xE0, 0x07,
    0x00, 0x3F, 0x00, 0xF8, 0x01, 0xC0, 0x0F, 0x00, 0x7E, 0x00, 0xF0, 0x03, 0x80, 0x1F, 0x00, 0xFE,
    0x80, 0xF0, 0x07, 0xFE, 0x3F, 0xF0, 0xFF, 0x80, 0xFF, 0x07, 0xFC, 0x3F, 0xE0, 0xFF, 0x00, 0xFF,
    0x03, 0xF0, 0x07, 0x00, 0x01, 0x12, 0x1A, 0x2D, 0x1C, 0xFF, 0xFF, 0xFF, 0xFF, 0xFF, 0xFF, 0xFF,
    0xFF, 0xFF, 0xFF, 0xFF, 0xFF, 0xFF, 0xFF, 0xFF, 0xFF, 0xFF, 0xFF, 0xFF, 0xFF, 0xFF, 0xFF, 0xFF,
    0xFF, 0xFF, 0xFF, 0x00, 0xFC, 0x00, 0x00, 0xF0, 0x03, 0x00, 0xC0, 0x0F, 0x00, 0x00, 0x3F, 0x00,
    0x00, 0xFC, 0x00, 0x00, 0xF0, 0x03, 0x00, 0xC0, 0x0F, 0x00, 0x00, 0x3F, 0x00, 0x00, 0xFC, 0x00,
    0x00, 0xFF, 0x7F, 0x00, 0xFC, 0xFF, 0x01, 0xF0, 0xFF, 0x07, 0xC0, 0xFF, 0x1F, 0x00, 0xFF, 0x7F,
    0x00, 0xFC, 0xFF, 0x01, 0x00, 0x3F, 0x00, 0x00, 0xFC, 0x00, 0x00, 0xF0, 0x03, 0x00, 0xC0, 0x0F,
    0x00, 0x00, 0x3F, 0x00, 0x00, 0xFC, 0x00, 0x00, 0xF0, 0x03, 0x00, 0xC0, 0x0F, 0x00, 0x00, 0x3F,
    0x00, 0x00, 0xFC, 0x00, 0x00, 0xF0, 0x03, 0x00, 0xC0, 0x0F, 0x00, 0x00, 0x3F, 0x00, 0x00, 0xFC,
    0x00, 0x00, 0xF0, 0x03, 0x00, 0xC0, 0x0F, 0x00, 0x00, 0x3F, 0x00, 0x00, 0xFC, 0x00, 0x00, 0xF0,
    0x03, 0x00, 0xC0, 0x0F, 0x00, 0x00, 0x3F, 0x00, 0x00, 0xFC, 0x00, 0x00, 0x01, 0x13, 0x10, 0x2D,
    0x11, 0x80, 0x1F, 0x80, 0x1F, 0x80, 0x1F, 0x80, 0x1F, 0x80, 0x1F, 0x80, 0x1F, 0x80, 0x1F, 0x80,
    0x1F, 0x80, 0x1F, 0x80, 0x1F, 0xFE, 0xFF, 0xFE, 0xFF, 0xFE, 0xFF, 0xFE, 0xFF, 0xFE, 0xFF, 0xFE,
    0xFF, 0xFE, 0xFF, 0x80, 0x1F, 0x80, 0x1F, 0x80, 0x1F, 0x80, 0x1F, 0xFE, 0xFF, 0xFE, 0xFF, 0xFE,
    0xFF, 0xFE, 0xFF, 0xFE, 0xFF, 0xFE, 0xFF, 0x80, 0x1F, 0x80, 0x1F, 0x80, 0x1F, 0x80, 0x1F, 0x80,
    0x1F, 0x80, 0x1F, 0x80, 0x1F, 0x80, 0x1F, 0x80, 0x1F, 0x80, 0x1F, 0xC2, 0x1F, 0xFE, 0x1F, 0xFE,
    0x0F, 0xFE, 0x0F, 0xFF, 0x0F, 0xFF, 0x07, 0xFF, 0x03, 0xFE, 0x00, 0x03, 0x02, 0x1A, 0x3E, 0x20,
    0xF0, 0xC0, 0x03, 0xC0, 0x83, 0x3F, 0x00, 0x0F, 0xFF, 0x00, 0x7C, 0xFE, 0x07, 0xF0, 0xFF, 0x1F,
    0xC0, 0xFF, 0xFF, 0x00, 0xFE, 0xE7, 0x03, 0xF8, 0x1F, 0x0F, 0xE0, 0x3F, 0x3C, 0x00, 0x7F, 0xF0,
    0x00, 0xF8, 0x00, 0x00, 0x00, 0x00, 0x00, 0x00, 0x00, 0x00, 0x00, 0x00, 0x00, 0x00, 0x00, 0x00,
    0x00, 0x00, 0x00, 0x00, 0x3F, 0x00, 0xF0, 0xFF, 0x00, 0xC0, 0xFF, 0x03, 0x00, 0xFF, 0x0F, 0x00,
    0xFC, 0x3F, 0x00, 0xF0, 0xFF, 0x00, 0xC0, 0xFF, 0x03, 0x00, 0xFF, 0x0F, 0x00, 0xFC, 0x3F, 0x00,
    0xF0, 0xFF, 0x00, 0xC0, 0xFF, 0x03, 0x00, 0xFF, 0x0F, 0x00, 0xFC, 0x3F, 0x00, 0xF0, 0xFF, 0x00,
    0xC0, 0xFF, 0x03, 0x00, 0xFF, 0x0F, 0x00, 0xFC, 0x3F, 0x00, 0xF0, 0xFF, 0x00, 0xC0, 0xFF, 0x03,
    0x00, 0xFF, 0x0F, 0x00, 0xFC, 0x3F, 0x00, 0xF0, 0xFF, 0x00, 0xC0, 0xFF, 0x03, 0x00, 0xFF, 0x0F,
    0x00, 0xFC, 0x3F, 0x00, 0xF0, 0xFF, 0x00, 0xC0, 0xFF, 0x03, 0x00, 0xFF, 0x0F, 0x00, 0xFC, 0x3F,
    0x00, 0xF0, 0xFF, 0x00, 0xC0, 0xFF, 0x03, 0x00, 0xFF, 0x0F, 0x00, 0xFC, 0x7F, 0x00, 0xF8, 0xFF,
    0x01, 0xE0, 0xEF, 0x07, 0x80, 0x9F, 0x3F, 0x00, 0x7F, 0xFE, 0x00, 0xFE, 0xF9, 0x0F, 0xFC, 0xC7,
    0xFF, 0xFF, 0x0F, 0xFF, 0xFF, 0x3F, 0xFC, 0xFF, 0xFF, 0xE0, 0xFF, 0xFF, 0x01, 0xFF, 0xFF, 0x03,
    0xF8, 0xFF, 0x07, 0xC0, 0xFF, 0x0F, 0x00, 0xF8, 0x07, 0x00, 0x03, 0x0D, 0x15, 0x33, 0x1B, 0x1E,
    0x78, 0xC0, 0x83, 0x3F, 0x78, 0xF8, 0x07, 0x9F, 0xFF, 0xE1, 0xFF, 0x3F, 0xFC, 0xFF, 0x0F, 0xFF,
    0xF7, 0xE1, 0x7F, 0x3C, 0xF8, 0x87, 0x07, 0x7F, 0xF0, 0x80, 0x07, 0x00, 0x00, 0x00, 0x00, 0x00,
    0x00, 0x00, 0x00, 0x00, 0x00, 0x00, 0x00, 0x00, 0x00, 0x3F, 0x80, 0xFF, 0x07, 0xF0, 0xFF, 0x00,
    0xFE, 0x1F, 0xC0, 0xFF, 0x03, 0xF8, 0x7F, 0x00, 0xFF, 0x0F, 0xE0, 0xFF, 0x01, 0xFC, 0x3F, 0x80,
    0xFF, 0x07, 0xF0, 0xFF, 0x00, 0xFE, 0x1F, 0xC0, 0xFF, 0x03, 0xF8, 0x7F, 0x00, 0xFF, 0x0F, 0xE0,
    0xFF, 0x01, 0xFC, 0x3F, 0x80, 0xFF, 0x07, 0xF0, 0xFF, 0x00, 0xFE, 0x1F, 0xC0, 0xFF, 0x03, 0xF8,
    0x7F, 0x00, 0xFF, 0x0F, 0xE0, 0xFF, 0x01, 0xFC, 0x7F, 0x80, 0xFF, 0x1F, 0xF8, 0xFF, 0x07, 0xFF,
    0xFF, 0xF1, 0xFF, 0xFF, 0xFF, 0xFF, 0xFF, 0xDF, 0xFF, 0xFF, 0xFB, 0xFD, 0x7F, 0x3F, 0xFF, 0xE7,
    0xC7, 0x7F, 0x00, 0xE0, 0x07, 0x03, 0x05, 0x1A, 0x3B, 0x20, 0xE0, 0xFF, 0x0F, 0x80, 0xFF, 0x3F,
    0x00, 0xFE, 0xFF, 0x00, 0xF8, 0xFF, 0x03, 0xE0, 0xFF, 0x0F, 0x80, 0xFF, 0x3F, 0x00, 0x00, 0x00,
    0x00, 0x00, 0x00, 0x00, 0x00, 0x00, 0x00, 0x00, 0x00, 0x00, 0x00, 0x00, 0x00, 0x00, 0x00, 0x00,
    0x00, 0x00, 0x00, 0x00, 0xFC, 0x00, 0xC0, 0xFF, 0x03, 0x00, 0xFF, 0x0F, 0x00, 0xFC, 0x3F, 0x00,
    0xF0, 0xFF, 0x00, 0xC0, 0xFF, 0x03, 0x00, 0xFF, 0x0F, 0x00, 0xFC, 0x3F, 0x00, 0xF0, 0xFF, 0x00,
    0xC0, 0xFF, 0x03, 0x00, 0xFF, 0x0F, 0x00, 0xFC, 0x3F, 0x00, 0xF0, 0xFF, 0x00, 0xC0, 0xFF, 0x03,
    0x00, 0xFF, 0x0F, 0x00, 0xFC, 0x3F, 0x00, 0xF0, 0xFF, 0x00, 0xC0, 0xFF, 0x03, 0x00, 0xFF, 0x0F,
    0x00, 0xFC, 0x3F, 0x00, 0xF0, 0xFF, 0x00, 0xC0, 0xFF, 0x03, 0x00, 0xFF, 0x0F, 0x00, 0xFC, 0x3F,
    0x00, 0xF0, 0xFF, 0x00, 0xC0, 0xFF, 0x03, 0x00, 0xFF, 0x0F, 0x00, 0xFC, 0x3F, 0x00, 0xF0, 0xFF,
    0x00, 0xC0, 0xFF, 0x03, 0x00, 0xFF, 0x0F, 0x00, 0xFC, 0x3F, 0x00, 0xF0, 0xFF, 0x01, 0xE0, 0xFF,
    0x07, 0x80, 0xBF, 0x1F, 0x00, 0x7E, 0xFE, 0x00, 0xFC, 0xF9, 0x07, 0xF8, 0xE7, 0x3F, 0xF0, 0x1F,
    0xFF, 0xFF, 0x3F, 0xFC, 0xFF, 0xFF, 0xF0, 0xFF, 0xFF, 0x81, 0xFF, 0xFF, 0x07, 0xFC, 0xFF, 0x0F,
    0xE0, 0xFF, 0x1F, 0x00, 0xFF, 0x3F, 0x00, 0xE0, 0x1F, 0x00, 0x03, 0x10, 0x15, 0x30, 0x1B, 0xF8,
    0xFF, 0x03, 0xFF, 0x7F, 0xE0, 0xFF, 0x0F, 0xFC, 0xFF, 0x81, 0xFF, 0x3F, 0xF0, 0xFF, 0x07, 0x00,
    0x00, 0x00, 0x00, 0x00, 0x00, 0x00, 0x00, 0x00, 0x00, 0x00, 0x00, 0x00, 0x00, 0x00, 0x00, 0x00,
    0x00, 0x7E, 0x00, 0xFF, 0x0F, 0xE0, 0xFF, 0x01, 0xFC, 0x3F, 0x80, 0xFF, 0x07, 0xF0, 0xFF, 0x00,
    0xFE, 0x1F, 0xC0, 0xFF, 0x03, 0xF8, 0x7F, 0x00, 0xFF, 0x0F, 0xE0, 0xFF, 0x01, 0xFC, 0x3F, 0x80,
    0xFF, 0x07, 0xF0, 0xFF, 0x00, 0xFE, 0x1F, 0xC0, 0xFF, 0x03, 0xF8, 0x7F, 0x00, 0xFF, 0x0F, 0xE0,
    0xFF, 0x01, 0xFC, 0x3F, 0x80, 0xFF, 0x07, 0xF0, 0xFF, 0x00, 0xFE, 0x1F, 0xC0, 0xFF, 0x03, 0xF8,
    0xFF, 0x00, 0xFF, 0x3F, 0xF0, 0xFF, 0x0F, 0xFE, 0xFF, 0xE3, 0xFF, 0xFF, 0xFF, 0xFF, 0xFF, 0xBF,
    0xFF, 0xFF, 0xF7, 0xFB, 0xFF, 0x7E, 0xFE, 0xCF, 0x8F, 0xFF, 0x00, 0xC0, 0x0F, 0x03, 0x03, 0x1A,
    0x3D, 0x20, 0xF0, 0x01, 0x1E, 0xC0, 0x07, 0x7C, 0x00, 0x3F, 0xF8, 0x01, 0xFC, 0xFF, 0x07, 0xE0,
    0xFF, 0x0F, 0x80, 0xFF, 0x3F, 0x00, 0xFC, 0x7F, 0x00, 0xE0, 0xFF, 0x00, 0x00, 0xFF, 0x01, 0x00,
    0xF0, 0x01, 0x00, 0x00, 0x00, 0x00, 0x00, 0x00, 0x00, 0x00, 0x00, 0x00, 0x00, 0x00, 0x00, 0x00,
    0x00, 0x00, 0xC0, 0x0F, 0x00, 0xFC, 0x3F, 0x00, 0xF0, 0xFF, 0x00, 0xC0, 0xFF, 0x03, 0x00, 0xFF,
    0x0F, 0x00, 0xFC, 0x3F, 0x00, 0xF0, 0xFF, 0x00, 0xC0, 0xFF, 0x03, 0x00, 0xFF, 0x0F, 0x00, 0xFC,
    0x3F, 0x00, 0xF0, 0xFF, 0x00, 0xC0, 0xFF, 0x03, 0x00, 0xFF, 0x0F, 0x00, 0xFC, 0x3F, 0x00, 0xF0,
    0xFF, 0x00, 0xC0, 0xFF, 0x03, 0x00, 0xFF, 0x0F, 0x00, 0xFC, 0x3F, 0x00, 0xF0, 0xFF, 0x00, 0xC0,
    0xFF, 0x03, 0x00, 0xFF, 0x0F, 0x00, 0xFC, 0x3F, 0x00, 0xF0, 0xFF, 0x00, 0xC0, 0xFF, 0x03, 0x00,
    0xFF, 0x0F, 0x00, 0xFC, 0x3F, 0x00, 0xF0, 0xFF, 0x00, 0xC0, 0xFF, 0x03, 0x00, 0xFF, 0x0F, 0x00,
    0xFC, 0x3F, 0x00, 0xF0, 0xFF, 0x00, 0xC0, 0xFF, 0x03, 0x00, 0xFF, 0x1F, 0x00, 0xFE, 0x7F, 0x00,
    0xF8, 0xFB, 0x01, 0xE0, 0xE7, 0x0F, 0xC0, 0x9F, 0x7F, 0x80, 0x7F, 0xFE, 0x03, 0xFF, 0xF1, 0xFF,
    0xFF, 0xC3, 0xFF, 0xFF, 0x0F, 0xFF, 0xFF, 0x1F, 0xF8, 0xFF, 0x7F, 0xC0, 0xFF, 0xFF, 0x00, 0xFE,
    0xFF, 0x01, 0xF0, 0xFF, 0x03, 0x00, 0xFE, 0x01, 0x00, 0x03, 0x0E, 0x15, 0x32, 0x1B, 0x7C, 0xC0,
    0x83, 0x1F, 0x78, 0xF0, 0x87, 0x0F, 0xFE, 0xFF, 0x81, 0xFF, 0x1F, 0xF0, 0xFF, 0x03, 0xFC, 0x3F,
    0x00, 0xFF, 0x03, 0xC0, 0x3F, 0x00, 0xF0, 0x03, 0x00, 0x00, 0x00, 0x00, 0x00, 0x00, 0x00, 0x00,
    0x00, 0x00, 0x00, 0x00, 0x00, 0xF8, 0x01, 0xFC, 0x3F, 0x80, 0xFF, 0x07, 0xF0, 0xFF, 0x00, 0xFE,
    0x1F, 0xC0, 0xFF, 0x03, 0xF8, 0x7F, 0x00, 0xFF, 0x0F, 0xE0, 0xFF, 0x01, 0xFC, 0x3F, 0x80, 0xFF,
    0x07, 0xF0, 0xFF, 0x00, 0xFE, 0x1F, 0xC0, 0xFF, 0x03, 0xF8, 0x7F, 0x00, 0xFF, 0x0F, 0xE0, 0xFF,
    0x01, 0xFC, 0x3F, 0x80, 0xFF, 0x07, 0xF0, 0xFF, 0x00, 0xFE, 0x1F, 0xC0, 0xFF, 0x03, 0xF8, 0x7F,
    0x00, 0xFF, 0x0F, 0xE0, 0xFF, 0x03, 0xFC, 0xFF, 0xC0, 0xFF, 0x3F, 0xF8, 0xFF, 0x8F, 0xFF, 0xFF,
    0xFF, 0xFF, 0xFF, 0xFF, 0xFE, 0xFF, 0xDF, 0xEF, 0xFF, 0xFB, 0xF9, 0x3F, 0x3F, 0xFE, 0x03, 0x00,
    0x3F, 0x00, 0x03, 0x00, 0x1A, 0x40, 0x20, 0x00, 0x78, 0x00, 0x00, 0xF0, 0x03, 0x00, 0xE0, 0x1F,
    0x00, 0xC0, 0xFF, 0x00, 0x00, 0xCF, 0x03, 0x00, 0x1C, 0x0E, 0x00, 0x70, 0x38, 0x00, 0xC0, 0xE1,
    0x00, 0x00, 0x87, 0x03, 0x00, 0x3C, 0x0F, 0x00, 0xF0, 0x3F, 0x00, 0x80, 0x7F, 0x00, 0x00, 0xFE,
    0x01, 0x00, 0xE0, 0x01, 0x00, 0x00, 0x00, 0x00, 0x00, 0x00, 0x00, 0x00, 0x00, 0x00, 0x00, 0x00,
    0x00, 0xF0, 0x03, 0x00, 0xFF, 0x0F, 0x00, 0xFC, 0x3F, 0x00, 0xF0, 0xFF, 0x00, 0xC0, 0xFF, 0x03,
    0x00, 0xFF, 0x0F, 0x00, 0xFC, 0x3F, 0x00, 0xF0, 0xFF, 0x00, 0xC0, 0xFF, 0x03, 0x00, 0xFF, 0x0F,
    0x00, 0xFC, 0x3F, 0x00, 0xF0, 0xFF, 0x00, 0xC0, 0xFF, 0x03, 0x00, 0xFF, 0x0F, 0x00, 0xFC, 0x3F,
    0x00, 0xF0, 0xFF, 0x00, 0xC0, 0xFF, 0x03, 0x00, 0xFF, 0x0F, 0x00, 0xFC, 0x3F, 0x00, 0xF0, 0xFF,
    0x00, 0xC0, 0xFF, 0x03, 0x00, 0xFF, 0x0F, 0x00, 0xFC, 0x3F, 0x00, 0xF0, 0xFF, 0x00, 0xC0, 0xFF,
    0x03, 0x00, 0xFF, 0x0F, 0x00, 0xFC, 0x3F, 0x00, 0xF0, 0xFF, 0x00, 0xC0, 0xFF, 0x03, 0x00, 0xFF,
    0x0F, 0x00, 0xFC, 0x3F, 0x00, 0xF0, 0xFF, 0x00, 0xC0, 0xFF, 0x07, 0x80, 0xFF, 0x1F, 0x00, 0xFE,
    0x7E, 0x00, 0xF8, 0xF9, 0x03, 0xF0, 0xE7, 0x1F, 0xE0, 0x9F, 0xFF, 0xC0, 0x7F, 0xFC, 0xFF, 0xFF,
    0xF0, 0xFF, 0xFF, 0xC3, 0xFF, 0xFF, 0x07, 0xFE, 0xFF, 0x1F, 0xF0, 0xFF, 0x3F, 0x80, 0xFF, 0x7F,
    0x00, 0xFC, 0xFF, 0x00, 0x80, 0x7F, 0x00, 0x03, 0x0B, 0x15, 0x35, 0x1B, 0x00, 0x1F, 0x00, 0xF0,
    0x07, 0x00, 0xFF, 0x01, 0xE0, 0x7F, 0x00, 0x1E, 0x0F, 0xC0, 0xC1, 0x01, 0x38, 0x38, 0x00, 0x07,
    0x07, 0xE0, 0xE0, 0x00, 0x3C, 0x1E, 0x00, 0xFF, 0x03, 0xE0, 0x3F, 0x00, 0xF8, 0x03, 0x00, 0x3E,
    0x00, 0x00, 0x00, 0x00, 0x00, 0x00, 0x00, 0x00, 0x00, 0x00, 0x00, 0xFC, 0x00, 0xFE, 0x1F, 0xC0,
    0xFF, 0x03, 0xF8, 0x7F, 0x00, 0xFF, 0x0F, 0xE0, 0xFF, 0x01, 0xFC, 0x3F, 0x80, 0xFF, 0x07, 0xF0,
    0xFF, 0x00, 0xFE, 0x1F, 0xC0, 0xFF, 0x03, 0xF8, 0x7F, 0x00, 0xFF, 0x0F, 0xE0, 0xFF, 0x01, 0xFC,
    0x3F, 0x80, 0xFF, 0x07, 0xF0, 0xFF, 0x00, 0xFE, 0x1F, 0xC0, 0xFF, 0x03, 0xF8, 0x7F, 0x00, 0xFF,
    0x0F, 0xE0, 0xFF, 0x01, 0xFC, 0x3F, 0x80, 0xFF, 0x07, 0xF0, 0xFF, 0x01, 0xFE, 0x7F, 0xE0, 0xFF,
    0x1F, 0xFC, 0xFF, 0xC7, 0xFF, 0xFF, 0xFF, 0xFF, 0xFF, 0x7F, 0xFF, 0xFF, 0xEF, 0xF7, 0xFF, 0xFD,
    0xFC, 0x9F, 0x1F, 0xFF, 0x01, 0x80, 0x1F, 0x00, 0x03, 0x01, 0x1A, 0x3F, 0x20, 0x7F, 0xFE, 0x01,
    0xFC, 0xF1, 0x07, 0xE0, 0xC7, 0x3F, 0x00, 0x3F, 0xFE, 0x00, 0xFC, 0xF0, 0x03, 0xE0, 0xC7, 0x1F,
    0x80, 0x1F, 0x7E, 0x00, 0x7C, 0xF0, 0x01, 0xE0, 0xC3, 0x0F, 0x80, 0x0F, 0x3E, 0x00, 0x7C, 0xF0,
    0x01, 0x00, 0x00, 0x00, 0x00, 0x00, 0x00, 0x00, 0x00, 0x00, 0x00, 0x00, 0x00, 0x00, 0x00, 0x00,
    0x00, 0x3F, 0x00, 0xF0, 0xFF, 0x00, 0xC0, 0xFF, 0x03, 0x00, 0xFF, 0x0F, 0x00, 0xFC, 0x3F, 0x00,
    0xF0, 0xFF, 0x00, 0xC0, 0xFF, 0x03, 0x00, 0xFF, 0x0F, 0x00, 0xFC, 0x3F, 0x00, 0xF0, 0xFF, 0x00,
    0xC0, 0xFF, 0x03, 0x00, 0xFF, 0x0F, 0x00, 0xFC, 0x3F, 0x00, 0xF0, 0xFF, 0x00, 0xC0, 0xFF, 0x03,
    0x00, 0xFF, 0x0F, 0x00, 0xFC, 0x3F, 0x00, 0xF0, 0xFF, 0x00, 0xC0, 0xFF, 0x03, 0x00, 0xFF, 0x0F,
    0x00, 0xFC, 0x3F, 0x00, 0xF0, 0xFF, 0x00, 0xC0, 0xFF, 0x03, 0x00, 0xFF, 0x0F, 0x00, 0xFC, 0x3F,
    0x00, 0xF0, 0xFF, 0x00, 0xC0, 0xFF, 0x03, 0x00, 0xFF, 0x0F, 0x00, 0xFC, 0x3F, 0x00, 0xF0, 0xFF,
    0x00, 0xC0, 0xFF, 0x03, 0x00, 0xFF, 0x0F, 0x00, 0xFC, 0x3F, 0x00, 0xF0, 0xFF, 0x01, 0xE0, 0xFF,
    0x07, 0x80, 0xBF, 0x1F, 0x00, 0x7E, 0xFE, 0x00, 0xFC, 0xF9, 0x07, 0xF8, 0xE7, 0x3F, 0xF0, 0x1F,
    0xFF, 0xFF, 0x3F, 0xFC, 0xFF, 0xFF, 0xE0, 0xFF, 0xFF, 0x81, 0xFF, 0xFF, 0x07, 0xFC, 0xFF, 0x0F,
    0xE0, 0xFF, 0x1F, 0x00, 0xFF, 0x3F, 0x00, 0xE0, 0x1F, 0x00, 0x03, 0x0C, 0x18, 0x34, 0x1B, 0x7F,
    0xFC, 0x00, 0xFE, 0xFC, 0x01, 0xFE, 0xF8, 0x01, 0xFC, 0xF0, 0x03, 0xF8, 0xF1, 0x03, 0xF8, 0xE1,
    0x03, 0xF0, 0xE3, 0x07, 0xE0, 0xC3, 0x07, 0xE0, 0xC3, 0x0F, 0xC0, 0x87, 0x0F, 0xC0, 0x07, 0x0F,
    0x00, 0x00, 0x00, 0x00, 0x00, 0x00, 0x00, 0x00, 0x00, 0x00, 0x00, 0x00, 0x00, 0x00, 0x00, 0x00,
    0x00, 0x00, 0xF8, 0x01, 0xFC, 0xF8, 0x01, 0xFC, 0xF8, 0x01, 0xFC, 0xF8, 0x01, 0xFC, 0xF8, 0x01,
    0xFC, 0xF8, 0x01, 0xFC, 0xF8, 0x01, 0xFC, 0xF8, 0x01, 0xFC, 0xF8, 0x01, 0xFC, 0xF8, 0x01, 0xFC,
    0xF8, 0x01, 0xFC, 0xF8, 0x01, 0xFC, 0xF8, 0x01, 0xFC, 0xF8, 0x01, 0xFC, 0xF8, 0x01, 0xFC, 0xF8,
    0x01, 0xFC, 0xF8, 0x01, 0xFC, 0xF8, 0x01, 0xFC, 0xF8, 0x01, 0xFC, 0xF8, 0x01, 0xFC, 0xF8, 0x01,
    0xFC, 0xF8, 0x01, 0xFC, 0xF8, 0x01, 0xFC, 0xF8, 0x01, 0xFC, 0xF8, 0x03, 0xFC, 0xF8, 0x07, 0xFE,
    0xF8, 0x0F, 0xFE, 0xF8, 0x1F, 0xFF, 0xF8, 0xFF, 0xFF, 0xF8, 0xFF, 0x7F, 0xF8, 0xFF, 0x7F, 0xF8,
    0xFD, 0x7F, 0xF8, 0xF9, 0x3F, 0xF8, 0xF1, 0x1F, 0x00, 0xC0, 0x0F, 0x03, 0x12, 0x1A, 0x3A, 0x20,
    0x3F, 0x00, 0xF0, 0xFF, 0x00, 0xC0, 0xFF, 0x03, 0x00, 0xFF, 0x0F, 0x00, 0xFC, 0x3F, 0x00, 0xF0,
    0xFF, 0x00, 0xC0, 0xFF, 0x03, 0x00, 0xFF, 0x0F, 0x00, 0xFC, 0x3F, 0x00, 0xF0, 0xFF, 0x00, 0xC0,
    0xFF, 0x03, 0x00, 0xFF, 0x0F, 0x00, 0xFC, 0x3F, 0x00, 0xF0, 0xFF, 0x00, 0xC0, 0xFF, 0x03, 0x00,
    0xFF, 0x0F, 0x00, 0xFC, 0x3F, 0x00, 0xF0, 0xFF, 0x00, 0xC0, 0xFF, 0x03, 0x00, 0xFF, 0x0F, 0x00,
    0xFC, 0x3F, 0x00, 0xF0, 0xFF, 0x00, 0xC0, 0xFF, 0x03, 0x00, 0xFF, 0x0F, 0x00, 0xFC, 0x3F, 0x00,
    0xF0, 0xFF, 0x00, 0xC0, 0xFF, 0x03, 0x00, 0xFF, 0x0F, 0x00, 0xFC, 0x3F, 0x00, 0xF0, 0xFF, 0x00,
    0xC0, 0xFF, 0x03, 0x00, 0xFF, 0x0F, 0x00, 0xFC, 0x7F, 0x00, 0xF8, 0xFF, 0x01, 0xE0, 0xEF, 0x07,
    0x80, 0x9F, 0x3F, 0x00, 0x7F, 0xFE, 0x00, 0xFE, 0xF9, 0x0F, 0xFC, 0xC7, 0xFF, 0xFF, 0x0F, 0xFF,
    0xFF, 0x3F, 0xFC, 0xFF, 0xFF, 0xE0, 0xFF, 0xFF, 0x01, 0xFF, 0xFF, 0x03, 0xFC, 0xFF, 0x07, 0xE0,
    0xFF, 0x0F, 0x80, 0xFF, 0x0F, 0x00, 0x3E, 0x00, 0x00, 0xF0, 0x00, 0x00, 0xC0, 0x07, 0x00, 0x00,
    0x1F, 0x00, 0x00, 0x7C, 0x00, 0x00, 0xF1, 0x01, 0x00, 0xFC, 0x07, 0x00, 0xF8, 0x1F, 0x00, 0xE0,
    0x7F, 0x00, 0xC0, 0xFF, 0x00, 0x00, 0xFE, 0x03, 0x00, 0xE0, 0x03, 0x00, 0x00, 0x03, 0x1D, 0x15,
    0x2F, 0x1B, 0x3F, 0x80, 0xFF, 0x07, 0xF0, 0xFF, 0x00, 0xFE, 0x1F, 0xC0, 0xFF, 0x03, 0xF8, 0x7F,
    0x00, 0xFF, 0x0F, 0xE0, 0xFF, 0x01, 0xFC, 0x3F, 0x80, 0xFF, 0x07, 0xF0, 0xFF, 0x00, 0xFE, 0x1F,
    0xC0, 0xFF, 0x03, 0xF8, 0x7F, 0x00, 0xFF, 0x0F, 0xE0, 0xFF, 0x01, 0xFC, 0x3F, 0x80, 0xFF, 0x07,
    0xF0, 0xFF, 0x00, 0xFE, 0x1F, 0xC0, 0xFF, 0x03, 0xF8, 0x7F, 0x00, 0xFF, 0x0F, 0xE0, 0xFF, 0x01,
    0xFC, 0x7F, 0x80, 0xFF, 0x1F, 0xF0, 0xFF, 0x07, 0xFF, 0xFF, 0xE1, 0xFF, 0xFF, 0xFF, 0xFF, 0xFF,
    0xDF, 0xFF, 0xFF, 0xFB, 0xFD, 0x7F, 0x3F, 0xFF, 0xE7, 0xC7, 0x7F, 0xF8, 0xE1, 0x07, 0x7C, 0x00,
    0x00, 0x1F, 0x00, 0xC0, 0x03, 0x00, 0xF8, 0x00, 0x00, 0x1F, 0x00, 0xE6, 0x03, 0xC0, 0x7F, 0x00,
    0xF8, 0x0F, 0x80, 0xFF, 0x01, 0xF0, 0x1F, 0x00, 0xFC, 0x03, 0x00, 0x1E, 0x00, 0x00, 0x01, 0x01,
    0x28, 0x3E, 0x2A, 0x00, 0x00, 0x7E, 0x00, 0x00, 0x00, 0x00, 0xFE, 0x00, 0x00, 0x00, 0x00, 0xFF,
    0x00, 0x00, 0x00, 0x00, 0xFF, 0x01, 0x00, 0x00, 0x80, 0xFF, 0x01, 0x00, 0x00, 0x80, 0xFF, 0x01,
    0x00, 0x00, 0xC0, 0xFF, 0x03, 0x00, 0x00, 0xC0, 0xE7, 0x03, 0x00, 0x00, 0xE0, 0xC3, 0x07, 0x00,
    0x00, 0xE0, 0xC3, 0x07, 0x00, 0x00, 0xE0, 0x81, 0x0F, 0x00, 0x00, 0xF0, 0x81, 0x0F, 0x00, 0x00,
    0x00, 0x00, 0x00, 0x00, 0x00, 0x00, 0x00, 0x00, 0x00, 0x00, 0x00, 0x00, 0x00, 0x00, 0x00, 0x00,
    0x00, 0x00, 0x00, 0x00, 0x00, 0x00, 0x00, 0x00, 0x7F, 0x00, 0x7E, 0x00, 0xFE, 0x7F, 0x00, 0xFE,
    0x00, 0xFE, 0x7E, 0x00, 0xFE, 0x00, 0xFE, 0x7E, 0x00, 0xFF, 0x00, 0x7E, 0x7E, 0x00, 0xFF, 0x00,
    0x7E, 0xFE, 0x00, 0xFF, 0x00, 0x7E, 0xFE, 0x00, 0xFF, 0x01, 0x7F, 0xFC, 0x00, 0xFF, 0x01, 0x7F,
    0xFC, 0x80, 0xFF, 0x01, 0x3F, 0xFC, 0x80, 0xFF, 0x01, 0x3F, 0xFC, 0x80, 0xFF, 0x01, 0x3F, 0xFC,
    0x81, 0xFF, 0x01, 0x3F, 0xF8, 0x81, 0xFF, 0x83, 0x3F, 0xF8, 0x81, 0xFF, 0x83, 0x3F, 0xF8, 0xC1,
    0xFF, 0x83, 0x1F, 0xF8, 0xC1, 0xFF, 0x83, 0x1F, 0xF8, 0xC3, 0xFF, 0x83, 0x1F, 0xF8, 0xC3, 0xEF,
    0x87, 0x1F, 0xF0, 0xC3, 0xEF, 0xC7, 0x1F, 0xF0, 0xC3, 0xE7, 0xC7, 0x1F, 0xF0, 0xE3, 0xE7, 0xC7,
    0x0F, 0xF0, 0xE3, 0xE7, 0xC7, 0x0F, 0xF0, 0xE7, 0xE7, 0xCF, 0x0F, 0xE0, 0xE7, 0xC7, 0xCF, 0x0F,
    0xE0, 0xE7, 0xC7, 0xEF, 0x0F, 0xE0, 0xF7, 0xC3, 0xEF, 0x07, 0xE0, 0xF7, 0xC3, 0xEF, 0x07, 0xE0,
    0xF7, 0xC3, 0xEF, 0x07, 0xE0, 0xFF, 0x83, 0xFF, 0x07, 0xC0, 0xFF, 0x83, 0xFF, 0x07, 0xC0, 0xFF,
    0x81, 0xFF, 0x07, 0xC0, 0xFF, 0x81, 0xFF, 0x03, 0xC0, 0xFF, 0x81, 0xFF, 0x03, 0xC0, 0xFF, 0x81,
    0xFF, 0x03, 0x80, 0xFF, 0x01, 0xFF, 0x03, 0x80, 0xFF, 0x01, 0xFF, 0x03, 0x80, 0xFF, 0x00, 0xFF,
    0x01, 0x80, 0xFF, 0x00, 0xFF, 0x01, 0x80, 0xFF, 0x00, 0xFF, 0x01, 0x80, 0xFF, 0x00, 0xFE, 0x01,
    0x00, 0xFF, 0x00, 0xFE, 0x01, 0x00, 0xFF, 0x00, 0xFE, 0x01, 0x00, 0x7F, 0x00, 0xFE, 0x00, 0x00,
    0x7F, 0x00, 0xFE, 0x00, 0x00, 0x7F, 0x00, 0xFE, 0x00, 0x00, 0x0C, 0x22, 0x33, 0x23, 0x00, 0xC0,
    0x0F, 0x00, 0x00, 0x00, 0x7F, 0x00, 0x00, 0x00, 0xFE, 0x01, 0x00, 0x00, 0xF8, 0x0F, 0x00, 0x00,
    0xF0, 0x3F, 0x00, 0x00, 0xC0, 0xFF, 0x01, 0x00, 0x80, 0xFF, 0x07, 0x00, 0x00, 0x3E, 0x1F, 0x00,
    0x00, 0xFC, 0xF8, 0x00, 0x00, 0xF0, 0xE1, 0x03, 0x00, 0xE0, 0x03, 0x1F, 0x00, 0x80, 0x0F, 0x7C,
    0x00, 0x00, 0x00, 0x00, 0x00, 0x00, 0x00, 0x00, 0x00, 0x00, 0x00, 0x00, 0x00, 0x00, 0x00, 0x00,
    0x00, 0x00, 0x00, 0x00, 0x00, 0x00, 0xFC, 0x00, 0x1E, 0xC0, 0xFF, 0x03, 0xFC, 0x00, 0xFF, 0x0F,
    0xF0, 0x03, 0xFC, 0x3E, 0xC0, 0x0F, 0xF0, 0xFB, 0x01, 0x3F, 0xE0, 0xEF, 0x07, 0xFE, 0x81, 0x9F,
    0x1F, 0xF8, 0x07, 0x7E, 0x7E, 0xE0, 0x1F, 0xF8, 0xF1, 0x81, 0x7F, 0xE0, 0xC7, 0x07, 0xFF, 0x83,
    0x1F, 0x3F, 0xFC, 0x0F, 0x3E, 0xFC, 0xF0, 0x3F, 0xFC, 0xF0, 0xC3, 0xFF, 0xF0, 0x83, 0x8F, 0xFF,
    0xC7, 0x0F, 0x3E, 0x7E, 0x1F, 0x3F, 0xF8, 0xF8, 0x7C, 0x7C, 0xE0, 0xE7, 0xF3, 0xF1, 0x81, 0xDF,
    0xCF, 0xEF, 0x07, 0x7E, 0x3F, 0xBE, 0x1F, 0xF0, 0x7D, 0xF8, 0x7E, 0xC0, 0xF7, 0xE1, 0xFB, 0x01,
    0xFF, 0x87, 0xFF, 0x03, 0xFC, 0x1F, 0xFC, 0x0F, 0xF0, 0x3F, 0xF0, 0x3F, 0x80, 0xFF, 0xC0, 0xFF,
    0x00, 0xFE, 0x03, 0xFF, 0x03, 0xF8, 0x0F, 0xF8, 0x07, 0xE0, 0x1F, 0xE0, 0x1F, 0x80, 0x7F, 0x80,
    0x7F, 0x00, 0xFC, 0x01, 0xFE, 0x01, 0xF0, 0x07, 0xF0, 0x07, 0xC0, 0x0F, 0xC0, 0x0F, 0x00, 0x3F,
    0x00, 0x3F, 0x00, 0xFC, 0x00, 0xFC, 0x00, 0x00, 0x01, 0x19, 0x3E, 0x1A, 0x00, 0x7E, 0x00, 0x00,
    0xFC, 0x00, 0x00, 0xFC, 0x03, 0x00, 0xF8, 0x07, 0x00, 0xF8, 0x1F, 0x00, 0xF0, 0x3F, 0x00, 0xF0,
    0xFF, 0x00, 0xE0, 0xF3, 0x01, 0xE0, 0xE7, 0x03, 0xC0, 0x87, 0x0F, 0x80, 0x07, 0x1F, 0x80, 0x0F,
    0x7C, 0x00, 0x00, 0x00, 0x00, 0x00, 0x00, 0x00, 0x00, 0x00, 0x00, 0x00, 0x00, 0x00, 0x00, 0x00,
    0x00, 0x7E, 0x00, 0xF8, 0xFF, 0x00, 0xF8, 0xFB, 0x03, 0xF0, 0xF7, 0x07, 0xE0, 0xCF, 0x0F, 0xE0,
    0x8F, 0x3F, 0xC0, 0x1F, 0x7F, 0x80, 0x3F, 0xFC, 0x80, 0x3F, 0xF8, 0x03, 0x7F, 0xF0, 0x07, 0xFE,
    0xC0, 0x0F, 0xFE, 0x80, 0x3F, 0xFC, 0x01, 0x7E, 0xF8, 0x03, 0xFC, 0xF8, 0x03, 0xF8, 0xF3, 0x07,
    0xE0, 0xE7, 0x07, 0xC0, 0xCF, 0x0F, 0x80, 0xDF, 0x1F, 0x00, 0xFE, 0x1F, 0x00, 0xFC, 0x3F, 0x00,
    0xF8, 0x7F, 0x00, 0xE0, 0x7F, 0x00, 0xC0, 0xFF, 0x00, 0x80, 0xFF, 0x01, 0x00, 0xFE, 0x01, 0x00,
    0xFC, 0x03, 0x00, 0xF0, 0x03, 0x00, 0xE0, 0x07, 0x00, 0xC0, 0x0F, 0x00, 0x80, 0x1F, 0x00, 0x00,
    0x3F, 0x00, 0x00, 0x7E, 0x00, 0x00, 0xFC, 0x00, 0x00, 0xF8, 0x01, 0x00, 0xF0, 0x03, 0x00, 0xE0,
    0x07, 0x00, 0xC0, 0x0F, 0x00, 0x80, 0x1F, 0x00, 0x00, 0x3F, 0x00, 0x00, 0x7E, 0x00, 0x00, 0xFC,
    0x00, 0x00, 0xF8, 0x01, 0x00, 0xF0, 0x03, 0x00, 0xE0, 0x07, 0x00, 0xC0, 0x0F, 0x00, 0x00, 0x0C,
    0x17, 0x40, 0x19, 0x00, 0x3F, 0x00, 0xC0, 0x1F, 0x00, 0xE0, 0x1F, 0x00, 0xF8, 0x0F, 0x00, 0xFC,
    0x07, 0x00, 0xFE, 0x07, 0x80, 0xFF, 0x03, 0xC0, 0xF7, 0x03, 0xF0, 0xF1, 0x01, 0xF8, 0xF0, 0x01,
    0x3E, 0xF8, 0x00, 0x1F, 0xF8, 0x00, 0x00, 0x00, 0x00, 0x00, 0x00, 0x00, 0x00, 0x00, 0x00, 0x00,
    0x00, 0x00, 0x00, 0x80, 0x0F, 0x80, 0xDF, 0x07, 0xC0, 0xEF, 0x07, 0xE0, 0xF7, 0x03, 0xF8, 0xF9,
    0x01, 0xFC, 0xFC, 0x00, 0x7E, 0xFC, 0x00, 0x3F, 0x7E, 0xC0, 0x0F, 0x3F, 0xE0, 0x07, 0x1F, 0xF0,
    0x83, 0x1F, 0xF8, 0xC1, 0x0F, 0x7E, 0xE0, 0x07, 0x3F, 0xE0, 0x83, 0x1F, 0xF0, 0xC3, 0x0F, 0xF8,
    0xF1, 0x03, 0xF8, 0xF8, 0x01, 0xFC, 0xFC, 0x00, 0x7E, 0x3E, 0x00, 0xBF, 0x1F, 0x00, 0xDF, 0x0F,
    0x80, 0xFF, 0x07, 0xC0, 0xFF, 0x01, 0xC0, 0xFF, 0x00, 0xE0, 0x7F, 0x00, 0xF0, 0x3F, 0x00, 0xF8,
    0x0F, 0x00, 0xF8, 0x07, 0x00, 0xFC, 0x03, 0x00, 0xFE, 0x00, 0x00, 0x7F, 0x00, 0x00, 0x3F, 0x00,
    0x80, 0x1F, 0x00, 0xC0, 0x0F, 0x00, 0xC0, 0x0F, 0x00, 0xE0, 0x07, 0x00, 0xF0, 0x03, 0x00, 0xF8,
    0x03, 0x00, 0xF8, 0x01, 0x00, 0xFC, 0x21, 0x00, 0xFE, 0x1F, 0x00, 0xFE, 0x1F, 0x00, 0xFF, 0x0F,
    0x00, 0xFF, 0x07, 0x00, 0xFF, 0x03, 0x00, 0xFF, 0x01, 0x00, 0x7F, 0x00, 0x05, 0x1A, 0x3A, 0x1A,
    0xC0, 0x03, 0x0F, 0x80, 0x1F, 0x7E, 0x00, 0x7E, 0xF8, 0x01, 0xF8, 0xE1, 0x07, 0xE0, 0x87, 0x1F,
    0x80, 0x1F, 0x7E, 0x00, 0x7E, 0xF8, 0x01, 0xF0, 0xC0, 0x03, 0x00, 0x00, 0x00, 0x00, 0x00, 0x00,
    0x00, 0x00, 0x00, 0x00, 0x00, 0x00, 0x00, 0x00, 0x00, 0x00, 0xFC, 0x01, 0xE0, 0xEF, 0x07, 0xC0,
    0x9F, 0x3F, 0x00, 0x7F, 0xFE, 0x00, 0xFC, 0xF1, 0x03, 0xF8, 0xC3, 0x1F, 0xE0, 0x0F, 0x7F, 0x80,
    0x3F, 0xF8, 0x01, 0x7F, 0xE0, 0x0F, 0xFC, 0x81, 0x3F, 0xF0, 0x03, 0xFC, 0xE0, 0x0F, 0xF0, 0x83,
    0x3F, 0xC0, 0x1F, 0x7E, 0x00, 0x7E, 0xFC, 0x01, 0xF8, 0xF1, 0x07, 0xC0, 0xCF, 0x0F, 0x00, 0xBF,
    0x3F, 0x00, 0xFC, 0xFE, 0x00, 0xE0, 0xFF, 0x01, 0x80, 0xFF, 0x07, 0x00, 0xFE, 0x1F, 0x00, 0xF0,
    0x3F, 0x00, 0xC0, 0xFF, 0x00, 0x00, 0xFF, 0x03, 0x00, 0xF8, 0x07, 0x00, 0xE0, 0x1F, 0x00, 0x00,
    0x7F, 0x00, 0x00, 0xFC, 0x00, 0x00, 0xF0, 0x03, 0x00, 0xC0, 0x0F, 0x00, 0x00, 0x3F, 0x00, 0x00,
    0xFC, 0x00, 0x00, 0xF0, 0x03, 0x00, 0xC0, 0x0F, 0x00, 0x00, 0x3F, 0x00, 0x00, 0xFC, 0x00, 0x00,
    0xF0, 0x03, 0x00, 0xC0, 0x0F, 0x00, 0x00, 0x3F, 0x00, 0x00, 0xFC, 0x00, 0x00, 0xF0, 0x03, 0x00,
    0xC0, 0x0F, 0x00, 0x00, 0x3F, 0x00, 0x00, 0xFC, 0x00, 0x00, 0xF0, 0x03, 0x00, 0x02, 0x01, 0x17,
    0x3E, 0x1B, 0xE0, 0x07, 0x00, 0xF0, 0x07, 0x00, 0xF0, 0x03, 0x00, 0xF8, 0x03, 0x00, 0xF8, 0x01,
    0x00, 0xF8, 0x00, 0x00, 0xFC, 0x00, 0x00, 0x7C, 0x00, 0x00, 0x7E, 0x00, 0x00, 0x3E, 0x00, 0x00,
    0x1E, 0x00, 0x00, 0x00, 0x00, 0x00, 0x00, 0x00, 0x00, 0x00, 0x00, 0x00, 0x00, 0x00, 0x00, 0x00,
    0x00, 0x00, 0x00, 0xFF, 0xFF, 0x9F, 0xFF, 0xFF, 0xCF, 0xFF, 0xFF, 0xE7, 0xFF, 0xFF, 0xF3, 0xFF,
    0xFF, 0xF9, 0xFF, 0xFF, 0xFC, 0xFF, 0x7F, 0xFE, 0xFF, 0x3F, 0xFE, 0x00, 0x00, 0x7F, 0x00, 0x00,
    0x7F, 0x00, 0x80, 0x3F, 0x00, 0x80, 0x3F, 0x00, 0xC0, 0x1F, 0x00, 0xC0, 0x1F, 0x00, 0xE0, 0x0F,
    0x00, 0xF0, 0x0F, 0x00, 0xF0, 0x07, 0x00, 0xF8, 0x07, 0x00, 0xF8, 0x03, 0x00, 0xFC, 0x03, 0x00,
    0xFC, 0x01, 0x00, 0xFE, 0x01, 0x00, 0xFE, 0x00, 0x00, 0xFF, 0x00, 0x00, 0x7F, 0x00, 0x80, 0x7F,
    0x00, 0x80, 0x3F, 0x00, 0xC0, 0x3F, 0x00, 0xC0, 0x1F, 0x00, 0xE0, 0x0F, 0x00, 0xE0, 0x0F, 0x00,
    0xF0, 0x07, 0x00, 0xF0, 0x07, 0x00, 0xF8, 0x03, 0x00, 0xF8, 0x03, 0x00, 0xFC, 0xFD, 0xFF, 0xFF,
    0xFF, 0xFF, 0xFF, 0xFF, 0xFF, 0xFF, 0xFF, 0xFF, 0xFF, 0xFF, 0xFF, 0xFF, 0xFF, 0xFF, 0xFF, 0xFF,
    0xFF, 0xFF, 0xFF, 0xFF, 0x03, 0x01, 0x0C, 0x13, 0x33, 0x15, 0xF8, 0x03, 0x80, 0x1F, 0x00, 0xFC,
    0x01, 0xC0, 0x0F, 0x00, 0xFE, 0x00, 0xE0, 0x07, 0x00, 0x3E, 0x00, 0xF0, 0x03, 0x00, 0x1F, 0x00,
    0xF0, 0x01, 0x80, 0x0F, 0x00, 0x00, 0x00, 0x00, 0x00, 0x00, 0x00, 0x00, 0x00, 0x00, 0x00, 0x00,
    0x00, 0x00, 0xF0, 0xFF, 0xBF, 0xFF, 0xFF, 0xFD, 0xFF, 0xEF, 0xFF, 0x7F, 0xFF, 0xFF, 0xFB, 0xFF,
    0xDF, 0xFF, 0xFF, 0xFC, 0x00, 0xE0, 0x0F, 0x00, 0xFE, 0x00, 0xF0, 0x07, 0x00, 0x7F, 0x00, 0xF8,
    0x03, 0x80, 0x3F, 0x00, 0xFC, 0x01, 0xC0, 0x1F, 0x00, 0xFC, 0x00, 0xE0, 0x0F, 0x00, 0x7E, 0x00,
    0xF0, 0x07, 0x00, 0x3F, 0x00, 0xF8, 0x03, 0x80, 0x1F, 0x00, 0xFC, 0x01, 0xC0, 0x0F, 0x00, 0xFE,
    0x00, 0xE0, 0xF7, 0xFF, 0xFF, 0xFF, 0xFF, 0xFF, 0xFF, 0xFF, 0xFF, 0xFF, 0xFF, 0xFF, 0xFF, 0xFF,
    0xFF, 0xFF, 0xFF, 0x01, 0x02, 0x05, 0x17, 0x3A, 0x1B, 0x00, 0x3C, 0x00, 0x00, 0x3F, 0x00, 0x80,
    0x1F, 0x00, 0xC0, 0x0F, 0x00, 0xE0, 0x07, 0x00, 0xF0, 0x03, 0x00, 0xF8, 0x01, 0x00, 0x78, 0x00,
    0x00, 0x00, 0x00, 0x00, 0x00, 0x00, 0x00, 0x00, 0x00, 0x00, 0x00, 0x00, 0x00, 0x00, 0xF0, 0xFF,
    0xFF, 0xF9, 0xFF, 0xFF, 0xFC, 0xFF, 0x7F, 0xFE, 0xFF, 0x3F, 0xFF, 0xFF, 0x9F, 0xFF, 0xFF, 0xCF,
    0xFF, 0xFF, 0xE7, 0xFF, 0xFF, 0xE3, 0x0F, 0x00, 0xF0, 0x07, 0x00, 0xF0, 0x07, 0x00, 0xF8, 0x03,
    0x00, 0xF8, 0x03, 0x00, 0xFC, 0x01, 0x00, 0xFC, 0x01, 0x00, 0xFE, 0x00, 0x00, 0xFF, 0x00, 0x00,
    0x7F, 0x00, 0x80, 0x7F, 0x00, 0x80, 0x3F, 0x00, 0xC0, 0x3F, 0x00, 0xC0, 0x1F, 0x00, 0xE0, 0x1F,
    0x00, 0xE0, 0x0F, 0x00, 0xF0, 0x0F, 0x00, 0xF0, 0x07, 0x00, 0xF8, 0x07, 0x00, 0xF8, 0x03, 0x00,
    0xFC, 0x03, 0x00, 0xFC, 0x01, 0x00, 0xFE, 0x01, 0x00, 0xFE, 0x00, 0x00, 0xFF, 0x00, 0x00, 0x7F,
    0x00, 0x80, 0x3F, 0x00, 0xC0, 0x3F, 0x00, 0xC0, 0xDF, 0xFF, 0xFF, 0xFF, 0xFF, 0xFF, 0xFF, 0xFF,
    0xFF, 0xFF, 0xFF, 0xFF, 0xFF, 0xFF, 0xFF, 0xFF, 0xFF, 0xFF, 0xFF, 0xFF, 0xFF, 0xFF, 0xFF, 0x3F,
    0x01, 0x0F, 0x13, 0x2F, 0x15, 0x00, 0x0F, 0x00, 0xFC, 0x00, 0xE0, 0x07, 0x00, 0x3F, 0x00, 0xF8,
    0x01, 0xC0, 0x0F, 0x00, 0x7E, 0x00, 0xE0, 0x01, 0x00, 0x00, 0x00, 0x00, 0x00, 0x00, 0x00, 0x00,
    0x00, 0x00, 0x00, 0x00, 0xFF, 0xFF, 0xFB, 0xFF, 0xDF, 0xFF, 0xFF, 0xFE, 0xFF, 0xF7, 0xFF, 0xBF,
    0xFF, 0xFF, 0xFD, 0xFF, 0xCF, 0x0F, 0x00, 0xFE, 0x00, 0xE0, 0x07, 0x00, 0x7F, 0x00, 0xF0, 0x07,
    0x80, 0x3F, 0x00, 0xF8, 0x03, 0xC0, 0x1F, 0x00, 0xFC, 0x01, 0xE0, 0x0F, 0x00, 0xFE, 0x00, 0xF0,
    0x07, 0x00, 0x7F, 0x00, 0xF8, 0x03, 0x80, 0x3F, 0x00, 0xF8, 0x01, 0xC0, 0x1F, 0x00, 0xFC, 0x00,
    0xE0, 0x0F, 0x00, 0x7E, 0xFF, 0xFF, 0xFF, 0xFF, 0xFF, 0xFF, 0xFF, 0xFF, 0xFF, 0xFF, 0xFF, 0xFF,
    0xFF, 0xFF, 0xFF, 0xFF, 0x1F, 0x02, 0x01, 0x17, 0x3E, 0x1B, 0xF0, 0x81, 0x0F, 0xF0, 0xE0, 0x03,
    0xF8, 0xF0, 0x01, 0xFC, 0x7C, 0x00, 0x7C, 0x3F, 0x00, 0xFE, 0x0F, 0x00, 0xFE, 0x07, 0x00, 0xFF,
    0x03, 0x00, 0xFF, 0x00, 0x80, 0x7F, 0x00, 0x80, 0x1F, 0x00, 0xC0, 0x0F, 0x00, 0x00, 0x00, 0x00,
    0x00, 0x00, 0x00, 0x00, 0x00, 0x00, 0x00, 0x00, 0x00, 0x00, 0x00, 0xFF, 0xFF, 0x9F, 0xFF, 0xFF,
    0xCF, 0xFF, 0xFF, 0xE7, 0xFF, 0xFF, 0xF3, 0xFF, 0xFF, 0xF9, 0xFF, 0xFF, 0xFC, 0xFF, 0x7F, 0xFE,
    0xFF, 0x3F, 0xFE, 0x00, 0x00, 0x7F, 0x00, 0x00, 0x7F, 0x00, 0x80, 0x3F, 0x00, 0x80, 0x3F, 0x00,
    0xC0, 0x1F, 0x00, 0xC0, 0x1F, 0x00, 0xE0, 0x0F, 0x00, 0xF0, 0x0F, 0x00, 0xF0, 0x07, 0x00, 0xF8,
    0x07, 0x00, 0xF8, 0x03, 0x00, 0xFC, 0x03, 0x00, 0xFC, 0x01, 0x00, 0xFE, 0x01, 0x00, 0xFE, 0x00,
    0x00, 0xFF, 0x00, 0x00, 0x7F, 0x00, 0x80, 0x7F, 0x00, 0x80, 0x3F, 0x00, 0xC0, 0x3F, 0x00, 0xC0,
    0x1F, 0x00, 0xE0, 0x0F, 0x00, 0xE0, 0x0F, 0x00, 0xF0, 0x07, 0x00, 0xF0, 0x07, 0x00, 0xF8, 0x03,
    0x00, 0xF8, 0x03, 0x00, 0xFC, 0xFD, 0xFF, 0xFF, 0xFF, 0xFF, 0xFF, 0xFF, 0xFF, 0xFF, 0xFF, 0xFF,
    0xFF, 0xFF, 0xFF, 0xFF, 0xFF, 0xFF, 0xFF, 0xFF, 0xFF, 0xFF, 0xFF, 0xFF, 0x03, 0x01, 0x0C, 0x13,
    0x33, 0x15, 0x7C, 0xE0, 0xC3, 0x07, 0x1F, 0x3E, 0x7C, 0xE0, 0xE3, 0x03, 0xBF, 0x0F, 0xF0, 0x7F,
    0x80, 0xFF, 0x01, 0xF8, 0x0F, 0xC0, 0x3F, 0x00, 0xFC, 0x01, 0xE0, 0x07, 0x00, 0x3F, 0x00, 0x00,
    0x00, 0x00, 0x00, 0x00, 0x00, 0x00, 0x00, 0x00, 0x00, 0x00, 0xF0, 0xFF, 0xBF, 0xFF, 0xFF, 0xFD,
    0xFF, 0xEF, 0xFF, 0x7F, 0xFF, 0xFF, 0xFB, 0xFF, 0xDF, 0xFF, 0xFF, 0xFC, 0x00, 0xE0, 0x0F, 0x00,
    0xFE, 0x00, 0xF0, 0x07, 0x00, 0x7F, 0x00, 0xF8, 0x03, 0x80, 0x3F, 0x00, 0xFC, 0x01, 0xC0, 0x1F,
    0x00, 0xFC, 0x00, 0xE0, 0x0F, 0x00, 0x7E, 0x00, 0xF0, 0x07, 0x00, 0x3F, 0x00, 0xF8, 0x03, 0x80,
    0x1F, 0x00, 0xFC, 0x01, 0xC0, 0x0F, 0x00, 0xFE, 0x00, 0xE0, 0xF7, 0xFF, 0xFF, 0xFF, 0xFF, 0xFF,
    0xFF, 0xFF, 0xFF, 0xFF, 0xFF, 0xFF, 0xFF, 0xFF, 0xFF, 0xFF, 0xFF, 0x01, 0x01, 0x0E, 0x10, 0x32,
    0x0E, 0x7F, 0x00, 0xFF, 0x01, 0xFF, 0x07, 0xFF, 0x07, 0xFF, 0x0F, 0xFF, 0x0F, 0xFE, 0x0F, 0xC2,
    0x1F, 0xC0, 0x1F, 0x80, 0x1F, 0x80, 0x1F, 0x80, 0x1F, 0x80, 0x1F, 0x80, 0x1F, 0x80, 0x1F, 0x80,
    0xFF, 0x80, 0xFF, 0x80, 0xFF, 0x80, 0xFF, 0x80, 0xFF, 0x80, 0xFF, 0x80, 0xFF, 0x80, 0x1F, 0x80,
    0x1F, 0x80, 0x1F, 0x80, 0x1F, 0x80, 0x1F, 0x80, 0x1F, 0x80, 0x1F, 0x80, 0x1F, 0x80, 0x1F, 0x80,
    0x1F, 0x80, 0x1F, 0x80, 0x1F, 0x80, 0x1F, 0x80, 0x1F, 0x80, 0x1F, 0x80, 0x1F, 0x80, 0x1F, 0x80,
    0x1F, 0x80, 0x1F, 0x80, 0x1F, 0x80, 0x1F, 0x80, 0x1F, 0x80, 0x1F, 0x80, 0x1F, 0x80, 0x1F, 0x80,
    0x1F, 0x80, 0x1F, 0x80, 0x1F, 0x92, 0x03, 0x01, 0x00, 0x0E, 0x17, 0x3E, 0x17, 0x01, 0x00, 0x80,
    0x07, 0x00, 0xC0, 0x07, 0x00, 0xE0, 0x07, 0x00, 0xF0, 0x03, 0x00, 0xF8, 0x03, 0x00, 0xFC, 0x01,
    0x00, 0xFC, 0x00, 0x00, 0xFC, 0x00, 0x00, 0x7E, 0x00, 0x00, 0x3F, 0x00, 0x80, 0x1F, 0x00, 0x80,
    0x1F, 0x00, 0xC0, 0x0F, 0x00, 0xE0, 0x07, 0x00, 0xFE, 0x1F, 0x00, 0xFF, 0x0F, 0x80, 0xFF, 0x07,
    0xC0, 0xFF, 0x03, 0xE0, 0xFF, 0x01, 0xF0, 0xFF, 0x00, 0xF8, 0xFF, 0x00, 0xC0, 0x0F, 0x00, 0xE0,
    0x07, 0x00, 0xF0, 0x03, 0x00, 0xF8, 0x01, 0x00, 0xF8, 0x00, 0x00, 0xFC, 0x00, 0x00, 0x7E, 0x00,
    0x00, 0x3F, 0x00, 0x80, 0x1F, 0x00, 0xC0, 0x0F, 0x00, 0xE0, 0x07, 0x00, 0xE0, 0x03, 0x00, 0xF0,
    0x01, 0x00, 0xF8, 0x01, 0x00, 0xFC, 0x00, 0x00, 0x7E, 0x00, 0x00, 0x3F, 0x00, 0x80, 0x1F, 0x00,
    0xC0, 0x0F, 0x00, 0xC0, 0x07, 0x00, 0xE0, 0x07, 0x00, 0xF0, 0x03, 0x00, 0xF8, 0x01, 0x00, 0xFC,
    0x00, 0x00, 0x7E, 0x00, 0x00, 0x3F, 0x00, 0x00, 0x1F, 0x00, 0x80, 0x1F, 0x00, 0xC0, 0x0F, 0x00,
    0xE0, 0x07, 0x00, 0xF0, 0x03, 0x00, 0xF0, 0x01, 0x00, 0xF8, 0x41, 0x00, 0xFC, 0x7F, 0x00, 0xFC,
    0x3F, 0x00, 0xFE, 0x1F, 0x00, 0xFE, 0x1F, 0x00, 0xFF, 0x0F, 0x00, 0xFE, 0x07, 0x00, 0xFC, 0x01,
    0xA0, 0x03, 0x02, 0x02, 0x10, 0x22, 0x30, 0x23, 0x1F, 0x00, 0x00, 0x00, 0x7C, 0x00, 0xF8, 0x03,
    0xF0, 0x01, 0xFC, 0x3F, 0xC0, 0x07, 0xF8, 0xFF, 0x03, 0x1F, 0xF0, 0xFF, 0x1F, 0x7C, 0xE0, 0xFF,
    0xFF, 0xF0, 0xC1, 0xFF, 0xFF, 0xC3, 0x07, 0xFF, 0xFF, 0x1F, 0x1F, 0xFE, 0xFF, 0x7F, 0xFC, 0xF8,
    0x0F, 0xFE, 0xE3, 0xE3, 0x0F, 0xE0, 0x8F, 0xFF, 0x1F, 0x00, 0x7F, 0xFE, 0x7F, 0x00, 0xFC, 0xF1,
    0xFF, 0x00, 0xE0, 0x87, 0xFF, 0x03, 0x80, 0x1F, 0xFC, 0x0F, 0x00, 0x7E, 0x80, 0x3F, 0x00, 0xF8,
    0x03, 0x7E, 0x00, 0xC0, 0x0F, 0xF8, 0x01, 0x00, 0x3F, 0xE0, 0x07, 0x00, 0xFC, 0x80, 0x1F, 0x00,
    0xF0, 0x03, 0x7E, 0x00, 0xC0, 0x0F, 0xF8, 0x01, 0x00, 0x3F, 0xE0, 0x07, 0x00, 0xFC, 0x80, 0x1F,
    0x00, 0xF0, 0x03, 0x7E, 0x00, 0xC0, 0x0F, 0xF8, 0x01, 0x00, 0x3F, 0xE0, 0x07, 0x00, 0xFC, 0x80,
    0x1F, 0x00, 0xF0, 0x03, 0x7E, 0x00, 0xC0, 0x0F, 0xF8, 0x01, 0x00, 0x3F, 0xE0, 0x07, 0x00, 0xFC,
    0x00, 0x3F, 0x00, 0xF8, 0x03, 0xFC, 0x00, 0xE0, 0x07, 0xF0, 0x03, 0x80, 0x1F, 0xC0, 0x0F, 0x00,
    0x7E, 0x00, 0x7F, 0x00, 0xFC, 0x01, 0xF8, 0x01, 0xF0, 0x03, 0xE0, 0x0F, 0xE0, 0x0F, 0x80, 0xFF,
    0xE0, 0x3F, 0x00, 0xFC, 0xFF, 0x7F, 0x00, 0xF0, 0xFF, 0xFF, 0x01, 0x80, 0xFF, 0xFF, 0x03, 0x00,
    0xFE, 0xFF, 0x0F, 0x00, 0xF0, 0xFF, 0x1F, 0x00, 0x80, 0xFF, 0x3F, 0x00, 0x00, 0xF8, 0x3F, 0x00,
    0x00, 0x80, 0x3F, 0x00, 0x02, 0x1A, 0x1E, 0x26, 0x1F, 0x1F, 0x00, 0x00, 0xC0, 0x07, 0x00, 0x00,
    0xF0, 0x01, 0xF8, 0x03, 0x7C, 0x80, 0xFF, 0x03, 0x1F, 0xF8, 0xFF, 0xC1, 0x07, 0xFF, 0xFF, 0xF0,
    0xC1, 0xFF, 0x7F, 0x7C, 0xF8, 0xFF, 0x3F, 0x3F, 0xFE, 0xFF, 0x8F, 0xFF, 0x3F, 0xF8, 0xE7, 0xFF,
    0x07, 0xFC, 0xF9, 0xFF, 0x00, 0x7E, 0xFC, 0x3F, 0x80, 0x1F, 0xFE, 0x0F, 0xE0, 0x0F, 0xFE, 0x01,
    0xF0, 0x03, 0x7E, 0x00, 0xFC, 0x80, 0x1F, 0x00, 0x3F, 0xE0, 0x07, 0xC0, 0x0F, 0xF8, 0x01, 0xF0,
    0x03, 0x7E, 0x00, 0xFC, 0x80, 0x1F, 0x00, 0x3F, 0xE0, 0x07, 0xC0, 0x0F, 0xF8, 0x01, 0xF0, 0x03,
    0x7E, 0x00, 0xFC, 0x80, 0x1F, 0x00, 0x3F, 0xE0, 0x07, 0xC0, 0x0F, 0xF8, 0x03, 0xF8, 0x03, 0xFC,
    0x00, 0x7E, 0x00, 0x3F, 0x80, 0x1F, 0xC0, 0x1F, 0xF0, 0x07, 0xE0, 0x0F, 0xFE, 0x01, 0xF8, 0xFF,
    0x3F, 0x00, 0xFE, 0xFF, 0x0F, 0x00, 0xFF, 0xFF, 0x01, 0x80, 0xFF, 0x3F, 0x00, 0xC0, 0xFF, 0x07,
    0x00, 0xE0, 0xFF, 0x00, 0x00, 0xE0, 0x0F, 0x00, 0xAF, 0x03, 0x02, 0x03, 0x10, 0x23, 0x30, 0x25,
    0x1F, 0x00, 0x00, 0x00, 0xF8, 0x00, 0x00, 0x00, 0xC0, 0x87, 0x1F, 0x00, 0xF8, 0x3F, 0xFC, 0x00,
    0xC0, 0xFF, 0xE1, 0x07, 0x00, 0xFE, 0x0F, 0x3F, 0x00, 0xF0, 0x7F, 0xF8, 0x01, 0x80, 0xFF, 0xC3,
    0x0F, 0x00, 0xFC, 0x1F, 0x7E, 0x00, 0xE0, 0xFF, 0xF1, 0x03, 0x00, 0xBF, 0x9F, 0x1F, 0x00, 0xF8,
    0xFD, 0xFF, 0x00, 0xC0, 0xCF, 0xFF, 0x07, 0x00, 0x7E, 0xFE, 0x3F, 0x00, 0xF0, 0xE3, 0xFF, 0x01,
    0x80, 0x1F, 0xFC, 0x0F, 0x00, 0xFC, 0x00, 0x7E, 0x00, 0xE0, 0x07, 0xF0, 0x03, 0x00, 0x3F, 0x80,
    0x1F, 0x00, 0xF8, 0x01, 0xFC, 0x00, 0xC0, 0x0F, 0xE0, 0x07, 0x00, 0x7E, 0x00, 0x3F, 0x00, 0xF0,
    0x03, 0xF8, 0x01, 0x80, 0x1F, 0xC0, 0x0F, 0x00, 0xFC, 0x00, 0x7E, 0x00, 0xE0, 0x07, 0xF0, 0x03,
    0x00, 0x3F, 0x80, 0x1F, 0x00, 0xF8, 0x01, 0xFC, 0x00, 0xC0, 0x0F, 0xE0, 0x07, 0x00, 0x7E, 0x00,
    0x3F, 0x00, 0xF0, 0x03, 0xF8, 0x01, 0x80, 0x1F, 0xC0, 0x0F, 0x00, 0xFC, 0x00, 0x7E, 0x00, 0xE0,
    0x07, 0xF0, 0x03, 0x00, 0x3F, 0x80, 0x3F, 0x00, 0xFC, 0x01, 0xFC, 0x01, 0xE0, 0x0F, 0xC0, 0x0F,
    0x00, 0x3F, 0x00, 0xFE, 0x00, 0xFC, 0x01, 0xF0, 0x07, 0xF0, 0x0F, 0x80, 0xFF, 0xC0, 0x7F, 0x00,
    0xF8, 0xFF, 0xFF, 0x01, 0xC0, 0xFF, 0xFF, 0x0F, 0x00, 0xFE, 0xFF, 0x7F, 0x00, 0xE0, 0xFF, 0xFF,
    0x01, 0x00, 0xFE, 0xFF, 0x07, 0x00, 0xE0, 0xFF, 0x1F, 0x00, 0x00, 0xFE, 0x7F, 0x00, 0x00, 0x80,
    0x7F, 0x00, 0x03, 0x1A, 0x1E, 0x26, 0x20, 0x1F, 0x00, 0x00, 0xC0, 0x07, 0x00, 0x00, 0xF0, 0x01,
    0x00, 0x00, 0x7C, 0xF8, 0x01, 0xFC, 0x1F, 0x7E, 0x00, 0xFF, 0x87, 0x1F, 0xC0, 0xFF, 0xE1, 0x07,
    0xF0, 0x7F, 0xF8, 0x01, 0xFC, 0x3F, 0x7E, 0x00, 0xBF, 0x9F, 0x1F, 0xC0, 0xEF, 0xFF, 0x07, 0xF0,
    0xF3, 0xFF, 0x01, 0xFC, 0xFC, 0x7F, 0x00, 0x3F, 0xFE, 0x1F, 0xC0, 0x0F, 0xFE, 0x07, 0xF0, 0x03,
    0xF8, 0x01, 0xFC, 0x00, 0x7E, 0x00, 0x3F, 0x80, 0x1F, 0xC0, 0x0F, 0xE0, 0x07, 0xF0, 0x03, 0xF8,
    0x01, 0xFC, 0x00, 0x7E, 0x00, 0x3F, 0x80, 0x1F, 0xC0, 0x0F, 0xE0, 0x07, 0xF0, 0x03, 0xF8, 0x01,
    0xFC, 0x00, 0x7E, 0x00, 0x3F, 0x80, 0x1F, 0xC0, 0x0F, 0xE0, 0x07, 0xF0, 0x03, 0xF8, 0x03, 0xFC,
    0x00, 0xFE, 0x81, 0x3F, 0x80, 0xFF, 0xE0, 0x0F, 0xE0, 0x7F, 0xFC, 0x03, 0xF8, 0xFF, 0xFF, 0x00,
    0xFE, 0xFF, 0x1F, 0x80, 0xFF, 0xFF, 0x07, 0xE0, 0xF7, 0xFF, 0x01, 0xF8, 0xF9, 0x3F, 0x00, 0x7E,
    0xFC, 0x07, 0x00, 0x00, 0xFC, 0x00, 0xCD, 0x03, 0x10, 0x00, 0x01, 0x1D, 0x3E, 0x1E, 0x80, 0x0F,
    0x7C, 0x00, 0xF0, 0xC1, 0x07, 0x00, 0x7C, 0xF8, 0x00, 0x80, 0x9F, 0x0F, 0x00, 0xE0, 0xF3, 0x01,
    0x00, 0xFC, 0x3F, 0x00, 0x00, 0xFF, 0x03, 0x00, 0xE0, 0x7F, 0x00, 0x00, 0xFC, 0x07, 0x00, 0x00,
    0xFF, 0x00, 0x00, 0xE0, 0x0F, 0x00, 0x00, 0xF8, 0x01, 0x00, 0x00, 0x00, 0x00, 0x00, 0x00, 0x00,
    0x00, 0x00, 0x00, 0x00, 0x00, 0x00, 0x00, 0x00, 0x00, 0x00, 0x00, 0x00, 0x00, 0xFF, 0x00, 0x00,
    0xF0, 0x1F, 0x00, 0x00, 0xFE, 0x07, 0x00, 0xC0, 0xFF, 0x00, 0x00, 0xF8, 0x1F, 0x00, 0x80, 0xFF,
    0x03, 0x00, 0xF0, 0xFF, 0x00, 0x00, 0xFE, 0x1F, 0x00, 0xC0, 0xFF, 0x03, 0x00, 0xFC, 0x7F, 0x00,
    0x80, 0xFF, 0x0F, 0x00, 0xF0, 0xFB, 0x03, 0x00, 0x7E, 0x7E, 0x00, 0xC0, 0xCF, 0x0F, 0x00, 0xFC,
    0xF9, 0x01, 0x80, 0x3F, 0x7F, 0x00, 0xF0, 0xE3, 0x0F, 0x00, 0x7E, 0xF8, 0x01, 0xE0, 0x0F, 0x3F,
    0x00, 0xFC, 0xE1, 0x0F, 0x80, 0x1F, 0xFC, 0x01, 0xF0, 0x03, 0x3F, 0x00, 0x7F, 0xE0, 0x07, 0xE0,
    0x0F, 0xFC, 0x00, 0xFC, 0x80, 0x3F, 0x80, 0x1F, 0xF0, 0x07, 0xF8, 0x03, 0xFC, 0x00, 0x7F, 0x80,
    0x1F, 0xE0, 0xFF, 0xFF, 0x07, 0xFC, 0xFF, 0xFF, 0x80, 0xFF, 0xFF, 0x1F, 0xF8, 0xFF, 0xFF, 0x03,
    0xFF, 0xFF, 0xFF, 0xE0, 0xFF, 0xFF, 0x1F, 0xFC, 0xFF, 0xFF, 0xC3, 0xFF, 0xFF, 0x7F, 0xF8, 0x03,
    0xC0, 0x0F, 0x7F, 0x00, 0xF8, 0xE3, 0x07, 0x00, 0x7E, 0xFE, 0x00, 0xC0, 0xCF, 0x1F, 0x00, 0xF8,
    0xF9, 0x03, 0x00, 0x7F, 0x3F, 0x00, 0xE0, 0xEF, 0x07, 0x00, 0xF8, 0xFF, 0x00, 0x00, 0x3F, 0x02,
    0x0C, 0x15, 0x34, 0x1A, 0x7C, 0xE0, 0x03, 0x1F, 0x3E, 0xE0, 0xC3, 0x07, 0xF8, 0x7C, 0x00, 0x9F,
    0x0F, 0xE0, 0xFF, 0x01, 0xF8, 0x1F, 0x00, 0xFF, 0x03, 0xC0, 0x3F, 0x00, 0xF8, 0x07, 0x00, 0x7E,
    0x00, 0xC0, 0x0F, 0x00, 0x00, 0x00, 0x00, 0x00, 0x00, 0x00, 0x00, 0x00, 0x00, 0x00, 0x80, 0x3F,
    0x00, 0xFE, 0x3F, 0xE0, 0xFF, 0x0F, 0xFE, 0xFF, 0xE3, 0xFF, 0xFF, 0xFC, 0xFF, 0x9F, 0xFF, 0xFF,
    0xFB, 0x07, 0x3F, 0x7F, 0x80, 0xE3, 0x07, 0x20, 0xFC, 0x00, 0x80, 0x1F, 0x00, 0xF0, 0x03, 0x00,
    0xFE, 0x01, 0xC0, 0xFF, 0x0F, 0xF8, 0xFF, 0x07, 0xFF, 0xFF, 0xE3, 0xFF, 0xFF, 0xFC, 0xFF, 0xBF,
    0x1F, 0xFF, 0xF7, 0x03, 0xFE, 0x7E, 0x80, 0xFF, 0x0F, 0xE0, 0xFF, 0x01, 0xFC, 0x3F, 0x80, 0xFF,
    0x07, 0xF0, 0xFF, 0x01, 0xFE, 0x7F, 0xC0, 0xFF, 0x3F, 0xFC, 0xFF, 0xFF, 0xFF, 0xFF, 0xFF, 0xFB,
    0xFF, 0x7F, 0xBF, 0xFF, 0xE7, 0xE7, 0xFF, 0xFC, 0xF8, 0x0F, 0x00, 0x7C, 0x00, 0x01, 0x01, 0x11,
    0x3E, 0x13, 0x1E, 0xF8, 0x7C, 0xF8, 0xF9, 0xF0, 0xE1, 0xF3, 0xC3, 0xE7, 0x03, 0xFF, 0x07, 0xFE,
    0x07, 0xF8, 0x0F, 0xF0, 0x0F, 0xE0, 0x1F, 0x80, 0x1F, 0x00, 0x3F, 0x00, 0x00, 0x00, 0x00, 0x00,
    0x00, 0x00, 0x00, 0x00, 0x00, 0x00, 0xFC, 0xFF, 0xF9, 0xFF, 0xF3, 0xFF, 0xE7, 0xFF, 0xCF, 0xFF,
    0x9F, 0xFF, 0x3F, 0xFF, 0x7F, 0xE0, 0x07, 0xC0, 0x0F, 0x80, 0x1F, 0x00, 0x3F, 0x00, 0x7E, 0x00,
    0xFC, 0x00, 0xF8, 0x01, 0xF0, 0x03, 0xE0, 0x07, 0xC0, 0x0F, 0x80, 0x1F, 0x00, 0x3F, 0x00, 0x7E,
    0x00, 0xFC, 0x00, 0xF8, 0x01, 0xF0, 0x03, 0xE0, 0x07, 0xC0, 0x0F, 0x80, 0x1F, 0x00, 0x3F, 0x00,
    0x7E, 0x00, 0xFC, 0x00, 0xF8, 0x01, 0xF0, 0x03, 0xE0, 0x07, 0xC0, 0x0F, 0x80, 0x1F, 0x00, 0x3F,
    0x00, 0x7E, 0x00, 0xFC, 0x00, 0xF8, 0x01, 0xFF, 0x7F, 0xFE, 0xFF, 0xFC, 0xFF, 0xF9, 0xFF, 0xF3,
    0xFF, 0xE7, 0xFF, 0xCF, 0xFF, 0x1F, 0x00, 0x0C, 0x0D, 0x33, 0x0C, 0x03, 0x7F, 0xF0, 0x1D, 0xBE,
    0xE7, 0xF3, 0x7C, 0xFE, 0xC7, 0xFF, 0xF8, 0x1F, 0xFE, 0xC1, 0x3F, 0xF0, 0x03, 0x7E, 0x00, 0x00,
    0x00, 0x00, 0x00, 0x00, 0x00, 0x00, 0x80, 0x1F, 0xF0, 0x03, 0x7E, 0xC0, 0x0F, 0xF8, 0x01, 0x3F,
    0xE0, 0x07, 0xFC, 0x80, 0x1F, 0xF0, 0x03, 0x7E, 0xC0, 0x0F, 0xF8, 0x01, 0x3F, 0xE0, 0x07, 0xFC,
    0x80, 0x1F, 0xF0, 0x03, 0x7E, 0xC0, 0x0F, 0xF8, 0x01, 0x3F, 0xE0, 0x07, 0xFC, 0x80, 0x1F, 0xF0,
    0x03, 0x7E, 0xC0, 0x0F, 0xF8, 0x01, 0x3F, 0xE0, 0x07, 0xFC, 0x80, 0x1F, 0xF0, 0x03, 0x02, 0x01,
    0x1B, 0x3F, 0x1F, 0xE0, 0x03, 0x3E, 0x00, 0x3E, 0xF8, 0x00, 0xF0, 0xC1, 0x07, 0x80, 0x1F, 0x1F,
    0x00, 0xF8, 0xFD, 0x00, 0xC0, 0xEF, 0x07, 0x00, 0xFC, 0x1F, 0x00, 0xE0, 0xFF, 0x00, 0x00, 0xFE,
    0x03, 0x00, 0xF0, 0x1F, 0x00, 0x00, 0x7F, 0x00, 0x00, 0xF8, 0x03, 0x00, 0x00, 0x00, 0x00, 0x00,
    0x00, 0x00, 0x00, 0x00, 0x00, 0x00, 0x00, 0x00, 0x00, 0x00, 0xFC, 0x01, 0x00, 0xF8, 0x3F, 0x00,
    0xF0, 0xFF, 0x07, 0xC0, 0xFF, 0x7F, 0x00, 0xFF, 0xFF, 0x07, 0xF8, 0xFF, 0x3F, 0xE0, 0xFF, 0xFF,
    0x03, 0xFF, 0xFF, 0x1F, 0xFC, 0x07, 0xFF, 0xE1, 0x0F, 0xE0, 0x8F, 0x3F, 0x00, 0xFE, 0xFC, 0x01,
    0xF0, 0xE7, 0x07, 0x00, 0x3F, 0x3F, 0x00, 0xF8, 0xF9, 0x01, 0xC0, 0xEF, 0x0F, 0x00, 0xFE, 0x3F,
    0x00, 0xE0, 0xFF, 0x01, 0x00, 0xFF, 0x0F, 0x00, 0xF8, 0x7F, 0x00, 0xC0, 0xFF, 0x03, 0x00, 0xFE,
    0x1F, 0x00, 0xF0, 0xFF, 0x00, 0x80, 0xFF, 0x07, 0x00, 0xFC, 0x3F, 0x00, 0xE0, 0xFF, 0x01, 0x00,
    0xFF, 0x0F, 0x00, 0xF8, 0x7F, 0x00, 0xC0, 0xFF, 0x03, 0x00, 0xFE, 0x1F, 0x00, 0xF0, 0xFF, 0x00,
    0x80, 0xDF, 0x0F, 0x00, 0xFE, 0x7E, 0x00, 0xF0, 0xF3, 0x03, 0x80, 0x9F, 0x1F, 0x00, 0xFC, 0xFC,
    0x01, 0xF0, 0xC7, 0x0F, 0x80, 0x1F, 0xFE, 0x00, 0xFE, 0xF0, 0x1F, 0xFC, 0x07, 0xFF, 0xFF, 0x1F,
    0xF8, 0xFF, 0xFF, 0x80, 0xFF, 0xFF, 0x03, 0xFC, 0xFF, 0x1F, 0xC0, 0xFF, 0x7F, 0x00, 0xFC, 0xFF,
    0x01, 0x80, 0xFF, 0x03, 0x00, 0xF0, 0x07, 0x00, 0x02, 0x0C, 0x17, 0x34, 0x1B, 0xF0, 0x80, 0x0F,
    0xF8, 0xE0, 0x03, 0xFC, 0xF8, 0x01, 0x7C, 0x7C, 0x00, 0x7E, 0x3F, 0x00, 0xFE, 0x0F, 0x00, 0xFF,
    0x07, 0x00, 0xFF, 0x01, 0x80, 0xFF, 0x00, 0x80, 0x3F, 0x00, 0xC0, 0x1F, 0x00, 0xC0, 0x07, 0x00,
    0x00, 0x00, 0x00, 0x00, 0x00, 0x00, 0x00, 0x00, 0x00, 0x00, 0x00, 0x00, 0x7F, 0x00, 0xE0, 0xFF,
    0x00, 0xF8, 0xFF, 0x00, 0xFE, 0xFF, 0x80, 0xFF, 0xFF, 0xE0, 0xFF, 0xFF, 0xF0, 0xFF, 0x7F, 0xFC,
    0x83, 0x7F, 0xFE, 0x80, 0x3F, 0x3F, 0x80, 0x9F, 0x1F, 0xC0, 0xEF, 0x0F, 0xE0, 0xFF, 0x03, 0xE0,
    0xFF, 0x01, 0xF0, 0xFF, 0x00, 0xF8, 0x7F, 0x00, 0xFC, 0x3F, 0x00, 0xFE, 0x1F, 0x00, 0xFF, 0x0F,
    0x80, 0xFF, 0x07, 0xC0, 0xFF, 0x03, 0xE0, 0xFF, 0x01, 0xF0, 0xFF, 0x00, 0xF8, 0x7F, 0x00, 0xFC,
    0x7F, 0x00, 0x7F, 0x3F, 0x80, 0x9F, 0x1F, 0xC0, 0xCF, 0x1F, 0xF0, 0xE7, 0x1F, 0xFC, 0xE3, 0xFF,
    0xFF, 0xF0, 0xFF, 0x7F, 0xF0, 0xFF, 0x1F, 0xF0, 0xFF, 0x07, 0xF0, 0xFF, 0x01, 0xF0, 0x7F, 0x00,
    0xE0, 0x0F, 0x00, 0x03, 0x01, 0x1A, 0x3F, 0x20, 0xE0, 0x03, 0x1F, 0x80, 0x0F, 0x7C, 0x00, 0x7C,
    0xF8, 0x00, 0xF0, 0xF1, 0x03, 0xC0, 0xCF, 0x07, 0x00, 0xFE, 0x1F, 0x00, 0xF8, 0x3F, 0x00, 0xC0,
    0xFF, 0x00, 0x00, 0xFF, 0x01, 0x00, 0xF8, 0x07, 0x00, 0xE0, 0x1F, 0x00, 0x00, 0x3F, 0x00, 0x00,
    0x00, 0x00, 0x00, 0x00, 0x00, 0x00, 0x00, 0x00, 0x00, 0x00, 0x00, 0x00, 0x00, 0x00, 0x00, 0xFC,
    0x00, 0xC0, 0xFF, 0x03, 0x00, 0xFF, 0x0F, 0x00, 0xFC, 0x3F, 0x00, 0xF0, 0xFF, 0x00, 0xC0, 0xFF,
    0x03, 0x00, 0xFF, 0x0F, 0x00, 0xFC, 0x3F, 0x00, 0xF0, 0xFF, 0x00, 0xC0, 0xFF, 0x03, 0x00, 0xFF,
    0x0F, 0x00, 0xFC, 0x3F, 0x00, 0xF0, 0xFF, 0x00, 0xC0, 0xFF, 0x03, 0x00, 0xFF, 0x0F, 0x00, 0xFC,
    0x3F, 0x00, 0xF0, 0xFF, 0x00, 0xC0, 0xFF, 0x03, 0x00, 0xFF, 0x0F, 0x00, 0xFC, 0x3F, 0x00, 0xF0,
    0xFF, 0x00, 0xC0, 0xFF, 0x03, 0x00, 0xFF, 0x0F, 0x00, 0xFC, 0x3F, 0x00, 0xF0, 0xFF, 0x00, 0xC0,
    0xFF, 0x03, 0x00, 0xFF, 0x0F, 0x00, 0xFC, 0x3F, 0x00, 0xF0, 0xFF, 0x00, 0xC0, 0xFF, 0x03, 0x00,
    0xFF, 0x0F, 0x00, 0xFC, 0x3F, 0x00, 0xF0, 0xFF, 0x01, 0xE0, 0xFF, 0x07, 0x80, 0xBF, 0x1F, 0x00,
    0x7E, 0xFE, 0x00, 0xFC, 0xF9, 0x03, 0xF8, 0xE7, 0x3F, 0xF0, 0x1F, 0xFF, 0xFF, 0x3F, 0xFC, 0xFF,
    0xFF, 0xF0, 0xFF, 0xFF, 0x83, 0xFF, 0xFF, 0x07, 0xFC, 0xFF, 0x0F, 0xE0, 0xFF, 0x1F, 0x00, 0xFF,
    0x3F, 0x00, 0xE0, 0x1F, 0x00, 0x03, 0x0C, 0x15, 0x34, 0x1B, 0xF8, 0xE0, 0x03, 0x1F, 0x7C, 0xC0,
    0xC7, 0x07, 0xF8, 0xF8, 0x00, 0xBE, 0x0F, 0xC0, 0xFF, 0x01, 0xF8, 0x1F, 0x00, 0xFE, 0x03, 0xC0,
    0x7F, 0x00, 0xF0, 0x07, 0x00, 0xFE, 0x00, 0x80, 0x0F, 0x00, 0x00, 0x00, 0x00, 0x00, 0x00, 0x00,
    0x00, 0x00, 0x00, 0x00, 0x00, 0x00, 0xE0, 0x07, 0xF0, 0xFF, 0x00, 0xFE, 0x1F, 0xC0, 0xFF, 0x03,
    0xF8, 0x7F, 0x00, 0xFF, 0x0F, 0xE0, 0xFF, 0x01, 0xFC, 0x3F, 0x80, 0xFF, 0x07, 0xF0, 0xFF, 0x00,
    0xFE, 0x1F, 0xC0, 0xFF, 0x03, 0xF8, 0x7F, 0x00, 0xFF, 0x0F, 0xE0, 0xFF, 0x01, 0xFC, 0x3F, 0x80,
    0xFF, 0x07, 0xF0, 0xFF, 0x00, 0xFE, 0x1F, 0xC0, 0xFF, 0x03, 0xF8, 0x7F, 0x00, 0xFF, 0x0F, 0xE0,
    0xFF, 0x01, 0xFC, 0x3F, 0x80, 0xFF, 0x0F, 0xF0, 0xFF, 0x03, 0xFF, 0xFF, 0xE0, 0xFF, 0x3F, 0xFE,
    0xFF, 0xFF, 0xFF, 0xFF, 0xFF, 0xFB, 0xFF, 0x7F, 0xBF, 0xFF, 0xEF, 0xE7, 0xFF, 0xFC, 0xF8, 0x0F,
    0x00, 0xFC, 0x00, 0x03, 0x7D, 0x1A, 0x43, 0x20, 0xE0, 0xFF, 0x0F, 0x80, 0xFF, 0x3F, 0x00, 0xFE,
    0xFF, 0x00, 0xF8, 0xFF, 0x03, 0xE0, 0xFF, 0x0F, 0x80, 0xFF, 0x3F, 0x00, 0x00, 0x00, 0x00, 0x00,
    0x00, 0x00, 0x00, 0x00, 0x00, 0x00, 0x0F, 0x3C, 0x00, 0x7E, 0xF8, 0x01, 0xF8, 0xE1, 0x07, 0xE0,
    0x87, 0x1F, 0x80, 0x1F, 0x7E, 0x00, 0x7E, 0xF8, 0x01, 0xF8, 0xE1, 0x07, 0xC0, 0x03, 0x0F, 0x00,
    0x00, 0x00, 0x00, 0x00, 0x00, 0x00, 0x00, 0x00, 0x00, 0x00, 0x00, 0x00, 0xFC, 0x00, 0xC0, 0xFF,
    0x03, 0x00, 0xFF, 0x0F, 0x00, 0xFC, 0x3F, 0x00, 0xF0, 0xFF, 0x00, 0xC0, 0xFF, 0x03, 0x00, 0xFF,
    0x0F, 0x00, 0xFC, 0x3F, 0x00, 0xF0, 0xFF, 0x00, 0xC0, 0xFF, 0x03, 0x00, 0xFF, 0x0F, 0x00, 0xFC,
    0x3F, 0x00, 0xF0, 0xFF, 0x00, 0xC0, 0xFF, 0x03, 0x00, 0xFF, 0x0F, 0x00, 0xFC, 0x3F, 0x00, 0xF0,
    0xFF, 0x00, 0xC0, 0xFF, 0x03, 0x00, 0xFF, 0x0F, 0x00, 0xFC, 0x3F, 0x00, 0xF0, 0xFF, 0x00, 0xC0,
    0xFF, 0x03, 0x00, 0xFF, 0x0F, 0x00, 0xFC, 0x3F, 0x00, 0xF0, 0xFF, 0x00, 0xC0, 0xFF, 0x03, 0x00,
    0xFF, 0x0F, 0x00, 0xFC, 0x3F, 0x00, 0xF0, 0xFF, 0x00, 0xC0, 0xFF, 0x03, 0x00, 0xFF, 0x0F, 0x00,
    0xFC, 0x3F, 0x00, 0xF0, 0xFF, 0x01, 0xE0, 0xFF, 0x07, 0x80, 0xBF, 0x1F, 0x00, 0x7E, 0xFE, 0x00,
    0xFC, 0xF9, 0x03, 0xF8, 0xE7, 0x3F, 0xF0, 0x1F, 0xFF, 0xFF, 0x3F, 0xFC, 0xFF, 0xFF, 0xF0, 0xFF,
    0xFF, 0x83, 0xFF, 0xFF, 0x07, 0xFC, 0xFF, 0x0F, 0xE0, 0xFF, 0x1F, 0x00, 0xFF, 0x3F, 0x00, 0xE0,
    0x1F, 0x00, 0x03, 0x08, 0x15, 0x38, 0x1B, 0xF8, 0xFF, 0x03, 0xFF, 0x7F, 0xE0, 0xFF, 0x0F, 0xFC,
    0xFF, 0x81, 0xFF, 0x3F, 0xF0, 0xFF, 0x07, 0x00, 0x00, 0x00, 0x00, 0x00, 0x00, 0x00, 0x00, 0x0F,
    0x3C, 0xF0, 0xC3, 0x0F, 0x7E, 0xF8, 0xC1, 0x0F, 0x3F, 0xF8, 0xE1, 0x07, 0x3F, 0xFC, 0xE0, 0x87,
    0x1F, 0x78, 0xE0, 0x01, 0x00, 0x00, 0x00, 0x00, 0x00, 0x00, 0x00, 0x00, 0x00, 0x00, 0x7E, 0x00,
    0xFF, 0x0F, 0xE0, 0xFF, 0x01, 0xFC, 0x3F, 0x80, 0xFF, 0x07, 0xF0, 0xFF, 0x00, 0xFE, 0x1F, 0xC0,
    0xFF, 0x03, 0xF8, 0x7F, 0x00, 0xFF, 0x0F, 0xE0, 0xFF, 0x01, 0xFC, 0x3F, 0x80, 0xFF, 0x07, 0xF0,
    0xFF, 0x00, 0xFE, 0x1F, 0xC0, 0xFF, 0x03, 0xF8, 0x7F, 0x00, 0xFF, 0x0F, 0xE0, 0xFF, 0x01, 0xFC,
    0x3F, 0x80, 0xFF, 0x07, 0xF0, 0xFF, 0x00, 0xFE, 0x1F, 0xC0, 0xFF, 0x03, 0xF8, 0xFF, 0x00, 0xFF,
    0x3F, 0xF0, 0xFF, 0x0F, 0xFE, 0xFF, 0xE3, 0xFF, 0xFF, 0xFF, 0xFF, 0xFF, 0xBF, 0xFF, 0xFF, 0xF7,
    0xFB, 0xFF, 0x7E, 0xFE, 0xCF, 0x8F, 0xFF, 0x00, 0xC0, 0x0F, 0x03, 0x7B, 0x1A, 0x45, 0x20, 0xC0,
    0x1F, 0x00, 0x00, 0x7F, 0x00, 0x00, 0xF8, 0x03, 0x00, 0xC0, 0x0F, 0x00, 0x00, 0x3F, 0x00, 0x00,
    0xF8, 0x01, 0x00, 0xE0, 0x07, 0x00, 0x00, 0x1F, 0x00, 0x00, 0xF8, 0x00, 0x00, 0x00, 0x00, 0x00,
    0x00, 0x00, 0x00, 0xF0, 0xC0, 0x03, 0xE0, 0x87, 0x1F, 0x80, 0x1F, 0x7E, 0x00, 0x7E, 0xF8, 0x01,
    0xF8, 0xE1, 0x07, 0xE0, 0x87, 0x1F, 0x80, 0x1F, 0x7E, 0x00, 0x3C, 0xF0, 0x00, 0x00, 0x00, 0x00,
    0x00, 0x00, 0x00, 0x00, 0x00, 0x00, 0x00, 0x00, 0x00, 0xC0, 0x0F, 0x00, 0xFC, 0x3F, 0x00, 0xF0,
    0xFF, 0x00, 0xC0, 0xFF, 0x03, 0x00, 0xFF, 0x0F, 0x00, 0xFC, 0x3F, 0x00, 0xF0, 0xFF, 0x00, 0xC0,
    0xFF, 0x03, 0x00, 0xFF, 0x0F, 0x00, 0xFC, 0x3F, 0x00, 0xF0, 0xFF, 0x00, 0xC0, 0xFF, 0x03, 0x00,
    0xFF, 0x0F, 0x00, 0xFC, 0x3F, 0x00, 0xF0, 0xFF, 0x00, 0xC0, 0xFF, 0x03, 0x00, 0xFF, 0x0F, 0x00,
    0xFC, 0x3F, 0x00, 0xF0, 0xFF, 0x00, 0xC0, 0xFF, 0x03, 0x00, 0xFF, 0x0F, 0x00, 0xFC, 0x3F, 0x00,
    0xF0, 0xFF, 0x00, 0xC0, 0xFF, 0x03, 0x00, 0xFF, 0x0F, 0x00, 0xFC, 0x3F, 0x00, 0xF0, 0xFF, 0x00,
    0xC0, 0xFF, 0x03, 0x00, 0xFF, 0x0F, 0x00, 0xFC, 0x3F, 0x00, 0xF0, 0xFF, 0x00, 0xC0, 0xFF, 0x03,
    0x00, 0xFF, 0x1F, 0x00, 0xFE, 0x7F, 0x00, 0xF8, 0xFB, 0x01, 0xE0, 0xE7, 0x0F, 0xC0, 0x9F, 0x3F,
    0x80, 0x7F, 0xFE, 0x03, 0xFF, 0xF1, 0xFF, 0xFF, 0xC3, 0xFF, 0xFF, 0x0F, 0xFF, 0xFF, 0x3F, 0xF8,
    0xFF, 0x7F, 0xC0, 0xFF, 0xFF, 0x00, 0xFE, 0xFF, 0x01, 0xF0, 0xFF, 0x03, 0x00, 0xFE, 0x01, 0x00,
    0x03, 0x06, 0x15, 0x3A, 0x1B, 0xF8, 0x03, 0x00, 0x7E, 0x00, 0xC0, 0x1F, 0x00, 0xF0, 0x03, 0x00,
    0x7C, 0x00, 0x80, 0x1F, 0x00, 0xE0, 0x03, 0x00, 0x7C, 0x00, 0x00, 0x1F, 0x00, 0x00, 0x00, 0x00,
    0x00, 0x00, 0x3C, 0xF0, 0xC0, 0x0F, 0x3F, 0xF8, 0xE1, 0x07, 0x3F, 0xFC, 0xE0, 0x87, 0x1F, 0xFC,
    0xF0, 0x83, 0x1F, 0x7E, 0xE0, 0x81, 0x07, 0x00, 0x00, 0x00, 0x00, 0x00, 0x00, 0x00, 0x00, 0x00,
    0x00, 0xF8, 0x01, 0xFC, 0x3F, 0x80, 0xFF, 0x07, 0xF0, 0xFF, 0x00, 0xFE, 0x1F, 0xC0, 0xFF, 0x03,
    0xF8, 0x7F, 0x00, 0xFF, 0x0F, 0xE0, 0xFF, 0x01, 0xFC, 0x3F, 0x80, 0xFF, 0x07, 0xF0, 0xFF, 0x00,
    0xFE, 0x1F, 0xC0, 0xFF, 0x03, 0xF8, 0x7F, 0x00, 0xFF, 0x0F, 0xE0, 0xFF, 0x01, 0xFC, 0x3F, 0x80,
    0xFF, 0x07, 0xF0, 0xFF, 0x00, 0xFE, 0x1F, 0xC0, 0xFF, 0x03, 0xF8, 0x7F, 0x00, 0xFF, 0x0F, 0xE0,
    0xFF, 0x03, 0xFC, 0xFF, 0xC0, 0xFF, 0x3F, 0xF8, 0xFF, 0x8F, 0xFF, 0xFF, 0xFF, 0xFF, 0xFF, 0xFF,
    0xFE, 0xFF, 0xDF, 0xEF, 0xFF, 0xFB, 0xF9, 0x3F, 0x3F, 0xFE, 0x03, 0x00, 0x3F, 0x00, 0x03, 0x7B,
    0x1A, 0x45, 0x20, 0xE0, 0x03, 0x1F, 0x00, 0x1F, 0x3E, 0x00, 0x7C, 0xF8, 0x00, 0xE0, 0xF3, 0x01,
    0x80, 0xFF, 0x07, 0x00, 0xFC, 0x0F, 0x00, 0xF0, 0x3F, 0x00, 0x80, 0x7F, 0x00, 0x00, 0xFE, 0x00,
    0x00, 0xF0, 0x03, 0x00, 0x00, 0x00, 0x00, 0xF0, 0xC0, 0x03, 0xE0, 0x87, 0x1F, 0x80, 0x1F, 0x7E,
    0x00, 0x7E, 0xF8, 0x01, 0xF8, 0xE1, 0x07, 0xE0, 0x87, 0x1F, 0x80, 0x1F, 0x7E, 0x00, 0x3C, 0xF0,
    0x00, 0x00, 0x00, 0x00, 0x00, 0x00, 0x00, 0x00, 0x00, 0x00, 0x00, 0x00, 0x00, 0xC0, 0x0F, 0x00,
    0xFC, 0x3F, 0x00, 0xF0, 0xFF, 0x00, 0xC0, 0xFF, 0x03, 0x00, 0xFF, 0x0F, 0x00, 0xFC, 0x3F, 0x00,
    0xF0, 0xFF, 0x00, 0xC0, 0xFF, 0x03, 0x00, 0xFF, 0x0F, 0x00, 0xFC, 0x3F, 0x00, 0xF0, 0xFF, 0x00,
    0xC0, 0xFF, 0x03, 0x00, 0xFF, 0x0F, 0x00, 0xFC, 0x3F, 0x00, 0xF0, 0xFF, 0x00, 0xC0, 0xFF, 0x03,
    0x00, 0xFF, 0x0F, 0x00, 0xFC, 0x3F, 0x00, 0xF0, 0xFF, 0x00, 0xC0, 0xFF, 0x03, 0x00, 0xFF, 0x0F,
    0x00, 0xFC, 0x3F, 0x00, 0xF0, 0xFF, 0x00, 0xC0, 0xFF, 0x03, 0x00, 0xFF, 0x0F, 0x00, 0xFC, 0x3F,
    0x00, 0xF0, 0xFF, 0x00, 0xC0, 0xFF, 0x03, 0x00, 0xFF, 0x0F, 0x00, 0xFC, 0x3F, 0x00, 0xF0, 0xFF,
    0x00, 0xC0, 0xFF, 0x03, 0x00, 0xFF, 0x1F, 0x00, 0xFE, 0x7F, 0x00, 0xF8, 0xFB, 0x01, 0xE0, 0xE7,
    0x0F, 0xC0, 0x9F, 0x3F, 0x80, 0x7F, 0xFE, 0x03, 0xFF, 0xF1, 0xFF, 0xFF, 0xC3, 0xFF, 0xFF, 0x0F,
    0xFF, 0xFF, 0x3F, 0xF8, 0xFF, 0x7F, 0xC0, 0xFF, 0xFF, 0x00, 0xFE, 0xFF, 0x01, 0xF0, 0xFF, 0x03,
    0x00, 0xFE, 0x01, 0x00, 0x03, 0x06, 0x15, 0x3A, 0x1B, 0x7C, 0xE0, 0x03, 0x1F, 0x3E, 0xE0, 0xE7,
    0x07, 0xF8, 0x7C, 0x00, 0xFE, 0x0F, 0xC0, 0xFF, 0x00, 0xF0, 0x1F, 0x00, 0xFE, 0x01, 0x80, 0x3F,
    0x00, 0xF0, 0x03, 0x00, 0x00, 0x00, 0x3C, 0xF0, 0xC0, 0x0F, 0x3F, 0xF8, 0xE1, 0x07, 0x3F, 0xFC,
    0xE0, 0x87, 0x1F, 0xFC, 0xF0, 0x83, 0x1F, 0x7E, 0xE0, 0x81, 0x07, 0x00, 0x00, 0x00, 0x00, 0x00,
    0x00, 0x00, 0x00, 0x00, 0x00, 0xF8, 0x01, 0xFC, 0x3F, 0x80, 0xFF, 0x07, 0xF0, 0xFF, 0x00, 0xFE,
    0x1F, 0xC0, 0xFF, 0x03, 0xF8, 0x7F, 0x00, 0xFF, 0x0F, 0xE0, 0xFF, 0x01, 0xFC, 0x3F, 0x80, 0xFF,
    0x07, 0xF0, 0xFF, 0x00, 0xFE, 0x1F, 0xC0, 0xFF, 0x03, 0xF8, 0x7F, 0x00, 0xFF, 0x0F, 0xE0, 0xFF,
    0x01, 0xFC, 0x3F, 0x80, 0xFF, 0x07, 0xF0, 0xFF, 0x00, 0xFE, 0x1F, 0xC0, 0xFF, 0x03, 0xF8, 0x7F,
    0x00, 0xFF, 0x0F, 0xE0, 0xFF, 0x03, 0xFC, 0xFF, 0xC0, 0xFF, 0x3F, 0xF8, 0xFF, 0x8F, 0xFF, 0xFF,
    0xFF, 0xFF, 0xFF, 0xFF, 0xFE, 0xFF, 0xDF, 0xEF, 0xFF, 0xFB, 0xF9, 0x3F, 0x3F, 0xFE, 0x03, 0x00,
    0x3F, 0x00, 0x03, 0x7B, 0x1A, 0x45, 0x20, 0x00, 0xE0, 0x0F, 0x00, 0x80, 0x3F, 0x00, 0x00, 0x7F,
    0x00, 0x00, 0xFC, 0x00, 0x00, 0xF0, 0x03, 0x00, 0xE0, 0x07, 0x00, 0x80, 0x1F, 0x00, 0x00, 0x3E,
    0x00, 0x00, 0xFC, 0x00, 0x00, 0x00, 0x00, 0x00, 0x00, 0x00, 0x00, 0xF0, 0xC0, 0x03, 0xE0, 0x87,
    0x1F, 0x80, 0x1F, 0x7E, 0x00, 0x7E, 0xF8, 0x01, 0xF8, 0xE1, 0x07, 0xE0, 0x87, 0x1F, 0x80, 0x1F,
    0x7E, 0x00, 0x3C, 0xF0, 0x00, 0x00, 0x00, 0x00, 0x00, 0x00, 0x00, 0x00, 0x00, 0x00, 0x00, 0x00,
    0x00, 0xC0, 0x0F, 0x00, 0xFC, 0x3F, 0x00, 0xF0, 0xFF, 0x00, 0xC0, 0xFF, 0x03, 0x00, 0xFF, 0x0F,
    0x00, 0xFC, 0x3F, 0x00, 0xF0, 0xFF, 0x00, 0xC0, 0xFF, 0x03, 0x00, 0xFF, 0x0F, 0x00, 0xFC, 0x3F,
    0x00, 0xF0, 0xFF, 0x00, 0xC0, 0xFF, 0x03, 0x00, 0xFF, 0x0F, 0x00, 0xFC, 0x3F, 0x00, 0xF0, 0xFF,
    0x00, 0xC0, 0xFF, 0x03, 0x00, 0xFF, 0x0F, 0x00, 0xFC, 0x3F, 0x00, 0xF0, 0xFF, 0x00, 0xC0, 0xFF,
    0x03, 0x00, 0xFF, 0x0F, 0x00, 0xFC, 0x3F, 0x00, 0xF0, 0xFF, 0x00, 0xC0, 0xFF, 0x03, 0x00, 0xFF,
    0x0F, 0x00, 0xFC, 0x3F, 0x00, 0xF0, 0xFF, 0x00, 0xC0, 0xFF, 0x03, 0x00, 0xFF, 0x0F, 0x00, 0xFC,
    0x3F, 0x00, 0xF0, 0xFF, 0x00, 0xC0, 0xFF, 0x03, 0x00, 0xFF, 0x1F, 0x00, 0xFE, 0x7F, 0x00, 0xF8,
    0xFB, 0x01, 0xE0, 0xE7, 0x0F, 0xC0, 0x9F, 0x3F, 0x80, 0x7F, 0xFE, 0x03, 0xFF, 0xF1, 0xFF, 0xFF,
    0xC3, 0xFF, 0xFF, 0x0F, 0xFF, 0xFF, 0x3F, 0xF8, 0xFF, 0x7F, 0xC0, 0xFF, 0xFF, 0x00, 0xFE, 0xFF,
    0x01, 0xF0, 0xFF, 0x03, 0x00, 0xFE, 0x01, 0x00, 0x03, 0x06, 0x15, 0x3A, 0x1B, 0x00, 0xFC, 0x01,
    0x80, 0x3F, 0x00, 0xF0, 0x03, 0x00, 0x3F, 0x00, 0xE0, 0x07, 0x00, 0x7C, 0x00, 0xC0, 0x0F, 0x00,
    0xF8, 0x00, 0x00, 0x1F, 0x00, 0x00, 0x00, 0x00, 0x00, 0x00, 0x3C, 0xF0, 0xC0, 0x0F, 0x3F, 0xF8,
    0xE1, 0x07, 0x3F, 0xFC, 0xE0, 0x87, 0x1F, 0xFC, 0xF0, 0x83, 0x1F, 0x7E, 0xE0, 0x81, 0x07, 0x00,
    0x00, 0x00, 0x00, 0x00, 0x00, 0x00, 0x00, 0x00, 0x00, 0xF8, 0x01, 0xFC, 0x3F, 0x80, 0xFF, 0x07,
    0xF0, 0xFF, 0x00, 0xFE, 0x1F, 0xC0, 0xFF, 0x03, 0xF8, 0x7F, 0x00, 0xFF, 0x0F, 0xE0, 0xFF, 0x01,
    0xFC, 0x3F, 0x80, 0xFF, 0x07, 0xF0, 0xFF, 0x00, 0xFE, 0x1F, 0xC0, 0xFF, 0x03, 0xF8, 0x7F, 0x00,
    0xFF, 0x0F, 0xE0, 0xFF, 0x01, 0xFC, 0x3F, 0x80, 0xFF, 0x07, 0xF0, 0xFF, 0x00, 0xFE, 0x1F, 0xC0,
    0xFF, 0x03, 0xF8, 0x7F, 0x00, 0xFF, 0x0F, 0xE0, 0xFF, 0x03, 0xFC, 0xFF, 0xC0, 0xFF, 0x3F, 0xF8,
    0xFF, 0x8F, 0xFF, 0xFF, 0xFF, 0xFF, 0xFF, 0xFF, 0xFE, 0xFF, 0xDF, 0xEF, 0xFF, 0xFB, 0xF9, 0x3F,
    0x3F, 0xFE, 0x03, 0x00, 0x3F, 0x00, 0xFA, 0x03, 0x06, 0x00, 0x7D, 0x1C, 0x42, 0x1E, 0x80, 0x3F,
    0x00, 0x00, 0xF8, 0x03, 0x00, 0x00, 0x3F, 0x00, 0x00, 0xE0, 0x07, 0x00, 0x00, 0x7E, 0x00, 0x00,
    0xC0, 0x07, 0x00, 0x00, 0xFC, 0x00, 0x00, 0x80, 0x0F, 0x00, 0x00, 0xF0, 0x00, 0x00, 0x00, 0x00,
    0x00, 0x00, 0x00, 0x00, 0x00, 0x00, 0x0F, 0x00, 0x00, 0xFC, 0x03, 0x00, 0xC0, 0x3F, 0x00, 0x00,
    0xFE, 0x07, 0x00, 0xE0, 0x79, 0x00, 0x00, 0x0E, 0x07, 0x00, 0xE0, 0x70, 0x00, 0x00, 0x0E, 0x07,
    0x00, 0xE0, 0x70, 0x00, 0x00, 0x9E, 0x07, 0x00, 0xC0, 0x7F, 0x00, 0x00, 0xFC, 0x03, 0x00, 0xC0,
    0x3F, 0x00, 0x00, 0xFE, 0x07, 0x00, 0xE0, 0x7F, 0x00, 0x00, 0xFE, 0x07, 0x00, 0xE0, 0x7F, 0x00,
    0x00, 0xFF, 0x0F, 0x00, 0xF0, 0xFF, 0x00, 0x00, 0xFF, 0x0F, 0x00, 0xF0, 0xFF, 0x00, 0x00, 0xBF,
    0x1F, 0x00, 0xF8, 0xF9, 0x01, 0x80, 0x9F, 0x1F, 0x00, 0xF8, 0xF9, 0x01, 0x80, 0x1F, 0x3F, 0x00,
    0xFC, 0xF1, 0x03, 0xC0, 0x0F, 0x3F, 0x00, 0xFC, 0xF0, 0x03, 0xC0, 0x0F, 0x3F, 0x00, 0xFE, 0xE0,
    0x07, 0xE0, 0x0F, 0x7E, 0x00, 0x7E, 0xE0, 0x07, 0xE0, 0x07, 0x7E, 0x00, 0x7F, 0xE0, 0x0F, 0xF0,
    0x07, 0xFC, 0x00, 0x3F, 0xC0, 0x0F, 0xF0, 0x03, 0xFC, 0x00, 0xFF, 0xFF, 0x1F, 0xF8, 0xFF, 0xFF,
    0x81, 0xFF, 0xFF, 0x1F, 0xF8, 0xFF, 0xFF, 0x81, 0xFF, 0xFF, 0x3F, 0xFC, 0xFF, 0xFF, 0xC3, 0xFF,
    0xFF, 0x3F, 0xFC, 0xFF, 0xFF, 0xC3, 0x0F, 0x00, 0x3F, 0xFE, 0x00, 0xF0, 0xE7, 0x0F, 0x00, 0x7E,
    0xFE, 0x00, 0xE0, 0xE7, 0x07, 0x00, 0x7E, 0x7F, 0x00, 0xE0, 0xFF, 0x07, 0x00, 0xFE, 0x7F, 0x00,
    0xC0, 0xFF, 0x03, 0x00, 0xFC, 0x02, 0x7E, 0x15, 0x42, 0x1A, 0xF8, 0x03, 0x00, 0x7F, 0x00, 0xC0,
    0x1F, 0x00, 0xF0, 0x03, 0x00, 0xFE, 0x00, 0x80, 0x1F, 0x00, 0xF0, 0x07, 0x00, 0xFC, 0x00, 0x00,
    0x1F, 0x00, 0xE0, 0x07, 0x00, 0xF8, 0x00, 0x00, 0x00, 0x00, 0x00, 0x00, 0x00, 0x3E, 0x00, 0xE0,
    0x0F, 0x00, 0xFE, 0x03, 0xC0, 0xFF, 0x00, 0x3C, 0x1E, 0x80, 0x83, 0x03, 0x70, 0x70, 0x00, 0x0E,
    0x0E, 0xC0, 0xC1, 0x01, 0x78, 0x3C, 0x00, 0xFF, 0x07, 0xC0, 0x7F, 0x00, 0xF0, 0x07, 0x00, 0x7C,
    0x00, 0x00, 0x00, 0x00, 0x00, 0x00, 0x00, 0x00, 0x00, 0xE0, 0x0F, 0x80, 0xFF, 0x0F, 0xF8, 0xFF,
    0x83, 0xFF, 0xFF, 0xF8, 0xFF, 0x3F, 0xFF, 0xFF, 0xE7, 0xFF, 0xFF, 0xFE, 0xC1, 0xCF, 0x1F, 0xE0,
    0xF8, 0x01, 0x08, 0x3F, 0x00, 0xE0, 0x07, 0x00, 0xFC, 0x00, 0x80, 0x7F, 0x00, 0xF0, 0xFF, 0x03,
    0xFE, 0xFF, 0xC1, 0xFF, 0xFF, 0xF8, 0xFF, 0x3F, 0xFF, 0xFF, 0xEF, 0xC7, 0xFF, 0xFD, 0x80, 0xBF,
    0x1F, 0xE0, 0xFF, 0x03, 0xF8, 0x7F, 0x00, 0xFF, 0x0F, 0xE0, 0xFF, 0x01, 0xFC, 0x7F, 0x80, 0xFF,
    0x1F, 0xF0, 0xFF, 0x0F, 0xFF, 0xFF, 0xFF, 0xFF, 0xFF, 0xFF, 0xFE, 0xFF, 0xDF, 0xEF, 0xFF, 0xF9,
    0xF9, 0x3F, 0x3F, 0xFE, 0x03, 0x00, 0x1F, 0x00, 0x00, 0x01, 0x27, 0x3E, 0x2A, 0x00, 0xFE, 0x00,
    0x00, 0x00, 0x00, 0xFE, 0x00, 0x00, 0x00, 0x00, 0x7F, 0x00, 0x00, 0x00, 0x00, 0x3F, 0x00, 0x00,
    0x00, 0x00, 0x3F, 0x00, 0x00, 0x00, 0x80, 0x1F, 0x00, 0x00, 0x00, 0x80, 0x0F, 0x00, 0x00, 0x00,
    0x80, 0x0F, 0x00, 0x00, 0x00, 0xC0, 0x07, 0x00, 0x00, 0x00, 0xC0, 0x07, 0x00, 0x00, 0x00, 0xE0,
    0x03, 0x00, 0x00, 0x00, 0x00, 0x00, 0x00, 0x00, 0x00, 0x00, 0x00, 0x00, 0x00, 0x00, 0x00, 0x00,
    0x00, 0x00, 0x00, 0x00, 0x00, 0x00, 0x00, 0x00, 0x00, 0x00, 0x00, 0x00, 0x00, 0x00, 0x00, 0x80,
    0xFF, 0xFF, 0xFF, 0x03, 0xC0, 0xFF, 0xFF, 0xFF, 0x01, 0xE0, 0xFF, 0xFF, 0xFF, 0x00, 0xF0, 0xFF,
    0xFF, 0xFF, 0x00, 0xF8, 0xFF, 0xFF, 0x7F, 0x00, 0xFC, 0xFF, 0xFF, 0x3F, 0x00, 0xFE, 0xFF, 0xFF,
    0x1F, 0x00, 0xFF, 0xFF, 0xFF, 0x1F, 0x00, 0x00, 0xE0, 0xC7, 0x0F, 0x00, 0x00, 0xF0, 0xE3, 0x07,
    0x00, 0x00, 0xF8, 0xF1, 0x07, 0x00, 0x00, 0xFC, 0xF8, 0x03, 0x00, 0x00, 0x7E, 0xF8, 0x01, 0x00,
    0x00, 0x3F, 0xFC, 0x00, 0x00, 0x80, 0x1F, 0xFE, 0x00, 0x00, 0xC0, 0x0F, 0x7E, 0x00, 0x00, 0xE0,
    0x07, 0x3F, 0x00, 0x00, 0xF0, 0x83, 0x3F, 0x00, 0xFF, 0xFF, 0xC1, 0x1F, 0x80, 0xFF, 0xFF, 0xC0,
    0x0F, 0xC0, 0xFF, 0x7F, 0xE0, 0x07, 0xE0, 0xFF, 0x3F, 0xF0, 0x07, 0xF0, 0xFF, 0x1F, 0xF0, 0x03,
    0xF8, 0xFF, 0x0F, 0xF8, 0x01, 0xFC, 0xFF, 0x07, 0xFC, 0x00, 0xFE, 0xFF, 0xFF, 0xFF, 0x00, 0x00,
    0xF8, 0xFF, 0x7F, 0x00, 0x00, 0xFC, 0xFF, 0x3F, 0x00, 0x00, 0xFE, 0xFF, 0x3F, 0x00, 0x00, 0xFF,
    0xFF, 0x1F, 0x00, 0x80, 0xFF, 0xFF, 0x0F, 0x00, 0xC0, 0xFF, 0xFF, 0x07, 0x00, 0xE0, 0xFF, 0xFF,
    0x07, 0x00, 0xF0, 0x03, 0xF8, 0x03, 0x00, 0xF8, 0x01, 0xF8, 0x01, 0x00, 0xFC, 0x00, 0xFC, 0x01,
    0x00, 0x7E, 0x00, 0xFE, 0xFC, 0xFF, 0x3F, 0x00, 0x7E, 0xFE, 0xFF, 0x1F, 0x00, 0x3F, 0xFF, 0xFF,
    0x0F, 0x80, 0xBF, 0xFF, 0xFF, 0x07, 0xC0, 0xDF, 0xFF, 0xFF, 0x03, 0xC0, 0xEF, 0xFF, 0xFF, 0x01,
    0xE0, 0xFF, 0xFF, 0xFF, 0x00, 0xF0, 0xFF, 0xFF, 0x7F, 0x00, 0xF0, 0x03, 0x02, 0x0C, 0x25, 0x34,
    0x29, 0x00, 0xF8, 0x03, 0x00, 0x00, 0x00, 0x7F, 0x00, 0x00, 0x00, 0xC0, 0x1F, 0x00, 0x00, 0x00,
    0xF0, 0x03, 0x00, 0x00, 0x00, 0xFE, 0x00, 0x00, 0x00, 0x80, 0x1F, 0x00, 0x00, 0x00, 0xF0, 0x03,
    0x00, 0x00, 0x00, 0xFC, 0x00, 0x00, 0x00, 0x00, 0x1F, 0x00, 0x00, 0x00, 0xE0, 0x03, 0x00, 0x00,
    0x00, 0xF8, 0x00, 0x00, 0x00, 0x00, 0x00, 0x00, 0x00, 0x00, 0x00, 0x00, 0x00, 0x00, 0x00, 0x00,
    0x00, 0x00, 0x00, 0x00, 0x00, 0x00, 0x00, 0x00, 0x00, 0x00, 0x00, 0x80, 0x3F, 0x80, 0x3F, 0x00,
    0xFC, 0x1F, 0xFC, 0x3F, 0xC0, 0xFF, 0xC7, 0xFF, 0x0F, 0xFC, 0xFF, 0xFD, 0xFF, 0x83, 0xFF, 0xFF,
    0xFF, 0xFF, 0xF8, 0xFF, 0xFF, 0xFF, 0x1F, 0xFF, 0xFF, 0xFF, 0xFF, 0xF3, 0x0F, 0xFF, 0x07, 0x3F,
    0x7E, 0xC0, 0x7F, 0x80, 0xC3, 0x0F, 0xF0, 0x07, 0x20, 0xFC, 0x00, 0xFE, 0x00, 0x80, 0x1F, 0xC0,
    0x1F, 0x00, 0xF0, 0x03, 0xF0, 0x03, 0x00, 0x7E, 0x00, 0xFE, 0x1F, 0xC0, 0xFF, 0xFF, 0xFF, 0x1F,
    0xF8, 0xFF, 0xFF, 0xFF, 0x0F, 0xFF, 0xFF, 0xFF, 0xFF, 0xE3, 0xFF, 0xFF, 0xFF, 0xFF, 0xFC, 0xFF,
    0xFF, 0xFF, 0xBF, 0xFF, 0xFF, 0x1F, 0xFE, 0x07, 0x00, 0xF0, 0x03, 0xFE, 0x00, 0x00, 0x7E, 0x80,
    0x3F, 0x00, 0xC0, 0x0F, 0xE0, 0x07, 0x00, 0xF8, 0x01, 0xFC, 0x00, 0x00, 0x3F, 0x80, 0x1F, 0x00,
    0xF0, 0x07, 0xF0, 0x43, 0x00, 0xFE, 0x01, 0x7E, 0x1C, 0xE0, 0x7F, 0xC0, 0xCF, 0x0F, 0xFE, 0x3F,
    0xFC, 0xFD, 0xFF, 0xFF, 0xFF, 0xBF, 0xFF, 0xFF, 0xFF, 0xFF, 0xF3, 0xFF, 0xBF, 0xFF, 0x7F, 0xFC,
    0xFF, 0xE3, 0xFF, 0x07, 0xFF, 0x3F, 0xF0, 0xFF, 0xC0, 0xFF, 0x03, 0xFC, 0x0F, 0xE0, 0x1F, 0x00,
    0x7E, 0x00, 0x00, 0x02, 0x1D, 0x41, 0x1F, 0x80, 0x3F, 0x00, 0x00, 0xF0, 0x0F, 0x00, 0x00, 0xFC,
    0x01, 0x00, 0x00, 0x7F, 0x00, 0x00, 0xE0, 0x0F, 0x00, 0x00, 0xF8, 0x01, 0x00, 0x00, 0x7E, 0x00,
    0x00, 0xC0, 0x0F, 0x00, 0x00, 0xF0, 0x03, 0x00, 0x00, 0x7C, 0x00, 0x00, 0x80, 0x0F, 0x00, 0x00,
    0x00, 0x00, 0x00, 0x00, 0x00, 0x00, 0x1E, 0x00, 0x00, 0x80, 0x07, 0x00, 0x00, 0xF0, 0x00, 0x00,
    0x00, 0x3E, 0xFC, 0x03, 0x80, 0xE7, 0xFF, 0x01, 0xF0, 0xFE, 0xFF, 0x00, 0xFC, 0xFF, 0x3F, 0x80,
    0xFF, 0xFF, 0x0F, 0xE0, 0xFF, 0xFF, 0x01, 0xFC, 0xFF, 0x7F, 0xC0, 0xFF, 0xFF, 0x0F, 0xF8, 0x1F,
    0xFE, 0x03, 0xFF, 0x00, 0x7F, 0xF0, 0x1F, 0xC0, 0x1F, 0xFE, 0x07, 0xF8, 0xC3, 0xFF, 0x00, 0x7E,
    0xF8, 0x3F, 0xC0, 0x0F, 0xFF, 0x07, 0xF8, 0xF1, 0xFB, 0x01, 0x7F, 0x7E, 0x3E, 0xC0, 0xCF, 0xCF,
    0x0F, 0xF8, 0xF9, 0xF1, 0x01, 0x3F, 0x3F, 0x7E, 0xE0, 0xE7, 0xC7, 0x0F, 0xFC, 0xFC, 0xF0, 0x83,
    0x9F, 0x1F, 0x7E, 0xF0, 0xF3, 0x83, 0x1F, 0x7E, 0x7E, 0xF0, 0xC3, 0xCF, 0x0F, 0xFC, 0xF8, 0xF9,
    0x81, 0x1F, 0x3F, 0x3F, 0xE0, 0xE7, 0xE7, 0x07, 0xFC, 0xFC, 0xFC, 0x00, 0xBF, 0x9F, 0x3F, 0xE0,
    0xFF, 0xE3, 0x07, 0xF8, 0x7F, 0xFC, 0x00, 0xFF, 0x87, 0x1F, 0xC0, 0xFF, 0xF0, 0x07, 0xF8, 0x1F,
    0xFC, 0x00, 0xFE, 0x83, 0x3F, 0xC0, 0x3F, 0xF0, 0x0F, 0xFE, 0x07, 0xFC, 0xFF, 0xFF, 0x80, 0xFF,
    0xFF, 0x0F, 0xE0, 0xFF, 0xFF, 0x03, 0xFC, 0xFF, 0x7F, 0x00, 0xFF, 0xFF, 0x0F, 0xC0, 0xFF, 0xDF,
    0x03, 0xE0, 0xFF, 0x79, 0x00, 0xF0, 0x0F, 0x1E, 0x00, 0x00, 0xC0, 0x03, 0x00, 0x00, 0xF8, 0x00,
    0x00, 0x00, 0x1E, 0x02, 0x0C, 0x17, 0x36, 0x1B, 0xF0, 0x07, 0x00, 0xF0, 0x07, 0x00, 0xF8, 0x03,
    0x00, 0xF8, 0x01, 0x00, 0xF8, 0x01, 0x00, 0xFC, 0x00, 0x00, 0xFC, 0x00, 0x00, 0x7C, 0x00, 0x00,
    0x7E, 0x00, 0x00, 0x3E, 0x00, 0x00, 0x1F, 0x00, 0x00, 0x00, 0x00, 0x00, 0x00, 0x00, 0x00, 0x00,
    0x7C, 0x00, 0x00, 0x3C, 0x00, 0x00, 0x1E, 0x7F, 0x00, 0xFE, 0xFF, 0x00, 0xFF, 0xFF, 0x00, 0xFF,
    0xFF, 0x80, 0xFF, 0xFF, 0xE0, 0xFF, 0xFF, 0xF0, 0xFF, 0x7F, 0xFC, 0x83, 0x7F, 0xFE, 0x81, 0x3F,
    0xFF, 0x81, 0x9F, 0xFF, 0xC0, 0xEF, 0xFF, 0xE0, 0xFF, 0x7F, 0xE0, 0xFF, 0x7D, 0xF0, 0xFF, 0x3C,
    0xF8, 0x7F, 0x3E, 0xFC, 0x3F, 0x1E, 0xFE, 0x1F, 0x0F, 0xFF, 0x0F, 0x8F, 0xFF, 0x87, 0xC7, 0xFF,
    0x83, 0xE7, 0xFF, 0xC1, 0xF3, 0xFF, 0xE0, 0xFB, 0x7F, 0xE0, 0xFD, 0x7F, 0xF0, 0x7F, 0x3F, 0xF0,
    0x9F, 0x1F, 0xF8, 0xCF, 0x1F, 0xF8, 0xE7, 0x1F, 0xFC, 0xE3, 0xFF, 0xFF, 0xF0, 0xFF, 0x7F, 0xF0,
    0xFF, 0x1F, 0xF0, 0xFF, 0x0F, 0xF0, 0xFF, 0x0F, 0xF0, 0xFF, 0x07, 0xE0, 0x8F, 0x07, 0x00, 0xC0,
    0x03, 0x00, 0xC0, 0x03, 0x98, 0x04, 0x04, 0x01, 0x11, 0x19, 0x40, 0x1C, 0x00, 0xFE, 0x00, 0x80,
    0xFF, 0x07, 0x80, 0xFF, 0x3F, 0x80, 0xFF, 0xFF, 0x80, 0xFF, 0xFF, 0x83, 0xFF, 0xFF, 0x87, 0xFF,
    0xFF, 0x1F, 0xFF, 0xFF, 0x3F, 0xFE, 0x83, 0x7F, 0xF8, 0x01, 0xFC, 0xE1, 0x01, 0xF0, 0x83, 0x01,
    0xE0, 0x07, 0x03, 0xC0, 0x0F, 0x00, 0x80, 0x1F, 0x00, 0x00, 0x3F, 0x00, 0x00, 0x7F, 0x00, 0x00,
    0xFF, 0x00, 0x80, 0xFF, 0x01, 0xE0, 0xFF, 0x01, 0xF0, 0xFF, 0x03, 0xF8, 0xFF, 0x07, 0xFC, 0xFF,
    0x07, 0xFC, 0xFF, 0x07, 0xFC, 0xFF, 0x0F, 0xFC, 0xFF, 0x07, 0xF8, 0xFF, 0x03, 0xF8, 0xFF, 0x01,
    0xF0, 0xFF, 0x00, 0xF0, 0x3F, 0x00, 0xE0, 0x1F, 0x00, 0xC0, 0x1F, 0x00, 0x80, 0x1F, 0x00, 0x00,
    0x3F, 0x00, 0x00, 0x7E, 0x00, 0x00, 0xFC, 0x00, 0x60, 0xF8, 0x01, 0xC0, 0xF1, 0x07, 0xC0, 0xE7,
    0x0F, 0xC0, 0x9F, 0x7F, 0xE0, 0x3F, 0xFF, 0xFF, 0x7F, 0xFE, 0xFF, 0xFF, 0xF8, 0xFF, 0xFF, 0xF0,
    0xFF, 0xFF, 0xC0, 0xFF, 0xFF, 0x01, 0xFF, 0xFF, 0x00, 0xF8, 0xFF, 0x00, 0xC0, 0x3F, 0x00, 0x00,
    0x00, 0x00, 0x00, 0x1C, 0x00, 0x00, 0x7C, 0x00, 0x00, 0xFC, 0x01, 0x00, 0xF8, 0x03, 0x00, 0xF0,
    0x07, 0x00, 0xE0, 0x0F, 0x00, 0xC0, 0x1F, 0x00, 0x80, 0x3F, 0x00, 0x00, 0x7F, 0x00, 0x00, 0x7E,
    0x00, 0x00, 0x3C, 0x00, 0x00, 0x70, 0x00, 0x00, 0xE0, 0x01, 0x00, 0xC0, 0x03, 0x00, 0x00, 0x07,
    0x00, 0x00, 0x1E, 0x00, 0x01, 0x1C, 0x14, 0x35, 0x17, 0xC0, 0x1F, 0x00, 0xFF, 0x07, 0xF8, 0xFF,
    0xC0, 0xFF, 0x1F, 0xFE, 0xFF, 0xE3, 0xFF, 0x3F, 0xFE, 0xFF, 0xC7, 0x07, 0x7F, 0x38, 0xE0, 0x07,
    0x01, 0x7E, 0x00, 0xE0, 0x07, 0x00, 0x7E, 0x00, 0xF0, 0x07, 0xC0, 0x7F, 0x80, 0xFF, 0x03, 0xFE,
    0x3F, 0xF0, 0xFF, 0x83, 0xFF, 0x1F, 0xFC, 0xFF, 0xE0, 0xFF, 0x07, 0xFE, 0x1F, 0xE0, 0x7F, 0x00,
    0xFF, 0x00, 0xF0, 0x07, 0x00, 0x3F, 0x00, 0xF0, 0x03, 0x00, 0x3F, 0xC0, 0xF0, 0x03, 0x1C, 0xFF,
    0xF0, 0xE3, 0xFF, 0x7F, 0xFE, 0xFF, 0xE7, 0xFF, 0x7F, 0xFC, 0xFF, 0x83, 0xFF, 0x1F, 0xF0, 0xFF,
    0x00, 0xFC, 0x03, 0x00, 0x00, 0x00, 0x70, 0x00, 0x80, 0x0F, 0x00, 0xFC, 0x01, 0xC0, 0x1F, 0x00,
    0xFC, 0x01, 0xC0, 0x1F, 0x00, 0xFC, 0x01, 0xC0, 0x1F, 0x00, 0xFC, 0x01, 0xC0, 0x0F, 0x00, 0x3C,
    0x00, 0x80, 0x03, 0x00, 0x78, 0x00, 0x80, 0x07, 0x00, 0x70, 0x00, 0x00, 0x0F, 0x00, 0x01, 0x12,
    0x1A, 0x3F, 0x1C, 0xFF, 0xFF, 0xFF, 0xFF, 0xFF, 0xFF, 0xFF, 0xFF, 0xFF, 0xFF, 0xFF, 0xFF, 0xFF,
    0xFF, 0xFF, 0xFF, 0xFF, 0xFF, 0xFF, 0xFF, 0xFF, 0xFF, 0xFF, 0xFF, 0xFF, 0xFF, 0x00, 0xFC, 0x00,
    0x00, 0xF0, 0x03, 0x00, 0xC0, 0x0F, 0x00, 0x00, 0x3F, 0x00, 0x00, 0xFC, 0x00, 0x00, 0xF0, 0x03,
    0x00, 0xC0, 0x0F, 0x00, 0x00, 0x3F, 0x00, 0x00, 0xFC, 0x00, 0x00, 0xF0, 0x03, 0x00, 0xC0, 0x0F,
    0x00, 0x00, 0x3F, 0x00, 0x00, 0xFC, 0x00, 0x00, 0xF0, 0x03, 0x00, 0xC0, 0x0F, 0x00, 0x00, 0x3F,
    0x00, 0x00, 0xFC, 0x00, 0x00, 0xF0, 0x03, 0x00, 0xC0, 0x0F, 0x00, 0x00, 0x3F, 0x00, 0x00, 0xFC,
    0x00, 0x00, 0xF0, 0x03, 0x00, 0xC0, 0x0F, 0x00, 0x00, 0x3F, 0x00, 0x00, 0xFC, 0x00, 0x00, 0xF0,
    0x03, 0x00, 0xC0, 0x0F, 0x00, 0x00, 0x3F, 0x00, 0x00, 0xFC, 0x00, 0x00, 0xF0, 0x03, 0x00, 0xC0,
    0x0F, 0x00, 0x00, 0x3F, 0x00, 0x00, 0xFC, 0x00, 0x00, 0xF0, 0x03, 0x00, 0xC0, 0x0F, 0x00, 0x00,
    0x3F, 0x00, 0x00, 0xFC, 0x00, 0x00, 0x00, 0x00, 0x00, 0x00, 0x00, 0x00, 0x00, 0x0E, 0x00, 0x00,
    0x7C, 0x00, 0x00, 0xF8, 0x03, 0x00, 0xE0, 0x0F, 0x00, 0x80, 0x3F, 0x00, 0x00, 0xFE, 0x00, 0x00,
    0xF8, 0x03, 0x00, 0xE0, 0x0F, 0x00, 0x80, 0x3F, 0x00, 0x00, 0x7E, 0x00, 0x00, 0xF0, 0x00, 0x00,
    0xC0, 0x03, 0x00, 0x00, 0x0F, 0x00, 0x00, 0x38, 0x00, 0x00, 0xE0, 0x01, 0x00, 0x00, 0x07, 0x00,
    0x01, 0x13, 0x10, 0x3E, 0x11, 0x80, 0x1F, 0x80, 0x1F, 0x80, 0x1F, 0x80, 0x1F, 0x80, 0x1F, 0x80,
    0x1F, 0x80, 0x1F, 0x80, 0x1F, 0x80, 0x1F, 0xFE, 0xFF, 0xFE, 0xFF, 0xFE, 0xFF, 0xFE, 0xFF, 0xFE,
    0xFF, 0xFE, 0xFF, 0xFE, 0xFF, 0x80, 0x1F, 0x80, 0x1F, 0x80, 0x1F, 0x80, 0x1F, 0x80, 0x1F, 0x80,
    0x1F, 0x80, 0x1F, 0x80, 0x1F, 0x80, 0x1F, 0x80, 0x1F, 0x80, 0x1F, 0x80, 0x1F, 0x80, 0x1F, 0x80,
    0x1F, 0x80, 0x1F, 0x80, 0x1F, 0x80, 0x1F, 0x80, 0x1F, 0x80, 0x1F, 0x80, 0x1F, 0xC0, 0x1F, 0xC2,
    0x1F, 0xFF, 0x1F, 0xFF, 0x0F, 0xFF, 0x0F, 0xFF, 0x0F, 0xFF, 0x07, 0xFF, 0x03, 0xFE, 0x00, 0x00,
    0x00, 0xE0, 0x00, 0xF0, 0x01, 0xF8, 0x03, 0xF8, 0x03, 0xF8, 0x03, 0xF8, 0x03, 0xF8, 0x03, 0xF8,
    0x03, 0xF8, 0x03, 0xF8, 0x01, 0xF8, 0x00, 0xF0, 0x00, 0xF0, 0x00, 0xF0, 0x00, 0xE0, 0x01, 0xE0,
    0x01, 0xB7, 0x04, 0x01, 0x00, 0x1D, 0x09, 0x2F, 0x0D, 0x03, 0x06, 0x0C, 0x18, 0x30, 0x60, 0xC0,
    0x80, 0x01, 0x03, 0x06, 0x0C, 0x18, 0x30, 0x60, 0xC0, 0x80, 0x01, 0x03, 0x06, 0x0C, 0x18, 0x30,
    0x60, 0xC0, 0x80, 0x01, 0x03, 0x06, 0x0C, 0x18, 0x30, 0x60, 0xC0, 0x80, 0x01, 0x03, 0x06, 0x0C,
    0x18, 0x30, 0x60, 0xC0, 0x80, 0x43, 0xFF, 0xFE, 0xFD, 0xFF, 0xFF, 0xFF, 0xBF, 0x3F, 0xB3, 0x05,
    0x01, 0x01, 0x0D, 0x13, 0x16, 0x14, 0x3E, 0x00, 0xF0, 0x87, 0xBF, 0x7F, 0xFC, 0xFD, 0xE7, 0xEF,
    0x7F, 0x7F, 0xFF, 0xFF, 0xF3, 0xFF, 0x9F, 0xFF, 0xFF, 0x80, 0xFF, 0x07, 0xF0, 0x3F, 0x00, 0xFF,
    0x01, 0xF0, 0x0F, 0x00, 0x7F, 0x00, 0xF8, 0x03, 0xC0, 0x1F, 0x00, 0xFE, 0x00, 0xF0, 0x07, 0x80,
    0x3F, 0x00, 0xFC, 0x01, 0xE0, 0x0F, 0x00, 0x7F, 0x00, 0xF8, 0x03, 0xC0, 0x05, 0x01, 0x00, 0x11,
    0x15, 0x2E, 0x16, 0xC0, 0x3F, 0x00, 0xFE, 0x1F, 0xE0, 0xFF, 0x07, 0xFE, 0xFF, 0xE1, 0xFF, 0x7F,
    0xFC, 0xFF, 0xCF, 0xFF, 0xFF, 0xFB, 0x87, 0x7F, 0x3F, 0xC0, 0xE7, 0x07, 0x78, 0x7C, 0x00, 0x86,
    0x0F, 0x00, 0xF0, 0x01, 0x00, 0x3E, 0x00, 0xC0, 0x07, 0x00, 0xF8, 0x00, 0x00, 0x1F, 0x00, 0xE0,
    0x07, 0x00, 0xFC, 0x00, 0x80, 0x3F, 0x00, 0xF0, 0x0F, 0x00, 0xFC, 0x03, 0x80, 0xFF, 0x00, 0xE0,
    0x3F, 0x00, 0xF8, 0x1F, 0x00, 0xFF, 0x03, 0x80, 0x7F, 0x00, 0xE0, 0x0F, 0x00, 0xF8, 0x01, 0x00,
    0x3F, 0x00, 0xE0, 0x07, 0x00, 0xFC, 0x00, 0x80, 0x1F, 0x00, 0xF0, 0x03, 0x00, 0x7E, 0x00, 0xC0,
    0x0F, 0x00, 0xF8, 0x01, 0x00, 0x3F, 0x00, 0xE0, 0x07, 0x00, 0xFC, 0x00, 0x80, 0x1F, 0x00, 0xF0,
    0x03, 0x00, 0x7E, 0x00, 0xC0, 0x0F, 0x00, 0xF8, 0x01, 0x00, 0x3F, 0x00, 0xC6, 0x05, 0x02, 0x03,
    0x0C, 0x10, 0x0C, 0x18, 0xE0, 0x07, 0xE0, 0x07, 0xF0, 0x0F, 0xF0, 0x0F, 0xF0, 0x1F, 0xF8, 0x1F,
    0xF8, 0x3F, 0xFC, 0x3E, 0x7C, 0x7E, 0x3E, 0x7C, 0x3E, 0xF8, 0x1F, 0xF8, 0x03, 0x0C, 0x10, 0x0C,
    0x18, 0x1F, 0xF0, 0x1E, 0xF8, 0x3E, 0x7C, 0x7E, 0x7C, 0x7C, 0x7E, 0xFC, 0x3E, 0xF8, 0x3F, 0xF8,
    0x1F, 0xF0, 0x1F, 0xF0, 0x0F, 0xE0, 0x0F, 0xE0, 0x07, 0xC9, 0x05, 0x01, 0x04, 0x10, 0x0F, 0x06,
    0x17, 0xFF, 0xFF, 0xFF, 0xFF, 0xFF, 0xFF, 0xFF, 0xFF, 0xFF, 0xFF, 0xFF, 0x03, 0xD8, 0x05, 0x06,
    0x04, 0x0E, 0x11, 0x0B, 0x18, 0x1F, 0xE0, 0x3F, 0xE0, 0x7F, 0xC0, 0xFF, 0xC3, 0xEF, 0xFF, 0xCF,
    0xFF, 0x9F, 0xFF, 0x3F, 0xFE, 0x3F, 0xF8, 0x3F, 0xE0, 0x3F, 0x00, 0x1F, 0x00, 0x09, 0x10, 0x06,
    0x08, 0x17, 0xDE, 0xFF, 0xFF, 0xFF, 0xFF, 0x7B, 0x07, 0x0C, 0x0A, 0x0E, 0x17, 0x78, 0xF0, 0xE3,
    0xDF, 0xFF, 0xCF, 0x1F, 0x7E, 0xF8, 0xE1, 0x87, 0x3F, 0xFF, 0xBF, 0x7F, 0xFE, 0xE0, 0x01, 0x08,
    0x3C, 0x0B, 0x0F, 0x17, 0x0C, 0xF0, 0xC1, 0x3F, 0xF0, 0x03, 0x3E, 0xE0, 0x01, 0x1F, 0xF8, 0xC4,
    0xE7, 0xBF, 0xFF, 0xFD, 0xFF, 0x3F, 0xFF, 0xE1, 0x03, 0x02, 0x0D, 0x13, 0x0B, 0x18, 0x0F, 0x78,
    0x78, 0xF0, 0xC7, 0xC3, 0x7F, 0x3E, 0xFF, 0xF7, 0xFF, 0xBF, 0xFF, 0xFF, 0xF9, 0x3F, 0xDF, 0xFF,
    0xF1, 0xFE, 0x87, 0xE7, 0x1F, 0x3C, 0x3E, 0x00, 0x00, 0x03, 0x0D, 0x15, 0x0B, 0x18, 0x7F, 0xFC,
    0xC1, 0x9F, 0x3F, 0xF8, 0xE3, 0x07, 0x7E, 0xFC, 0xC1, 0x1F, 0x3F, 0xF0, 0xC3, 0x0F, 0x7C, 0xF8,
    0x81, 0x1F, 0x3E, 0xE0, 0xC3, 0x0F, 0xF8, 0xF0, 0x01, 0x1F, 0x7C, 0x80, 0x06, 0x05, 0x00, 0x0D,
    0x04, 0x0B, 0x00, 0x77, 0x13, 0x01, 0x00, 0x00, 0x00, 0x00, 0x0D, 0x08, 0x0B, 0x00, 0x0F, 0x0F,
    0x1F, 0x1F, 0x1F, 0x3F, 0x3E, 0x7E, 0x7C, 0x7C, 0xF8, 0x00, 0x0C, 0x07, 0x0C, 0x00, 0x83, 0xC1,
    0xE1, 0xF0, 0x78, 0x7C, 0x3E, 0x3F, 0x9F, 0x8F, 0x0F, 0x00, 0x0D, 0x09, 0x0B, 0x00, 0x1E, 0xFE,
    0xFC, 0xF9, 0xF7, 0xEF, 0xFF, 0xFD, 0xF1, 0xE1, 0xC1, 0x03, 0x00, 0x00, 0x10, 0x07, 0x06, 0x00,
    0xFF, 0xFF, 0xFF, 0xFF, 0xFF, 0x03, 0x86, 0x06, 0x05, 0x00, 0x0D, 0x08, 0x0B, 0x00, 0xF0, 0xF0,
    0xF8, 0xFC, 0x7F, 0x7F, 0x7F, 0x3F, 0x1F, 0x0F, 0x07, 0x00, 0x10, 0x03, 0x08, 0x00, 0xFB, 0xFF,
    0x7F, 0x00, 0x10, 0x08, 0x08, 0x00, 0x78, 0xFC, 0xFC, 0xFC, 0xFC, 0xFC, 0xFC, 0x78, 0x00, 0x0D,
    0x05, 0x0C, 0x00, 0xE7, 0xBD, 0x07, 0x00, 0x00, 0x63, 0x8C, 0x01, 0x00, 0x0B, 0x05, 0x0E, 0x00,
    0xE3, 0xBD, 0xEF, 0x39, 0xE7, 0xDC, 0xFF, 0xF7, 0x06, 0x8C, 0x06, 0x01, 0x00, 0x0C, 0x07, 0x0C,
    0x00, 0x7C, 0xBE, 0xCF, 0xF7, 0xF9, 0x3C, 0x1E, 0x87, 0xC3, 0x61, 0x00, 0xA3, 0x06, 0x01, 0x09,
    0x43, 0x06, 0x08, 0x17, 0xDE, 0xFF, 0xFF, 0xFF, 0xFF, 0x7B, 0xF4, 0x06, 0x02, 0x01, 0x0F, 0x07,
    0x0B, 0x0A, 0xBF, 0x9F, 0xCF, 0xC7, 0xE7, 0xF3, 0xF1, 0x78, 0x3C, 0x1C, 0x01, 0x3C, 0x08, 0x0B,
    0x0A, 0x0F, 0x1F, 0x1E, 0x1E, 0x3E, 0x3E, 0x3E, 0x7E, 0x7E, 0x7E, 0xFE, 0xFE, 0x06, 0x01, 0x03,
    0x1E, 0x07, 0x2B, 0x0D, 0x3C, 0xDF, 0xFF, 0xFF, 0xFF, 0xFF, 0xFF, 0x3E, 0x1E, 0x00, 0x00, 0x00,
    0x00, 0x00, 0x00, 0x00, 0x00, 0x00, 0x00, 0x00, 0x00, 0x1C, 0xDF, 0xFF, 0xFF, 0xFF, 0xFF, 0xFF,
    0xBF, 0xDF, 0xC3, 0xE3, 0xF1, 0x78, 0x38, 0x3C, 0x1E, 0x1E, 0x84, 0x07, 0x07, 0x00, 0x0D, 0x0C,
    0x0B, 0x0B, 0xFE, 0xE0, 0x0F, 0xFC, 0x81, 0x1F, 0xF8, 0x01, 0x3F, 0xE0, 0x03, 0x7E, 0xC0, 0x07,
    0x7C, 0x80, 0x0F, 0x03, 0x0C, 0x16, 0x0C, 0x00, 0xE0, 0x0F, 0x00, 0xF0, 0x03, 0x00, 0xFC, 0x00,
    0x00, 0x7E, 0x00, 0x9E, 0x1F, 0xDE, 0xCF, 0xC7, 0xFF, 0xF3, 0xF1, 0xFF, 0xFC, 0xFC, 0x3F, 0x3E,
    0xFF, 0x8F, 0xCF, 0xFF, 0xC3, 0xF3, 0x7B, 0xF0, 0x79, 0x00, 0x12, 0x1F, 0x2D, 0x1F, 0x00, 0xFC,
    0xC7, 0x0F, 0x00, 0xFE, 0xC3, 0x07, 0x00, 0xFF, 0xE1, 0x07, 0x80, 0xFF, 0xF1, 0x03, 0xC0, 0xFF,
    0xF0, 0x01, 0xF0, 0x7F, 0xF8, 0x00, 0xF8, 0x3F, 0xFC, 0x00, 0xFC, 0x3F, 0x7C, 0x00, 0xFE, 0x1F,
    0x3E, 0x80, 0xFF, 0x0F, 0x1E, 0xC0, 0xFF, 0x07, 0x1F, 0xE0, 0xF7, 0x87, 0x0F, 0xF0, 0xF3, 0x03,
    0x00, 0xFC, 0xF9, 0x01, 0x00, 0xFE, 0xFC, 0x00, 0x00, 0x7F, 0x7E, 0x00, 0x80, 0x1F, 0x7E, 0x00,
    0xC0, 0x0F, 0x3F, 0x00, 0xF0, 0x87, 0x1F, 0x00, 0xF8, 0xC3, 0x0F, 0x00, 0xFC, 0xE0, 0x0F, 0x00,
    0x7E, 0xE0, 0x07, 0x80, 0x3F, 0xF0, 0x03, 0xC0, 0x1F, 0xF8, 0x01, 0xE0, 0x07, 0xFC, 0x01, 0xF0,
    0x03, 0xFC, 0x00, 0xFC, 0x01, 0x7E, 0x00, 0xFE, 0x00, 0x3F, 0x00, 0xFF, 0xFF, 0x1F, 0x80, 0xFF,
    0xFF, 0x1F, 0xC0, 0xFF, 0xFF, 0x0F, 0xF0, 0xFF, 0xFF, 0x07, 0xF8, 0xFF, 0xFF, 0x03, 0xFC, 0xFF,
    0xFF, 0x03, 0xFE, 0xFF, 0xFF, 0x81, 0xFF, 0xFF, 0xFF, 0xC0, 0x1F, 0x00, 0x7E, 0xE0, 0x07, 0x00,
    0x7F, 0xF0, 0x03, 0x00, 0x3F, 0xFC, 0x01, 0x80, 0x1F, 0xFE, 0x00, 0xC0, 0x0F, 0x3F, 0x00, 0xE0,
    0x8F, 0x1F, 0x00, 0xF0, 0xE7, 0x0F, 0x00, 0xF0, 0xF3, 0x07, 0x00, 0xF8, 0x01, 0x03, 0x22, 0x07,
    0x0A, 0x0D, 0x3C, 0xDF, 0xFF, 0xFF, 0xFF, 0xFF, 0xFF, 0x3E, 0x1E, 0x00, 0x12, 0x1F, 0x2D, 0x21,
    0xFF, 0xFF, 0xDF, 0x8F, 0xFF, 0xFF, 0xCF, 0xC7, 0xFF, 0xFF, 0xE7, 0xE7, 0xFF, 0xFF, 0xF3, 0xF3,
    0xFF, 0xFF, 0xF1, 0xF9, 0xFF, 0xFF, 0xF8, 0xFC, 0xFF, 0x7F, 0xFC, 0xFE, 0xFF, 0x3F, 0x7C, 0x00,
    0x80, 0x1F, 0x3E, 0x00, 0xC0, 0x0F, 0x1E, 0x00, 0xE0, 0x07, 0x1F, 0x00, 0xF0, 0x83, 0x0F, 0x00,
    0xF8, 0x01, 0x00, 0x00, 0xFC, 0x00, 0x00, 0x00, 0x7E, 0x00, 0x00, 0x00, 0x3F, 0x00, 0x00, 0x80,
    0x1F, 0x00, 0x00, 0xC0, 0x0F, 0x00, 0xFF, 0xFF, 0x07, 0x80, 0xFF, 0xFF, 0x03, 0xC0, 0xFF, 0xFF,
    0x01, 0xE0, 0xFF, 0xFF, 0x00, 0xF0, 0xFF, 0x7F, 0x00, 0xF8, 0xFF, 0x3F, 0x00, 0xFC, 0xFF, 0x1F,
    0x00, 0xFE, 0xFF, 0x0F, 0x00, 0x00, 0xE0, 0x07, 0x00, 0x00, 0xF0, 0x03, 0x00, 0x00, 0xF8, 0x01,
    0x00, 0x00, 0xFC, 0x00, 0x00, 0x00, 0x7E, 0x00, 0x00, 0x00, 0x3F, 0x00, 0x00, 0x80, 0x1F, 0x00,
    0x00, 0xC0, 0x0F, 0x00, 0x00, 0xE0, 0x07, 0x00, 0x00, 0xF0, 0x03, 0x00, 0x00, 0xF8, 0x01, 0xF8,
    0xFF, 0xFF, 0x00, 0xFC, 0xFF, 0x7F, 0x00, 0xFE, 0xFF, 0x3F, 0x00, 0xFF, 0xFF, 0x1F, 0x80, 0xFF,
    0xFF, 0x0F, 0xC0, 0xFF, 0xFF, 0x07, 0xE0, 0xFF, 0xFF, 0x03, 0xF0, 0xFF, 0xFF, 0x01, 0x00, 0x00,
    0x12, 0x23, 0x2D, 0x26, 0x3F, 0x00, 0xF8, 0xFD, 0xF8, 0x01, 0xC0, 0xCF, 0xC7, 0x0F, 0x00, 0x7E,
    0x7E, 0x7E, 0x00, 0xF0, 0xF3, 0xF3, 0x03, 0x80, 0x1F, 0x9F, 0x1F, 0x00, 0xFC, 0xF8, 0xFC, 0x00,
    0xE0, 0xC7, 0xEF, 0x07, 0x00, 0x3F, 0x7C, 0x3F, 0x00, 0xF8, 0xE1, 0xFB, 0x01, 0xC0, 0x0F, 0xDE,
    0x0F, 0x00, 0x7E, 0xF0, 0x7F, 0x00, 0xF0, 0x83, 0xFF, 0x03, 0x80, 0x1F, 0x80, 0x1F, 0x00, 0xFC,
    0x00, 0xFC, 0x00, 0xE0, 0x07, 0xE0, 0x07, 0x00, 0x3F, 0x00, 0x3F, 0x00, 0xF8, 0x01, 0xF8, 0x01,
    0xC0, 0x0F, 0xC0, 0xFF, 0xFF, 0x7F, 0x00, 0xFE, 0xFF, 0xFF, 0x03, 0xF0, 0xFF, 0xFF, 0x1F, 0x80,
    0xFF, 0xFF, 0xFF, 0x00, 0xFC, 0xFF, 0xFF, 0x07, 0xE0, 0xFF, 0xFF, 0x3F, 0x00, 0xFF, 0xFF, 0xFF,
    0x01, 0xF8, 0xFF, 0xFF, 0x0F, 0xC0, 0x0F, 0x00, 0x7E, 0x00, 0x7E, 0x00, 0xF0, 0x03, 0xF0, 0x03,
    0x80, 0x1F, 0x80, 0x1F, 0x00, 0xFC, 0x00, 0xFC, 0x00, 0xE0, 0x07, 0xE0, 0x07, 0x00, 0x3F, 0x00,
    0x3F, 0x00, 0xF8, 0x01, 0xF8, 0x01, 0xC0, 0x0F, 0xC0, 0x0F, 0x00, 0x7E, 0x00, 0x7E, 0x00, 0xF0,
    0x03, 0xF0, 0x03, 0x80, 0x1F, 0x80, 0x1F, 0x00, 0xFC, 0x00, 0xFC, 0x00, 0xE0, 0x07, 0xE0, 0x07,
    0x00, 0x3F, 0x00, 0x3F, 0x00, 0xF8, 0x01, 0xF8, 0x01, 0xC0, 0x0F, 0xC0, 0x0F, 0x00, 0x7E, 0x00,
    0x7E, 0x00, 0xF0, 0x03, 0xF0, 0x03, 0x80, 0x1F, 0x00, 0x00, 0x12, 0x19, 0x2D, 0x1B, 0xFF, 0x7F,
    0x3F, 0xFE, 0xFF, 0x7C, 0xFC, 0xFF, 0xF9, 0xF9, 0xFF, 0xF3, 0xF3, 0xFF, 0xC7, 0xE7, 0xFF, 0x8F,
    0xCF, 0xFF, 0x1F, 0x3F, 0xF8, 0x01, 0x7C, 0xF0, 0x03, 0xF8, 0xE0, 0x07, 0xE0, 0xC1, 0x0F, 0xC0,
    0x87, 0x1F, 0x80, 0x0F, 0x3F, 0x00, 0x00, 0x7E, 0x00, 0x00, 0xFC, 0x00, 0x00, 0xF8, 0x01, 0x00,
    0xF0, 0x03, 0x00, 0xE0, 0x07, 0x00, 0xC0, 0x0F, 0x00, 0x80, 0x1F, 0x00, 0x00, 0x3F, 0x00, 0x00,
    0x7E, 0x00, 0x00, 0xFC, 0x00, 0x00, 0xF8, 0x01, 0x00, 0xF0, 0x03, 0x00, 0xE0, 0x07, 0x00, 0xC0,
    0x0F, 0x00, 0x80, 0x1F, 0x00, 0x00, 0x3F, 0x00, 0x00, 0x7E, 0x00, 0x00, 0xFC, 0x00, 0x00, 0xF8,
    0x01, 0x00, 0xF0, 0x03, 0x00, 0xE0, 0x07, 0x00, 0xC0, 0x0F, 0x00, 0x80, 0x1F, 0x00, 0x00, 0x3F,
    0x00, 0x00, 0x7E, 0x00, 0xC0, 0xFF, 0x1F, 0x80, 0xFF, 0x3F, 0x00, 0xFF, 0x7F, 0x00, 0xFE, 0xFF,
    0x00, 0xFC, 0xFF, 0x01, 0xF8, 0xFF, 0x03, 0xF0, 0xFF, 0x07, 0x00, 0x8C, 0x07, 0x01, 0x00, 0x11,
    0x23, 0x2F, 0x25, 0x00, 0xFC, 0x01, 0x00, 0x00, 0xF8, 0x3F, 0xE0, 0x07, 0xF0, 0xFF, 0x07, 0x3F,
    0xC0, 0xFF, 0x7F, 0xF0, 0x01, 0xFF, 0xFF, 0x87, 0x1F, 0xF8, 0xFF, 0x3F, 0xFC, 0xE0, 0xFF, 0xFF,
    0xC3, 0x07, 0xFF, 0xFF, 0x1F, 0x3E, 0xFC, 0x07, 0xFF, 0xE1, 0xE3, 0x0F, 0xE0, 0x0F, 0x9F, 0x3F,
    0x00, 0xFE, 0xF8, 0xFC, 0x01, 0xF0, 0x87, 0xE7, 0x07, 0x00, 0x3F, 0x7C, 0x3F, 0x00, 0xF8, 0x01,
    0xF8, 0x01, 0xC0, 0x0F, 0xE0, 0x0F, 0x00, 0xFE, 0x00, 0x3F, 0x00, 0xE0, 0x07, 0xF8, 0x01, 0x00,
    0x3F, 0xC0, 0x0F, 0x00, 0xF8, 0x01, 0x7E, 0x00, 0xC0, 0x0F, 0xF0, 0x03, 0x00, 0x7E, 0x80, 0x1F,
    0x00, 0xF0, 0x03, 0xFC, 0x00, 0x80, 0x1F, 0xE0, 0x07, 0x00, 0xFC, 0x00, 0x3F, 0x00, 0xE0, 0x07,
    0xF8, 0x01, 0x00, 0x3F, 0xC0, 0x0F, 0x00, 0xF8, 0x01, 0x7E, 0x00, 0xC0, 0x0F, 0xF0, 0x03, 0x00,
    0x7E, 0x80, 0x1F, 0x00, 0xF0, 0x03, 0xFC, 0x00, 0x80, 0x1F, 0xC0, 0x0F, 0x00, 0xFE, 0x00, 0x7E,
    0x00, 0xF0, 0x03, 0xF0, 0x03, 0x80, 0x1F, 0x80, 0x1F, 0x00, 0xFC, 0x00, 0xFC, 0x01, 0xF0, 0x07,
    0xC0, 0x1F, 0x80, 0x3F, 0x00, 0xFE, 0x00, 0xFE, 0x00, 0xF0, 0x1F, 0xFC, 0x07, 0x00, 0xFF, 0xFF,
    0x1F, 0x00, 0xF8, 0xFF, 0xFF, 0x00, 0x80, 0xFF, 0xFF, 0x03, 0x00, 0xFC, 0xFF, 0x1F, 0x00, 0xC0,
    0xFF, 0x7F, 0x00, 0x00, 0xFC, 0xFF, 0x01, 0x00, 0x80, 0xFF, 0x07, 0x00, 0x00, 0xF0, 0x07, 0x00,
    0x00, 0x8E, 0x07, 0x14, 0x00, 0x12, 0x24, 0x2E, 0x24, 0x7F, 0x00, 0xF8, 0xFB, 0xE1, 0x07, 0xC0,
    0x9F, 0x1F, 0xFE, 0x00, 0xFC, 0xF1, 0xE1, 0x0F, 0xC0, 0x1F, 0x3F, 0xFC, 0x00, 0xFE, 0xF0, 0xC3,
    0x1F, 0xE0, 0x0F, 0x3E, 0xFC, 0x01, 0xFE, 0xE0, 0x83, 0x1F, 0xF0, 0x07, 0x7C, 0xF8, 0x03, 0x7F,
    0xC0, 0x07, 0x3F, 0xF0, 0x07, 0x7C, 0xF0, 0x03, 0x3F, 0x80, 0x07, 0x7F, 0xF8, 0x03, 0x78, 0xE0,
    0x87, 0x3F, 0x00, 0x00, 0x7E, 0xF8, 0x01, 0x00, 0xE0, 0xCF, 0x1F, 0x00, 0x00, 0xFC, 0xFC, 0x00,
    0x00, 0xC0, 0xCF, 0x0F, 0x00, 0x00, 0xFC, 0xFE, 0x00, 0x00, 0x80, 0xFF, 0x07, 0x00, 0x00, 0xF8,
    0x7F, 0x00, 0x00, 0x80, 0xFF, 0x07, 0x00, 0x00, 0xF0, 0x3F, 0x00, 0x00, 0x00, 0xFF, 0x03, 0x00,
    0x00, 0xF0, 0x3F, 0x00, 0x00, 0x00, 0xFE, 0x01, 0x00, 0x00, 0xE0, 0x1F, 0x00, 0x00, 0x00, 0xFE,
    0x01, 0x00, 0x00, 0xC0, 0x0F, 0x00, 0x00, 0x00, 0xFC, 0x00, 0x00, 0x00, 0xC0, 0x0F, 0x00, 0x00,
    0x00, 0xFC, 0x00, 0x00, 0x00, 0xC0, 0x0F, 0x00, 0x00, 0x00, 0xFC, 0x00, 0x00, 0x00, 0xC0, 0x0F,
    0x00, 0x00, 0x00, 0xFC, 0x00, 0x00, 0x00, 0xC0, 0x0F, 0x00, 0x00, 0x00, 0xFC, 0x00, 0x00, 0x00,
    0xC0, 0x0F, 0x00, 0x00, 0x00, 0xFC, 0x00, 0x00, 0x00, 0xC0, 0x0F, 0x00, 0x00, 0x00, 0xFC, 0x00,
    0x00, 0x00, 0xC0, 0x0F, 0x00, 0x00, 0x00, 0xFC, 0x00, 0x00, 0x00, 0xC0, 0x0F, 0x00, 0x00, 0x00,
    0xFC, 0x00, 0x00, 0x00, 0xC0, 0x0F, 0x00, 0x00, 0x00, 0x11, 0x23, 0x2E, 0x28, 0x00, 0xFC, 0x01,
    0x00, 0x00, 0xF8, 0x7F, 0xE0, 0x07, 0xF0, 0xFF, 0x07, 0x3F, 0xC0, 0xFF, 0x7F, 0xF0, 0x01, 0xFF,
    0xFF, 0x87, 0x1F, 0xFC, 0xFF, 0x7F, 0xF8, 0xE0, 0xFF, 0xFF, 0xC3, 0x87, 0xFF, 0xFF, 0x3F, 0x3E,
    0xFC, 0x0F, 0xFE, 0xE1, 0xF3, 0x1F, 0xE0, 0x0F, 0x9F, 0x7F, 0x00, 0xFE, 0xF8, 0xFC, 0x03, 0xE0,
    0x87, 0xE7, 0x0F, 0x00, 0x3F, 0xFC, 0x7F, 0x00, 0xF8, 0x03, 0xFC, 0x03, 0x80, 0x1F, 0xE0, 0x0F,
    0x00, 0xFC, 0x00, 0x7F, 0x00, 0xE0, 0x07, 0xF8, 0x03, 0x00, 0x3F, 0xC0, 0x1F, 0x00, 0xF8, 0x01,
    0xFE, 0x00, 0xC0, 0x0F, 0xF0, 0x07, 0x00, 0x7E, 0x80, 0x3F, 0x00, 0xF0, 0x03, 0xFC, 0x01, 0x80,
    0x1F, 0xE0, 0x0F, 0x00, 0xFC, 0x00, 0x7F, 0x00, 0xE0, 0x07, 0xF8, 0x03, 0x00, 0x3F, 0xC0, 0x1F,
    0x00, 0xF8, 0x01, 0xFC, 0x01, 0xC0, 0x0F, 0xE0, 0x0F, 0x00, 0x7F, 0x00, 0x7F, 0x00, 0xF8, 0x01,
    0xF8, 0x03, 0xE0, 0x0F, 0xC0, 0x3F, 0x00, 0x7F, 0x00, 0xFC, 0x03, 0xFE, 0x03, 0xE0, 0x3F, 0xF8,
    0x0F, 0x00, 0xFE, 0xC1, 0x7F, 0x00, 0xE0, 0x0F, 0xFE, 0x01, 0x00, 0x7F, 0xF0, 0x07, 0x00, 0xF0,
    0x83, 0x1F, 0x00, 0xFC, 0x1F, 0xFC, 0x1F, 0xE0, 0xFF, 0xE0, 0xFF, 0x00, 0xFF, 0x07, 0xFF, 0x07,
    0xF8, 0x3F, 0xF8, 0x3F, 0xC0, 0xFF, 0xC1, 0xFF, 0x01, 0xFE, 0x0F, 0xFE, 0x0F, 0xF0, 0x7F, 0xF0,
    0x7F, 0x80, 0xFF, 0x83, 0xFF, 0x03, 0x00, 0x00, 0x0C, 0x12, 0x34, 0x10, 0xFE, 0x00, 0xF0, 0x07,
    0xC0, 0x1F, 0x00, 0x7E, 0x00, 0xF9, 0xE1, 0xCD, 0xCF, 0x3F, 0x3F, 0xFF, 0xF8, 0xFC, 0xE3, 0xF3,
    0x0F, 0xDF, 0x3F, 0x7C, 0x7F, 0xE0, 0x79, 0x00, 0x00, 0x00, 0x00, 0x00, 0x00, 0x00, 0x00, 0x00,
    0x00, 0x00, 0x80, 0x1F, 0x00, 0x7E, 0x00, 0xF8, 0x01, 0xE0, 0x07, 0x80, 0x1F, 0x00, 0x7E, 0x00,
    0xF8, 0x01, 0xE0, 0x07, 0x80, 0x1F, 0x00, 0x7E, 0x00, 0xF8, 0x01, 0xE0, 0x07, 0x80, 0x1F, 0x00,
    0x7E, 0x00, 0xF8, 0x01, 0xE0, 0x07, 0x80, 0x1F, 0x00, 0x7E, 0x00, 0xF8, 0x01, 0xE0, 0x07, 0x80,
    0x1F, 0x00, 0x7E, 0x00, 0xF8, 0x01, 0xE0, 0x07, 0x80, 0x1F, 0x00, 0x7E, 0x00, 0xF8, 0x01, 0xF0,
    0x07, 0xFC, 0x1F, 0xF0, 0x3F, 0xC0, 0xFF, 0x00, 0xFF, 0x03, 0xFC, 0x07, 0xF0, 0x0F, 0xC0, 0x1F,
    0x00, 0x00, 0x12, 0x1D, 0x2D, 0x1E, 0x00, 0xF8, 0x07, 0x00, 0x80, 0xFF, 0x00, 0x00, 0xF0, 0x3F,
    0x00, 0x00, 0xFE, 0x07, 0x00, 0xC0, 0xFF, 0x00, 0x00, 0xFC, 0x1F, 0x00, 0x80, 0xFF, 0x07, 0x00,
    0xF0, 0xFF, 0x00, 0x00, 0xFE, 0x1F, 0x00, 0xE0, 0xFF, 0x03, 0x00, 0xFC, 0x7F, 0x00, 0x80, 0xDF,
    0x1F, 0x00, 0xF0, 0xF3, 0x03, 0x00, 0x7E, 0x7E, 0x00, 0xE0, 0xCF, 0x0F, 0x00, 0xFC, 0xF9, 0x03,
    0x80, 0x1F, 0x7F, 0x00, 0xF0, 0xC3, 0x0F, 0x00, 0x7F, 0xF8, 0x01, 0xE0, 0x0F, 0x7F, 0x00, 0xFC,
    0xE0, 0x0F, 0x80, 0x1F, 0xF8, 0x01, 0xF8, 0x03, 0x3F, 0x00, 0x7F, 0xE0, 0x07, 0xE0, 0x07, 0xFC,
    0x01, 0xFC, 0x80, 0x3F, 0xC0, 0x1F, 0xE0, 0x07, 0xF8, 0x03, 0xFC, 0x00, 0xFF, 0xFF, 0x3F, 0xE0,
    0xFF, 0xFF, 0x07, 0xFC, 0xFF, 0xFF, 0xC0, 0xFF, 0xFF, 0x1F, 0xF8, 0xFF, 0xFF, 0x07, 0xFF, 0xFF,
    0xFF, 0xE0, 0xFF, 0xFF, 0x1F, 0xFE, 0xFF, 0xFF, 0xC3, 0x1F, 0x00, 0x7E, 0xF8, 0x03, 0xC0, 0x1F,
    0x3F, 0x00, 0xF0, 0xF3, 0x07, 0x00, 0x7E, 0xFE, 0x00, 0xC0, 0xCF, 0x1F, 0x00, 0xF8, 0xFB, 0x01,
    0x00, 0x7F, 0x3F, 0x00, 0xC0, 0xFF, 0x07, 0x00, 0xF8, 0x01, 0x03, 0x12, 0x18, 0x2D, 0x1D, 0x00,
    0xFF, 0xFF, 0xC0, 0xFF, 0xFF, 0xE0, 0xFF, 0xFF, 0xF0, 0xFF, 0xFF, 0xF8, 0xFF, 0xFF, 0xF8, 0xFF,
    0xFF, 0xFC, 0xFF, 0xFF, 0xFC, 0xFF, 0xFF, 0xFC, 0x03, 0xFC, 0xFC, 0x01, 0xFC, 0xFC, 0x00, 0xFC,
    0xFC, 0x00, 0xFC, 0xFC, 0x00, 0xFC, 0xFC, 0x00, 0xFC, 0xFC, 0x00, 0xFC, 0xF8, 0x01, 0xFC, 0xF8,
    0x01, 0xFC, 0xF0, 0x07, 0xFC, 0xF0, 0xFF, 0xFF, 0xE0, 0xFF, 0xFF, 0x80, 0xFF, 0xFF, 0xC0, 0xFF,
    0xFF, 0xF0, 0xFF, 0xFF, 0xF8, 0xFF, 0xFF, 0xFC, 0xFF, 0xFF, 0xFE, 0xFF, 0xFF, 0xFE, 0x01, 0xFC,
    0x7E, 0x00, 0xFC, 0x7F, 0x00, 0xFC, 0x3F, 0x00, 0xFC, 0x3F, 0x00, 0xFC, 0x3F, 0x00, 0xFC, 0x3F,
    0x00, 0xFC, 0x3F, 0x00, 0xFC, 0x7F, 0x00, 0xFC, 0x7F, 0x00, 0xFC, 0xFF, 0x01, 0xFC, 0xFE, 0xFF,
    0xFF, 0xFE, 0xFF, 0xFF, 0xFC, 0xFF, 0xFF, 0xFC, 0xFF, 0xFF, 0xF8, 0xFF, 0xFF, 0xF0, 0xFF, 0xFF,
    0xE0, 0xFF, 0xFF, 0x00, 0xFF, 0xFF, 0x03, 0x13, 0x15, 0x2D, 0x18, 0xFF, 0xFF, 0xFF, 0xFF, 0xFF,
    0xFF, 0xFF, 0xFF, 0xFF, 0xFF, 0xFF, 0xFF, 0xFF, 0xFF, 0xFF, 0xFF, 0xFF, 0xFF, 0x07, 0x00, 0xFC,
    0x00, 0x80, 0x1F, 0x00, 0xF0, 0x03, 0x00, 0x7E, 0x00, 0xC0, 0x0F, 0x00, 0xF8, 0x01, 0x00, 0x3F,
    0x00, 0xE0, 0x07, 0x00, 0xFC, 0x00, 0x80, 0x1F, 0x00, 0xF0, 0x03, 0x00, 0x7E, 0x00, 0xC0, 0x0F,
    0x00, 0xF8, 0x01, 0x00, 0x3F, 0x00, 0xE0, 0x07, 0x00, 0xFC, 0x00, 0x80, 0x1F, 0x00, 0xF0, 0x03,
    0x00, 0x7E, 0x00, 0xC0, 0x0F, 0x00, 0xF8, 0x01, 0x00, 0x3F, 0x00, 0xE0, 0x07, 0x00, 0xFC, 0x00,
    0x80, 0x1F, 0x00, 0xF0, 0x03, 0x00, 0x7E, 0x00, 0xC0, 0x0F, 0x00, 0xF8, 0x01, 0x00, 0x3F, 0x00,
    0xE0, 0x07, 0x00, 0xFC, 0x00, 0x80, 0x1F, 0x00, 0xF0, 0x03, 0x00, 0x7E, 0x00, 0xC0, 0x0F, 0x00,
    0xF8, 0x01, 0x01, 0x12, 0x1C, 0x2D, 0x1E, 0x00, 0xFC, 0x03, 0x00, 0xC0, 0x3F, 0x00, 0x00, 0xFE,
    0x03, 0x00, 0xE0, 0x7F, 0x00, 0x00, 0xFE, 0x07, 0x00, 0xE0, 0x7F, 0x00, 0x00, 0xFF, 0x07, 0x00,
    0xF0, 0xFF, 0x00, 0x00, 0xFF, 0x0F, 0x00, 0xF0, 0xFF, 0x00, 0x80, 0xBF, 0x0F, 0x00, 0xF8, 0xFB,
    0x01, 0x80, 0x9F, 0x1F, 0x00, 0xF8, 0xF9, 0x01, 0xC0, 0x9F, 0x1F, 0x00, 0xFC, 0xF1, 0x03, 0xC0,
    0x1F, 0x3F, 0x00, 0xFC, 0xF0, 0x03, 0xC0, 0x0F, 0x3F, 0x00, 0xFE, 0xE0, 0x07, 0xE0, 0x0F, 0x7E,
    0x00, 0x7E, 0xE0, 0x07, 0xE0, 0x07, 0x7E, 0x00, 0x7F, 0xC0, 0x0F, 0xF0, 0x07, 0xFC, 0x00, 0x3F,
    0xC0, 0x0F, 0xF0, 0x03, 0xFC, 0x80, 0x3F, 0x80, 0x1F, 0xF8, 0x03, 0xF8, 0x81, 0x1F, 0x80, 0x1F,
    0xF8, 0x01, 0xF8, 0xC1, 0x1F, 0x00, 0x3F, 0xFC, 0x01, 0xF0, 0xC3, 0x0F, 0x00, 0x3F, 0xFC, 0x00,
    0xF0, 0xE3, 0x0F, 0x00, 0x7E, 0xFE, 0x00, 0xE0, 0xE7, 0xFF, 0xFF, 0x7F, 0xFE, 0xFF, 0xFF, 0xF7,
    0xFF, 0xFF, 0xFF, 0xFF, 0xFF, 0xFF, 0xFF, 0xFF, 0xFF, 0xFF, 0xFF, 0xFF, 0xFF, 0xFF, 0xFF, 0xFF,
    0xFF, 0xFF, 0xFF, 0xFF, 0x0F, 0x03, 0x12, 0x15, 0x2D, 0x1A, 0xFF, 0xFF, 0xFF, 0xFF, 0xFF, 0xFF,
    0xFF, 0xFF, 0xFF, 0xFF, 0xFF, 0xFF, 0xFF, 0xFF, 0xFF, 0xFF, 0xFF, 0xFF, 0xFF, 0xFF, 0xFF, 0x00,
    0x80, 0x1F, 0x00, 0xF0, 0x03, 0x00, 0x7E, 0x00, 0xC0, 0x0F, 0x00, 0xF8, 0x01, 0x00, 0x3F, 0x00,
    0xE0, 0x07, 0x00, 0xFC, 0x00, 0x80, 0x1F, 0x00, 0xF0, 0xF3, 0xFF, 0x7F, 0xFE, 0xFF, 0xCF, 0xFF,
    0xFF, 0xF9, 0xFF, 0x3F, 0xFF, 0xFF, 0xE7, 0xFF, 0xFF, 0xFC, 0xFF, 0x9F, 0xFF, 0xFF, 0x03, 0x00,
    0x7E, 0x00, 0xC0, 0x0F, 0x00, 0xF8, 0x01, 0x00, 0x3F, 0x00, 0xE0, 0x07, 0x00, 0xFC, 0x00, 0x80,
    0x1F, 0x00, 0xF0, 0x03, 0x00, 0x7E, 0x00, 0xC0, 0x0F, 0x00, 0xF8, 0xFF, 0xFF, 0xFF, 0xFF, 0xFF,
    0xFF, 0xFF, 0xFF, 0xFF, 0xFF, 0xFF, 0xFF, 0xFF, 0xFF, 0xFF, 0xFF, 0xFF, 0xFF, 0xFF, 0xFF, 0xFF,
    0x01, 0x02, 0x12, 0x17, 0x2D, 0x1B, 0xFE, 0xFF, 0x3F, 0xFF, 0xFF, 0x9F, 0xFF, 0xFF, 0xCF, 0xFF,
    0xFF, 0xE7, 0xFF, 0xFF, 0xF3, 0xFF, 0xFF, 0xF9, 0xFF, 0xFF, 0xFC, 0xFF, 0x7F, 0xFC, 0x01, 0x00,
    0xFE, 0x00, 0x00, 0xFE, 0x00, 0x00, 0x7F, 0x00, 0x00, 0x7F, 0x00, 0x80, 0x3F, 0x00, 0x80, 0x3F,
    0x00, 0xC0, 0x1F, 0x00, 0xE0, 0x1F, 0x00, 0xE0, 0x0F, 0x00, 0xF0, 0x0F, 0x00, 0xF0, 0x07, 0x00,
    0xF8, 0x07, 0x00, 0xF8, 0x03, 0x00, 0xFC, 0x03, 0x00, 0xFC, 0x01, 0x00, 0xFE, 0x01, 0x00, 0xFE,
    0x00, 0x00, 0xFF, 0x00, 0x00, 0x7F, 0x00, 0x80, 0x7F, 0x00, 0x80, 0x3F, 0x00, 0xC0, 0x1F, 0x00,
    0xC0, 0x1F, 0x00, 0xE0, 0x0F, 0x00, 0xE0, 0x0F, 0x00, 0xF0, 0x07, 0x00, 0xF0, 0x07, 0x00, 0xF8,
    0xFB, 0xFF, 0xFF, 0xFF, 0xFF, 0xFF, 0xFF, 0xFF, 0xFF, 0xFF, 0xFF, 0xFF, 0xFF, 0xFF, 0xFF, 0xFF,
    0xFF, 0xFF, 0xFF, 0xFF, 0xFF, 0xFF, 0xFF, 0x07, 0x03, 0x12, 0x19, 0x2D, 0x1F, 0x3F, 0x00, 0xF8,
    0x7F, 0x00, 0xF0, 0xFF, 0x00, 0xE0, 0xFF, 0x01, 0xC0, 0xFF, 0x03, 0x80, 0xFF, 0x07, 0x00, 0xFF,
    0x0F, 0x00, 0xFE, 0x1F, 0x00, 0xFC, 0x3F, 0x00, 0xF8, 0x7F, 0x00, 0xF0, 0xFF, 0x00, 0xE0, 0xFF,
    0x01, 0xC0, 0xFF, 0x03, 0x80, 0xFF, 0x07, 0x00, 0xFF, 0x0F, 0x00, 0xFE, 0x1F, 0x00, 0xFC, 0x3F,
    0x00, 0xF8, 0x7F, 0x00, 0xF0, 0xFF, 0xFF, 0xFF, 0xFF, 0xFF, 0xFF, 0xFF, 0xFF, 0xFF, 0xFF, 0xFF,
    0xFF, 0xFF, 0xFF, 0xFF, 0xFF, 0xFF, 0xFF, 0xFF, 0xFF, 0xFF, 0xFF, 0xFF, 0xFF, 0xFF, 0xFF, 0x00,
    0xE0, 0xFF, 0x01, 0xC0, 0xFF, 0x03, 0x80, 0xFF, 0x07, 0x00, 0xFF, 0x0F, 0x00, 0xFE, 0x1F, 0x00,
    0xFC, 0x3F, 0x00, 0xF8, 0x7F, 0x00, 0xF0, 0xFF, 0x00, 0xE0, 0xFF, 0x01, 0xC0, 0xFF, 0x03, 0x80,
    0xFF, 0x07, 0x00, 0xFF, 0x0F, 0x00, 0xFE, 0x1F, 0x00, 0xFC, 0x3F, 0x00, 0xF8, 0x7F, 0x00, 0xF0,
    0xFF, 0x00, 0xE0, 0xFF, 0x01, 0xC0, 0xFF, 0x03, 0x80, 0x1F, 0x02, 0x11, 0x1D, 0x2F, 0x21, 0x00,
    0xFC, 0x07, 0x00, 0xE0, 0xFF, 0x03, 0x00, 0xFF, 0xFF, 0x01, 0xF0, 0xFF, 0x7F, 0x00, 0xFF, 0xFF,
    0x1F, 0xE0, 0xFF, 0xFF, 0x03, 0xFE, 0xFF, 0xFF, 0xC0, 0x7F, 0xF0, 0x1F, 0xFC, 0x03, 0xF8, 0x87,
    0x3F, 0x00, 0xFE, 0xF0, 0x03, 0x80, 0x3F, 0x7F, 0x00, 0xF0, 0xE7, 0x07, 0x00, 0xFC, 0xFC, 0x00,
    0x80, 0x9F, 0x1F, 0x00, 0xF0, 0xFB, 0x03, 0x00, 0xFE, 0x3F, 0x00, 0x80, 0xFF, 0x07, 0x00, 0xF0,
    0xFF, 0x00, 0x00, 0xFE, 0x1F, 0x00, 0xC0, 0xFF, 0xE3, 0xFF, 0xF8, 0x7F, 0xFC, 0x1F, 0xFF, 0x8F,
    0xFF, 0xE3, 0xFF, 0xF1, 0x7F, 0xFC, 0x3F, 0xFE, 0x8F, 0xFF, 0xC7, 0xFF, 0xF1, 0xFF, 0xF8, 0x3F,
    0xFE, 0x1F, 0x00, 0xC0, 0xFF, 0x03, 0x00, 0xF8, 0x7F, 0x00, 0x00, 0xFF, 0x0F, 0x00, 0xE0, 0xF7,
    0x03, 0x00, 0xFE, 0x7E, 0x00, 0xC0, 0xCF, 0x0F, 0x00, 0xF8, 0xF9, 0x01, 0x00, 0x3F, 0x7F, 0x00,
    0xF0, 0xC7, 0x0F, 0x00, 0x7E, 0xF8, 0x03, 0xE0, 0x0F, 0xFF, 0x00, 0xFE, 0xC1, 0x7F, 0xF0, 0x1F,
    0xF8, 0xFF, 0xFF, 0x03, 0xFE, 0xFF, 0x3F, 0xC0, 0xFF, 0xFF, 0x03, 0xF0, 0xFF, 0x7F, 0x00, 0xFC,
    0xFF, 0x03, 0x00, 0xFE, 0x3F, 0x00, 0x00, 0xFF, 0x00, 0x00, 0x02, 0x12, 0x0F, 0x2D, 0x13, 0xFF,
    0xFF, 0xFF, 0xFF, 0xFF, 0xFF, 0xFF, 0xFF, 0xFF, 0xFF, 0xFF, 0xFF, 0xFF, 0xE1, 0x07, 0xF0, 0x03,
    0xF8, 0x01, 0xFC, 0x00, 0x7E, 0x00, 0x3F, 0x80, 0x1F, 0xC0, 0x0F, 0xE0, 0x07, 0xF0, 0x03, 0xF8,
    0x01, 0xFC, 0x00, 0x7E, 0x00, 0x3F, 0x80, 0x1F, 0xC0, 0x0F, 0xE0, 0x07, 0xF0, 0x03, 0xF8, 0x01,
    0xFC, 0x00, 0x7E, 0x00, 0x3F, 0x80, 0x1F, 0xC0, 0x0F, 0xE0, 0x07, 0xF0, 0x03, 0xF8, 0x01, 0xFC,
    0x00, 0x7E, 0x00, 0x3F, 0x80, 0x1F, 0xFC, 0xFF, 0xFF, 0xFF, 0xFF, 0xFF, 0xFF, 0xFF, 0xFF, 0xFF,
    0xFF, 0xFF, 0xFF, 0x07, 0x03, 0x12, 0x19, 0x2D, 0x1C, 0xFE, 0x01, 0xF8, 0xF9, 0x03, 0xF0, 0xE3,
    0x0F, 0xE0, 0xC7, 0x3F, 0xC0, 0x0F, 0x7F, 0x80, 0x1F, 0xFC, 0x01, 0x3F, 0xF8, 0x03, 0x7E, 0xE0,
    0x0F, 0xFC, 0xC0, 0x3F, 0xF8, 0x01, 0x7F, 0xF0, 0x03, 0xFC, 0xE1, 0x07, 0xF8, 0xC3, 0x0F, 0xE0,
    0x8F, 0x1F, 0xC0, 0x3F, 0x3F, 0x00, 0x7F, 0x7E, 0x00, 0xFC, 0xFD, 0x00, 0xF8, 0xFB, 0x01, 0xE0,
    0xFF, 0x03, 0xC0, 0xFF, 0x07, 0x00, 0xFF, 0x0F, 0x00, 0xFF, 0x1F, 0x00, 0xFE, 0x3F, 0x00, 0xFE,
    0x7F, 0x00, 0xFC, 0xFF, 0x00, 0xFC, 0xFF, 0x01, 0xF8, 0xFF, 0x03, 0xF8, 0xFF, 0x07, 0xF0, 0xEF,
    0x0F, 0xF0, 0x8F, 0x1F, 0xE0, 0x1F, 0x3F, 0xE0, 0x1F, 0x7E, 0xC0, 0x3F, 0xFC, 0xC0, 0x3F, 0xF8,
    0x81, 0x7F, 0xF0, 0x83, 0x7F, 0xE0, 0x07, 0xFF, 0xC0, 0x0F, 0xFF, 0x80, 0x1F, 0xFE, 0x01, 0x3F,
    0xFE, 0x01, 0x7E, 0xFC, 0x03, 0xFC, 0xFC, 0x03, 0xF8, 0xF9, 0x07, 0xF0, 0xFB, 0x0F, 0xE0, 0xF7,
    0x0F, 0xC0, 0xEF, 0x1F, 0x80, 0x1F, 0x00, 0x12, 0x1B, 0x2D, 0x1D, 0x00, 0xFC, 0x01, 0x00, 0xE0,
    0x0F, 0x00, 0x00, 0x7F, 0x00, 0x00, 0xFC, 0x07, 0x00, 0xE0, 0x3F, 0x00, 0x00, 0xFF, 0x01, 0x00,
    0xF8, 0x0F, 0x00, 0xE0, 0xFF, 0x00, 0x00, 0xFF, 0x07, 0x00, 0xF8, 0x3F, 0x00, 0xC0, 0xFF, 0x01,
    0x00, 0xFE, 0x0F, 0x00, 0xF8, 0xFF, 0x00, 0xC0, 0xEF, 0x07, 0x00, 0x7E, 0x3F, 0x00, 0xF0, 0xF3,
    0x01, 0xC0, 0x9F, 0x1F, 0x00, 0x7E, 0xFC, 0x00, 0xF0, 0xE3, 0x07, 0x80, 0x1F, 0x3F, 0x00, 0xFE,
    0xF0, 0x03, 0xF0, 0x87, 0x1F, 0x80, 0x1F, 0xFC, 0x00, 0xFC, 0xE0, 0x07, 0xF0, 0x07, 0x7E, 0x80,
    0x3F, 0xF0, 0x03, 0xFC, 0x80, 0x1F, 0xE0, 0x07, 0xFC, 0x00, 0x3F, 0xE0, 0x0F, 0xFC, 0x01, 0x7E,
    0xE0, 0x0F, 0xF0, 0x03, 0x3F, 0x80, 0x1F, 0xF8, 0x01, 0xFC, 0xE0, 0x0F, 0xC0, 0x0F, 0x7F, 0x00,
    0x7E, 0xF8, 0x01, 0xF0, 0xC3, 0x0F, 0x80, 0x1F, 0x7F, 0x00, 0xFC, 0xF9, 0x03, 0xC0, 0xCF, 0x1F,
    0x00, 0x7E, 0x7E, 0x00, 0xF0, 0xF3, 0x03, 0x80, 0xFF, 0x1F, 0x00, 0xF8, 0xFF, 0x00, 0xC0, 0xFF,
    0x03, 0x00, 0x7E, 0x03, 0x12, 0x1F, 0x2D, 0x25, 0x7F, 0x00, 0x00, 0xFF, 0x7F, 0x00, 0xC0, 0xFF,
    0x3F, 0x00, 0xE0, 0xFF, 0x1F, 0x00, 0xF8, 0xFF, 0x1F, 0x00, 0xFC, 0xFF, 0x0F, 0x00, 0xFE, 0xFF,
    0x0F, 0x80, 0xFF, 0xFF, 0x07, 0xC0, 0xFF, 0xFF, 0x03, 0xF0, 0xFF, 0xFF, 0x03, 0xF8, 0xFF, 0xFF,
    0x01, 0xFC, 0xFF, 0xFF, 0x01, 0xFF, 0xFF, 0xFF, 0x80, 0xFF, 0xFF, 0x7F, 0xE0, 0xFF, 0xFF, 0x7F,
    0xF0, 0xFF, 0xFF, 0x3F, 0xF8, 0xFF, 0xBF, 0x3F, 0xFE, 0xFE, 0xDF, 0x1F, 0x7F, 0xFF, 0xCF, 0x8F,
    0x9F, 0xFF, 0xE7, 0xEF, 0xCF, 0xFF, 0xF3, 0xF7, 0xE7, 0xFF, 0xF1, 0xFF, 0xF1, 0xFF, 0xF8, 0xFF,
    0xF8, 0x7F, 0xF8, 0x3F, 0xFC, 0x3F, 0xFC, 0x1F, 0xFE, 0x1F, 0xFE, 0x0F, 0xFF, 0x0F, 0xFE, 0x83,
    0xFF, 0x07, 0xFF, 0xC1, 0xFF, 0x03, 0x7F, 0xE0, 0xFF, 0x81, 0x3F, 0xF0, 0xFF, 0xC0, 0x1F, 0xF8,
    0x7F, 0xC0, 0x07, 0xFC, 0x3F, 0xE0, 0x03, 0xFE, 0x1F, 0xE0, 0x00, 0xFF, 0x0F, 0x00, 0x80, 0xFF,
    0x07, 0x00, 0xC0, 0xFF, 0x03, 0x00, 0xE0, 0xFF, 0x01, 0x00, 0xF0, 0xFF, 0x00, 0x00, 0xF8, 0x7F,
    0x00, 0x00, 0xFC, 0x3F, 0x00, 0x00, 0xFE, 0x1F, 0x00, 0x00, 0xFF, 0x0F, 0x00, 0x80, 0xFF, 0x07,
    0x00, 0xC0, 0xFF, 0x03, 0x00, 0xE0, 0x07, 0x03, 0x12, 0x19, 0x2D, 0x1F, 0x3F, 0x00, 0xFE, 0x7F,
    0x00, 0xFE, 0xFF, 0x00, 0xFC, 0xFF, 0x01, 0xF8, 0xFF, 0x03, 0xF8, 0xFF, 0x07, 0xF0, 0xFF, 0x0F,
    0xE0, 0xFF, 0x1F, 0xE0, 0xFF, 0x3F, 0xC0, 0xFF, 0x7F, 0x80, 0xFF, 0xFF, 0x80, 0xFF, 0xFF, 0x01,
    0xFF, 0xFF, 0x03, 0xFF, 0xFF, 0x07, 0xFE, 0xFF, 0x0F, 0xFC, 0xFE, 0x1F, 0xFC, 0xFD, 0x3F, 0xF8,
    0xFB, 0x7F, 0xF0, 0xF3, 0xFF, 0xF0, 0xE7, 0xFF, 0xE1, 0xCF, 0xFF, 0xC3, 0x8F, 0xFF, 0xC7, 0x1F,
    0xFF, 0x8F, 0x1F, 0xFE, 0x9F, 0x3F, 0xFC, 0x3F, 0x7F, 0xF8, 0x7F, 0x7E, 0xF0, 0xFF, 0xFE, 0xE0,
    0xFF, 0xFD, 0xC1, 0xFF, 0xFB, 0x81, 0xFF, 0xFF, 0x03, 0xFF, 0xFF, 0x07, 0xFE, 0xFF, 0x07, 0xFC,
    0xFF, 0x0F, 0xF8, 0xFF, 0x0F, 0xF0, 0xFF, 0x1F, 0xE0, 0xFF, 0x3F, 0xC0, 0xFF, 0x3F, 0x80, 0xFF,
    0x7F, 0x00, 0xFF, 0xFF, 0x00, 0xFE, 0xFF, 0x00, 0xFC, 0xFF, 0x01, 0xF8, 0xFF, 0x03, 0xF0, 0xFF,
    0x03, 0xE0, 0xFF, 0x07, 0xC0, 0xFF, 0x07, 0x80, 0x1F, 0x02, 0x12, 0x14, 0x2D, 0x18, 0xFF, 0xFF,
    0xFF, 0xFF, 0xFF, 0xFF, 0xFF, 0xFF, 0xFF, 0xFF, 0xFF, 0xFF, 0xFF, 0xFF, 0xFF, 0xFF, 0xFF, 0xFF,
    0xFF, 0xFF, 0x00, 0x00, 0x00, 0x00, 0x00, 0x00, 0x00, 0x00, 0x00, 0x00, 0x00, 0x00, 0x00, 0x00,
    0x00, 0x00, 0x00, 0x00, 0x00, 0x00, 0x00, 0x00, 0x00, 0x00, 0x00, 0xFE, 0xFF, 0xE7, 0xFF, 0x7F,
    0xFE, 0xFF, 0xE7, 0xFF, 0x7F, 0xFE, 0xFF, 0xE7, 0xFF, 0x7F, 0xFE, 0xFF, 0xE7, 0xFF, 0x7F, 0x00,
    0x00, 0x00, 0x00, 0x00, 0x00, 0x00, 0x00, 0x00, 0x00, 0x00, 0x00, 0x00, 0x00, 0x00, 0x00, 0x00,
    0x00, 0x00, 0x00, 0x00, 0x00, 0x00, 0x00, 0x00, 0x00, 0x00, 0xF0, 0xFF, 0xFF, 0xFF, 0xFF, 0xFF,
    0xFF, 0xFF, 0xFF, 0xFF, 0xFF, 0xFF, 0xFF, 0xFF, 0xFF, 0xFF, 0xFF, 0xFF, 0xFF, 0xFF, 0x0F, 0x02,
    0x11, 0x1B, 0x2F, 0x1F, 0x00, 0xFC, 0x01, 0x00, 0xF8, 0x3F, 0x00, 0xF0, 0xFF, 0x07, 0xC0, 0xFF,
    0x7F, 0x00, 0xFF, 0xFF, 0x07, 0xF8, 0xFF, 0x3F, 0xE0, 0xFF, 0xFF, 0x03, 0xFF, 0xFF, 0x1F, 0xFC,
    0x07, 0xFF, 0xE1, 0x0F, 0xE0, 0x8F, 0x3F, 0x00, 0xFE, 0xFC, 0x01, 0xF0, 0xE7, 0x07, 0x00, 0x3F,
    0x3F, 0x00, 0xF8, 0xF9, 0x01, 0xC0, 0xEF, 0x0F, 0x00, 0xFE, 0x3F, 0x00, 0xE0, 0xFF, 0x01, 0x00,
    0xFF, 0x0F, 0x00, 0xF8, 0x7F, 0x00, 0xC0, 0xFF, 0x03, 0x00, 0xFE, 0x1F, 0x00, 0xF0, 0xFF, 0x00,
    0x80, 0xFF, 0x07, 0x00, 0xFC, 0x3F, 0x00, 0xE0, 0xFF, 0x01, 0x00, 0xFF, 0x0F, 0x00, 0xF8, 0x7F,
    0x00, 0xC0, 0xFF, 0x03, 0x00, 0xFE, 0x1F, 0x00, 0xF0, 0xFF, 0x00, 0x80, 0xDF, 0x0F, 0x00, 0xFE,
    0x7E, 0x00, 0xF0, 0xF3, 0x03, 0x80, 0x9F, 0x1F, 0x00, 0xFC, 0xFC, 0x01, 0xF0, 0xC7, 0x0F, 0x80,
    0x1F, 0xFE, 0x00, 0xFE, 0xF0, 0x1F, 0xFC, 0x07, 0xFF, 0xFF, 0x1F, 0xF8, 0xFF, 0xFF, 0x80, 0xFF,
    0xFF, 0x03, 0xFC, 0xFF, 0x1F, 0xC0, 0xFF, 0x7F, 0x00, 0xFC, 0xFF, 0x01, 0x80, 0xFF, 0x03, 0x00,
    0xF0, 0x07, 0x00, 0x03, 0x12, 0x19, 0x2E, 0x1F, 0xFF, 0xFF, 0xFF, 0xFF, 0xFF, 0xFF, 0xFF, 0xFF,
    0xFF, 0xFF, 0xFF, 0xFF, 0xFF, 0xFF, 0xFF, 0xFF, 0xFF, 0xFF, 0xFF, 0xFF, 0xFF, 0xFF, 0xFF, 0xFF,
    0xFF, 0x3F, 0x00, 0xF8, 0x7F, 0x00, 0xF0, 0xFF, 0x00, 0xE0, 0xFF, 0x01, 0xC0, 0xFF, 0x03, 0x80,
    0xFF, 0x07, 0x00, 0xFF, 0x0F, 0x00, 0xFE, 0x1F, 0x00, 0xFC, 0x3F, 0x00, 0xF8, 0x7F, 0x00, 0xF0,
    0xFF, 0x00, 0xE0, 0xFF, 0x01, 0xC0, 0xFF, 0x03, 0x80, 0xFF, 0x07, 0x00, 0xFF, 0x0F, 0x00, 0xFE,
    0x1F, 0x00, 0xFC, 0x3F, 0x00, 0xF8, 0x7F, 0x00, 0xF0, 0xFF, 0x00, 0xE0, 0xFF, 0x01, 0xC0, 0xFF,
    0x03, 0x80, 0xFF, 0x07, 0x00, 0xFF, 0x0F, 0x00, 0xFE, 0x1F, 0x00, 0xFC, 0x3F, 0x00, 0xF8, 0x7F,
    0x00, 0xF0, 0xFF, 0x00, 0xE0, 0xFF, 0x01, 0xC0, 0xFF, 0x03, 0x80, 0xFF, 0x07, 0x00, 0xFF, 0x0F,
    0x00, 0xFE, 0x1F, 0x00, 0xFC, 0x3F, 0x00, 0xF8, 0x7F, 0x00, 0xF0, 0xFF, 0x00, 0xE0, 0xFF, 0x01,
    0xC0, 0xFF, 0x03, 0x80, 0xFF, 0x07, 0x00, 0x3F, 0x03, 0x12, 0x17, 0x2D, 0x1B, 0x80, 0xFF, 0x7F,
    0xF0, 0xFF, 0x3F, 0xFC, 0xFF, 0x1F, 0xFF, 0xFF, 0xCF, 0xFF, 0xFF, 0xE7, 0xFF, 0xFF, 0xFB, 0xFF,
    0xFF, 0xFD, 0xFF, 0xFF, 0xFE, 0x03, 0xFE, 0x7F, 0x00, 0xFF, 0x1F, 0x80, 0xFF, 0x07, 0xC0, 0xFF,
    0x03, 0xE0, 0xFF, 0x01, 0xF0, 0xFF, 0x00, 0xF8, 0x7F, 0x00, 0xFC, 0x3F, 0x00, 0xFE, 0x1F, 0x00,
    0xFF, 0x0F, 0x80, 0xFF, 0x0F, 0xC0, 0xFF, 0x07, 0xE0, 0xF7, 0x07, 0xF0, 0xFB, 0x0F, 0xF8, 0xFD,
    0xFF, 0xFF, 0xFE, 0xFF, 0x7F, 0xFE, 0xFF, 0x3F, 0xFF, 0xFF, 0x1F, 0xFF, 0xFF, 0x0F, 0xFF, 0xFF,
    0x07, 0xFF, 0xFF, 0x03, 0xFC, 0xFF, 0x01, 0x00, 0xFC, 0x00, 0x00, 0x7E, 0x00, 0x00, 0x3F, 0x00,
    0x80, 0x1F, 0x00, 0xC0, 0x0F, 0x00, 0xE0, 0x07, 0x00, 0xF0, 0x03, 0x00, 0xF8, 0x01, 0x00, 0xFC,
    0x00, 0x00, 0x7E, 0x00, 0x00, 0x3F, 0x00, 0x80, 0x1F, 0x00, 0xC0, 0x0F, 0x00, 0xE0, 0x07, 0xA3,
    0x07, 0x2C, 0x02, 0x12, 0x17, 0x2D, 0x1B, 0xFE, 0xFF, 0x7F, 0xFF, 0xFF, 0xBF, 0xFF, 0xFF, 0xDF,
    0xFF, 0xFF, 0xEF, 0xFF, 0xFF, 0xF7, 0xFF, 0xFF, 0xFB, 0xFF, 0xFF, 0x01, 0x80, 0x7F, 0x00, 0xC0,
    0x3F, 0x00, 0xF0, 0x0F, 0x00, 0xFC, 0x03, 0x00, 0xFE, 0x01, 0x80, 0x7F, 0x00, 0xE0, 0x1F, 0x00,
    0xF0, 0x0F, 0x00, 0xFC, 0x03, 0x00, 0xFF, 0x01, 0x80, 0x7F, 0x00, 0xE0, 0x1F, 0x00, 0xF0, 0x0F,
    0x00, 0xF8, 0x03, 0x00, 0xFC, 0x00, 0x00, 0x7E, 0x00, 0x00, 0x7F, 0x00, 0x80, 0x3F, 0x00, 0xC0,
    0x3F, 0x00, 0xC0, 0x3F, 0x00, 0xE0, 0x1F, 0x00, 0xE0, 0x1F, 0x00, 0xE0, 0x0F, 0x00, 0xF0, 0x0F,
    0x00, 0xF0, 0x0F, 0x00, 0xF8, 0x07, 0x00, 0xF8, 0x07, 0x00, 0xF8, 0x07, 0x00, 0xFC, 0x03, 0x00,
    0xFC, 0x03, 0x00, 0xFC, 0xFD, 0xFF, 0xFF, 0xFF, 0xFF, 0xFF, 0xFF, 0xFF, 0xFF, 0xFF, 0xFF, 0xFF,
    0xFF, 0xFF, 0xFF, 0xFF, 0xFF, 0xFF, 0xFF, 0xFF, 0x07, 0x01, 0x12, 0x1A, 0x2D, 0x1C, 0xFF, 0xFF,
    0xFF, 0xFF, 0xFF, 0xFF, 0xFF, 0xFF, 0xFF, 0xFF, 0xFF, 0xFF, 0xFF, 0xFF, 0xFF, 0xFF, 0xFF, 0xFF,
    0xFF, 0xFF, 0xFF, 0xFF, 0xFF, 0xFF, 0xFF, 0xFF, 0x00, 0xFC, 0x00, 0x00, 0xF0, 0x03, 0x00, 0xC0,
    0x0F, 0x00, 0x00, 0x3F, 0x00, 0x00, 0xFC, 0x00, 0x00, 0xF0, 0x03, 0x00, 0xC0, 0x0F, 0x00, 0x00,
    0x3F, 0x00, 0x00, 0xFC, 0x00, 0x00, 0xF0, 0x03, 0x00, 0xC0, 0x0F, 0x00, 0x00, 0x3F, 0x00, 0x00,
    0xFC, 0x00, 0x00, 0xF0, 0x03, 0x00, 0xC0, 0x0F, 0x00, 0x00, 0x3F, 0x00, 0x00, 0xFC, 0x00, 0x00,
    0xF0, 0x03, 0x00, 0xC0, 0x0F, 0x00, 0x00, 0x3F, 0x00, 0x00, 0xFC, 0x00, 0x00, 0xF0, 0x03, 0x00,
    0xC0, 0x0F, 0x00, 0x00, 0x3F, 0x00, 0x00, 0xFC, 0x00, 0x00, 0xF0, 0x03, 0x00, 0xC0, 0x0F, 0x00,
    0x00, 0x3F, 0x00, 0x00, 0xFC, 0x00, 0x00, 0xF0, 0x03, 0x00, 0xC0, 0x0F, 0x00, 0x00, 0x3F, 0x00,
    0x00, 0xFC, 0x00, 0x00, 0xF0, 0x03, 0x00, 0xC0, 0x0F, 0x00, 0x00, 0x3F, 0x00, 0x00, 0xFC, 0x00,
    0x00, 0x00, 0x12, 0x19, 0x2D, 0x1A, 0x3F, 0x00, 0xFC, 0x7F, 0x00, 0xFC, 0xFD, 0x01, 0xF8, 0xFB,
    0x03, 0xF0, 0xE7, 0x07, 0xF0, 0xC7, 0x1F, 0xE0, 0x8F, 0x3F, 0xC0, 0x1F, 0x7E, 0xC0, 0x1F, 0xFC,
    0x81, 0x3F, 0xF8, 0x03, 0x7F, 0xE0, 0x07, 0x7F, 0xC0, 0x1F, 0xFE, 0x80, 0x3F, 0xFC, 0x01, 0x7E,
    0xF8, 0x01, 0xFC, 0xF9, 0x03, 0xF0, 0xF3, 0x03, 0xE0, 0xE7, 0x07, 0xC0, 0xEF, 0x0F, 0x00, 0xFF,
    0x0F, 0x00, 0xFE, 0x1F, 0x00, 0xFC, 0x3F, 0x00, 0xF0, 0x3F, 0x00, 0xE0, 0x7F, 0x00, 0xC0, 0xFF,
    0x00, 0x00, 0xFF, 0x00, 0x00, 0xFE, 0x01, 0x00, 0xF8, 0x03, 0x00, 0xF0, 0x03, 0x00, 0xE0, 0x07,
    0x00, 0xC0, 0x0F, 0x00, 0x80, 0x1F, 0x00, 0x00, 0x3F, 0x00, 0x00, 0x7E, 0x00, 0x00, 0xFC, 0x00,
    0x00, 0xF8, 0x01, 0x00, 0xF0, 0x03, 0x00, 0xE0, 0x07, 0x00, 0xC0, 0x0F, 0x00, 0x80, 0x1F, 0x00,
    0x00, 0x3F, 0x00, 0x00, 0x7E, 0x00, 0x00, 0xFC, 0x00, 0x00, 0xF8, 0x01, 0x00, 0xF0, 0x03, 0x00,
    0xE0, 0x07, 0x00, 0x02, 0x0F, 0x1E, 0x32, 0x22, 0x00, 0xF0, 0x03, 0x00, 0x00, 0xFC, 0x00, 0x00,
    0x00, 0x3F, 0x00, 0x00, 0xC0, 0x0F, 0x00, 0x00, 0xF0, 0x03, 0x00, 0x00, 0xFC, 0x00, 0x00, 0xC0,
    0xFF, 0x00, 0x00, 0xFC, 0xFF, 0x00, 0xC0, 0xFF, 0xFF, 0x00, 0xF8, 0xFF, 0x7F, 0x00, 0xFF, 0xFF,
    0x3F, 0xE0, 0xFF, 0xFF, 0x1F, 0xF8, 0xFF, 0xFF, 0x07, 0xFF, 0xFF, 0xFF, 0xC3, 0x3F, 0x3F, 0xFF,
    0xF8, 0xC7, 0x8F, 0x7F, 0xFE, 0xF0, 0xC3, 0x9F, 0x3F, 0xFC, 0xE0, 0xE7, 0x0F, 0x3F, 0xF8, 0xFD,
    0xC1, 0x0F, 0xFE, 0x7F, 0xF0, 0x03, 0xFF, 0x1F, 0xFC, 0xC0, 0xFF, 0x07, 0x3F, 0xF0, 0xFF, 0xC1,
    0x0F, 0xFC, 0x7F, 0xF0, 0x03, 0xFF, 0x1F, 0xFC, 0xC0, 0xFF, 0x07, 0x3F, 0xF0, 0xFF, 0xC1, 0x0F,
    0xFC, 0x7F, 0xF0, 0x03, 0xFF, 0x1F, 0xFC, 0xC0, 0xFF, 0x07, 0x3F, 0xF8, 0xFB, 0xC3, 0x0F, 0xFE,
    0xFE, 0xF0, 0x83, 0x9F, 0x3F, 0xFC, 0xF0, 0xE7, 0x1F, 0x3F, 0xFE, 0xF1, 0xCF, 0xCF, 0x7F, 0xFC,
    0xFF, 0xFF, 0x0F, 0xFE, 0xFF, 0xFF, 0x83, 0xFF, 0xFF, 0x7F, 0xC0, 0xFF, 0xFF, 0x0F, 0xE0, 0xFF,
    0xFF, 0x01, 0xF0, 0xFF, 0x3F, 0x00, 0xF8, 0xFF, 0x07, 0x00, 0xF0, 0x7F, 0x00, 0x00, 0xF0, 0x03,
    0x00, 0x00, 0xFC, 0x00, 0x00, 0x00, 0x3F, 0x00, 0x00, 0xC0, 0x0F, 0x00, 0x00, 0xF0, 0x03, 0x00,
    0x00, 0xFC, 0x00, 0x00, 0x00, 0x12, 0x1C, 0x2D, 0x1D, 0xFE, 0x00, 0xF0, 0xEF, 0x0F, 0x00, 0x7F,
    0xFC, 0x01, 0xF0, 0xC7, 0x1F, 0x80, 0x3F, 0xFC, 0x01, 0xF8, 0x83, 0x3F, 0xC0, 0x1F, 0xF8, 0x03,
    0xFC, 0x01, 0x7F, 0xE0, 0x1F, 0xF0, 0x07, 0xFE, 0x00, 0xFE, 0xE0, 0x0F, 0xE0, 0x0F, 0x7F, 0x00,
    0xFC, 0xF1, 0x07, 0xC0, 0x9F, 0x3F, 0x00, 0xF8, 0xF9, 0x03, 0x80, 0xFF, 0x1F, 0x00, 0xF0, 0xFF,
    0x01, 0x00, 0xFF, 0x1F, 0x00, 0xF0, 0xFF, 0x00, 0x00, 0xFE, 0x0F, 0x00, 0xE0, 0x7F, 0x00, 0x00,
    0xFC, 0x07, 0x00, 0xC0, 0x3F, 0x00, 0x00, 0xF8, 0x03, 0x00, 0xC0, 0x3F, 0x00, 0x00, 0xFC, 0x07,
    0x00, 0xE0, 0x7F, 0x00, 0x00, 0xFE, 0x0F, 0x00, 0xF0, 0xFF, 0x00, 0x00, 0xFF, 0x1F, 0x00, 0xF8,
    0xFF, 0x01, 0x80, 0xBF, 0x3F, 0x00, 0xFC, 0xFB, 0x03, 0xC0, 0x1F, 0x7F, 0x00, 0xFC, 0xF1, 0x07,
    0xE0, 0x0F, 0x7E, 0x00, 0xFE, 0xE0, 0x0F, 0xF0, 0x07, 0xFC, 0x00, 0x7F, 0xC0, 0x1F, 0xF8, 0x03,
    0xFC, 0x81, 0x3F, 0x80, 0x3F, 0xFC, 0x03, 0xF8, 0xC3, 0x1F, 0x00, 0x7F, 0xFC, 0x01, 0xF0, 0xE7,
    0x0F, 0x00, 0xFE, 0xFE, 0x00, 0xE0, 0x0F, 0x02, 0x12, 0x1E, 0x2E, 0x22, 0x3F, 0xF0, 0x03, 0xFF,
    0x0F, 0xFC, 0xC0, 0xFF, 0x03, 0x3F, 0xF0, 0xFF, 0xC0, 0x0F, 0xFC, 0x3F, 0xF0, 0x03, 0xFF, 0x0F,
    0xFC, 0xC0, 0xFF, 0x03, 0x3F, 0xF0, 0xFF, 0xC0, 0x0F, 0xFC, 0x3F, 0xF0, 0x03, 0xFF, 0x0F, 0xFC,
    0xC0, 0xFF, 0x03, 0x3F, 0xF0, 0xFF, 0xC0, 0x0F, 0xFC, 0x3F, 0xF0, 0x03, 0xFF, 0x0F, 0xFC, 0xC0,
    0xFF, 0x03, 0x3F, 0xF0, 0xFF, 0xC0, 0x0F, 0xFC, 0x3F, 0xF0, 0x03, 0xFF, 0x0F, 0xFC, 0xC0, 0xFF,
    0x03, 0x3F, 0xF0, 0xFF, 0xC0, 0x0F, 0xFC, 0x3F, 0xF0, 0x03, 0xFF, 0x0F, 0xFC, 0xC0, 0xFF, 0x03,
    0x3F, 0xF0, 0xFF, 0xC1, 0x0F, 0xFE, 0x7F, 0xF0, 0x83, 0xBF, 0x1F, 0xFC, 0xE0, 0xEF, 0x0F, 0x3F,
    0xFC, 0xF9, 0xC7, 0x8F, 0x7F, 0xFE, 0xF3, 0xF3, 0x1F, 0xFF, 0xFF, 0xFF, 0xC3, 0xFF, 0xFF, 0xFF,
    0xE0, 0xFF, 0xFF, 0x1F, 0xF0, 0xFF, 0xFF, 0x07, 0xFC, 0xFF, 0xFF, 0x00, 0xFC, 0xFF, 0x1F, 0x00,
    0xFE, 0xFF, 0x01, 0x00, 0xFE, 0x1F, 0x00, 0x00, 0xFC, 0x00, 0x00, 0x00, 0x3F, 0x00, 0x00, 0xC0,
    0x0F, 0x00, 0x00, 0xF0, 0x03, 0x00, 0x00, 0xFC, 0x00, 0x00, 0x00, 0x3F, 0x00, 0x00, 0xC0, 0x0F,
    0x00, 0x00, 0xF0, 0x03, 0x00, 0x00, 0xFC, 0x00, 0x00, 0x02, 0x11, 0x1B, 0x2E, 0x1F, 0x00, 0xFC,
    0x01, 0x00, 0xFC, 0x7F, 0x00, 0xF0, 0xFF, 0x07, 0xC0, 0xFF, 0x7F, 0x00, 0xFF, 0xFF, 0x07, 0xFC,
    0xFF, 0x7F, 0xE0, 0xFF, 0xFF, 0x83, 0xFF, 0xFF, 0x3F, 0xFC, 0x07, 0xFF, 0xF1, 0x1F, 0xE0, 0x9F,
    0x7F, 0x00, 0xFE, 0xFC, 0x03, 0xE0, 0xE7, 0x0F, 0x00, 0xBF, 0x7F, 0x00, 0xF8, 0xFF, 0x03, 0x80,
    0xFF, 0x0F, 0x00, 0xFC, 0x7F, 0x00, 0xE0, 0xFF, 0x03, 0x00, 0xFF, 0x1F, 0x00, 0xF8, 0xFF, 0x00,
    0xC0, 0xFF, 0x07, 0x00, 0xFE, 0x3F, 0x00, 0xF0, 0xFF, 0x01, 0x80, 0xFF, 0x0F, 0x00, 0xFC, 0x7F,
    0x00, 0xE0, 0xFF, 0x03, 0x00, 0xFF, 0x1F, 0x00, 0xF8, 0xFD, 0x01, 0xE0, 0xEF, 0x0F, 0x00, 0x7F,
    0x7F, 0x00, 0xF8, 0xF9, 0x03, 0xE0, 0xCF, 0x3F, 0x80, 0x7F, 0xFC, 0x03, 0xFE, 0xE1, 0x3F, 0xFC,
    0x0F, 0xFE, 0xE1, 0x3F, 0xF0, 0x0F, 0xFF, 0x00, 0x7F, 0xF8, 0x03, 0xF0, 0xC3, 0x0F, 0xFC, 0x1F,
    0xFE, 0xFF, 0xFF, 0xF0, 0xFF, 0xFF, 0x87, 0xFF, 0xFF, 0x3F, 0xFC, 0xFF, 0xFF, 0xE1, 0xFF, 0xFF,
    0x0F, 0xFF, 0xFF, 0x7F, 0xF8, 0xFF, 0xFF, 0xC3, 0xFF, 0x03, 0x02, 0x05, 0x10, 0x3A, 0x13, 0x1E,
    0x78, 0x3F, 0xFC, 0x3F, 0xFC, 0x3F, 0xFC, 0x3F, 0xFC, 0x3F, 0xFC, 0x3F, 0xFC, 0x1E, 0x78, 0x00,
    0x00, 0x00, 0x00, 0x00, 0x00, 0x00, 0x00, 0x00, 0x00, 0xFF, 0x7F, 0xFF, 0x7F, 0xFF, 0x7F, 0xFF,
    0x7F, 0xFF, 0x7F, 0xFF, 0x7F, 0xFF, 0x7F, 0xE0, 0x07, 0xE0, 0x07, 0xE0, 0x07, 0xE0, 0x07, 0xE0,
    0x07, 0xE0, 0x07, 0xE0, 0x07, 0xE0, 0x07, 0xE0, 0x07, 0xE0, 0x07, 0xE0, 0x07, 0xE0, 0x07, 0xE0,
    0x07, 0xE0, 0x07, 0xE0, 0x07, 0xE0, 0x07, 0xE0, 0x07, 0xE0, 0x07, 0xE0, 0x07, 0xE0, 0x07, 0xE0,
    0x07, 0xE0, 0x07, 0xE0, 0x07, 0xE0, 0x07, 0xE0, 0x07, 0xE0, 0x07, 0xE0, 0x07, 0xE0, 0x07, 0xE0,
    0x07, 0xE0, 0x07, 0xE0, 0x07, 0xFF, 0x7F, 0xFF, 0x7F, 0xFF, 0x7F, 0xFF, 0x7F, 0xFF, 0x7F, 0xFF,
    0x7F, 0xFF, 0x7F, 0x00, 0x05, 0x1A, 0x3A, 0x1A, 0xC0, 0x03, 0x0F, 0x80, 0x1F, 0x7E, 0x00, 0x7E,
    0xF8, 0x01, 0xF8, 0xE1, 0x07, 0xE0, 0x87, 0x1F, 0x80, 0x1F, 0x7E, 0x00, 0x7E, 0xF8, 0x01, 0xF0,
    0xC0, 0x03, 0x00, 0x00, 0x00, 0x00, 0x00, 0x00, 0x00, 0x00, 0x00, 0x00, 0x00, 0x00, 0x00, 0x00,
    0x00, 0x00, 0xFC, 0x01, 0xE0, 0xEF, 0x07, 0xC0, 0x9F, 0x3F, 0x00, 0x7F, 0xFE, 0x00, 0xFC, 0xF1,
    0x03, 0xF8, 0xC3, 0x1F, 0xE0, 0x0F, 0x7F, 0x80, 0x3F, 0xF8, 0x01, 0x7F, 0xE0, 0x0F, 0xFC, 0x81,
    0x3F, 0xF0, 0x03, 0xFC, 0xE0, 0x0F, 0xF0, 0x83, 0x3F, 0xC0, 0x1F, 0x7E, 0x00, 0x7E, 0xFC, 0x01,
    0xF8, 0xF1, 0x07, 0xC0, 0xCF, 0x0F, 0x00, 0xBF, 0x3F, 0x00, 0xFC, 0xFE, 0x00, 0xE0, 0xFF, 0x01,
    0x80, 0xFF, 0x07, 0x00, 0xFE, 0x1F, 0x00, 0xF0, 0x3F, 0x00, 0xC0, 0xFF, 0x00, 0x00, 0xFF, 0x03,
    0x00, 0xF8, 0x07, 0x00, 0xE0, 0x1F, 0x00, 0x00, 0x7F, 0x00, 0x00, 0xFC, 0x00, 0x00, 0xF0, 0x03,
    0x00, 0xC0, 0x0F, 0x00, 0x00, 0x3F, 0x00, 0x00, 0xFC, 0x00, 0x00, 0xF0, 0x03, 0x00, 0xC0, 0x0F,
    0x00, 0x00, 0x3F, 0x00, 0x00, 0xFC, 0x00, 0x00, 0xF0, 0x03, 0x00, 0xC0, 0x0F, 0x00, 0x00, 0x3F,
    0x00, 0x00, 0xFC, 0x00, 0x00, 0xF0, 0x03, 0x00, 0xC0, 0x0F, 0x00, 0x00, 0x3F, 0x00, 0x00, 0xFC,
    0x00, 0x00, 0xF0, 0x03, 0x00, 0x02, 0x0C, 0x1D, 0x34, 0x1F, 0x00, 0x7F, 0x00, 0x00, 0xE0, 0x1F,
    0x00, 0x00, 0xF8, 0x03, 0x00, 0x00, 0x7E, 0x00, 0x00, 0xC0, 0x1F, 0x00, 0x00, 0xF0, 0x03, 0x00,
    0x00, 0xFC, 0x00, 0x00, 0x80, 0x1F, 0x00, 0x00, 0xE0, 0x03, 0x00, 0x00, 0xF8, 0x00, 0x00, 0x00,
    0x1F, 0x00, 0x00, 0x00, 0x00, 0x00, 0x00, 0x00, 0x00, 0x00, 0x00, 0x00, 0x00, 0x00, 0x00, 0x00,
    0x00, 0x00, 0x00, 0x00, 0x00, 0x80, 0x1F, 0x00, 0xFC, 0xF8, 0x0F, 0x80, 0xDF, 0xFF, 0x03, 0xF0,
    0xFB, 0xFF, 0x00, 0xFE, 0xFF, 0x3F, 0xC0, 0xFF, 0xFF, 0x0F, 0xF8, 0xFF, 0xFF, 0x01, 0xFF, 0x83,
    0x3F, 0xC0, 0x3F, 0xE0, 0x0F, 0xF8, 0x03, 0xF8, 0x01, 0x3F, 0x00, 0x3F, 0xE0, 0x07, 0xE0, 0x0F,
    0xFC, 0x00, 0xF8, 0x81, 0x1F, 0x00, 0x3F, 0xF0, 0x03, 0xE0, 0x07, 0x7E, 0x00, 0xFC, 0xC0, 0x0F,
    0x80, 0x1F, 0xF8, 0x01, 0xF0, 0x03, 0x7F, 0x00, 0x7E, 0xE0, 0x0F, 0xC0, 0x0F, 0xFC, 0x01, 0xF8,
    0x81, 0x3F, 0x00, 0x3F, 0xF0, 0x07, 0xE0, 0x07, 0xFE, 0x01, 0xFC, 0xC0, 0x3F, 0xC0, 0x1F, 0xF8,
    0x07, 0xF8, 0x01, 0xFF, 0x01, 0x3F, 0xE0, 0x7F, 0xF0, 0x07, 0xFE, 0x1F, 0xFF, 0xFC, 0xEF, 0xFF,
    0x8F, 0xFF, 0xFD, 0xFF, 0xF1, 0x3F, 0xFF, 0x1F, 0xFE, 0xE7, 0xFF, 0xC3, 0x7F, 0xF8, 0x3F, 0xFC,
    0x07, 0xFE, 0x03, 0x7F, 0x80, 0x1F, 0x00, 0x02, 0x0C, 0x15, 0x34, 0x18, 0xFC, 0x01, 0x00, 0x7F,
    0x00, 0xE0, 0x0F, 0x00, 0xF8, 0x01, 0x00, 0x7E, 0x00, 0xC0, 0x0F, 0x00, 0xF0, 0x03, 0x00, 0x7C,
    0x00, 0x80, 0x0F, 0x00, 0xE0, 0x03, 0x00, 0x7C, 0x00, 0x00, 0x00, 0x00, 0x00, 0x00, 0x00, 0x00,
    0x00, 0x00, 0x00, 0x00, 0x00, 0x00, 0xC0, 0x3F, 0x00, 0xFE, 0x1F, 0xE0, 0xFF, 0x0F, 0xFE, 0xFF,
    0xE3, 0xFF, 0x7F, 0xFC, 0xFF, 0x9F, 0xFF, 0xFF, 0xE3, 0x03, 0xFF, 0x38, 0xC0, 0x1F, 0x03, 0xF0,
    0x03, 0x00, 0x7E, 0x00, 0xC0, 0x0F, 0x00, 0xF8, 0x01, 0x00, 0x3F, 0x00, 0xF0, 0x07, 0xFF, 0x7F,
    0xE0, 0xFF, 0x0F, 0xFC, 0xFF, 0x80, 0xFF, 0x0F, 0xF0, 0xFF, 0x03, 0xFE, 0xFF, 0x00, 0xC0, 0x1F,
    0x00, 0xF0, 0x07, 0x00, 0xFC, 0x00, 0x80, 0x1F, 0x00, 0xF0, 0x23, 0x00, 0x7E, 0x0E, 0xE0, 0xEF,
    0x07, 0xFE, 0xFF, 0xFF, 0xFF, 0xFF, 0xFF, 0xF3, 0xFF, 0x7F, 0xFC, 0xFF, 0x07, 0xFF, 0x7F, 0xC0,
    0xFF, 0x07, 0xE0, 0x1F, 0x00, 0x03, 0x0D, 0x16, 0x3F, 0x1C, 0xF8, 0x03, 0x00, 0xFC, 0x01, 0x00,
    0x7F, 0x00, 0x80, 0x3F, 0x00, 0xC0, 0x0F, 0x00, 0xF0, 0x03, 0x00, 0xF8, 0x01, 0x00, 0x7E, 0x00,
    0x00, 0x1F, 0x00, 0x80, 0x0F, 0x00, 0xE0, 0x03, 0x00, 0x00, 0x00, 0x00, 0x00, 0x00, 0x00, 0x00,
    0x00, 0x00, 0x00, 0x80, 0x0F, 0x00, 0xF8, 0x0F, 0x3F, 0xFF, 0xCF, 0xCF, 0xFF, 0xF7, 0xFB, 0xFF,
    0xFF, 0xFE, 0xFF, 0xBF, 0xFF, 0xFF, 0xFF, 0x8F, 0xFF, 0xFF, 0x81, 0xFF, 0x3F, 0xC0, 0xFF, 0x0F,
    0xE0, 0xFF, 0x03, 0xF0, 0xFF, 0x00, 0xFC, 0x3F, 0x00, 0xFF, 0x0F, 0xC0, 0xFF, 0x03, 0xF0, 0xFF,
    0x00, 0xFC, 0x3F, 0x00, 0xFF, 0x0F, 0xC0, 0xFF, 0x03, 0xF0, 0xFF, 0x00, 0xFC, 0x3F, 0x00, 0xFF,
    0x0F, 0xC0, 0xFF, 0x03, 0xF0, 0xFF, 0x00, 0xFC, 0x3F, 0x00, 0xFF, 0x0F, 0xC0, 0xFF, 0x03, 0xF0,
    0xFF, 0x00, 0xFC, 0x3F, 0x00, 0xFF, 0x0F, 0xC0, 0xFF, 0x03, 0xF0, 0xFF, 0x00, 0xFC, 0x3F, 0x00,
    0xFF, 0x0F, 0xC0, 0xFF, 0x03, 0x00, 0xFC, 0x00, 0x00, 0x3F, 0x00, 0xC0, 0x0F, 0x00, 0xF0, 0x03,
    0x00, 0xFC, 0x00, 0x00, 0x3F, 0x00, 0xC0, 0x0F, 0x00, 0xF0, 0x03, 0x00, 0xFC, 0x00, 0x00, 0x3F,
    0x00, 0xC0, 0x0F, 0x00, 0xF0, 0x03, 0x00, 0x00, 0x02, 0x0C, 0x0D, 0x34, 0x0F, 0xFE, 0x81, 0x3F,
    0xE0, 0x07, 0xFC, 0x01, 0x3F, 0xC0, 0x0F, 0xF8, 0x01, 0x3E, 0xC0, 0x0F, 0xF0, 0x01, 0x7C, 0x00,
    0x00, 0x00, 0x00, 0x00, 0x00, 0x00, 0x00, 0xC0, 0x0F, 0xF8, 0x01, 0x3F, 0xE0, 0x07, 0xFC, 0x80,
    0x1F, 0xF0, 0x03, 0x7E, 0xC0, 0x0F, 0xF8, 0x01, 0x3F, 0xE0, 0x07, 0xFC, 0x80, 0x1F, 0xF0, 0x03,
    0x7E, 0xC0, 0x0F, 0xF8, 0x01, 0x3F, 0xE0, 0x07, 0xFC, 0x80, 0x1F, 0xF0, 0x03, 0x7E, 0xC0, 0x0F,
    0xF8, 0x01, 0x3F, 0xE0, 0x07, 0xFE, 0xFC, 0x9F, 0xFF, 0xF1, 0x3F, 0xFF, 0xE7, 0x7F, 0xFC, 0x07,
    0x7F, 0x00, 0x03, 0x0C, 0x16, 0x34, 0x1B, 0xC0, 0x0F, 0x00, 0xE0, 0x03, 0x00, 0xF8, 0x00, 0x00,
    0x7E, 0x00, 0x1E, 0x1F, 0xDE, 0xCF, 0xC7, 0xFF, 0xF3, 0xF1, 0xFF, 0xF8, 0xFC, 0x3F, 0x3E, 0xFF,
    0x8F, 0xCF, 0xFF, 0xC3, 0xF3, 0x7B, 0xF0, 0x79, 0x00, 0x00, 0x00, 0x00, 0x00, 0x00, 0x00, 0x00,
    0x00, 0x00, 0x00, 0x00, 0x00, 0x80, 0x1F, 0xC0, 0xEF, 0x07, 0xF0, 0xFB, 0x01, 0xFC, 0x7E, 0x00,
    0xBF, 0x1F, 0xC0, 0xEF, 0x03, 0xF0, 0xFB, 0x00, 0xFC, 0x3F, 0x00, 0xFF, 0x0F, 0xC0, 0xFF, 0x03,
    0xF0, 0xFF, 0x00, 0xFC, 0x3F, 0x00, 0xFF, 0x0F, 0xC0, 0xFF, 0x03, 0xF0, 0xFF, 0x00, 0xFC, 0x3F,
    0x00, 0xFF, 0x0F, 0xC0, 0xFF, 0x03, 0xF0, 0xFF, 0x00, 0xFC, 0x3F, 0x00, 0xFF, 0x0F, 0xC0, 0xFF,
    0x03, 0xF0, 0xFF, 0x01, 0xFC, 0x7E, 0x00, 0xBF, 0x1F, 0xC0, 0xEF, 0x0F, 0xF8, 0xFB, 0x03, 0xFE,
    0xFE, 0xE1, 0x1F, 0xFF, 0xFF, 0xC7, 0xFF, 0xFF, 0xE1, 0xFF, 0x3F, 0xF0, 0xFF, 0x0F, 0xFC, 0xFF,
    0x01, 0xFC, 0x3F, 0x00, 0xFC, 0x01, 0x02, 0x1C, 0x1D, 0x24, 0x1F, 0x00, 0x80, 0x1F, 0x00, 0xFC,
    0xF8, 0x0F, 0x80, 0xDF, 0xFF, 0x03, 0xF0, 0xFB, 0xFF, 0x00, 0xFE, 0xFF, 0x3F, 0xC0, 0xFF, 0xFF,
    0x0F, 0xF8, 0xFF, 0xFF, 0x01, 0xFF, 0x83, 0x3F, 0xC0, 0x3F, 0xE0, 0x0F, 0xF8, 0x03, 0xF8, 0x01,
    0x3F, 0x00, 0x3F, 0xE0, 0x07, 0xE0, 0x0F, 0xFC, 0x00, 0xF8, 0x81, 0x1F, 0x00, 0x3F, 0xF0, 0x03,
    0xE0, 0x07, 0x7E, 0x00, 0xFC, 0xC0, 0x0F, 0x80, 0x1F, 0xF8, 0x01, 0xF0, 0x03, 0x7F, 0x00, 0x7E,
    0xE0, 0x0F, 0xC0, 0x0F, 0xFC, 0x01, 0xF8, 0x81, 0x3F, 0x00, 0x3F, 0xF0, 0x07, 0xE0, 0x07, 0xFE,
    0x01, 0xFC, 0xC0, 0x3F, 0xC0, 0x1F, 0xF8, 0x07, 0xF8, 0x01, 0xFF, 0x01, 0x3F, 0xE0, 0x7F, 0xF0,
    0x07, 0xFE, 0x1F, 0xFF, 0xFC, 0xEF, 0xFF, 0x8F, 0xFF, 0xFD, 0xFF, 0xF1, 0x3F, 0xFF, 0x1F, 0xFE,
    0xE7, 0xFF, 0xC3, 0x7F, 0xF8, 0x3F, 0xFC, 0x07, 0xFE, 0x03, 0x7F, 0x80, 0x1F, 0x00, 0x03, 0x0E,
    0x17, 0x3E, 0x1C, 0x00, 0xFE, 0x00, 0xC0, 0xFF, 0x01, 0xF0, 0xFF, 0x01, 0xFC, 0xFF, 0x01, 0xFF,
    0xFF, 0x81, 0xFF, 0xFF, 0xC0, 0xFF, 0xFF, 0xF0, 0x0F, 0x7F, 0xF8, 0x03, 0x3F, 0xFC, 0x81, 0x1F,
    0x7E, 0x80, 0x1F, 0x3F, 0xC0, 0x8F, 0x1F, 0xE0, 0xC7, 0x0F, 0xF0, 0xE3, 0x07, 0xF8, 0xE1, 0x03,
    0xFC, 0xF0, 0x03, 0x7E, 0xF8, 0x01, 0x3F, 0xF8, 0x83, 0x1F, 0xF8, 0xC7, 0x0F, 0xF0, 0xE3, 0x07,
    0xFC, 0xF1, 0x83, 0xFF, 0xF8, 0xE1, 0x7F, 0xFC, 0xF8, 0x3F, 0x7E, 0xFE, 0x1F, 0x3F, 0xFF, 0x81,
    0xDF, 0x3F, 0xC0, 0xEF, 0x0F, 0xE0, 0xF7, 0x03, 0xF0, 0xFF, 0x01, 0xF8, 0x7F, 0x00, 0xFC, 0x3F,
    0x00, 0xFE, 0x1F, 0x00, 0xFF, 0x0F, 0x80, 0xFF, 0x07, 0xC0, 0xFF, 0x03, 0xE0, 0xFF, 0x01, 0xF0,
    0xFF, 0x00, 0xF8, 0xFF, 0x00, 0xFC, 0x7E, 0x00, 0x7E, 0x7F, 0x80, 0xBF, 0x7F, 0xF0, 0xDF, 0xFF,
    0xFF, 0xCF, 0xFF, 0xFF, 0xE7, 0xFF, 0xFF, 0xE3, 0xFF, 0xFF, 0xE1, 0xFF, 0xFF, 0xE0, 0xFF, 0x7E,
    0xC0, 0x1F, 0x3F, 0x00, 0x80, 0x1F, 0x00, 0xC0, 0x0F, 0x00, 0xE0, 0x07, 0x00, 0xF0, 0x03, 0x00,
    0xF8, 0x01, 0x00, 0xFC, 0x00, 0x00, 0x7E, 0x00, 0x00, 0x3F, 0x00, 0x80, 0x1F, 0x00, 0xC0, 0x0F,
    0x00, 0xE0, 0x07, 0x00, 0xF0, 0x03, 0x01, 0x1D, 0x18, 0x2F, 0x1A, 0x3F, 0x00, 0xFE, 0x3F, 0x00,
    0x7E, 0x3F, 0x00, 0x7E, 0x3F, 0x00, 0x7E, 0x3F, 0x00, 0x3F, 0x3F, 0x00, 0x3F, 0x7F, 0x00, 0x3F,
    0x7F, 0x00, 0x3F, 0x7E, 0x80, 0x1F, 0x7E, 0x80, 0x1F, 0x7E, 0x80, 0x1F, 0x7E, 0x80, 0x1F, 0xFC,
    0xC0, 0x0F, 0xFC, 0xC0, 0x0F, 0xFC, 0xC0, 0x0F, 0xFC, 0xC0, 0x0F, 0xF8, 0xE1, 0x07, 0xF8, 0xE1,
    0x07, 0xF8, 0xE1, 0x07, 0xF0, 0xE3, 0x03, 0xF0, 0xF3, 0x03, 0xF0, 0xF3, 0x03, 0xE0, 0xF7, 0x03,
    0xE0, 0xF7, 0x01, 0xE0, 0xFF, 0x01, 0xC0, 0xFF, 0x01, 0xC0, 0xFF, 0x01, 0x80, 0xFF, 0x00, 0x80,
    0xFF, 0x00, 0x00, 0xFF, 0x00, 0x00, 0xFF, 0x00, 0x00, 0x7E, 0x00, 0x00, 0x7E, 0x00, 0x00, 0x7E,
    0x00, 0x00, 0x7E, 0x00, 0x00, 0x7E, 0x00, 0x00, 0x7E, 0x00, 0x00, 0x7E, 0x00, 0x00, 0x7E, 0x00,
    0x00, 0x7E, 0x00, 0x00, 0x7E, 0x00, 0x00, 0x7E, 0x00, 0x00, 0x7E, 0x00, 0x00, 0x7E, 0x00, 0x00,
    0x7E, 0x00, 0x00, 0x7E, 0x00, 0x00, 0x7E, 0x00, 0x02, 0x0D, 0x19, 0x33, 0x1D, 0x00, 0xFC, 0x00,
    0x00, 0xFF, 0x07, 0x80, 0xFF, 0x1F, 0xC0, 0xFF, 0x7F, 0x80, 0xFF, 0xFF, 0x00, 0xFF, 0xFF, 0x03,
    0xFC, 0xFF, 0x07, 0xF8, 0xC3, 0x0F, 0xF0, 0x80, 0x1F, 0xE0, 0x00, 0x3F, 0x00, 0x00, 0x7E, 0x00,
    0x00, 0xFE, 0x00, 0x00, 0xFE, 0x01, 0x00, 0xFE, 0x01, 0x00, 0xFE, 0x03, 0x00, 0xFE, 0x03, 0x00,
    0xFE, 0x03, 0x00, 0xFF, 0x07, 0x00, 0xFF, 0x07, 0x00, 0xFF, 0x1F, 0x00, 0xFF, 0x7F, 0x00, 0xFE,
    0xFF, 0x01, 0xFE, 0xFB, 0x07, 0xFE, 0xE1, 0x1F, 0xFC, 0x01, 0x3F, 0xFC, 0x03, 0xFE, 0xF8, 0x03,
    0xF8, 0xF1, 0x03, 0xE0, 0xF7, 0x07, 0xC0, 0xEF, 0x0F, 0x80, 0xDF, 0x0F, 0x00, 0xFE, 0x1F, 0x00,
    0xFC, 0x3F, 0x00, 0xF8, 0x7F, 0x00, 0xF0, 0xFF, 0x00, 0xE0, 0xFF, 0x01, 0xC0, 0xFF, 0x03, 0x80,
    0xFF, 0x07, 0x00, 0xFF, 0x1F, 0x00, 0xFE, 0x3F, 0x00, 0xFE, 0x7E, 0x00, 0xFC, 0xFC, 0x01, 0xFC,
    0xF9, 0x07, 0xFC, 0xE3, 0x1F, 0xFC, 0xC7, 0xFF, 0xFF, 0x07, 0xFF, 0xFF, 0x0F, 0xFE, 0xFF, 0x0F,
    0xF8, 0xFF, 0x0F, 0xE0, 0xFF, 0x0F, 0x00, 0xFF, 0x0F, 0x00, 0xF8, 0x03, 0x00, 0x02, 0x1C, 0x15,
    0x24, 0x18, 0xC0, 0x3F, 0x00, 0xFE, 0x1F, 0xE0, 0xFF, 0x0F, 0xFE, 0xFF, 0xE3, 0xFF, 0x7F, 0xFC,
    0xFF, 0x9F, 0xFF, 0xFF, 0xE3, 0x03, 0xFF, 0x38, 0xC0, 0x1F, 0x03, 0xF0, 0x03, 0x00, 0x7E, 0x00,
    0xC0, 0x0F, 0x00, 0xF8, 0x01, 0x00, 0x3F, 0x00, 0xF0, 0x07, 0xFF, 0x7F, 0xE0, 0xFF, 0x0F, 0xFC,
    0xFF, 0x80, 0xFF, 0x0F, 0xF0, 0xFF, 0x03, 0xFE, 0xFF, 0x00, 0xC0, 0x1F, 0x00, 0xF0, 0x07, 0x00,
    0xFC, 0x00, 0x80, 0x1F, 0x00, 0xF0, 0x23, 0x00, 0x7E, 0x0E, 0xE0, 0xEF, 0x07, 0xFE, 0xFF, 0xFF,
    0xFF, 0xFF, 0xFF, 0xF3, 0xFF, 0x7F, 0xFC, 0xFF, 0x07, 0xFF, 0x7F, 0xC0, 0xFF, 0x07, 0xE0, 0x1F,
    0x00, 0x02, 0x0E, 0x13, 0x3E, 0x16, 0xFE, 0xFF, 0xF3, 0xFF, 0x9F, 0xFF, 0xFF, 0xFC, 0xFF, 0xE7,
    0xFF, 0x3F, 0xFF, 0xFF, 0xF1, 0xFF, 0x0F, 0x3F, 0x00, 0xF0, 0x03, 0x80, 0x3F, 0x00, 0xF8, 0x03,
    0x80, 0x1F, 0x00, 0xFC, 0x01, 0xC0, 0x1F, 0x00, 0xFC, 0x00, 0xE0, 0x0F, 0x00, 0x7E, 0x00, 0xF0,
    0x07, 0x00, 0x3F, 0x00, 0xF8, 0x01, 0xC0, 0x1F, 0x00, 0xFC, 0x00, 0xE0, 0x07, 0x00, 0x7F, 0x00,
    0xF0, 0x03, 0x80, 0x1F, 0x00, 0xFC, 0x00, 0xE0, 0x07, 0x00, 0x7E, 0x00, 0xF0, 0x03, 0x80, 0x1F,
    0x00, 0xFC, 0x00, 0xE0, 0x07, 0x00, 0x3F, 0x00, 0xF8, 0x01, 0xC0, 0x0F, 0x00, 0x7E, 0x00, 0xF0,
    0x03, 0xC0, 0x1F, 0x00, 0xFE, 0x00, 0xF8, 0x03, 0xE0, 0x1F, 0xC0, 0xFF, 0x80, 0xFF, 0x87, 0xFF,
    0x1F, 0xFE, 0xFF, 0xF8, 0xFF, 0xC3, 0xFF, 0x0F, 0xFF, 0x1F, 0xF8, 0x3F, 0xC0, 0x3F, 0x00, 0xFE,
    0x00, 0xF0, 0x03, 0x80, 0x1F, 0x00, 0xFC, 0x00, 0xE0, 0x07, 0x00, 0x3F, 0x00, 0xF0, 0x03, 0x80,
    0x1F, 0x00, 0xFC, 0x00, 0xC0, 0x0F, 0x00, 0x7E, 0x00, 0x00, 0x03, 0x1C, 0x16, 0x30, 0x1C, 0xE0,
    0x03, 0x00, 0xFE, 0xC3, 0xCF, 0xFF, 0xF3, 0xF3, 0xFF, 0xFD, 0xFE, 0xFF, 0xBF, 0xFF, 0xFF, 0xEF,
    0xFF, 0xFF, 0xFF, 0xE3, 0xFF, 0x7F, 0xE0, 0xFF, 0x0F, 0xF0, 0xFF, 0x03, 0xF8, 0xFF, 0x00, 0xFC,
    0x3F, 0x00, 0xFF, 0x0F, 0xC0, 0xFF, 0x03, 0xF0, 0xFF, 0x00, 0xFC, 0x3F, 0x00, 0xFF, 0x0F, 0xC0,
    0xFF, 0x03, 0xF0, 0xFF, 0x00, 0xFC, 0x3F, 0x00, 0xFF, 0x0F, 0xC0, 0xFF, 0x03, 0xF0, 0xFF, 0x00,
    0xFC, 0x3F, 0x00, 0xFF, 0x0F, 0xC0, 0xFF, 0x03, 0xF0, 0xFF, 0x00, 0xFC, 0x3F, 0x00, 0xFF, 0x0F,
    0xC0, 0xFF, 0x03, 0xF0, 0xFF, 0x00, 0xFC, 0x3F, 0x00, 0xFF, 0x0F, 0xC0, 0xFF, 0x03, 0xF0, 0xFF,
    0x00, 0x00, 0x3F, 0x00, 0xC0, 0x0F, 0x00, 0xF0, 0x03, 0x00, 0xFC, 0x00, 0x00, 0x3F, 0x00, 0xC0,
    0x0F, 0x00, 0xF0, 0x03, 0x00, 0xFC, 0x00, 0x00, 0x3F, 0x00, 0xC0, 0x0F, 0x00, 0xF0, 0x03, 0x00,
    0xFC, 0x00, 0x00, 0x02, 0x0D, 0x17, 0x33, 0x1B, 0x00, 0x7F, 0x00, 0xE0, 0xFF, 0x00, 0xF8, 0xFF,
    0x00, 0xFE, 0xFF, 0x80, 0xFF, 0xFF, 0xC0, 0xFF, 0x7F, 0xF0, 0xFF, 0x7F, 0xF8, 0xC7, 0x3F, 0xFC,
    0x80, 0x1F, 0x7F, 0xC0, 0x9F, 0x1F, 0xC0, 0xCF, 0x0F, 0xE0, 0xE7, 0x07, 0xF0, 0xF3, 0x01, 0xF0,
    0xFD, 0x00, 0xF8, 0x7F, 0x00, 0xFC, 0x3F, 0x00, 0xFE, 0x1F, 0x00, 0xFF, 0x0F, 0x80, 0xFF, 0x07,
    0xC0, 0xFF, 0x03, 0xE0, 0xFF, 0x01, 0xF0, 0xFF, 0xFF, 0xFF, 0xFF, 0xFF, 0xFF, 0xFF, 0xFF, 0xFF,
    0xFF, 0xFF, 0xFF, 0xFF, 0xFF, 0xFF, 0xFF, 0xFF, 0xFF, 0x03, 0xE0, 0xFF, 0x01, 0xF0, 0xFF, 0x00,
    0xF8, 0x7F, 0x00, 0xFC, 0x3F, 0x00, 0xFE, 0x1F, 0x00, 0xFF, 0x0F, 0x80, 0xFF, 0x07, 0xC0, 0xEF,
    0x03, 0xE0, 0xF7, 0x01, 0xF8, 0xF9, 0x01, 0xFC, 0xFC, 0x00, 0x7E, 0x7E, 0x00, 0x3F, 0x7E, 0xC0,
    0x1F, 0x3F, 0xE0, 0x87, 0x3F, 0xF8, 0xC3, 0xFF, 0xFF, 0xC1, 0xFF, 0x7F, 0xE0, 0xFF, 0x3F, 0xE0,
    0xFF, 0x0F, 0xE0, 0xFF, 0x03, 0xE0, 0xFF, 0x00, 0xC0, 0x1F, 0x00, 0x03, 0x1D, 0x0C, 0x23, 0x0F,
    0xC0, 0x0F, 0xFC, 0xC0, 0x0F, 0xFC, 0xC0, 0x0F, 0xFC, 0xC0, 0x0F, 0xFC, 0xC0, 0x0F, 0xFC, 0xC0,
    0x0F, 0xFC, 0xC0, 0x0F, 0xFC, 0xC0, 0x0F, 0xFC, 0xC0, 0x0F, 0xFC, 0xC0, 0x0F, 0xFC, 0xC0, 0x0F,
    0xFC, 0xC0, 0x0F, 0xFC, 0xC0, 0x0F, 0xFC, 0xC0, 0x0F, 0xFE, 0xFE, 0xEF, 0x7F, 0xFE, 0xF7, 0x7F,
    0xFF, 0xF3, 0x1F, 0xFE, 0x00, 0x03, 0x1D, 0x16, 0x22, 0x1A, 0xFE, 0x00, 0x3F, 0x7F, 0xC0, 0xCF,
    0x1F, 0xF0, 0xE3, 0x0F, 0xFC, 0xF0, 0x03, 0x3F, 0xFC, 0xC1, 0x0F, 0xFE, 0xF0, 0x03, 0x3F, 0xFC,
    0xC0, 0x1F, 0x3F, 0xE0, 0xCF, 0x0F, 0xF0, 0xF3, 0x03, 0xFC, 0xFD, 0x00, 0xFE, 0x3F, 0x00, 0xFF,
    0x0F, 0xC0, 0xFF, 0x03, 0xF0, 0xFF, 0x00, 0xFE, 0x3F, 0x80, 0xFF, 0x0F, 0xF0, 0xFF, 0x03, 0xFC,
    0xFF, 0x80, 0xDF, 0x3F, 0xF0, 0xE7, 0x0F, 0xFC, 0xF0, 0x83, 0x3F, 0xFC, 0xE0, 0x07, 0x3F, 0xFC,
    0xC1, 0x0F, 0x3F, 0xF0, 0xE3, 0x0F, 0xFC, 0xF8, 0x01, 0x3F, 0x7F, 0xC0, 0xCF, 0x0F, 0xF0, 0xFB,
    0x03, 0xFC, 0x7E, 0x00, 0xFF, 0x1F, 0xC0, 0x0F, 0x00, 0x0D, 0x1A, 0x33, 0x1B, 0x00, 0x00, 0x3F,
    0x00, 0x00, 0xFE, 0x03, 0x00, 0xFC, 0x0F, 0x00, 0xF8, 0x3F, 0x00, 0xE0, 0xFF, 0x00, 0x80, 0xFF,
    0x03, 0x00, 0xFF, 0x0F, 0x00, 0xFC, 0x11, 0x00, 0xF0, 0x03, 0x00, 0xE0, 0x07, 0x00, 0x80, 0x1F,
    0x00, 0x00, 0x7E, 0x00, 0x00, 0xF8, 0x01, 0x00, 0xE0, 0x03, 0x00, 0xC0, 0x0F, 0x00, 0x00, 0x3F,
    0x00, 0x00, 0xFC, 0x00, 0x00, 0xF0, 0x07, 0x00, 0xC0, 0x1F, 0x00, 0x80, 0x7F, 0x00, 0x00, 0xFE,
    0x01, 0x00, 0xF8, 0x0F, 0x00, 0xE0, 0x3F, 0x00, 0xC0, 0xFF, 0x00, 0x00, 0xFF, 0x07, 0x00, 0xFC,
    0x1F, 0x00, 0xF0, 0x7F, 0x00, 0xC0, 0xF7, 0x01, 0x80, 0x9F, 0x0F, 0x00, 0x7E, 0x3E, 0x00, 0xF8,
    0xF9, 0x00, 0xE0, 0xE7, 0x07, 0x80, 0x1F, 0x1F, 0x00, 0x3F, 0x7C, 0x00, 0xFC, 0xF0, 0x03, 0xF0,
    0xC3, 0x0F, 0xC0, 0x0F, 0x3E, 0x00, 0x3F, 0xF8, 0x00, 0xFE, 0xE0, 0x07, 0xF8, 0x81, 0x1F, 0xE0,
    0x07, 0x7C, 0x80, 0x1F, 0xF0, 0x03, 0x7F, 0xC0, 0x0F, 0xFC, 0x01, 0x3F, 0xFE, 0x03, 0xF8, 0xF9,
    0x0F, 0xE0, 0xE7, 0x3F, 0x80, 0x9F, 0x7F, 0x00, 0x7C, 0xFF, 0x01, 0xF0, 0xFF, 0x03, 0xC0, 0xEF,
    0x07, 0x00, 0x00, 0x03, 0x1D, 0x15, 0x2F, 0x1B, 0x3F, 0x80, 0xFF, 0x07, 0xF0, 0xFF, 0x00, 0xFE,
    0x1F, 0xC0, 0xFF, 0x03, 0xF8, 0x7F, 0x00, 0xFF, 0x0F, 0xE0, 0xFF, 0x01, 0xFC, 0x3F, 0x80, 0xFF,
    0x07, 0xF0, 0xFF, 0x00, 0xFE, 0x1F, 0xC0, 0xFF, 0x03, 0xF8, 0x7F, 0x00, 0xFF, 0x0F, 0xE0, 0xFF,
    0x01, 0xFC, 0x3F, 0x80, 0xFF, 0x07, 0xF0, 0xFF, 0x00, 0xFE, 0x1F, 0xC0, 0xFF, 0x03, 0xF8, 0x7F,
    0x00, 0xFF, 0x0F, 0xE0, 0xFF, 0x01, 0xFC, 0x3F, 0x80, 0xFF, 0x0F, 0xF0, 0xFF, 0x03, 0xFF, 0xFF,
    0xF8, 0xFF, 0xFF, 0xFF, 0xFF, 0xFF, 0xFF, 0xFF, 0xFF, 0xFF, 0xFF, 0xFF, 0xBF, 0xFF, 0xFF, 0xF7,
    0xF7, 0x03, 0x78, 0x7E, 0x00, 0xC0, 0x0F, 0x00, 0xF8, 0x01, 0x00, 0x3F, 0x00, 0xE0, 0x07, 0x00,
    0xFC, 0x00, 0x80, 0x1F, 0x00, 0xF0, 0x03, 0x00, 0x7E, 0x00, 0xC0, 0x0F, 0x00, 0xF8, 0x01, 0x00,
    0x3F, 0x00, 0xE0, 0x07, 0x00, 0x1D, 0x18, 0x22, 0x1A, 0x3F, 0x00, 0xFC, 0x3F, 0x00, 0xFC, 0x3F,
    0x00, 0x7E, 0x3F, 0x00, 0x7E, 0x3F, 0x00, 0x7E, 0x3F, 0x00, 0x7E, 0x3F, 0x00, 0x3F, 0x3F, 0x00,
    0x3F, 0x7E, 0x00, 0x3F, 0x7E, 0x00, 0x3F, 0x7E, 0x80, 0x1F, 0x7E, 0x80, 0x1F, 0x7E, 0x80, 0x1F,
    0xFC, 0x80, 0x1F, 0xFC, 0xC0, 0x0F, 0xFC, 0xC0, 0x0F, 0xFC, 0xC1, 0x0F, 0xF8, 0xC1, 0x0F, 0xF8,
    0xE1, 0x07, 0xF0, 0xE3, 0x07, 0xF0, 0xE3, 0x07, 0xF0, 0xE3, 0x03, 0xE0, 0xF7, 0x03, 0xE0, 0xF7,
    0x03, 0xE0, 0xF7, 0x03, 0xC0, 0xFF, 0x01, 0xC0, 0xFF, 0x01, 0x80, 0xFF, 0x01, 0x80, 0xFF, 0x01,
    0x00, 0xFF, 0x00, 0x00, 0xFF, 0x00, 0x00, 0xFE, 0x00, 0x00, 0xFE, 0x00, 0x00, 0x7C, 0x00, 0x02,
    0x0E, 0x14, 0x3E, 0x17, 0xFC, 0xFF, 0xC7, 0xFF, 0x7F, 0xFC, 0xFF, 0xC7, 0xFF, 0x7F, 0xFC, 0xFF,
    0xC7, 0xFF, 0x7F, 0xFC, 0xFF, 0x07, 0xF0, 0x0F, 0x00, 0xFC, 0x00, 0x80, 0x1F, 0x00, 0xF8, 0x01,
    0x00, 0x3F, 0x00, 0xF0, 0x03, 0x00, 0x3F, 0x00, 0xF0, 0x03, 0x00, 0x3F, 0x00, 0xF0, 0x03, 0x80,
    0x3F, 0x00, 0xF8, 0x01, 0xC0, 0x1F, 0xF8, 0xFF, 0x80, 0xFF, 0x0F, 0xF8, 0x7F, 0x80, 0xFF, 0x07,
    0xF8, 0xFF, 0x80, 0xFF, 0x1F, 0x00, 0xFC, 0x03, 0x00, 0x3F, 0x00, 0xE0, 0x07, 0x00, 0x7E, 0x00,
    0xE0, 0x0F, 0x00, 0xFC, 0x00, 0xC0, 0x0F, 0x00, 0xFC, 0x00, 0xC0, 0x0F, 0x00, 0xFC, 0x00, 0xC0,
    0x0F, 0x00, 0xFC, 0x00, 0xE0, 0x0F, 0x00, 0xFE, 0x00, 0xF0, 0x07, 0x80, 0x7F, 0x00, 0xFE, 0x07,
    0xFC, 0x3F, 0xF0, 0xFF, 0xC3, 0xFF, 0x1F, 0xFC, 0xFF, 0xE0, 0xFF, 0x03, 0xFE, 0x0F, 0xF0, 0x1F,
    0x00, 0x7F, 0x00, 0xF0, 0x03, 0x00, 0x3F, 0x00, 0xF0, 0x03, 0x00, 0x3F, 0x00, 0xF0, 0x03, 0x00,
    0x3E, 0x00, 0xE0, 0x07, 0x00, 0x7E, 0x00, 0xE0, 0x07, 0x00, 0x7C, 0x00, 0xC0, 0x0F, 0x00, 0x02,
    0x1C, 0x17, 0x24, 0x1B, 0x00, 0x7F, 0x00, 0xE0, 0xFF, 0x00, 0xF8, 0xFF, 0x00, 0xFE, 0xFF, 0x80,
    0xFF, 0xFF, 0xE0, 0xFF, 0xFF, 0xF0, 0xFF, 0x7F, 0xFC, 0x83, 0x7F, 0xFE, 0x80, 0x3F, 0x3F, 0x80,
    0x9F, 0x1F, 0xC0, 0xEF, 0x0F, 0xE0, 0xFF, 0x03, 0xE0, 0xFF, 0x01, 0xF0, 0xFF, 0x00, 0xF8, 0x7F,
    0x00, 0xFC, 0x3F, 0x00, 0xFE, 0x1F, 0x00, 0xFF, 0x0F, 0x80, 0xFF, 0x07, 0xC0, 0xFF, 0x03, 0xE0,
    0xFF, 0x01, 0xF0, 0xFF, 0x00, 0xF8, 0x7F, 0x00, 0xFC, 0x7F, 0x00, 0x7F, 0x3F, 0x80, 0x9F, 0x1F,
    0xC0, 0xCF, 0x1F, 0xF0, 0xE7, 0x1F, 0xFC, 0xE3, 0xFF, 0xFF, 0xF0, 0xFF, 0x7F, 0xF0, 0xFF, 0x1F,
    0xF0, 0xFF, 0x07, 0xF0, 0xFF, 0x01, 0xF0, 0x7F, 0x00, 0xE0, 0x0F, 0x00, 0x00, 0x1D, 0x1F, 0x23,
    0x20, 0xFF, 0xFF, 0xFF, 0x83, 0xFF, 0xFF, 0xFF, 0xCF, 0xFF, 0xFF, 0xFF, 0xEF, 0xFF, 0xFF, 0xFF,
    0xFF, 0xFF, 0xFF, 0xFF, 0xFB, 0xFF, 0xFF, 0xFF, 0xFD, 0xFF, 0xFF, 0xFF, 0x80, 0x1F, 0xF8, 0x3D,
    0xC0, 0x0F, 0xFC, 0x10, 0xE0, 0x07, 0x7E, 0x00, 0xF0, 0x03, 0x3F, 0x00, 0xF8, 0x81, 0x1F, 0x00,
    0xFC, 0xC0, 0x0F, 0x00, 0x7E, 0xE0, 0x07, 0x00, 0x3F, 0xF0, 0x03, 0x80, 0x1F, 0xF8, 0x01, 0xC0,
    0x0F, 0xFC, 0x00, 0xE0, 0x07, 0x7E, 0x00, 0xF0, 0x03, 0x3F, 0x00, 0xF8, 0x81, 0x1F, 0x00, 0xFC,
    0xC0, 0x0F, 0x00, 0x7E, 0xE0, 0x07, 0x00, 0x3F, 0xF0, 0x03, 0x80, 0x1F, 0xF8, 0x01, 0xC0, 0x0F,
    0xFC, 0x00, 0xE0, 0x07, 0x7E, 0x00, 0xF0, 0x03, 0x3F, 0x00, 0xFC, 0x81, 0x1F, 0xE0, 0xFF, 0xC0,
    0x0F, 0xF0, 0x3F, 0xE0, 0x07, 0xF8, 0x1F, 0xF0, 0x07, 0xFC, 0x0F, 0xF8, 0x03, 0xFE, 0x03, 0xFC,
    0x01, 0xFF, 0x00, 0xFC, 0x00, 0x3F, 0x00, 0x00, 0x00, 0x03, 0x1C, 0x17, 0x30, 0x1C, 0x00, 0x7F,
    0x00, 0xE0, 0xFF, 0x00, 0xF8, 0xFF, 0x00, 0xFE, 0xFF, 0x80, 0xFF, 0xFF, 0xE0, 0xFF, 0xFF, 0xF0,
    0xFF, 0x7F, 0xFC, 0x83, 0x7F, 0xFE, 0x80, 0x3F, 0x3F, 0x80, 0x9F, 0x1F, 0xC0, 0xEF, 0x0F, 0xE0,
    0xFF, 0x03, 0xE0, 0xFF, 0x01, 0xF0, 0xFF, 0x00, 0xF8, 0x7F, 0x00, 0xFC, 0x3F, 0x00, 0xFE, 0x1F,
    0x00, 0xFF, 0x0F, 0x80, 0xFF, 0x07, 0xC0, 0xFF, 0x03, 0xE0, 0xFF, 0x01, 0xF0, 0xFF, 0x00, 0xF8,
    0x7F, 0x00, 0xFC, 0x7E, 0x00, 0x7E, 0x3F, 0x00, 0xBF, 0x1F, 0xC0, 0xDF, 0x1F, 0xF0, 0xCF, 0x1F,
    0xFE, 0xE7, 0xFF, 0xFF, 0xF3, 0xFF, 0xFF, 0xF1, 0xFF, 0xFF, 0xF0, 0xFF, 0x7F, 0xF8, 0x7F, 0x3F,
    0xF8, 0x9F, 0x1F, 0xF0, 0xC3, 0x0F, 0x00, 0xE0, 0x07, 0x00, 0xF0, 0x03, 0x00, 0xF8, 0x01, 0x00,
    0xFC, 0x00, 0x00, 0x7E, 0x00, 0x00, 0x3F, 0x00, 0x80, 0x1F, 0x00, 0xC0, 0x0F, 0x00, 0xE0, 0x07,
    0x00, 0xF0, 0x03, 0x00, 0xF8, 0x01, 0x00, 0xFC, 0x02, 0x1C, 0x15, 0x30, 0x18, 0xC0, 0x1F, 0x00,
    0xFE, 0x0F, 0xE0, 0xFF, 0x03, 0xFE, 0xFF, 0xE0, 0xFF, 0x3F, 0xFC, 0xFF, 0x8F, 0xFF, 0xFF, 0xE1,
    0xC3, 0x7F, 0x38, 0xE0, 0x0F, 0x02, 0xFC, 0x01, 0x00, 0x3F, 0x00, 0xE0, 0x0F, 0x00, 0xFC, 0x01,
    0x00, 0x3F, 0x00, 0xE0, 0x07, 0x00, 0xFC, 0x00, 0x80, 0x1F, 0x00, 0xF0, 0x03, 0x00, 0x7E, 0x00,
    0xC0, 0x0F, 0x00, 0xF8, 0x01, 0x00, 0x3F, 0x00, 0xE0, 0x07, 0x00, 0xFE, 0x00, 0xC0, 0x0F, 0x00,
    0xF8, 0x01, 0x80, 0x3F, 0x00, 0xF8, 0x07, 0xC0, 0x7F, 0x00, 0xFE, 0x0F, 0xF0, 0xFF, 0x00, 0xFF,
    0x0F, 0xF0, 0xFF, 0x00, 0xFF, 0x0F, 0xE0, 0x7F, 0x00, 0xFE, 0x03, 0xC0, 0x1F, 0x00, 0xF8, 0x01,
    0x00, 0x3F, 0x00, 0xE0, 0x07, 0x00, 0xFC, 0x00, 0x80, 0x1F, 0x00, 0xF0, 0x03, 0x00, 0xFC, 0x00,
    0x80, 0x1F, 0x00, 0xF0, 0x03, 0x00, 0x7E, 0x00, 0x80, 0x1F, 0x00, 0x02, 0x1D, 0x1B, 0x23, 0x1E,
    0xFF, 0xFF, 0x03, 0xF8, 0xFF, 0xFF, 0xC0, 0xFF, 0xFF, 0x0F, 0xFE, 0xFF, 0xFF, 0xF0, 0xFF, 0xFF,
    0x8F, 0xFF, 0xFF, 0xFF, 0x00, 0x1F, 0xF8, 0x07, 0xF8, 0x00, 0x7F, 0xE0, 0x03, 0xF8, 0x03, 0x1F,
    0x80, 0x1F, 0xFC, 0x00, 0xFC, 0xE0, 0x07, 0xE0, 0x0F, 0x1F, 0x00, 0x7E, 0xFC, 0x00, 0xF0, 0xE3,
    0x07, 0x80, 0x1F, 0x3F, 0x00, 0xFC, 0xF8, 0x01, 0xE0, 0xC7, 0x0F, 0x00, 0x3F, 0x7E, 0x00, 0xF8,
    0xF1, 0x03, 0xC0, 0x8F, 0x1F, 0x00, 0x7E, 0xFC, 0x00, 0xF0, 0xE3, 0x0F, 0x80, 0x1F, 0x7F, 0x00,
    0xFE, 0xF0, 0x03, 0xF0, 0x83, 0x3F, 0xC0, 0x1F, 0xFC, 0x01, 0xFE, 0xE0, 0x3F, 0xFC, 0x03, 0xFE,
    0xFF, 0x1F, 0xF0, 0xFF, 0xFF, 0x00, 0xFF, 0xFF, 0x03, 0xF0, 0xFF, 0x0F, 0x00, 0xFF, 0x3F, 0x00,
    0xF0, 0xFF, 0x00, 0x00, 0xFE, 0x00, 0x00, 0x00, 0x1D, 0x16, 0x23, 0x18, 0xFF, 0xFF, 0xC3, 0xFF,
    0xFF, 0xF7, 0xFF, 0xFF, 0xFF, 0xFF, 0xFF, 0xFF, 0xFF, 0xFF, 0xFF, 0xFF, 0x07, 0xF8, 0xC1, 0x01,
    0x7E, 0x40, 0x80, 0x1F, 0x00, 0xE0, 0x07, 0x00, 0xF8, 0x01, 0x00, 0x7E, 0x00, 0x80, 0x1F, 0x00,
    0xE0, 0x07, 0x00, 0xF8, 0x01, 0x00, 0x7E, 0x00, 0x80, 0x1F, 0x00, 0xE0, 0x07, 0x00, 0xF8, 0x01,
    0x00, 0x7E, 0x00, 0x80, 0x1F, 0x00, 0xE0, 0x07, 0x00, 0xF8, 0x01, 0x00, 0x7E, 0x00, 0x80, 0x1F,
    0x00, 0xE0, 0x07, 0x00, 0xF8, 0x01, 0x00, 0x7F, 0x00, 0xFC, 0x1F, 0x00, 0xFF, 0x03, 0xC0, 0xFF,
    0x00, 0xF0, 0x3F, 0x00, 0xFC, 0x07, 0x00, 0xFF, 0x00, 0x80, 0x1F, 0x00, 0x00, 0x03, 0x1D, 0x16,
    0x23, 0x1B, 0xFC, 0x00, 0x3F, 0x1F, 0xC0, 0xEF, 0x07, 0xF0, 0xFB, 0x01, 0xFC, 0x7E, 0x00, 0xBF,
    0x1F, 0xC0, 0xEF, 0x07, 0xF0, 0xFB, 0x01, 0xFC, 0x3E, 0x00, 0xFF, 0x0F, 0xC0, 0xFF, 0x03, 0xF0,
    0xFF, 0x00, 0xFC, 0x3F, 0x00, 0xFF, 0x0F, 0xC0, 0xFF, 0x03, 0xF0, 0xFF, 0x00, 0xFC, 0x3F, 0x00,
    0xFF, 0x0F, 0xC0, 0xFF, 0x03, 0xF0, 0xFF, 0x00, 0xFC, 0x3F, 0x00, 0xFF, 0x0F, 0xC0, 0xFF, 0x07,
    0xF0, 0xFB, 0x01, 0xFC, 0x7E, 0x00, 0xBF, 0x3F, 0xE0, 0xEF, 0x0F, 0xF8, 0xFB, 0x87, 0x7F, 0xFC,
    0xFF, 0x1F, 0xFF, 0xFF, 0x87, 0xFF, 0xFF, 0xC0, 0xFF, 0x3F, 0xF0, 0xFF, 0x07, 0xF0, 0xFF, 0x00,
    0xF0, 0x07, 0x00, 0x02, 0x0F, 0x1C, 0x3D, 0x20, 0x00, 0xF8, 0x01, 0x00, 0x80, 0x1F, 0x00, 0x00,
    0xF8, 0x01, 0x00, 0x80, 0x1F, 0x00, 0x00, 0xF8, 0x01, 0x00, 0x80, 0x1F, 0x00, 0x00, 0xF8, 0x01,
    0x00, 0x80, 0x1F, 0x00, 0x00, 0xF8, 0x01, 0x00, 0x80, 0x1F, 0x00, 0x00, 0xF8, 0x01, 0x00, 0x80,
    0x1F, 0x00, 0x00, 0xF8, 0x01, 0x00, 0x80, 0x1F, 0x00, 0x00, 0xFF, 0x0F, 0x00, 0xFC, 0xFF, 0x03,
    0xE0, 0xFF, 0x7F, 0x00, 0xFF, 0xFF, 0x0F, 0xF8, 0xFF, 0xFF, 0xC1, 0xFF, 0xFF, 0x3F, 0xFC, 0xF9,
    0xF9, 0xE3, 0x8F, 0x1F, 0x7F, 0xFE, 0xF8, 0xE1, 0xE7, 0x87, 0x1F, 0x7E, 0x7E, 0xF8, 0xE1, 0xF7,
    0x87, 0x1F, 0xFC, 0x3F, 0xF8, 0xC1, 0xFF, 0x83, 0x1F, 0xFC, 0x3F, 0xF8, 0xC1, 0xFF, 0x83, 0x1F,
    0xFC, 0x3F, 0xF8, 0xC1, 0xFF, 0x83, 0x1F, 0xFC, 0x3F, 0xF8, 0xC1, 0xFF, 0x83, 0x1F, 0xFC, 0x3F,
    0xF8, 0xC1, 0xFF, 0x83, 0x1F, 0xFC, 0x3F, 0xF8, 0xC1, 0xEF, 0x87, 0x1F, 0x7E, 0x7E, 0xF8, 0xE1,
    0xE7, 0x87, 0x1F, 0x7E, 0xFE, 0xF8, 0xF1, 0xC7, 0x9F, 0x9F, 0x3F, 0xFC, 0xFB, 0xFD, 0x83, 0xFF,
    0xFF, 0x1F, 0xF8, 0xFF, 0xFF, 0x01, 0xFF, 0xFF, 0x0F, 0xE0, 0xFF, 0x7F, 0x00, 0xF8, 0xFF, 0x01,
    0x00, 0xFE, 0x07, 0x00, 0x80, 0x1F, 0x00, 0x00, 0xF8, 0x01, 0x00, 0x80, 0x1F, 0x00, 0x00, 0xF8,
    0x01, 0x00, 0x80, 0x1F, 0x00, 0x00, 0xF8, 0x01, 0x00, 0x80, 0x1F, 0x00, 0x00, 0xF8, 0x01, 0x00,
    0x80, 0x1F, 0x00, 0x00, 0xF8, 0x01, 0x00, 0x80, 0x1F, 0x00, 0x00, 0xF8, 0x01, 0x00, 0x00, 0x1C,
    0x1A, 0x2F, 0x1B, 0x00, 0x00, 0xF8, 0xF0, 0x03, 0xF0, 0x8F, 0x1F, 0xE0, 0x3F, 0x7E, 0x80, 0xFF,
    0xF8, 0x01, 0xFF, 0xC3, 0x0F, 0xFC, 0x07, 0x3F, 0xF0, 0x1F, 0xF8, 0xE1, 0x0F, 0xE0, 0x87, 0x1F,
    0x80, 0x1F, 0x7E, 0x00, 0xFC, 0xFC, 0x00, 0xF0, 0xF3, 0x03, 0x80, 0xCF, 0x0F, 0x00, 0xFE, 0x1F,
    0x00, 0xF8, 0x7F, 0x00, 0xC0, 0xFF, 0x01, 0x00, 0xFF, 0x03, 0x00, 0xF8, 0x0F, 0x00, 0xE0, 0x3F,
    0x00, 0x80, 0x7F, 0x00, 0x00, 0xFC, 0x01, 0x00, 0xF0, 0x07, 0x00, 0x80, 0x1F, 0x00, 0x00, 0x7F,
    0x00, 0x00, 0xFC, 0x01, 0x00, 0xF0, 0x0F, 0x00, 0xC0, 0x3F, 0x00, 0x80, 0xFF, 0x01, 0x00, 0xFE,
    0x07, 0x00, 0xF8, 0x1F, 0x00, 0xF0, 0xFF, 0x00, 0xC0, 0xFF, 0x03, 0x00, 0x9F, 0x0F, 0x00, 0x7E,
    0x7E, 0x00, 0xF8, 0xF9, 0x01, 0xE0, 0xC7, 0x0F, 0xC0, 0x0F, 0x3F, 0x00, 0x3F, 0xF8, 0x00, 0xFE,
    0xE0, 0x07, 0xF8, 0x81, 0x1F, 0xFE, 0x07, 0xFC, 0xF8, 0x1F, 0xF0, 0xE3, 0x3F, 0xC0, 0x8F, 0xFF,
    0x00, 0x7E, 0xFF, 0x01, 0xF8, 0xF9, 0x03, 0xE0, 0x8F, 0x07, 0x00, 0x3F, 0x03, 0x10, 0x1E, 0x3C,
    0x23, 0x00, 0xF0, 0x03, 0x00, 0x00, 0xFC, 0x00, 0x00, 0x00, 0x3F, 0x00, 0x00, 0xC0, 0x0F, 0x00,
    0x00, 0xF0, 0x03, 0x00, 0x00, 0xFC, 0x00, 0x00, 0x00, 0x3F, 0x00, 0x00, 0xC0, 0x0F, 0x00, 0x00,
    0xF0, 0x03, 0x00, 0x00, 0xFC, 0x00, 0x00, 0x00, 0x3F, 0x00, 0x00, 0xC0, 0x0F, 0x00, 0x00, 0xF0,
    0x03, 0x00, 0x00, 0xFC, 0x00, 0xC0, 0x0F, 0x3F, 0xF0, 0xF3, 0xC3, 0x0F, 0xFC, 0x7C, 0xF0, 0x03,
    0xBF, 0x1F, 0xFC, 0xC0, 0xEF, 0x07, 0x3F, 0xF0, 0xFB, 0xC1, 0x0F, 0xFC, 0x7E, 0xF0, 0x03, 0xBF,
    0x1F, 0xFC, 0xC0, 0xEF, 0x03, 0x3F, 0xF0, 0xFF, 0xC0, 0x0F, 0xFC, 0x3F, 0xF0, 0x03, 0xFF, 0x0F,
    0xFC, 0xC0, 0xFF, 0x03, 0x3F, 0xF0, 0xFF, 0xC0, 0x0F, 0xFC, 0x3F, 0xF0, 0x03, 0xFF, 0x0F, 0xFC,
    0xC0, 0xFF, 0x03, 0x3F, 0xF0, 0xFF, 0xC0, 0x0F, 0xFC, 0x3F, 0xF0, 0x03, 0xFF, 0x0F, 0xFC, 0xC0,
    0xFF, 0x03, 0x3F, 0xF0, 0xFF, 0xC1, 0x0F, 0xFC, 0x7E, 0xF0, 0x03, 0xBF, 0x1F, 0xFC, 0xE0, 0xEF,
    0x0F, 0x3F, 0xF8, 0xF3, 0xC7, 0x0F, 0x7F, 0xFC, 0xF3, 0xE3, 0x1F, 0xFF, 0xFF, 0xFF, 0x87, 0xFF,
    0xFF, 0xFF, 0xC0, 0xFF, 0xFF, 0x1F, 0xE0, 0xFF, 0xFF, 0x07, 0xF0, 0xFF, 0xFF, 0x00, 0xF8, 0xFF,
    0x0F, 0x00, 0xF8, 0xFF, 0x00, 0x00, 0xF0, 0x03, 0x00, 0x00, 0xFC, 0x00, 0x00, 0x00, 0x3F, 0x00,
    0x00, 0xC0, 0x0F, 0x00, 0x00, 0xF0, 0x03, 0x00, 0x00, 0xFC, 0x00, 0x00, 0x00, 0x3F, 0x00, 0x00,
    0xC0, 0x0F, 0x00, 0x00, 0xF0, 0x03, 0x00, 0x00, 0xFC, 0x00, 0x00, 0x00, 0x3F, 0x00, 0x00, 0xC0,
    0x0F, 0x00, 0x02, 0x1C, 0x22, 0x24, 0x26, 0x00, 0x00, 0x00, 0x00, 0xC0, 0x03, 0x00, 0xF0, 0x00,
    0x3F, 0x00, 0xF0, 0x03, 0x7E, 0x00, 0x80, 0x1F, 0xF8, 0x01, 0x00, 0x7E, 0xE0, 0x07, 0x00, 0xF8,
    0xC1, 0x0F, 0x00, 0xC0, 0x0F, 0x3F, 0x00, 0x00, 0x3F, 0xFC, 0xC0, 0x0F, 0xFC, 0xF0, 0x01, 0x3F,
    0xE0, 0xE3, 0x07, 0xFC, 0x80, 0x9F, 0x1F, 0xF0, 0x03, 0x7E, 0x7E, 0xC0, 0x0F, 0xF8, 0xF9, 0x01,
    0x3F, 0xE0, 0xE7, 0x03, 0xFC, 0x00, 0xFF, 0x0F, 0xF0, 0x03, 0xFC, 0x3F, 0xC0, 0x0F, 0xF0, 0xFF,
    0x00, 0x3F, 0xC0, 0xFF, 0x03, 0xFC, 0x00, 0xFF, 0x0F, 0xF0, 0x03, 0xFC, 0x3F, 0xC0, 0x0F, 0xF0,
    0xFF, 0x00, 0x3F, 0xC0, 0xFF, 0x03, 0xFC, 0x00, 0xFF, 0x0F, 0xF0, 0x03, 0xFC, 0x3F, 0xE0, 0x1F,
    0xF0, 0xFF, 0x81, 0x7F, 0xE0, 0xFF, 0x07, 0xFE, 0x81, 0xBF, 0x1F, 0xFC, 0x0F, 0x7E, 0xFE, 0xF8,
    0x7F, 0xFC, 0xF9, 0xFF, 0xFF, 0xFF, 0xC7, 0xFF, 0xEF, 0xFF, 0x1F, 0xFF, 0x3F, 0xFF, 0x3F, 0xF8,
    0x7F, 0xFC, 0x7F, 0xE0, 0xFF, 0xE1, 0xFF, 0x01, 0xFF, 0x03, 0xFF, 0x03, 0xE0, 0x03, 0xF0, 0x03,
    0x00, 0x10, 0x0F, 0x30, 0x0F, 0x0F, 0xBC, 0x0F, 0xFF, 0x87, 0xFF, 0xC3, 0xFF, 0xE1, 0xFF, 0xF0,
    0x7F, 0xF8, 0x1F, 0x78, 0x00, 0x00, 0x00, 0x00, 0x00, 0x00, 0x00, 0x00, 0x00, 0x80, 0x1F, 0xC0,
    0x0F, 0xE0, 0x07, 0xF0, 0x03, 0xF8, 0x01, 0xFC, 0x00, 0x7E, 0x00, 0x3F, 0x80, 0x1F, 0xC0, 0x0F,
    0xE0, 0x07, 0xF0, 0x03, 0xF8, 0x01, 0xFC, 0x00, 0x7E, 0x00, 0x3F, 0x80, 0x1F, 0xC0, 0x0F, 0xE0,
    0x07, 0xF0, 0x03, 0xF8, 0x01, 0xFC, 0x00, 0x7E, 0x00, 0x3F, 0x80, 0x1F, 0xC0, 0x0F, 0xE0, 0x07,
    0xF8, 0x83, 0xFF, 0xC1, 0xFF, 0xE0, 0x3F, 0xF0, 0x1F, 0xF8, 0x07, 0xFC, 0x03, 0x7E, 0x00, 0x03,
    0x10, 0x16, 0x30, 0x1B, 0xE0, 0x81, 0x07, 0xFC, 0xF0, 0x03, 0x3F, 0xFC, 0xC0, 0x0F, 0x3F, 0xF0,
    0xC3, 0x0F, 0xFC, 0xF0, 0x03, 0x3F, 0xFC, 0x80, 0x07, 0x1E, 0x00, 0x00, 0x00, 0x00, 0x00, 0x00,
    0x00, 0x00, 0x00, 0x00, 0x00, 0x00, 0x00, 0x00, 0x3F, 0xC0, 0xCF, 0x07, 0xF0, 0xF3, 0x01, 0xFC,
    0x7E, 0x00, 0xBF, 0x1F, 0xC0, 0xEF, 0x07, 0xF0, 0xFB, 0x01, 0xFC, 0x7E, 0x00, 0xBF, 0x0F, 0xC0,
    0xFF, 0x03, 0xF0, 0xFF, 0x00, 0xFC, 0x3F, 0x00, 0xFF, 0x0F, 0xC0, 0xFF, 0x03, 0xF0, 0xFF, 0x00,
    0xFC, 0x3F, 0x00, 0xFF, 0x0F, 0xC0, 0xFF, 0x03, 0xF0, 0xFF, 0x00, 0xFC, 0x3F, 0x00, 0xFF, 0x0F,
    0xC0, 0xFF, 0x03, 0xF0, 0xFF, 0x01, 0xFC, 0x7E, 0x00, 0xBF, 0x1F, 0xC0, 0xEF, 0x0F, 0xF8, 0xFB,
    0x03, 0xFE, 0xFE, 0xE1, 0x1F, 0xFF, 0xFF, 0xC7, 0xFF, 0xFF, 0xE1, 0xFF, 0x3F, 0xF0, 0xFF, 0x0F,
    0xFC, 0xFF, 0x01, 0xFC, 0x3F, 0x00, 0xFC, 0x01, 0x02, 0x0C, 0x17, 0x34, 0x1B, 0xF8, 0x03, 0x00,
    0xF8, 0x03, 0x00, 0xFC, 0x01, 0x00, 0xFC, 0x00, 0x00, 0xFE, 0x00, 0x00, 0x7E, 0x00, 0x00, 0x3E,
    0x00, 0x00, 0x3F, 0x00, 0x00, 0x1F, 0x00, 0x00, 0x1F, 0x00, 0x80, 0x0F, 0x00, 0x00, 0x00, 0x00,
    0x00, 0x00, 0x00, 0x00, 0x00, 0x00, 0x00, 0x00, 0x00, 0x00, 0x00, 0x00, 0x7F, 0x00, 0xE0, 0xFF,
    0x00, 0xF8, 0xFF, 0x00, 0xFE, 0xFF, 0x80, 0xFF, 0xFF, 0xE0, 0xFF, 0xFF, 0xF0, 0xFF, 0x7F, 0xFC,
    0x83, 0x7F, 0xFE, 0x80, 0x3F, 0x3F, 0x80, 0x9F, 0x1F, 0xC0, 0xEF, 0x0F, 0xE0, 0xFF, 0x03, 0xE0,
    0xFF, 0x01, 0xF0, 0xFF, 0x00, 0xF8, 0x7F, 0x00, 0xFC, 0x3F, 0x00, 0xFE, 0x1F, 0x00, 0xFF, 0x0F,
    0x80, 0xFF, 0x07, 0xC0, 0xFF, 0x03, 0xE0, 0xFF, 0x01, 0xF0, 0xFF, 0x00, 0xF8, 0x7F, 0x00, 0xFC,
    0x7F, 0x00, 0x7F, 0x3F, 0x80, 0x9F, 0x1F, 0xC0, 0xCF, 0x1F, 0xF0, 0xE7, 0x1F, 0xFC, 0xE3, 0xFF,
    0xFF, 0xF0, 0xFF, 0x7F, 0xF0, 0xFF, 0x1F, 0xF0, 0xFF, 0x07, 0xF8, 0xFF, 0x01, 0xF0, 0x7F, 0x00,
    0xE0, 0x0F, 0x00, 0x03, 0x0C, 0x16, 0x34, 0x1B, 0xF0, 0x0F, 0x00, 0xF8, 0x03, 0x00, 0xFC, 0x00,
    0x00, 0x7F, 0x00, 0x80, 0x1F, 0x00, 0xE0, 0x07, 0x00, 0xF0, 0x03, 0x00, 0xF8, 0x00, 0x00, 0x7E,
    0x00, 0x00, 0x1F, 0x00, 0xC0, 0x07, 0x00, 0x00, 0x00, 0x00, 0x00, 0x00, 0x00, 0x00, 0x00, 0x00,
    0x00, 0x00, 0x00, 0x00, 0xFC, 0x00, 0x3F, 0x1F, 0xC0, 0xCF, 0x07, 0xF0, 0xFB, 0x01, 0xFC, 0x7E,
    0x00, 0xBF, 0x1F, 0xC0, 0xEF, 0x07, 0xF0, 0xFB, 0x01, 0xFC, 0x7E, 0x00, 0xFF, 0x0F, 0xC0, 0xFF,
    0x03, 0xF0, 0xFF, 0x00, 0xFC, 0x3F, 0x00, 0xFF, 0x0F, 0xC0, 0xFF, 0x03, 0xF0, 0xFF, 0x00, 0xFC,
    0x3F, 0x00, 0xFF, 0x0F, 0xC0, 0xFF, 0x03, 0xF0, 0xFF, 0x00, 0xFC, 0x3F, 0x00, 0xFF, 0x0F, 0xC0,
    0xFF, 0x03, 0xF0, 0xFF, 0x01, 0xFC, 0x7E, 0x00, 0xBF, 0x1F, 0xC0, 0xEF, 0x0F, 0xF8, 0xFB, 0x03,
    0xFE, 0xFC, 0xE1, 0x1F, 0xFF, 0xFF, 0xC7, 0xFF, 0xFF, 0xE1, 0xFF, 0x3F, 0xF0, 0xFF, 0x0F, 0xFC,
    0xFF, 0x01, 0xFC, 0x1F, 0x00, 0xFC, 0x01, 0x02, 0x0C, 0x22, 0x34, 0x26, 0x00, 0xFE, 0x00, 0x00,
    0x00, 0xF0, 0x03, 0x00, 0x00, 0xC0, 0x1F, 0x00, 0x00, 0x00, 0x7E, 0x00, 0x00, 0x00, 0xF8, 0x01,
    0x00, 0x00, 0xC0, 0x0F, 0x00, 0x00, 0x00, 0x3E, 0x00, 0x00, 0x00, 0xF8, 0x01, 0x00, 0x00, 0xC0,
    0x07, 0x00, 0x00, 0x00, 0x3F, 0x00, 0x00, 0x00, 0xF8, 0x00, 0x00, 0x00, 0x00, 0x00, 0x00, 0x00,
    0x00, 0x00, 0x00, 0x00, 0x00, 0x00, 0x00, 0x00, 0x00, 0x00, 0x00, 0x00, 0x00, 0x00, 0x00, 0x00,
    0x70, 0x00, 0x00, 0x38, 0xC0, 0x0F, 0x00, 0xFC, 0x80, 0x1F, 0x00, 0xE0, 0x07, 0x7E, 0x00, 0x80,
    0x1F, 0xF8, 0x01, 0x00, 0x7E, 0xF0, 0x03, 0x00, 0xF0, 0xC3, 0x0F, 0x00, 0xC0, 0x0F, 0x3F, 0xF0,
    0x03, 0x3F, 0xFC, 0xC0, 0x0F, 0xFC, 0xF8, 0x01, 0x3F, 0xE0, 0xE7, 0x07, 0xFC, 0x80, 0x9F, 0x1F,
    0xF0, 0x03, 0x7E, 0x7E, 0xC0, 0x0F, 0xF8, 0xF9, 0x01, 0x3F, 0xE0, 0xF7, 0x03, 0xFC, 0x00, 0xFF,
    0x0F, 0xF0, 0x03, 0xFC, 0x3F, 0xC0, 0x0F, 0xF0, 0xFF, 0x00, 0x3F, 0xC0, 0xFF, 0x03, 0xFC, 0x00,
    0xFF, 0x0F, 0xF0, 0x03, 0xFC, 0x3F, 0xC0, 0x0F, 0xF0, 0xFF, 0x00, 0x3F, 0xC0, 0xFF, 0x03, 0xFC,
    0x00, 0xFF, 0x0F, 0xF0, 0x03, 0xFC, 0x3F, 0xE0, 0x1F, 0xF0, 0xFF, 0x81, 0x7F, 0xE0, 0xFF, 0x07,
    0xFE, 0x81, 0xBF, 0x1F, 0xFC, 0x0F, 0x7E, 0xFE, 0xF8, 0x7F, 0xFC, 0xF9, 0xFF, 0xFF, 0xFF, 0xC7,
    0xFF, 0xEF, 0xFF, 0x0F, 0xFF, 0x3F, 0xFF, 0x3F, 0xF8, 0x7F, 0xFC, 0x7F, 0xE0, 0xFF, 0xE1, 0xFF,
    0x01, 0xFE, 0x03, 0xFF, 0x03, 0xE0, 0x03, 0xF0, 0x03, 0xD5, 0x07, 0x02, 0x02, 0x11, 0x20, 0x2F,
    0x26, 0x00, 0xE0, 0x0F, 0x00, 0x00, 0xE0, 0x0F, 0x00, 0x00, 0xE0, 0x0F, 0x00, 0x00, 0xE0, 0x0F,
    0x00, 0x00, 0xE0, 0x0F, 0x00, 0x00, 0xE0, 0x0F, 0x00, 0x00, 0xE0, 0x0F, 0x00, 0x00, 0xE0, 0x0F,
    0x00, 0x00, 0xE0, 0x0F, 0x00, 0x00, 0xE0, 0x0F, 0x00, 0x00, 0xE0, 0x0F, 0x00, 0x00, 0xE0, 0x0F,
    0x00, 0x00, 0xE0, 0x0F, 0x00, 0x00, 0xFF, 0xFF, 0x01, 0xE0, 0xFF, 0xFF, 0x07, 0xF0, 0xFF, 0xFF,
    0x1F, 0xFC, 0xFF, 0xFF, 0x3F, 0xFC, 0xE3, 0x8F, 0x7F, 0xFE, 0xE0, 0x0F, 0x7F, 0xFE, 0xE0, 0x0F,
    0xFF, 0x7F, 0xE0, 0x0F, 0xFE, 0x7F, 0xE0, 0x0F, 0xFE, 0x7F, 0xE0, 0x0F, 0xFE, 0x7F, 0xE0, 0x0F,
    0xFE, 0x7F, 0xE0, 0x0F, 0xFE, 0x7F, 0xE0, 0x0F, 0xFE, 0xFE, 0xE0, 0x0F, 0x7F, 0xFE, 0xE1, 0x8F,
    0x7F, 0xFC, 0xE7, 0xCF, 0x3F, 0xF8, 0xFF, 0xFF, 0x3F, 0xF0, 0xFF, 0xFF, 0x0F, 0xC0, 0xFF, 0xFF,
    0x07, 0x00, 0xFE, 0xFF, 0x00, 0x00, 0xE0, 0x0F, 0x00, 0x00, 0xE0, 0x0F, 0x00, 0x00, 0xE0, 0x0F,
    0x00, 0x00, 0xE0, 0x0F, 0x00, 0x00, 0xE0, 0x0F, 0x00, 0x00, 0xE0, 0x0F, 0x00, 0x00, 0xE0, 0x0F,
    0x00, 0x00, 0xE0, 0x0F, 0x00, 0x00, 0xE0, 0x0F, 0x00, 0x00, 0xE0, 0x0F, 0x00, 0x00, 0xE0, 0x0F,
    0x00, 0x00, 0xE0, 0x0F, 0x00, 0x00, 0xE0, 0x0F, 0x00, 0x00, 0xE0, 0x0F, 0x00, 0x02, 0x1F, 0x23,
    0x20, 0x26, 0xFE, 0xFF, 0xFF, 0xFF, 0xF7, 0xFF, 0xFF, 0xFF, 0xBF, 0xFF, 0xFF, 0xFF, 0xFF, 0xFD,
    0xFF, 0xFF, 0xFF, 0x8F, 0x1F, 0x00, 0xC0, 0x0F, 0x7E, 0x00, 0x00, 0xFE, 0xF0, 0x03, 0x3F, 0xE0,
    0x87, 0x1F, 0xF8, 0x01, 0x3F, 0x7E, 0xC0, 0x0F, 0xF8, 0xF3, 0x03, 0x7E, 0x80, 0x9F, 0x1F, 0xF0,
    0x03, 0xFC, 0xFC, 0x80, 0x1F, 0xE0, 0xE7, 0x07, 0xFC, 0x00, 0xBF, 0x1F, 0xE0, 0x07, 0xF0, 0xFF,
    0x00, 0x3F, 0x80, 0xFF, 0x07, 0xF8, 0x01, 0xFC, 0x3F, 0xC0, 0x0F, 0xE0, 0xFF, 0x01, 0x7E, 0x00,
    0xFF, 0x0F, 0xF0, 0x03, 0xF8, 0x7F, 0x80, 0x1F, 0xC0, 0xFF, 0x03, 0xFC, 0x00, 0xFE, 0x1F, 0xF0,
    0x0F, 0xF0, 0xFF, 0x80, 0x7F, 0x80, 0xFF, 0x0F, 0xFC, 0x03, 0xFE, 0x7E, 0xF0, 0x3F, 0xF0, 0xF3,
    0xC7, 0xFF, 0xC3, 0x9F, 0xFF, 0xFF, 0xFF, 0xFF, 0xF8, 0xFF, 0xF9, 0xFF, 0xC3, 0xFF, 0xCF, 0xFF,
    0x1F, 0xFC, 0x3F, 0xFC, 0x7F, 0xC0, 0xFF, 0xC0, 0xFF, 0x01, 0xF8, 0x03, 0xF8, 0x01, 0xF5, 0x07,
    0x02, 0x02, 0x1C, 0x15, 0x24, 0x18, 0xC0, 0x1F, 0x00, 0xFE, 0x0F, 0xF0, 0xFF, 0x03, 0xFE, 0xFF,
    0xE0, 0xFF, 0x3F, 0xFE, 0xFF, 0x8F, 0xFF, 0xFF, 0xE1, 0x83, 0x3F, 0x38, 0xE0, 0x0F, 0x02, 0xF8,
    0x01, 0x00, 0x3F, 0x00, 0xC0, 0x0F, 0x00, 0xF8, 0x01, 0x00, 0x3F, 0x00, 0xE0, 0x87, 0xFF, 0xFF,
    0xF0, 0xFF, 0x1F, 0xFE, 0xFF, 0xC3, 0xFF, 0x7F, 0xF8, 0xFF, 0x0F, 0xFF, 0xFF, 0x01, 0x00, 0x3F,
    0x00, 0xE0, 0x07, 0x00, 0xFC, 0x00, 0x80, 0x1F, 0x00, 0xF8, 0x41, 0x00, 0x3F, 0x1C, 0xF0, 0xC7,
    0x07, 0xFF, 0xFC, 0xFF, 0xCF, 0xFF, 0xFF, 0xF1, 0xFF, 0x1F, 0xFE, 0xFF, 0x81, 0xFF, 0x1F, 0xC0,
    0xFF, 0x01, 0xE0, 0x0F, 0x00, 0x01, 0x1C, 0x14, 0x24, 0x18, 0x00, 0x7F, 0x00, 0xFC, 0x1F, 0xE0,
    0xFF, 0x03, 0xFF, 0x7F, 0xF8, 0xFF, 0xCF, 0xFF, 0xFF, 0xFC, 0xFF, 0xC7, 0x1F, 0x3C, 0xFE, 0x80,
    0xE1, 0x07, 0x08, 0x7E, 0x00, 0xE0, 0x07, 0x00, 0x3F, 0x00, 0xF0, 0x03, 0x00, 0x3F, 0x00, 0xF0,
    0xFF, 0x1F, 0xFF, 0xFF, 0xF1, 0xFF, 0x1F, 0xFF, 0xFF, 0xF1, 0xFF, 0x1F, 0xFF, 0xFF, 0xF1, 0x03,
    0x00, 0x3F, 0x00, 0xF0, 0x03, 0x00, 0x3F, 0x00, 0xE0, 0x07, 0x00, 0x7E, 0x00, 0xE0, 0x0F, 0x18,
    0xFE, 0xC1, 0xC7, 0xFF, 0xFF, 0xFC, 0xFF, 0x8F, 0xFF, 0xFF, 0xF0, 0xFF, 0x07, 0xFE, 0x3F, 0xC0,
    0xFF, 0x01, 0xF0, 0x07, 0xF9, 0x07, 0x03, 0x02, 0x11, 0x1A, 0x2F, 0x1D, 0x00, 0xFF, 0x00, 0x00,
    0xFF, 0x0F, 0x00, 0xFF, 0xFF, 0x00, 0xFE, 0xFF, 0x07, 0xFC, 0xFF, 0x3F, 0xF0, 0xFF, 0xFF, 0xE0,
    0xFF, 0xFF, 0x87, 0xFF, 0xFF, 0x1F, 0xFE, 0x81, 0xFF, 0xF0, 0x03, 0xFC, 0xC3, 0x07, 0xE0, 0x0F,
    0x0E, 0x00, 0x7F, 0x30, 0x00, 0xFC, 0x01, 0x00, 0xE0, 0x07, 0x00, 0x80, 0x1F, 0x00, 0x00, 0xFE,
    0x00, 0x00, 0xF0, 0x03, 0x00, 0xC0, 0x0F, 0x00, 0x00, 0x3F, 0x00, 0x00, 0xFC, 0x00, 0x00, 0xF0,
    0x03, 0x00, 0xC0, 0x0F, 0x00, 0x00, 0x3F, 0x00, 0x00, 0xFC, 0x00, 0x00, 0xF0, 0x03, 0x00, 0xC0,
    0x0F, 0x00, 0x00, 0x3F, 0x00, 0x00, 0xFC, 0x00, 0x00, 0xF0, 0x03, 0x00, 0xC0, 0x0F, 0x00, 0x00,
    0x3F, 0x00, 0x00, 0xFE, 0x00, 0x00, 0xF8, 0x01, 0x00, 0xE0, 0x07, 0x01, 0xC0, 0x1F, 0x0E, 0x00,
    0x7F, 0x7C, 0x00, 0xFE, 0xF8, 0x03, 0xF8, 0xF3, 0x1F, 0xF8, 0xCF, 0xFF, 0xFF, 0x1F, 0xFE, 0xFF,
    0x7F, 0xF8, 0xFF, 0xFF, 0xC0, 0xFF, 0xFF, 0x03, 0xFE, 0xFF, 0x07, 0xF0, 0xFF, 0x0F, 0x00, 0xFF,
    0x0F, 0x00, 0xF0, 0x0F, 0x00, 0x03, 0x12, 0x1F, 0x2D, 0x25, 0x7F, 0x00, 0x00, 0xFF, 0x7F, 0x00,
    0xC0, 0xFF, 0x3F, 0x00, 0xE0, 0xFF, 0x1F, 0x00, 0xF8, 0xFF, 0x1F, 0x00, 0xFC, 0xFF, 0x0F, 0x00,
    0xFE, 0xFF, 0x0F, 0x80, 0xFF, 0xFF, 0x07, 0xC0, 0xFF, 0xFF, 0x03, 0xF0, 0xFF, 0xFF, 0x03, 0xF8,
    0xFF, 0xFF, 0x01, 0xFC, 0xFF, 0xFF, 0x01, 0xFF, 0xFF, 0xFF, 0x80, 0xFF, 0xFF, 0x7F, 0xE0, 0xFF,
    0xFF, 0x7F, 0xF0, 0xFF, 0xFF, 0x3F, 0xF8, 0xFF, 0xBF, 0x3F, 0xFE, 0xFE, 0xDF, 0x1F, 0x7F, 0xFF,
    0xCF, 0x8F, 0x9F, 0xFF, 0xE7, 0xEF, 0xCF, 0xFF, 0xF3, 0xF7, 0xE7, 0xFF, 0xF1, 0xFF, 0xF1, 0xFF,
    0xF8, 0xFF, 0xF8, 0x7F, 0xF8, 0x3F, 0xFC, 0x3F, 0xFC, 0x1F, 0xFE, 0x1F, 0xFE, 0x0F, 0xFF, 0x0F,
    0xFE, 0x83, 0xFF, 0x07, 0xFF, 0xC1, 0xFF, 0x03, 0x7F, 0xE0, 0xFF, 0x81, 0x3F, 0xF0, 0xFF, 0xC0,
    0x1F, 0xF8, 0x7F, 0xC0, 0x07, 0xFC, 0x3F, 0xE0, 0x03, 0xFE, 0x1F, 0xE0, 0x00, 0xFF, 0x0F, 0x00,
    0x80, 0xFF, 0x07, 0x00, 0xC0, 0xFF, 0x03, 0x00, 0xE0, 0xFF, 0x01, 0x00, 0xF0, 0xFF, 0x00, 0x00,
    0xF8, 0x7F, 0x00, 0x00, 0xFC, 0x3F, 0x00, 0x00, 0xFE, 0x1F, 0x00, 0x00, 0xFF, 0x0F, 0x00, 0x80,
    0xFF, 0x07, 0x00, 0xC0, 0xFF, 0x03, 0x00, 0xE0, 0x07, 0x03, 0x1D, 0x1A, 0x22, 0x20, 0x7F, 0x00,
    0xF8, 0xFF, 0x01, 0xE0, 0xFF, 0x07, 0xC0, 0xFF, 0x3F, 0x00, 0xFF, 0xFF, 0x00, 0xFC, 0xFF, 0x07,
    0xF8, 0xFF, 0x1F, 0xE0, 0xFF, 0x7F, 0xC0, 0xFF, 0xFF, 0x03, 0xFF, 0xFF, 0x0F, 0xFC, 0xFF, 0x7F,
    0xF8, 0xFF, 0xF7, 0xE1, 0xFB, 0xDF, 0xC7, 0xEF, 0x7F, 0x3F, 0xBF, 0xFF, 0xF9, 0x7E, 0xFE, 0xE7,
    0xFF, 0xF9, 0x1F, 0xFF, 0xE3, 0x7F, 0xFC, 0x8F, 0xFF, 0xF1, 0x3F, 0xFE, 0x87, 0x7F, 0xF8, 0x1F,
    0xFE, 0xE1, 0x7F, 0xF0, 0x83, 0xFF, 0xC1, 0x0F, 0xFE, 0x07, 0x1F, 0xF8, 0x1F, 0x78, 0xE0, 0x7F,
    0x00, 0x80, 0xFF, 0x01, 0x00, 0xFE, 0x07, 0x00, 0xF8, 0x1F, 0x00, 0xE0, 0x7F, 0x00, 0x80, 0xFF,
    0x01, 0x00, 0xFE, 0x07, 0x00, 0xF8, 0x1F, 0x00, 0xE0, 0x7F, 0x00, 0x80, 0x0F, 0x80, 0x08, 0x60,
    0x03, 0x01, 0x15, 0x3E, 0x1A, 0x00, 0xF8, 0x03, 0x00, 0x7F, 0x00, 0xF0, 0x07, 0x00, 0x7E, 0x00,
    0xC0, 0x0F, 0x00, 0xFC, 0x00, 0x80, 0x1F, 0x00, 0xF8, 0x01, 0x00, 0x1F, 0x00, 0xF0, 0x03, 0x00,
    0x3E, 0x00, 0x00, 0x00, 0x00, 0x00, 0x00, 0x00, 0x00, 0x00, 0x00, 0x00, 0x00, 0x00, 0x00, 0x00,
    0x00, 0xE0, 0xFF, 0xFF, 0xFF, 0xFF, 0xFF, 0xFF, 0xFF, 0xFF, 0xFF, 0xFF, 0xFF, 0xFF, 0xFF, 0xFF,
    0xFF, 0xFF, 0xFF, 0xFF, 0xFF, 0xFF, 0x1F, 0x00, 0xF0, 0x03, 0x00, 0x7E, 0x00, 0xC0, 0x0F, 0x00,
    0xF8, 0x01, 0x00, 0x3F, 0x00, 0xE0, 0x07, 0x00, 0xFC, 0x00, 0x80, 0x1F, 0x00, 0xF0, 0x03, 0x00,
    0x7E, 0xFE, 0xFF, 0xCF, 0xFF, 0xFF, 0xF9, 0xFF, 0x3F, 0xFF, 0xFF, 0xE7, 0xFF, 0xFF, 0xFC, 0xFF,
    0x9F, 0xFF, 0xFF, 0xF3, 0xFF, 0x7F, 0x00, 0xC0, 0x0F, 0x00, 0xF8, 0x01, 0x00, 0x3F, 0x00, 0xE0,
    0x07, 0x00, 0xFC, 0x00, 0x80, 0x1F, 0x00, 0xF0, 0x03, 0x00, 0x7E, 0x00, 0xC0, 0x0F, 0x00, 0xF8,
    0x01, 0x00, 0xFF, 0xFF, 0xFF, 0xFF, 0xFF, 0xFF, 0xFF, 0xFF, 0xFF, 0xFF, 0xFF, 0xFF, 0xFF, 0xFF,
    0xFF, 0xFF, 0xFF, 0xFF, 0xFF, 0xFF, 0xFF, 0x3F, 0x03, 0x05, 0x15, 0x3A, 0x1A, 0xF0, 0xC0, 0x03,
    0x3F, 0xFC, 0xE0, 0x87, 0x1F, 0xFC, 0xF0, 0x83, 0x1F, 0x7E, 0xF0, 0xC3, 0x0F, 0x7E, 0xF8, 0x81,
    0x07, 0x1E, 0x00, 0x00, 0x00, 0x00, 0x00, 0x00, 0x00, 0x00, 0x00, 0x00, 0x00, 0x00, 0x00, 0xFE,
    0xFF, 0xFF, 0xFF, 0xFF, 0xFF, 0xFF, 0xFF, 0xFF, 0xFF, 0xFF, 0xFF, 0xFF, 0xFF, 0xFF, 0xFF, 0xFF,
    0xFF, 0xFF, 0xFF, 0xFF, 0x01, 0x00, 0x3F, 0x00, 0xE0, 0x07, 0x00, 0xFC, 0x00, 0x80, 0x1F, 0x00,
    0xF0, 0x03, 0x00, 0x7E, 0x00, 0xC0, 0x0F, 0x00, 0xF8, 0x01, 0x00, 0x3F, 0x00, 0xE0, 0xC7, 0xFF,
    0xFF, 0xF8, 0xFF, 0x1F, 0xFF, 0xFF, 0xE3, 0xFF, 0x7F, 0xFC, 0xFF, 0x8F, 0xFF, 0xFF, 0xF1, 0xFF,
    0x3F, 0xFE, 0xFF, 0x07, 0x00, 0xFC, 0x00, 0x80, 0x1F, 0x00, 0xF0, 0x03, 0x00, 0x7E, 0x00, 0xC0,
    0x0F, 0x00, 0xF8, 0x01, 0x00, 0x3F, 0x00, 0xE0, 0x07, 0x00, 0xFC, 0x00, 0x80, 0x1F, 0x00, 0xF0,
    0xFF, 0xFF, 0xFF, 0xFF, 0xFF, 0xFF, 0xFF, 0xFF, 0xFF, 0xFF, 0xFF, 0xFF, 0xFF, 0xFF, 0xFF, 0xFF,
    0xFF, 0xFF, 0xFF, 0xFF, 0xFF, 0x03, 0x01, 0x12, 0x1D, 0x2D, 0x1F, 0x00, 0xF8, 0xFF, 0x1F, 0x00,
    0xFF, 0xFF, 0x03, 0xE0, 0xFF, 0x7F, 0x00, 0xFC, 0xFF, 0x0F, 0x80, 0xFF, 0xFF, 0x01, 0xF0, 0xFF,
    0x3F, 0x00, 0xFE, 0xFF, 0x07, 0x00, 0xF0, 0x03, 0x00, 0x00, 0x7E, 0x00, 0x00, 0xC0, 0x0F, 0x00,
    0x00, 0xF8, 0x01, 0x00, 0x00, 0x3F, 0x00, 0x00, 0xE0, 0x07, 0x00, 0x00, 0xFC, 0x00, 0x00, 0x80,
    0x1F, 0x00, 0x00, 0xF0, 0x03, 0x00, 0x00, 0x7E, 0x00, 0x00, 0xC0, 0x0F, 0x00, 0xFC, 0xFF, 0x01,
    0xF0, 0xFF, 0x3F, 0x00, 0xFF, 0xFF, 0x07, 0xF0, 0xFF, 0xFF, 0x00, 0xFF, 0xFF, 0x1F, 0xE0, 0xFF,
    0xFF, 0x03, 0xFE, 0xFF, 0x7F, 0xC0, 0x3F, 0xC0, 0x0F, 0xF8, 0x01, 0xF8, 0x81, 0x3F, 0x00, 0x3F,
    0xF0, 0x03, 0xE0, 0x07, 0x7E, 0x00, 0xFC, 0xC0, 0x0F, 0x80, 0x1F, 0xF8, 0x01, 0xF0, 0x03, 0x3F,
    0x00, 0x7E, 0xE0, 0x07, 0xC0, 0x0F, 0xFC, 0x00, 0xF8, 0x81, 0x3F, 0x00, 0x3F, 0xF0, 0x0F, 0xE0,
    0x07, 0xFC, 0x03, 0xFC, 0x80, 0xFF, 0x87, 0x1F, 0xF0, 0xFF, 0xF0, 0x03, 0xFC, 0x1F, 0x7E, 0x00,
    0xFF, 0xC3, 0x0F, 0xC0, 0x7F, 0xF8, 0x01, 0xE0, 0x0F, 0x3F, 0x00, 0xF0, 0xE1, 0x07, 0x00, 0x03,
    0x02, 0x15, 0x3E, 0x18, 0xF8, 0x03, 0x00, 0xFE, 0x00, 0xC0, 0x1F, 0x00, 0xF0, 0x07, 0x00, 0xFC,
    0x00, 0x80, 0x1F, 0x00, 0xE0, 0x07, 0x00, 0xF8, 0x00, 0x00, 0x3F, 0x00, 0xC0, 0x07, 0x00, 0xF0,
    0x01, 0x00, 0x00, 0x00, 0x00, 0x00, 0x00, 0x00, 0x00, 0x00, 0x00, 0x00, 0x00, 0x00, 0x00, 0x00,
    0xE0, 0xFF, 0xFF, 0xFF, 0xFF, 0xFF, 0xFF, 0xFF, 0xFF, 0xFF, 0xFF, 0xFF, 0xFF, 0xFF, 0xFF, 0xFF,
    0xFF, 0xFF, 0xFF, 0x00, 0x80, 0x1F, 0x00, 0xF0, 0x03, 0x00, 0x7E, 0x00, 0xC0, 0x0F, 0x00, 0xF8,
    0x01, 0x00, 0x3F, 0x00, 0xE0, 0x07, 0x00, 0xFC, 0x00, 0x80, 0x1F, 0x00, 0xF0, 0x03, 0x00, 0x7E,
    0x00, 0xC0, 0x0F, 0x00, 0xF8, 0x01, 0x00, 0x3F, 0x00, 0xE0, 0x07, 0x00, 0xFC, 0x00, 0x80, 0x1F,
    0x00, 0xF0, 0x03, 0x00, 0x7E, 0x00, 0xC0, 0x0F, 0x00, 0xF8, 0x01, 0x00, 0x3F, 0x00, 0xE0, 0x07,
    0x00, 0xFC, 0x00, 0x80, 0x1F, 0x00, 0xF0, 0x03, 0x00, 0x7E, 0x00, 0xC0, 0x0F, 0x00, 0xF8, 0x01,
    0x00, 0x3F, 0x00, 0xE0, 0x07, 0x00, 0xFC, 0x00, 0x80, 0x1F, 0x00, 0xF0, 0x03, 0x00, 0x7E, 0x00,
    0xC0, 0x0F, 0x00, 0xF8, 0x01, 0x00, 0x3F, 0x02, 0x11, 0x1B, 0x2F, 0x1D, 0x00, 0xFE, 0x00, 0x00,
    0xFE, 0x3F, 0x00, 0xF8, 0xFF, 0x07, 0xE0, 0xFF, 0x7F, 0x80, 0xFF, 0xFF, 0x03, 0xFE, 0xFF, 0x3F,
    0xF8, 0xFF, 0xFF, 0xC3, 0xFF, 0xFF, 0x1F, 0xFE, 0x83, 0xFF, 0xE1, 0x07, 0xF0, 0x0F, 0x1E, 0x00,
    0x7F, 0xE0, 0x00, 0xF8, 0x07, 0x02, 0x80, 0x3F, 0x00, 0x00, 0xFC, 0x01, 0x00, 0xE0, 0x0F, 0x00,
    0x00, 0xFE, 0x00, 0x00, 0xF0, 0x07, 0x00, 0x80, 0x3F, 0x00, 0x00, 0xFC, 0x01, 0xFF, 0xFF, 0x0F,
    0xF8, 0xFF, 0x7F, 0xC0, 0xFF, 0xFF, 0x03, 0xFE, 0xFF, 0x1F, 0xF0, 0xFF, 0xFF, 0x80, 0xFF, 0xFF,
    0x07, 0xFC, 0xFF, 0x3F, 0xE0, 0xFF, 0xFF, 0x01, 0x00, 0xE0, 0x0F, 0x00, 0x00, 0x7F, 0x00, 0x00,
    0xF8, 0x03, 0x00, 0xC0, 0x1F, 0x00, 0x00, 0xFE, 0x00, 0x00, 0xF8, 0x03, 0x00, 0xC0, 0x1F, 0x0C,
    0x00, 0xFE, 0xF0, 0x00, 0xF8, 0xC7, 0x07, 0xC0, 0x1F, 0x7F, 0x00, 0xFF, 0xFC, 0x0F, 0xFE, 0xC7,
    0xFF, 0xFF, 0x1F, 0xFE, 0xFF, 0xFF, 0xE0, 0xFF, 0xFF, 0x03, 0xFF, 0xFF, 0x0F, 0xF0, 0xFF, 0x7F,
    0x00, 0xFF, 0xFF, 0x00, 0xE0, 0xFF, 0x03, 0x00, 0xFC, 0x03, 0x00, 0x01, 0x11, 0x19, 0x2F, 0x1C,
    0x00, 0xFE, 0x00, 0x80, 0xFF, 0x07, 0x80, 0xFF, 0x3F, 0x80, 0xFF, 0xFF, 0x80, 0xFF, 0xFF, 0x83,
    0xFF, 0xFF, 0x87, 0xFF, 0xFF, 0x1F, 0xFF, 0xFF, 0x3F, 0xFE, 0x83, 0x7F, 0xF8, 0x01, 0xFC, 0xE1,
    0x01, 0xF0, 0x83, 0x01, 0xE0, 0x07, 0x03, 0xC0, 0x0F, 0x00, 0x80, 0x1F, 0x00, 0x00, 0x3F, 0x00,
    0x00, 0x7F, 0x00, 0x00, 0xFF, 0x00, 0x80, 0xFF, 0x01, 0xE0, 0xFF, 0x01, 0xF0, 0xFF, 0x03, 0xF8,
    0xFF, 0x07, 0xFC, 0xFF, 0x07, 0xFC, 0xFF, 0x07, 0xFC, 0xFF, 0x0F, 0xFC, 0xFF, 0x07, 0xF8, 0xFF,
    0x03, 0xF8, 0xFF, 0x01, 0xF0, 0xFF, 0x00, 0xF0, 0x3F, 0x00, 0xE0, 0x1F, 0x00, 0xC0, 0x1F, 0x00,
    0x80, 0x1F, 0x00, 0x00, 0x3F, 0x00, 0x00, 0x7E, 0x00, 0x00, 0xFC, 0x00, 0x60, 0xF8, 0x01, 0xC0,
    0xF1, 0x07, 0xC0, 0xE7, 0x0F, 0xC0, 0x9F, 0x7F, 0xE0, 0x3F, 0xFF, 0xFF, 0x7F, 0xFE, 0xFF, 0xFF,
    0xF8, 0xFF, 0xFF, 0xF0, 0xFF, 0xFF, 0xC0, 0xFF, 0xFF, 0x01, 0xFF, 0xFF, 0x00, 0xF8, 0xFF, 0x00,
    0xC0, 0x3F, 0x00, 0x02, 0x12, 0x0F, 0x2D, 0x13, 0xFF, 0xFF, 0xFF, 0xFF, 0xFF, 0xFF, 0xFF, 0xFF,
    0xFF, 0xFF, 0xFF, 0xFF, 0xFF, 0xE1, 0x07, 0xF0, 0x03, 0xF8, 0x01, 0xFC, 0x00, 0x7E, 0x00, 0x3F,
    0x80, 0x1F, 0xC0, 0x0F, 0xE0, 0x07, 0xF0, 0x03, 0xF8, 0x01, 0xFC, 0x00, 0x7E, 0x00, 0x3F, 0x80,
    0x1F, 0xC0, 0x0F, 0xE0, 0x07, 0xF0, 0x03, 0xF8, 0x01, 0xFC, 0x00, 0x7E, 0x00, 0x3F, 0x80, 0x1F,
    0xC0, 0x0F, 0xE0, 0x07, 0xF0, 0x03, 0xF8, 0x01, 0xFC, 0x00, 0x7E, 0x00, 0x3F, 0x80, 0x1F, 0xFC,
    0xFF, 0xFF, 0xFF, 0xFF, 0xFF, 0xFF, 0xFF, 0xFF, 0xFF, 0xFF, 0xFF, 0xFF, 0x07, 0x02, 0x05, 0x10,
    0x3A, 0x13, 0x1E, 0x78, 0x3F, 0xFC, 0x3F, 0xFC, 0x3F, 0xFC, 0x3F, 0xFC, 0x3F, 0xFC, 0x3F, 0xFC,
    0x1E, 0x78, 0x00, 0x00, 0x00, 0x00, 0x00, 0x00, 0x00, 0x00, 0x00, 0x00, 0xFF, 0x7F, 0xFF, 0x7F,
    0xFF, 0x7F, 0xFF, 0x7F, 0xFF, 0x7F, 0xFF, 0x7F, 0xFF, 0x7F, 0xE0, 0x07, 0xE0, 0x07, 0xE0, 0x07,
    0xE0, 0x07, 0xE0, 0x07, 0xE0, 0x07, 0xE0, 0x07, 0xE0, 0x07, 0xE0, 0x07, 0xE0, 0x07, 0xE0, 0x07,
    0xE0, 0x07, 0xE0, 0x07, 0xE0, 0x07, 0xE0, 0x07, 0xE0, 0x07, 0xE0, 0x07, 0xE0, 0x07, 0xE0, 0x07,
    0xE0, 0x07, 0xE0, 0x07, 0xE0, 0x07, 0xE0, 0x07, 0xE0, 0x07, 0xE0, 0x07, 0xE0, 0x07, 0xE0, 0x07,
    0xE0, 0x07, 0xE0, 0x07, 0xE0, 0x07, 0xE0, 0x07, 0xFF, 0x7F, 0xFF, 0x7F, 0xFF, 0x7F, 0xFF, 0x7F,
    0xFF, 0x7F, 0xFF, 0x7F, 0xFF, 0x7F, 0x00, 0x12, 0x11, 0x2E, 0x14, 0x3F, 0x00, 0x7E, 0x00, 0xFC,
    0x00, 0xF8, 0x01, 0xF0, 0x03, 0xE0, 0x07, 0xC0, 0x0F, 0x80, 0x1F, 0x00, 0x3F, 0x00, 0x7E, 0x00,
    0xFC, 0x00, 0xF8, 0x01, 0xF0, 0x03, 0xE0, 0x07, 0xC0, 0x0F, 0x80, 0x1F, 0x00, 0x3F, 0x00, 0x7E,
    0x00, 0xFC, 0x00, 0xF8, 0x01, 0xF0, 0x03, 0xE0, 0x07, 0xC0, 0x0F, 0x80, 0x1F, 0x00, 0x3F, 0x00,
    0x7E, 0x00, 0xFC, 0x00, 0xF8, 0x01, 0xF0, 0x03, 0xE0, 0x07, 0xC0, 0x0F, 0x80, 0x1F, 0x00, 0x3F,
    0x00, 0x7E, 0x00, 0xFC, 0x00, 0xF8, 0x01, 0xF0, 0x07, 0xE4, 0x1F, 0x8E, 0xFF, 0x1F, 0xFF, 0x7F,
    0xFE, 0xFF, 0xF8, 0xFF, 0xF1, 0xFF, 0xC3, 0xFF, 0x07, 0xFF, 0x0F, 0xF8, 0x03, 0x00, 0x12, 0x2C,
    0x2E, 0x2F, 0x00, 0x00, 0xFF, 0xFF, 0x07, 0x00, 0x00, 0xF0, 0xFF, 0x7F, 0x00, 0x00, 0x00, 0xFF,
    0xFF, 0x07, 0x00, 0x00, 0xF0, 0xFF, 0x7F, 0x00, 0x00, 0x00, 0xFF, 0xFF, 0x07, 0x00, 0x00, 0xF0,
    0xFF, 0x7F, 0x00, 0x00, 0x00, 0xFF, 0xFF, 0x07, 0x00, 0x00, 0xF0, 0x03, 0x7E, 0x00, 0x00, 0x00,
    0x3F, 0xE0, 0x07, 0x00, 0x00, 0xF0, 0x03, 0x7E, 0x00, 0x00, 0x00, 0x3F, 0xE0, 0x07, 0x00, 0x00,
    0xF0, 0x03, 0x7E, 0x00, 0x00, 0x00, 0x3F, 0xE0, 0x07, 0x00, 0x00, 0xF0, 0x03, 0x7E, 0x00, 0x00,
    0x00, 0x3F, 0xE0, 0x07, 0x00, 0x00, 0xF0, 0x03, 0x7E, 0x00, 0x80, 0xFF, 0x3F, 0xE0, 0x07, 0x00,
    0xFF, 0xFF, 0x03, 0x7E, 0x00, 0xF8, 0xFF, 0x3F, 0xE0, 0x07, 0xC0, 0xFF, 0xFF, 0x03, 0x7E, 0x00,
    0xFE, 0xFF, 0x3F, 0xE0, 0x07, 0xF0, 0xFF, 0xFF, 0x03, 0x7E, 0x00, 0xFF, 0xFF, 0x3F, 0xE0, 0x07,
    0xF0, 0xFF, 0xFF, 0x03, 0x7E, 0x00, 0xFF, 0x00, 0x3F, 0xE0, 0x07, 0xF0, 0x03, 0xF0, 0x03, 0x7E,
    0x00, 0x3F, 0x00, 0x3F, 0xC0, 0x0F, 0xF0, 0x01, 0xF0, 0x03, 0xFC, 0x00, 0x1F, 0x00, 0x3F, 0xC0,
    0x0F, 0xF0, 0x01, 0xF0, 0x03, 0xFC, 0x00, 0x1F, 0x00, 0x3F, 0xC0, 0x0F, 0xF0, 0x01, 0xF0, 0x03,
    0xFC, 0x00, 0x1F, 0x00, 0x3F, 0xC0, 0x0F, 0xF0, 0x03, 0xF0, 0x03, 0xFC, 0x00, 0x3F, 0x00, 0x3F,
    0x80, 0x1F, 0xF0, 0x07, 0xF0, 0x03, 0xF8, 0x01, 0xFF, 0x00, 0x3F, 0x80, 0x1F, 0xF0, 0xFF, 0xFF,
    0x03, 0xF8, 0x23, 0xFF, 0xFF, 0x3F, 0x00, 0xFF, 0xE7, 0xFF, 0xFF, 0x03, 0xF0, 0x7F, 0xFE, 0xFF,
    0x3F, 0x00, 0xFF, 0xC7, 0xFF, 0xFF, 0x03, 0xE0, 0x7F, 0xF8, 0xFF, 0x3F, 0x00, 0xFE, 0x0F, 0xFF,
    0xFF, 0x03, 0xC0, 0xFF, 0x80, 0xFF, 0x3F, 0x00, 0xF8, 0x07, 0x00, 0x00, 0x00, 0x00, 0x1F, 0x03,
    0x12, 0x29, 0x2D, 0x2D, 0x00, 0x00, 0xFC, 0x00, 0xF8, 0x01, 0x00, 0xF8, 0x01, 0xF0, 0x03, 0x00,
    0xF0, 0x03, 0xE0, 0x07, 0x00, 0xE0, 0x07, 0xC0, 0x0F, 0x00, 0xC0, 0x0F, 0x80, 0x1F, 0x00, 0x80,
    0x1F, 0x00, 0x3F, 0x00, 0x00, 0x3F, 0x00, 0x7E, 0x00, 0x00, 0x7E, 0x00, 0xFC, 0x00, 0x00, 0xFC,
    0x00, 0xF8, 0x01, 0x00, 0xF8, 0x01, 0xF0, 0x03, 0x00, 0xF0, 0x03, 0xE0, 0x07, 0x00, 0xE0, 0x07,
    0xC0, 0x0F, 0x00, 0xC0, 0x0F, 0x80, 0x1F, 0x00, 0x80, 0x1F, 0x00, 0x3F, 0x00, 0x00, 0x3F, 0x00,
    0x7E, 0x00, 0x00, 0x7E, 0x00, 0xFC, 0x00, 0xFF, 0xFF, 0xFF, 0xFF, 0xC1, 0xFF, 0xFF, 0xFF, 0xFF,
    0xC3, 0xFF, 0xFF, 0xFF, 0xFF, 0xC7, 0xFF, 0xFF, 0xFF, 0xFF, 0xCF, 0xFF, 0xFF, 0xFF, 0xFF, 0x9F,
    0xFF, 0xFF, 0xFF, 0xFF, 0xBF, 0xFF, 0xFF, 0xFF, 0xFF, 0x7F, 0xFF, 0xFF, 0xFF, 0xFF, 0xFF, 0xFE,
    0x01, 0xFC, 0x00, 0xF8, 0xFF, 0x00, 0xF8, 0x01, 0xF0, 0xFF, 0x01, 0xF0, 0x03, 0xE0, 0xFF, 0x01,
    0xE0, 0x07, 0xC0, 0xFF, 0x03, 0xC0, 0x0F, 0x80, 0xFF, 0x07, 0x80, 0x1F, 0x00, 0xFF, 0x0F, 0x00,
    0x3F, 0x00, 0xFE, 0x1F, 0x00, 0x7E, 0x00, 0xFC, 0x3F, 0x00, 0xFC, 0x00, 0xF8, 0xFF, 0x00, 0xF8,
    0x01, 0xF0, 0xFF, 0x01, 0xF0, 0x03, 0xE0, 0xFF, 0x07, 0xE0, 0x07, 0xC0, 0xEF, 0x3F, 0xC0, 0x0F,
    0x80, 0xDF, 0xFF, 0xFF, 0x1F, 0x00, 0xBF, 0xFF, 0xFF, 0x3F, 0x00, 0x7E, 0xFE, 0xFF, 0x7F, 0x00,
    0xFC, 0xFC, 0xFF, 0xFF, 0x00, 0xF8, 0xF1, 0xFF, 0xFF, 0x01, 0xF0, 0xC3, 0xFF, 0xFF, 0x03, 0xE0,
    0x07, 0xFE, 0xFF, 0x07, 0xC0, 0x0F, 0xF0, 0xFF, 0x0F, 0x80, 0x1F, 0x01, 0x12, 0x1C, 0x2D, 0x1E,
    0x00, 0xF8, 0xFF, 0x0F, 0x80, 0xFF, 0xFF, 0x00, 0xF8, 0xFF, 0x0F, 0x80, 0xFF, 0xFF, 0x00, 0xF8,
    0xFF, 0x0F, 0x80, 0xFF, 0xFF, 0x00, 0xF8, 0xFF, 0x0F, 0x00, 0xE0, 0x07, 0x00, 0x00, 0x7E, 0x00,
    0x00, 0xE0, 0x07, 0x00, 0x00, 0x7E, 0x00, 0x00, 0xE0, 0x07, 0x00, 0x00, 0x7E, 0x00, 0x00, 0xE0,
    0x07, 0x00, 0x00, 0x7E, 0x00, 0x00, 0xE0, 0x07, 0xC0, 0x7F, 0x7E, 0x00, 0xFF, 0xFF, 0x07, 0xF8,
    0xFF, 0x7F, 0xC0, 0xFF, 0xFF, 0x07, 0xFC, 0xFF, 0x7F, 0xE0, 0xFF, 0xFF, 0x07, 0xFE, 0xFF, 0x7F,
    0xE0, 0x1F, 0xF8, 0x07, 0xFF, 0x00, 0x7E, 0xF0, 0x07, 0xE0, 0x07, 0x7F, 0x00, 0x7E, 0xF0, 0x03,
    0xE0, 0x07, 0x3F, 0x00, 0x7E, 0xF0, 0x03, 0xE0, 0x07, 0x3F, 0x00, 0x7E, 0xF0, 0x03, 0xE0, 0x07,
    0x3F, 0x00, 0x7E, 0xF0, 0x03, 0xE0, 0x07, 0x3F, 0x00, 0x7E, 0xF0, 0x03, 0xE0, 0x07, 0x3F, 0x00,
    0x7E, 0xF0, 0x03, 0xE0, 0x07, 0x3F, 0x00, 0x7E, 0xF0, 0x03, 0xE0, 0x07, 0x3F, 0x00, 0x7E, 0xF0,
    0x03, 0xE0, 0x07, 0x3F, 0x00, 0x7E, 0xF0, 0x03, 0xE0, 0x07, 0x3F, 0x00, 0x7E, 0x00, 0x03, 0x01,
    0x18, 0x3E, 0x1C, 0xC0, 0x1F, 0x00, 0xC0, 0x1F, 0x00, 0x80, 0x1F, 0x00, 0x00, 0x3F, 0x00, 0x00,
    0x3F, 0x00, 0x00, 0x7E, 0x00, 0x00, 0x7E, 0x00, 0x00, 0x7C, 0x00, 0x00, 0xF8, 0x00, 0x00, 0xF8,
    0x00, 0x00, 0xF0, 0x01, 0x00, 0x00, 0x00, 0x00, 0x00, 0x00, 0x00, 0x00, 0x00, 0x00, 0x00, 0x00,
    0x00, 0x00, 0x00, 0x00, 0x00, 0x00, 0xFE, 0x00, 0xFC, 0xFC, 0x00, 0xFC, 0xFC, 0x00, 0xFC, 0xFC,
    0x01, 0xFC, 0xFC, 0x01, 0xFC, 0xFC, 0x01, 0xFC, 0xFC, 0x01, 0xFC, 0xF8, 0x01, 0xFC, 0xF8, 0x03,
    0xFC, 0xF8, 0x03, 0xFC, 0xF8, 0x03, 0xFC, 0xF0, 0x03, 0xFC, 0xF0, 0x03, 0xFC, 0xF0, 0x07, 0xFC,
    0xF0, 0x07, 0xFC, 0xE0, 0x07, 0xFC, 0xE0, 0x0F, 0xFC, 0xE0, 0x0F, 0xFC, 0xC0, 0x1F, 0xFC, 0xC0,
    0xFF, 0xFF, 0x80, 0xFF, 0xFF, 0x00, 0xFF, 0xFF, 0x00, 0xFF, 0xFF, 0x80, 0xFF, 0xFF, 0xC0, 0xFF,
    0xFF, 0xE0, 0xFF, 0xFF, 0xE0, 0x1F, 0xFC, 0xE0, 0x0F, 0xFC, 0xF0, 0x07, 0xFC, 0xF0, 0x07, 0xFC,
    0xF0, 0x03, 0xFC, 0xF8, 0x03, 0xFC, 0xF8, 0x03, 0xFC, 0xF8, 0x01, 0xFC, 0xFC, 0x01, 0xFC, 0xFC,
    0x01, 0xFC, 0xFC, 0x01, 0xFC, 0xFC, 0x00, 0xFC, 0xFC, 0x00, 0xFC, 0xFE, 0x00, 0xFC, 0xFE, 0x00,
    0xFC, 0xFE, 0x00, 0xFC, 0x7E, 0x00, 0xFC, 0x7E, 0x00, 0xFC, 0x7F, 0x00, 0xFC, 0x03, 0x01, 0x19,
    0x3E, 0x1F, 0x00, 0xE0, 0x0F, 0x00, 0xE0, 0x0F, 0x00, 0xC0, 0x1F, 0x00, 0x80, 0x1F, 0x00, 0x80,
    0x1F, 0x00, 0x00, 0x3F, 0x00, 0x00, 0x3E, 0x00, 0x00, 0x7E, 0x00, 0x00, 0x7C, 0x00, 0x00, 0x7C,
    0x00, 0x00, 0xF8, 0x00, 0x00, 0x00, 0x00, 0x00, 0x00, 0x00, 0x00, 0x00, 0x00, 0x00, 0x00, 0x00,
    0x00, 0x00, 0x00, 0x00, 0x00, 0x00, 0x00, 0xFE, 0x01, 0xF0, 0xFF, 0x03, 0xE0, 0xFF, 0x07, 0xC0,
    0xFF, 0x1F, 0x80, 0xFF, 0x3F, 0x00, 0xFF, 0xFF, 0x00, 0xFE, 0xFF, 0x01, 0xFC, 0xFF, 0x03, 0xF8,
    0xFF, 0x0F, 0xF0, 0xFF, 0x1F, 0xE0, 0xFF, 0x3F, 0xC0, 0xFF, 0xFF, 0x80, 0xFF, 0xFF, 0x01, 0xFF,
    0xEF, 0x03, 0xFE, 0xDF, 0x0F, 0xFC, 0xBF, 0x1F, 0xF8, 0x7F, 0x7E, 0xF0, 0xFF, 0xFC, 0xE0, 0xFF,
    0xF1, 0xC1, 0xFF, 0xE3, 0x87, 0xFF, 0xC7, 0x0F, 0xFF, 0x0F, 0x1F, 0xFE, 0x1F, 0x7E, 0xFC, 0x3F,
    0xFC, 0xF8, 0x7F, 0xF0, 0xF3, 0xFF, 0xE0, 0xE7, 0xFF, 0xC1, 0xCF, 0xFF, 0x03, 0xBF, 0xFF, 0x07,
    0x7E, 0xFF, 0x0F, 0xF8, 0xFE, 0x1F, 0xF0, 0xFF, 0x3F, 0xE0, 0xFF, 0x7F, 0x80, 0xFF, 0xFF, 0x00,
    0xFF, 0xFF, 0x01, 0xFE, 0xFF, 0x03, 0xF8, 0xFF, 0x07, 0xF0, 0xFF, 0x0F, 0xE0, 0xFF, 0x1F, 0x80,
    0xFF, 0x3F, 0x00, 0xFF, 0x7F, 0x00, 0xFC, 0xFF, 0x00, 0xF8, 0xFF, 0x01, 0xF0, 0xFF, 0x03, 0xC0,
    0xFF, 0x07, 0x80, 0x3F, 0x00, 0x04, 0x1B, 0x3C, 0x1C, 0xE0, 0x03, 0x1F, 0x00, 0x1F, 0xF8, 0x00,
    0xF8, 0xC0, 0x07, 0xC0, 0x0F, 0x3F, 0x00, 0x7C, 0xF8, 0x00, 0xC0, 0xFF, 0x07, 0x00, 0xFE, 0x1F,
    0x00, 0xE0, 0x7F, 0x00, 0x00, 0xFC, 0x00, 0x00, 0x00, 0x00, 0x00, 0x00, 0x00, 0x00, 0x00, 0x00,
    0x00, 0x00, 0x00, 0x00, 0x00, 0x00, 0x00, 0x00, 0xFC, 0x01, 0xC0, 0xDF, 0x0F, 0x00, 0x7E, 0x7E,
    0x00, 0xF8, 0xF3, 0x07, 0xC0, 0x9F, 0x3F, 0x00, 0x7E, 0xF8, 0x01, 0xF8, 0xC3, 0x1F, 0xC0, 0x1F,
    0xFE, 0x00, 0x7E, 0xE0, 0x07, 0xF8, 0x03, 0x3F, 0xC0, 0x1F, 0xF8, 0x03, 0x7E, 0x80, 0x1F, 0xF8,
    0x03, 0xFC, 0xC0, 0x1F, 0xE0, 0x0F, 0x7E, 0x00, 0x7E, 0xF8, 0x03, 0xF0, 0xC3, 0x1F, 0x80, 0x1F,
    0x7E, 0x00, 0xF8, 0xF9, 0x03, 0xC0, 0xCF, 0x1F, 0x00, 0x7E, 0x7E, 0x00, 0xF0, 0xFF, 0x03, 0x00,
    0xFF, 0x1F, 0x00, 0xF8, 0x7F, 0x00, 0xC0, 0xFF, 0x03, 0x00, 0xFC, 0x1F, 0x00, 0xE0, 0x7F, 0x00,
    0x00, 0xFF, 0x03, 0x00, 0xF0, 0x1F, 0x00, 0x80, 0x7F, 0x00, 0x00, 0xFC, 0x03, 0x00, 0xC0, 0x1F,
    0x00, 0x00, 0x7E, 0x00, 0x00, 0xF0, 0x03, 0x00, 0x80, 0x1F, 0x00, 0x00, 0xF8, 0x01, 0x00, 0xC0,
    0x0F, 0x00, 0x00, 0x7E, 0x00, 0x00, 0xE0, 0x07, 0x02, 0x00, 0x7F, 0x1C, 0x00, 0xF8, 0xFF, 0x00,
    0x80, 0xFF, 0x07, 0x00, 0xFC, 0x7F, 0x00, 0xC0, 0xFF, 0x03, 0x00, 0xFE, 0x1F, 0x00, 0xE0, 0xFF,
    0x00, 0x00, 0xFC, 0x00, 0x03, 0x12, 0x18, 0x35, 0x1E, 0x3F, 0x00, 0xFC, 0x3F, 0x00, 0xFC, 0x3F,
    0x00, 0xFC, 0x3F, 0x00, 0xFC, 0x3F, 0x00, 0xFC, 0x3F, 0x00, 0xFC, 0x3F, 0x00, 0xFC, 0x3F, 0x00,
    0xFC, 0x3F, 0x00, 0xFC, 0x3F, 0x00, 0xFC, 0x3F, 0x00, 0xFC, 0x3F, 0x00, 0xFC, 0x3F, 0x00, 0xFC,
    0x3F, 0x00, 0xFC, 0x3F, 0x00, 0xFC, 0x3F, 0x00, 0xFC, 0x3F, 0x00, 0xFC, 0x3F, 0x00, 0xFC, 0x3F,
    0x00, 0xFC, 0x3F, 0x00, 0xFC, 0x3F, 0x00, 0xFC, 0x3F, 0x00, 0xFC, 0x3F, 0x00, 0xFC, 0x3F, 0x00,
    0xFC, 0x3F, 0x00, 0xFC, 0x3F, 0x00, 0xFC, 0x3F, 0x00, 0xFC, 0x3F, 0x00, 0xFC, 0x3F, 0x00, 0xFC,
    0x3F, 0x00, 0xFC, 0x3F, 0x00, 0xFC, 0x3F, 0x00, 0xFC, 0x3F, 0x00, 0xFC, 0x3F, 0x00, 0xFC, 0x3F,
    0x00, 0xFC, 0x3F, 0x00, 0xFC, 0x3F, 0x00, 0xFC, 0xFF, 0xFF, 0xFF, 0xFF, 0xFF, 0xFF, 0xFF, 0xFF,
    0xFF, 0xFF, 0xFF, 0xFF, 0xFF, 0xFF, 0xFF, 0xFF, 0xFF, 0xFF, 0xFF, 0xFF, 0xFF, 0xFF, 0xFF, 0xFF,
    0x00, 0x7E, 0x00, 0x00, 0x7E, 0x00, 0x00, 0x7E, 0x00, 0x00, 0x7E, 0x00, 0x00, 0x7E, 0x00, 0x00,
    0x7E, 0x00, 0x00, 0x7E, 0x00, 0x00, 0x7E, 0x00, 0x00, 0x12, 0x1D, 0x2D, 0x1E, 0x00, 0xF8, 0x07,
    0x00, 0x80, 0xFF, 0x00, 0x00, 0xF0, 0x3F, 0x00, 0x00, 0xFE, 0x07, 0x00, 0xC0, 0xFF, 0x00, 0x00,
    0xFC, 0x1F, 0x00, 0x80, 0xFF, 0x07, 0x00, 0xF0, 0xFF, 0x00, 0x00, 0xFE, 0x1F, 0x00, 0xE0, 0xFF,
    0x03, 0x00, 0xFC, 0x7F, 0x00, 0x80, 0xDF, 0x1F, 0x00, 0xF0, 0xF3, 0x03, 0x00, 0x7E, 0x7E, 0x00,
    0xE0, 0xCF, 0x0F, 0x00, 0xFC, 0xF9, 0x03, 0x80, 0x1F, 0x7F, 0x00, 0xF0, 0xC3, 0x0F, 0x00, 0x7F,
    0xF8, 0x01, 0xE0, 0x0F, 0x7F, 0x00, 0xFC, 0xE0, 0x0F, 0x80, 0x1F, 0xF8, 0x01, 0xF8, 0x03, 0x3F,
    0x00, 0x7F, 0xE0, 0x07, 0xE0, 0x07, 0xFC, 0x01, 0xFC, 0x80, 0x3F, 0xC0, 0x1F, 0xE0, 0x07, 0xF8,
    0x03, 0xFC, 0x00, 0xFF, 0xFF, 0x3F, 0xE0, 0xFF, 0xFF, 0x07, 0xFC, 0xFF, 0xFF, 0xC0, 0xFF, 0xFF,
    0x1F, 0xF8, 0xFF, 0xFF, 0x07, 0xFF, 0xFF, 0xFF, 0xE0, 0xFF, 0xFF, 0x1F, 0xFE, 0xFF, 0xFF, 0xC3,
    0x1F, 0x00, 0x7E, 0xF8, 0x03, 0xC0, 0x1F, 0x3F, 0x00, 0xF0, 0xF3, 0x07, 0x00, 0x7E, 0xFE, 0x00,
    0xC0, 0xCF, 0x1F, 0x00, 0xF8, 0xFB, 0x01, 0x00, 0x7F, 0x3F, 0x00, 0xC0, 0xFF, 0x07, 0x00, 0xF8,
    0x01, 0x03, 0x12, 0x18, 0x2D, 0x1D, 0xFC, 0xFF, 0xFF, 0xFC, 0xFF, 0xFF, 0xFC, 0xFF, 0xFF, 0xFC,
    0xFF, 0xFF, 0xFC, 0xFF, 0xFF, 0xFC, 0xFF, 0xFF, 0xFC, 0xFF, 0xFF, 0x00, 0x00, 0xFC, 0x00, 0x00,
    0xFC, 0x00, 0x00, 0xFC, 0x00, 0x00, 0xFC, 0x00, 0x00, 0xFC, 0x00, 0x00, 0xFC, 0x00, 0x00, 0xFC,
    0x00, 0x00, 0xFC, 0x00, 0x00, 0xFC, 0x00, 0x00, 0xFC, 0x00, 0x00, 0xFC, 0x00, 0xFE, 0xFF, 0xC0,
    0xFF, 0xFF, 0xF0, 0xFF, 0xFF, 0xF8, 0xFF, 0xFF, 0xF8, 0xFF, 0xFF, 0xFC, 0xFF, 0xFF, 0xFE, 0xFF,
    0xFF, 0xFE, 0x01, 0xFC, 0xFE, 0x00, 0xFC, 0x7F, 0x00, 0xFC, 0x3F, 0x00, 0xFC, 0x3F, 0x00, 0xFC,
    0x3F, 0x00, 0xFC, 0x3F, 0x00, 0xFC, 0x3F, 0x00, 0xFC, 0x3F, 0x00, 0xFC, 0x3F, 0x00, 0xFC, 0x7F,
    0x00, 0xFC, 0xFF, 0x00, 0xFC, 0xFE, 0x03, 0xFC, 0xFE, 0xFF, 0xFF, 0xFC, 0xFF, 0xFF, 0xFC, 0xFF,
    0xFF, 0xF8, 0xFF, 0xFF, 0xF0, 0xFF, 0xFF, 0xC0, 0xFF, 0xFF, 0x00, 0xFF, 0xFF, 0x03, 0x12, 0x18,
    0x2D, 0x1D, 0x00, 0xFF, 0xFF, 0xC0, 0xFF, 0xFF, 0xE0, 0xFF, 0xFF, 0xF0, 0xFF, 0xFF, 0xF8, 0xFF,
    0xFF, 0xF8, 0xFF, 0xFF, 0xFC, 0xFF, 0xFF, 0xFC, 0xFF, 0xFF, 0xFC, 0x03, 0xFC, 0xFC, 0x01, 0xFC,
    0xFC, 0x00, 0xFC, 0xFC, 0x00, 0xFC, 0xFC, 0x00, 0xFC, 0xFC, 0x00, 0xFC, 0xFC, 0x00, 0xFC, 0xF8,
    0x01, 0xFC, 0xF8, 0x01, 0xFC, 0xF0, 0x07, 0xFC, 0xF0, 0xFF, 0xFF, 0xE0, 0xFF, 0xFF, 0x80, 0xFF,
    0xFF, 0xC0, 0xFF, 0xFF, 0xF0, 0xFF, 0xFF, 0xF8, 0xFF, 0xFF, 0xFC, 0xFF, 0xFF, 0xFE, 0xFF, 0xFF,
    0xFE, 0x01, 0xFC, 0x7E, 0x00, 0xFC, 0x7F, 0x00, 0xFC, 0x3F, 0x00, 0xFC, 0x3F, 0x00, 0xFC, 0x3F,
    0x00, 0xFC, 0x3F, 0x00, 0xFC, 0x3F, 0x00, 0xFC, 0x7F, 0x00, 0xFC, 0x7F, 0x00, 0xFC, 0xFF, 0x01,
    0xFC, 0xFE, 0xFF, 0xFF, 0xFE, 0xFF, 0xFF, 0xFC, 0xFF, 0xFF, 0xFC, 0xFF, 0xFF, 0xF8, 0xFF, 0xFF,
    0xF0, 0xFF, 0xFF, 0xE0, 0xFF, 0xFF, 0x00, 0xFF, 0xFF, 0x03, 0x13, 0x15, 0x2D, 0x18, 0xFF, 0xFF,
    0xFF, 0xFF, 0xFF, 0xFF, 0xFF, 0xFF, 0xFF, 0xFF, 0xFF, 0xFF, 0xFF, 0xFF, 0xFF, 0xFF, 0xFF, 0xFF,
    0x07, 0x00, 0xFC, 0x00, 0x80, 0x1F, 0x00, 0xF0, 0x03, 0x00, 0x7E, 0x00, 0xC0, 0x0F, 0x00, 0xF8,
    0x01, 0x00, 0x3F, 0x00, 0xE0, 0x07, 0x00, 0xFC, 0x00, 0x80, 0x1F, 0x00, 0xF0, 0x03, 0x00, 0x7E,
    0x00, 0xC0, 0x0F, 0x00, 0xF8, 0x01, 0x00, 0x3F, 0x00, 0xE0, 0x07, 0x00, 0xFC, 0x00, 0x80, 0x1F,
    0x00, 0xF0, 0x03, 0x00, 0x7E, 0x00, 0xC0, 0x0F, 0x00, 0xF8, 0x01, 0x00, 0x3F, 0x00, 0xE0, 0x07,
    0x00, 0xFC, 0x00, 0x80, 0x1F, 0x00, 0xF0, 0x03, 0x00, 0x7E, 0x00, 0xC0, 0x0F, 0x00, 0xF8, 0x01,
    0x00, 0x3F, 0x00, 0xE0, 0x07, 0x00, 0xFC, 0x00, 0x80, 0x1F, 0x00, 0xF0, 0x03, 0x00, 0x7E, 0x00,
    0xC0, 0x0F, 0x00, 0xF8, 0x01, 0x01, 0x12, 0x1E, 0x35, 0x20, 0xF0, 0xFF, 0x7F, 0x00, 0xFC, 0xFF,
    0x1F, 0x00, 0xFF, 0xFF, 0x07, 0xC0, 0xFF, 0xFF, 0x01, 0xF0, 0xFF, 0x7F, 0x00, 0xFC, 0xFF, 0x1F,
    0x00, 0xFF, 0xFF, 0x07, 0xC0, 0x0F, 0xF8, 0x01, 0xF0, 0x03, 0x7E, 0x00, 0xFC, 0x80, 0x1F, 0x00,
    0x3F, 0xE0, 0x07, 0xC0, 0x0F, 0xF8, 0x01, 0xF0, 0x03, 0x7E, 0x00, 0xFC, 0x80, 0x1F, 0x00, 0x3F,
    0xE0, 0x0F, 0xC0, 0x0F, 0xF8, 0x03, 0xF0, 0x03, 0xFE, 0x00, 0xFC, 0x80, 0x3F, 0x00, 0x3F, 0xC0,
    0x0F, 0xC0, 0x0F, 0xF0, 0x03, 0xF0, 0x03, 0xFC, 0x00, 0xFC, 0x00, 0x3F, 0x00, 0x3F, 0xC0, 0x0F,
    0xC0, 0x0F, 0xF0, 0x03, 0xF0, 0x03, 0xFC, 0x01, 0xFC, 0x00, 0x7F, 0x00, 0x3F, 0x80, 0x1F, 0xC0,
    0x0F, 0xE0, 0x07, 0xF0, 0x03, 0xF8, 0x01, 0xFC, 0x00, 0x7E, 0x00, 0x3F, 0x80, 0x3F, 0xC0, 0x0F,
    0xC0, 0x0F, 0xF0, 0x03, 0xF0, 0x03, 0xFC, 0x00, 0xFC, 0x00, 0x3F, 0x00, 0x3F, 0xC0, 0x0F, 0x80,
    0x1F, 0xF0, 0x03, 0xE0, 0x07, 0xFC, 0x00, 0xF8, 0xF1, 0xFF, 0xFF, 0xFF, 0xFF, 0xFF, 0xFF, 0xFF,
    0xFF, 0xFF, 0xFF, 0xFF, 0xFF, 0xFF, 0xFF, 0xFF, 0xFF, 0xFF, 0xFF, 0xFF, 0xFF, 0xFF, 0xFF, 0xFF,
    0xFF, 0xFF, 0xFF, 0x0F, 0x00, 0xC0, 0xFF, 0x03, 0x00, 0xF0, 0xFF, 0x00, 0x00, 0xFC, 0x3F, 0x00,
    0x00, 0xFF, 0x0F, 0x00, 0xC0, 0xFF, 0x03, 0x00, 0xF0, 0xFF, 0x00, 0x00, 0xFC, 0x3F, 0x00, 0x00,
    0x3F, 0x03, 0x12, 0x15, 0x2D, 0x1A, 0xFF, 0xFF, 0xFF, 0xFF, 0xFF, 0xFF, 0xFF, 0xFF, 0xFF, 0xFF,
    0xFF, 0xFF, 0xFF, 0xFF, 0xFF, 0xFF, 0xFF, 0xFF, 0xFF, 0xFF, 0xFF, 0x00, 0x80, 0x1F, 0x00, 0xF0,
    0x03, 0x00, 0x7E, 0x00, 0xC0, 0x0F, 0x00, 0xF8, 0x01, 0x00, 0x3F, 0x00, 0xE0, 0x07, 0x00, 0xFC,
    0x00, 0x80, 0x1F, 0x00, 0xF0, 0xF3, 0xFF, 0x7F, 0xFE, 0xFF, 0xCF, 0xFF, 0xFF, 0xF9, 0xFF, 0x3F,
    0xFF, 0xFF, 0xE7, 0xFF, 0xFF, 0xFC, 0xFF, 0x9F, 0xFF, 0xFF, 0x03, 0x00, 0x7E, 0x00, 0xC0, 0x0F,
    0x00, 0xF8, 0x01, 0x00, 0x3F, 0x00, 0xE0, 0x07, 0x00, 0xFC, 0x00, 0x80, 0x1F, 0x00, 0xF0, 0x03,
    0x00, 0x7E, 0x00, 0xC0, 0x0F, 0x00, 0xF8, 0xFF, 0xFF, 0xFF, 0xFF, 0xFF, 0xFF, 0xFF, 0xFF, 0xFF,
    0xFF, 0xFF, 0xFF, 0xFF, 0xFF, 0xFF, 0xFF, 0xFF, 0xFF, 0xFF, 0xFF, 0xFF, 0x01, 0x01, 0x12, 0x26,
    0x2D, 0x2A, 0x7E, 0x00, 0x3F, 0xC0, 0x9F, 0x3F, 0xC0, 0x0F, 0xF0, 0xE7, 0x0F, 0xF0, 0x03, 0xFC,
    0xF9, 0x03, 0xFC, 0x00, 0x7F, 0xFC, 0x00, 0x3F, 0xC0, 0x0F, 0x3F, 0xC0, 0x0F, 0xF0, 0xC3, 0x0F,
    0xF0, 0x03, 0xFE, 0xF0, 0x07, 0xFC, 0x80, 0x3F, 0xFC, 0x01, 0x3F, 0xE0, 0x0F, 0x7E, 0xC0, 0x0F,
    0xF8, 0x83, 0x1F, 0xF0, 0x03, 0x7E, 0xE0, 0x0F, 0xFC, 0xC0, 0x1F, 0xF8, 0x03, 0x3F, 0xF0, 0x07,
    0xFC, 0xC0, 0x0F, 0xFC, 0x01, 0x3F, 0xF0, 0x03, 0x3F, 0xC0, 0x1F, 0xFC, 0xE0, 0x0F, 0xF0, 0x07,
    0x3F, 0xF8, 0x03, 0xF8, 0xC3, 0x0F, 0x7F, 0x00, 0xFE, 0xF0, 0xE3, 0x1F, 0x00, 0xFF, 0xFF, 0xFF,
    0x03, 0xC0, 0xFF, 0xFF, 0xFF, 0x00, 0xE0, 0xFF, 0xFF, 0x1F, 0x00, 0xF8, 0xFF, 0xFF, 0x07, 0x00,
    0xFF, 0xFF, 0xFF, 0x03, 0xC0, 0xFF, 0xFF, 0xFF, 0x01, 0xF8, 0xFF, 0xFF, 0x7F, 0x00, 0xFF, 0xF0,
    0xC3, 0x3F, 0xC0, 0x1F, 0xFC, 0xE0, 0x0F, 0xF0, 0x03, 0x3F, 0xF8, 0x07, 0xFE, 0xC0, 0x0F, 0xFC,
    0x81, 0x3F, 0xF0, 0x03, 0x7F, 0xE0, 0x07, 0xFC, 0x80, 0x3F, 0xFC, 0x01, 0x3F, 0xE0, 0x0F, 0x7F,
    0xC0, 0x0F, 0xF8, 0xC3, 0x1F, 0xF0, 0x03, 0xFE, 0xF0, 0x03, 0xFC, 0x00, 0x3F, 0xFE, 0x00, 0x3F,
    0xC0, 0x9F, 0x3F, 0xC0, 0x0F, 0xF0, 0xE7, 0x0F, 0xF0, 0x03, 0xFC, 0xF9, 0x03, 0xFC, 0x00, 0x7E,
    0x7E, 0x00, 0x3F, 0x80, 0xDF, 0x1F, 0xC0, 0x0F, 0xE0, 0xFF, 0x07, 0xF0, 0x03, 0xF8, 0xFF, 0x01,
    0xFC, 0x00, 0xFE, 0x3F, 0x00, 0x3F, 0x80, 0x3F, 0x00, 0x11, 0x19, 0x2F, 0x1B, 0x00, 0xFF, 0x00,
    0xC0, 0xFF, 0x0F, 0xC0, 0xFF, 0x7F, 0xC0, 0xFF, 0xFF, 0xC1, 0xFF, 0xFF, 0x87, 0xFF, 0xFF, 0x8F,
    0xFF, 0xFF, 0x0F, 0xFF, 0xC1, 0x1F, 0xFF, 0x01, 0x1E, 0xFE, 0x01, 0x30, 0xFC, 0x01, 0x40, 0xF8,
    0x03, 0x00, 0xF0, 0x07, 0x00, 0xE0, 0x0F, 0x00, 0xC0, 0x1F, 0x00, 0x80, 0x3F, 0x00, 0x00, 0xFF,
    0x00, 0x00, 0xFC, 0x01, 0x00, 0xF8, 0x07, 0x00, 0xE0, 0xFF, 0x1F, 0xC0, 0xFF, 0x3F, 0x00, 0xFF,
    0x7F, 0x00, 0xFC, 0xFF, 0x00, 0xFC, 0xFF, 0x01, 0xF8, 0xFF, 0x03, 0xF8, 0xFF, 0x07, 0xF8, 0x07,
    0x00, 0xF0, 0x03, 0x00, 0xE0, 0x07, 0x00, 0xE0, 0x07, 0x00, 0xC0, 0x0F, 0x00, 0x80, 0x1F, 0x00,
    0x00, 0x3F, 0x00, 0x00, 0x7E, 0x00, 0x10, 0xFC, 0x00, 0x60, 0xF8, 0x01, 0xE0, 0xF1, 0x07, 0xC0,
    0xE7, 0x0F, 0xC0, 0x9F, 0x3F, 0xC0, 0x3F, 0xFF, 0xE1, 0x7F, 0xFE, 0xFF, 0x7F, 0xF8, 0xFF, 0xFF,
    0xF0, 0xFF, 0xFF, 0xC0, 0xFF, 0xFF, 0x00, 0xFF, 0xFF, 0x00, 0xF8, 0x7F, 0x00, 0xC0, 0x3F, 0x00,
    0x03, 0x12, 0x19, 0x2D, 0x1F, 0xFF, 0x00, 0xF8, 0xFF, 0x01, 0xF0, 0xFF, 0x03, 0xE0, 0xFF, 0x0F,
    0xC0, 0xFF, 0x1F, 0x80, 0xFF, 0x7F, 0x00, 0xFF, 0xFF, 0x00, 0xFE, 0xFF, 0x01, 0xFC, 0xFF, 0x07,
    0xF8, 0xFF, 0x0F, 0xF0, 0xFF, 0x1F, 0xE0, 0xFF, 0x7F, 0xC0, 0xFF, 0xFF, 0x80, 0xFF, 0xF7, 0x01,
    0xFF, 0xEF, 0x07, 0xFE, 0xDF, 0x0F, 0xFC, 0x3F, 0x3F, 0xF8, 0x7F, 0x7E, 0xF0, 0xFF, 0xF8, 0xE0,
    0xFF, 0xF1, 0xC3, 0xFF, 0xE3, 0x87, 0xFF, 0x87, 0x0F, 0xFF, 0x0F, 0x3F, 0xFE, 0x1F, 0x7E, 0xFC,
    0x3F, 0xF8, 0xF9, 0x7F, 0xF0, 0xF3, 0xFF, 0xE0, 0xE7, 0xFF, 0x81, 0xDF, 0xFF, 0x03, 0xBF, 0xFF,
    0x07, 0x7C, 0xFF, 0x0F, 0xF8, 0xFF, 0x1F, 0xF0, 0xFF, 0x3F, 0xC0, 0xFF, 0x7F, 0x80, 0xFF, 0xFF,
    0x00, 0xFF, 0xFF, 0x01, 0xFC, 0xFF, 0x03, 0xF8, 0xFF, 0x07, 0xF0, 0xFF, 0x0F, 0xC0, 0xFF, 0x1F,
    0x80, 0xFF, 0x3F, 0x00, 0xFE, 0x7F, 0x00, 0xFC, 0xFF, 0x00, 0xF8, 0xFF, 0x01, 0xE0, 0xFF, 0x03,
    0xC0, 0x1F, 0x03, 0x04, 0x19, 0x3B, 0x1F, 0xF0, 0x81, 0x0F, 0xE0, 0x03, 0x1F, 0xC0, 0x07, 0x3E,
    0x80, 0x1F, 0x7E, 0x00, 0x3E, 0x7C, 0x00, 0xFC, 0xFF, 0x00, 0xF0, 0xFF, 0x00, 0xC0, 0xFF, 0x00,
    0x00, 0x7E, 0x00, 0x00, 0x00, 0x00, 0x00, 0x00, 0x00, 0x00, 0x00, 0x00, 0x00, 0x00, 0x00, 0x00,
    0x00, 0x00, 0xC0, 0x3F, 0x00, 0xFE, 0x7F, 0x00, 0xFC, 0xFF, 0x00, 0xF8, 0xFF, 0x03, 0xF0, 0xFF,
    0x07, 0xE0, 0xFF, 0x1F, 0xC0, 0xFF, 0x3F, 0x80, 0xFF, 0x7F, 0x00, 0xFF, 0xFF, 0x01, 0xFE, 0xFF,
    0x03, 0xFC, 0xFF, 0x07, 0xF8, 0xFF, 0x1F, 0xF0, 0xFF, 0x3F, 0xE0, 0xFF, 0x7D, 0xC0, 0xFF, 0xFB,
    0x81, 0xFF, 0xF7, 0x03, 0xFF, 0xCF, 0x0F, 0xFE, 0x9F, 0x1F, 0xFC, 0x3F, 0x3F, 0xF8, 0x7F, 0xFC,
    0xF0, 0xFF, 0xF8, 0xE1, 0xFF, 0xE1, 0xC3, 0xFF, 0xC3, 0x8F, 0xFF, 0x87, 0x1F, 0xFF, 0x0F, 0x7E,
    0xFE, 0x1F, 0xFC, 0xFC, 0x3F, 0xF8, 0xF9, 0x7F, 0xE0, 0xF7, 0xFF, 0xC0, 0xEF, 0xFF, 0x81, 0xDF,
    0xFF, 0x03, 0xFE, 0xFF, 0x07, 0xFC, 0xFF, 0x0F, 0xF0, 0xFF, 0x1F, 0xE0, 0xFF, 0x3F, 0xC0, 0xFF,
    0x7F, 0x00, 0xFF, 0xFF, 0x00, 0xFE, 0xFF, 0x01, 0xFC, 0xFF, 0x03, 0xF0, 0xFF, 0x07, 0xE0, 0xFF,
    0x0F, 0xC0, 0xFF, 0x1F, 0x00, 0xFF, 0x3F, 0x00, 0xFE, 0x7F, 0x00, 0xFC, 0xFF, 0x00, 0xF0, 0x07,
    0x03, 0x12, 0x18, 0x2D, 0x1C, 0xFE, 0x00, 0xFC, 0xFC, 0x00, 0xFC, 0xFC, 0x00, 0xFC, 0xFC, 0x01,
    0xFC, 0xFC, 0x01, 0xFC, 0xFC, 0x01, 0xFC, 0xFC, 0x01, 0xFC, 0xF8, 0x01, 0xFC, 0xF8, 0x03, 0xFC,
    0xF8, 0x03, 0xFC, 0xF8, 0x03, 0xFC, 0xF0, 0x03, 0xFC, 0xF0, 0x03, 0xFC, 0xF0, 0x07, 0xFC, 0xF0,
    0x07, 0xFC, 0xE0, 0x07, 0xFC, 0xE0, 0x0F, 0xFC, 0xE0, 0x0F, 0xFC, 0xC0, 0x1F, 0xFC, 0xC0, 0xFF,
    0xFF, 0x80, 0xFF, 0xFF, 0x00, 0xFF, 0xFF, 0x00, 0xFF, 0xFF, 0x80, 0xFF, 0xFF, 0xC0, 0xFF, 0xFF,
    0xE0, 0xFF, 0xFF, 0xE0, 0x1F, 0xFC, 0xE0, 0x0F, 0xFC, 0xF0, 0x07, 0xFC, 0xF0, 0x07, 0xFC, 0xF0,
    0x03, 0xFC, 0xF8, 0x03, 0xFC, 0xF8, 0x03, 0xFC, 0xF8, 0x01, 0xFC, 0xFC, 0x01, 0xFC, 0xFC, 0x01,
    0xFC, 0xFC, 0x01, 0xFC, 0xFC, 0x00, 0xFC, 0xFC, 0x00, 0xFC, 0xFE, 0x00, 0xFC, 0xFE, 0x00, 0xFC,
    0xFE, 0x00, 0xFC, 0x7E, 0x00, 0xFC, 0x7E, 0x00, 0xFC, 0x7F, 0x00, 0xFC, 0x00, 0x12, 0x1C, 0x2E,
    0x20, 0xFF, 0xFF, 0x07, 0xF0, 0xFF, 0x7F, 0x00, 0xFF, 0xFF, 0x07, 0xF0, 0xFF, 0x7F, 0x00, 0xFF,
    0xFF, 0x07, 0xF0, 0xFF, 0x7F, 0x00, 0xFF, 0xFF, 0x07, 0xF0, 0x01, 0x7E, 0x00, 0x1F, 0xE0, 0x07,
    0xF0, 0x01, 0x7E, 0x00, 0x1F, 0xE0, 0x07, 0xF0, 0x01, 0x7E, 0x00, 0x1F, 0xE0, 0x07, 0xF0, 0x01,
    0x7E, 0x00, 0x1F, 0xE0, 0x07, 0xF0, 0x01, 0x7E, 0x00, 0x1F, 0xE0, 0x07, 0xF0, 0x01, 0x7E, 0x00,
    0x1F, 0xE0, 0x07, 0xF0, 0x01, 0x7E, 0x00, 0x1F, 0xE0, 0x07, 0xF0, 0x01, 0x7E, 0x00, 0x1F, 0xE0,
    0x07, 0xF0, 0x01, 0x7E, 0x00, 0x1F, 0xE0, 0x07, 0xF0, 0x01, 0x7E, 0x00, 0x1F, 0xC0, 0x0F, 0xF0,
    0x01, 0xFC, 0x00, 0x1F, 0xC0, 0x0F, 0xF0, 0x01, 0xFC, 0x00, 0x1F, 0xC0, 0x0F, 0xF0, 0x01, 0xFC,
    0x00, 0x1F, 0xC0, 0x0F, 0xF0, 0x01, 0xFC, 0x00, 0x1F, 0x80, 0x1F, 0xF0, 0x01, 0xF8, 0x01, 0x1F,
    0x80, 0x1F, 0xF0, 0x01, 0xF8, 0x23, 0x1F, 0x00, 0xFF, 0xF3, 0x01, 0xF0, 0x7F, 0x1F, 0x00, 0xFF,
    0xF7, 0x01, 0xE0, 0x7F, 0x1F, 0x00, 0xFE, 0xFF, 0x01, 0xC0, 0xFF, 0x1F, 0x00, 0xF8, 0x07, 0x00,
    0x00, 0x1F, 0x03, 0x12, 0x1F, 0x2D, 0x25, 0x7F, 0x00, 0x00, 0xFF, 0x7F, 0x00, 0xC0, 0xFF, 0x3F,
    0x00, 0xE0, 0xFF, 0x1F, 0x00, 0xF8, 0xFF, 0x1F, 0x00, 0xFC, 0xFF, 0x0F, 0x00, 0xFE, 0xFF, 0x0F,
    0x80, 0xFF, 0xFF, 0x07, 0xC0, 0xFF, 0xFF, 0x03, 0xF0, 0xFF, 0xFF, 0x03, 0xF8, 0xFF, 0xFF, 0x01,
    0xFC, 0xFF, 0xFF, 0x01, 0xFF, 0xFF, 0xFF, 0x80, 0xFF, 0xFF, 0x7F, 0xE0, 0xFF, 0xFF, 0x7F, 0xF0,
    0xFF, 0xFF, 0x3F, 0xF8, 0xFF, 0xBF, 0x3F, 0xFE, 0xFE, 0xDF, 0x1F, 0x7F, 0xFF, 0xCF, 0x8F, 0x9F,
    0xFF, 0xE7, 0xEF, 0xCF, 0xFF, 0xF3, 0xF7, 0xE7, 0xFF, 0xF1, 0xFF, 0xF1, 0xFF, 0xF8, 0xFF, 0xF8,
    0x7F, 0xF8, 0x3F, 0xFC, 0x3F, 0xFC, 0x1F, 0xFE, 0x1F, 0xFE, 0x0F, 0xFF, 0x0F, 0xFE, 0x83, 0xFF,
    0x07, 0xFF, 0xC1, 0xFF, 0x03, 0x7F, 0xE0, 0xFF, 0x81, 0x3F, 0xF0, 0xFF, 0xC0, 0x1F, 0xF8, 0x7F,
    0xC0, 0x07, 0xFC, 0x3F, 0xE0, 0x03, 0xFE, 0x1F, 0xE0, 0x00, 0xFF, 0x0F, 0x00, 0x80, 0xFF, 0x07,
    0x00, 0xC0, 0xFF, 0x03, 0x00, 0xE0, 0xFF, 0x01, 0x00, 0xF0, 0xFF, 0x00, 0x00, 0xF8, 0x7F, 0x00,
    0x00, 0xFC, 0x3F, 0x00, 0x00, 0xFE, 0x1F, 0x00, 0x00, 0xFF, 0x0F, 0x00, 0x80, 0xFF, 0x07, 0x00,
    0xC0, 0xFF, 0x03, 0x00, 0xE0, 0x07, 0x03, 0x12, 0x19, 0x2D, 0x1F, 0x3F, 0x00, 0xF8, 0x7F, 0x00,
    0xF0, 0xFF, 0x00, 0xE0, 0xFF, 0x01, 0xC0, 0xFF, 0x03, 0x80, 0xFF, 0x07, 0x00, 0xFF, 0x0F, 0x00,
    0xFE, 0x1F, 0x00, 0xFC, 0x3F, 0x00, 0xF8, 0x7F, 0x00, 0xF0, 0xFF, 0x00, 0xE0, 0xFF, 0x01, 0xC0,
    0xFF, 0x03, 0x80, 0xFF, 0x07, 0x00, 0xFF, 0x0F, 0x00, 0xFE, 0x1F, 0x00, 0xFC, 0x3F, 0x00, 0xF8,
    0x7F, 0x00, 0xF0, 0xFF, 0xFF, 0xFF, 0xFF, 0xFF, 0xFF, 0xFF, 0xFF, 0xFF, 0xFF, 0xFF, 0xFF, 0xFF,
    0xFF, 0xFF, 0xFF, 0xFF, 0xFF, 0xFF, 0xFF, 0xFF, 0xFF, 0xFF, 0xFF, 0xFF, 0xFF, 0x00, 0xE0, 0xFF,
    0x01, 0xC0, 0xFF, 0x03, 0x80, 0xFF, 0x07, 0x00, 0xFF, 0x0F, 0x00, 0xFE, 0x1F, 0x00, 0xFC, 0x3F,
    0x00, 0xF8, 0x7F, 0x00, 0xF0, 0xFF, 0x00, 0xE0, 0xFF, 0x01, 0xC0, 0xFF, 0x03, 0x80, 0xFF, 0x07,
    0x00, 0xFF, 0x0F, 0x00, 0xFE, 0x1F, 0x00, 0xFC, 0x3F, 0x00, 0xF8, 0x7F, 0x00, 0xF0, 0xFF, 0x00,
    0xE0, 0xFF, 0x01, 0xC0, 0xFF, 0x03, 0x80, 0x1F, 0x02, 0x11, 0x1B, 0x2F, 0x1F, 0x00, 0xFC, 0x01,
    0x00, 0xF8, 0x3F, 0x00, 0xF0, 0xFF, 0x07, 0xC0, 0xFF, 0x7F, 0x00, 0xFF, 0xFF, 0x07, 0xF8, 0xFF,
    0x3F, 0xE0, 0xFF, 0xFF, 0x03, 0xFF, 0xFF, 0x1F, 0xFC, 0x07, 0xFF, 0xE1, 0x0F, 0xE0, 0x8F, 0x3F,
    0x00, 0xFE, 0xFC, 0x01, 0xF0, 0xE7, 0x07, 0x00, 0x3F, 0x3F, 0x00, 0xF8, 0xF9, 0x01, 0xC0, 0xEF,
    0x0F, 0x00, 0xFE, 0x3F, 0x00, 0xE0, 0xFF, 0x01, 0x00, 0xFF, 0x0F, 0x00, 0xF8, 0x7F, 0x00, 0xC0,
    0xFF, 0x03, 0x00, 0xFE, 0x1F, 0x00, 0xF0, 0xFF, 0x00, 0x80, 0xFF, 0x07, 0x00, 0xFC, 0x3F, 0x00,
    0xE0, 0xFF, 0x01, 0x00, 0xFF, 0x0F, 0x00, 0xF8, 0x7F, 0x00, 0xC0, 0xFF, 0x03, 0x00, 0xFE, 0x1F,
    0x00, 0xF0, 0xFF, 0x00, 0x80, 0xDF, 0x0F, 0x00, 0xFE, 0x7E, 0x00, 0xF0, 0xF3, 0x03, 0x80, 0x9F,
    0x1F, 0x00, 0xFC, 0xFC, 0x01, 0xF0, 0xC7, 0x0F, 0x80, 0x1F, 0xFE, 0x00, 0xFE, 0xF0, 0x1F, 0xFC,
    0x07, 0xFF, 0xFF, 0x1F, 0xF8, 0xFF, 0xFF, 0x80, 0xFF, 0xFF, 0x03, 0xFC, 0xFF, 0x1F, 0xC0, 0xFF,
    0x7F, 0x00, 0xFC, 0xFF, 0x01, 0x80, 0xFF, 0x03, 0x00, 0xF0, 0x07, 0x00, 0x03, 0x12, 0x19, 0x2E,
    0x1F, 0xFF, 0xFF, 0xFF, 0xFF, 0xFF, 0xFF, 0xFF, 0xFF, 0xFF, 0xFF, 0xFF, 0xFF, 0xFF, 0xFF, 0xFF,
    0xFF, 0xFF, 0xFF, 0xFF, 0xFF, 0xFF, 0xFF, 0xFF, 0xFF, 0xFF, 0x3F, 0x00, 0xF8, 0x7F, 0x00, 0xF0,
    0xFF, 0x00, 0xE0, 0xFF, 0x01, 0xC0, 0xFF, 0x03, 0x80, 0xFF, 0x07, 0x00, 0xFF, 0x0F, 0x00, 0xFE,
    0x1F, 0x00, 0xFC, 0x3F, 0x00, 0xF8, 0x7F, 0x00, 0xF0, 0xFF, 0x00, 0xE0, 0xFF, 0x01, 0xC0, 0xFF,
    0x03, 0x80, 0xFF, 0x07, 0x00, 0xFF, 0x0F, 0x00, 0xFE, 0x1F, 0x00, 0xFC, 0x3F, 0x00, 0xF8, 0x7F,
    0x00, 0xF0, 0xFF, 0x00, 0xE0, 0xFF, 0x01, 0xC0, 0xFF, 0x03, 0x80, 0xFF, 0x07, 0x00, 0xFF, 0x0F,
    0x00, 0xFE, 0x1F, 0x00, 0xFC, 0x3F, 0x00, 0xF8, 0x7F, 0x00, 0xF0, 0xFF, 0x00, 0xE0, 0xFF, 0x01,
    0xC0, 0xFF, 0x03, 0x80, 0xFF, 0x07, 0x00, 0xFF, 0x0F, 0x00, 0xFE, 0x1F, 0x00, 0xFC, 0x3F, 0x00,
    0xF8, 0x7F, 0x00, 0xF0, 0xFF, 0x00, 0xE0, 0xFF, 0x01, 0xC0, 0xFF, 0x03, 0x80, 0xFF, 0x07, 0x00,
    0x3F, 0x03, 0x12, 0x17, 0x2D, 0x1B, 0x80, 0xFF, 0x7F, 0xF0, 0xFF, 0x3F, 0xFC, 0xFF, 0x1F, 0xFF,
    0xFF, 0xCF, 0xFF, 0xFF, 0xE7, 0xFF, 0xFF, 0xFB, 0xFF, 0xFF, 0xFD, 0xFF, 0xFF, 0xFE, 0x03, 0xFE,
    0x7F, 0x00, 0xFF, 0x1F, 0x80, 0xFF, 0x07, 0xC0, 0xFF, 0x03, 0xE0, 0xFF, 0x01, 0xF0, 0xFF, 0x00,
    0xF8, 0x7F, 0x00, 0xFC, 0x3F, 0x00, 0xFE, 0x1F, 0x00, 0xFF, 0x0F, 0x80, 0xFF, 0x0F, 0xC0, 0xFF,
    0x07, 0xE0, 0xF7, 0x07, 0xF0, 0xFB, 0x0F, 0xF8, 0xFD, 0xFF, 0xFF, 0xFE, 0xFF, 0x7F, 0xFE, 0xFF,
    0x3F, 0xFF, 0xFF, 0x1F, 0xFF, 0xFF, 0x0F, 0xFF, 0xFF, 0x07, 0xFF, 0xFF, 0x03, 0xFC, 0xFF, 0x01,
    0x00, 0xFC, 0x00, 0x00, 0x7E, 0x00, 0x00, 0x3F, 0x00, 0x80, 0x1F, 0x00, 0xC0, 0x0F, 0x00, 0xE0,
    0x07, 0x00, 0xF0, 0x03, 0x00, 0xF8, 0x01, 0x00, 0xFC, 0x00, 0x00, 0x7E, 0x00, 0x00, 0x3F, 0x00,
    0x80, 0x1F, 0x00, 0xC0, 0x0F, 0x00, 0xE0, 0x07, 0x02, 0x11, 0x1A, 0x2F, 0x1D, 0x00, 0xFF, 0x00,
    0x00, 0xFF, 0x0F, 0x00, 0xFF, 0xFF, 0x00, 0xFE, 0xFF, 0x07, 0xFC, 0xFF, 0x3F, 0xF0, 0xFF, 0xFF,
    0xE0, 0xFF, 0xFF, 0x87, 0xFF, 0xFF, 0x1F, 0xFE, 0x81, 0xFF, 0xF0, 0x03, 0xFC, 0xC3, 0x07, 0xE0,
    0x0F, 0x0E, 0x00, 0x7F, 0x30, 0x00, 0xFC, 0x01, 0x00, 0xE0, 0x07, 0x00, 0x80, 0x1F, 0x00, 0x00,
    0xFE, 0x00, 0x00, 0xF0, 0x03, 0x00, 0xC0, 0x0F, 0x00, 0x00, 0x3F, 0x00, 0x00, 0xFC, 0x00, 0x00,
    0xF0, 0x03, 0x00, 0xC0, 0x0F, 0x00, 0x00, 0x3F, 0x00, 0x00, 0xFC, 0x00, 0x00, 0xF0, 0x03, 0x00,
    0xC0, 0x0F, 0x00, 0x00, 0x3F, 0x00, 0x00, 0xFC, 0x00, 0x00, 0xF0, 0x03, 0x00, 0xC0, 0x0F, 0x00,
    0x00, 0x3F, 0x00, 0x00, 0xFE, 0x00, 0x00, 0xF8, 0x01, 0x00, 0xE0, 0x07, 0x01, 0xC0, 0x1F, 0x0E,
    0x00, 0x7F, 0x7C, 0x00, 0xFE, 0xF8, 0x03, 0xF8, 0xF3, 0x1F, 0xF8, 0xCF, 0xFF, 0xFF, 0x1F, 0xFE,
    0xFF, 0x7F, 0xF8, 0xFF, 0xFF, 0xC0, 0xFF, 0xFF, 0x03, 0xFE, 0xFF, 0x07, 0xF0, 0xFF, 0x0F, 0x00,
    0xFF, 0x0F, 0x00, 0xF0, 0x0F, 0x00, 0x01, 0x12, 0x1A, 0x2D, 0x1C, 0xFF, 0xFF, 0xFF, 0xFF, 0xFF,
    0xFF, 0xFF, 0xFF, 0xFF, 0xFF, 0xFF, 0xFF, 0xFF, 0xFF, 0xFF, 0xFF, 0xFF, 0xFF, 0xFF, 0xFF, 0xFF,
    0xFF, 0xFF, 0xFF, 0xFF, 0xFF, 0x00, 0xFC, 0x00, 0x00, 0xF0, 0x03, 0x00, 0xC0, 0x0F, 0x00, 0x00,
    0x3F, 0x00, 0x00, 0xFC, 0x00, 0x00, 0xF0, 0x03, 0x00, 0xC0, 0x0F, 0x00, 0x00, 0x3F, 0x00, 0x00,
    0xFC, 0x00, 0x00, 0xF0, 0x03, 0x00, 0xC0, 0x0F, 0x00, 0x00, 0x3F, 0x00, 0x00, 0xFC, 0x00, 0x00,
    0xF0, 0x03, 0x00, 0xC0, 0x0F, 0x00, 0x00, 0x3F, 0x00, 0x00, 0xFC, 0x00, 0x00, 0xF0, 0x03, 0x00,
    0xC0, 0x0F, 0x00, 0x00, 0x3F, 0x00, 0x00, 0xFC, 0x00, 0x00, 0xF0, 0x03, 0x00, 0xC0, 0x0F, 0x00,
    0x00, 0x3F, 0x00, 0x00, 0xFC, 0x00, 0x00, 0xF0, 0x03, 0x00, 0xC0, 0x0F, 0x00, 0x00, 0x3F, 0x00,
    0x00, 0xFC, 0x00, 0x00, 0xF0, 0x03, 0x00, 0xC0, 0x0F, 0x00, 0x00, 0x3F, 0x00, 0x00, 0xFC, 0x00,
    0x00, 0xF0, 0x03, 0x00, 0xC0, 0x0F, 0x00, 0x00, 0x3F, 0x00, 0x00, 0xFC, 0x00, 0x00, 0x00, 0x12,
    0x1B, 0x2E, 0x1D, 0x3F, 0x00, 0xF0, 0xFF, 0x03, 0x80, 0xFF, 0x1F, 0x00, 0xFE, 0xFC, 0x00, 0xF0,
    0xE7, 0x0F, 0x80, 0x3F, 0x7F, 0x00, 0xFE, 0xF0, 0x03, 0xF0, 0x87, 0x3F, 0x80, 0x3F, 0xFC, 0x01,
    0xFE, 0xC0, 0x0F, 0xF0, 0x07, 0x7E, 0x80, 0x3F, 0xF0, 0x07, 0xFE, 0x00, 0x3F, 0xF0, 0x07, 0xF8,
    0x81, 0x1F, 0xC0, 0x1F, 0xFE, 0x00, 0xFC, 0xF0, 0x07, 0xE0, 0x87, 0x1F, 0x00, 0x3F, 0xFE, 0x00,
    0xF0, 0xF3, 0x07, 0x80, 0x9F, 0x1F, 0x00, 0xFC, 0xFE, 0x00, 0xE0, 0xFF, 0x07, 0x00, 0xFE, 0x1F,
    0x00, 0xF0, 0xFF, 0x00, 0x80, 0xFF, 0x07, 0x00, 0xF8, 0x1F, 0x00, 0xC0, 0xFF, 0x00, 0x00, 0xFE,
    0x07, 0x00, 0xE0, 0x1F, 0x00, 0x00, 0xFF, 0x00, 0x00, 0xF8, 0x07, 0x00, 0x80, 0x1F, 0x00, 0x00,
    0xFC, 0x00, 0x00, 0xE0, 0x07, 0x00, 0x00, 0x7E, 0x00, 0x00, 0xF0, 0x03, 0x00, 0x80, 0x1F, 0x00,
    0x00, 0xF8, 0x81, 0x00, 0xC0, 0x1F, 0x07, 0x00, 0xFE, 0x3F, 0x00, 0xE0, 0xFF, 0x01, 0x00, 0xFF,
    0x1F, 0x00, 0xF0, 0xFF, 0x00, 0x80, 0xFF, 0x07, 0x00, 0xF8, 0x3F, 0x00, 0x00, 0x3F, 0x00, 0x02,
    0x10, 0x1F, 0x30, 0x22, 0x00, 0xF0, 0x03, 0x00, 0x00, 0xF8, 0x01, 0x00, 0x00, 0xFC, 0x00, 0x00,
    0x00, 0x7E, 0x00, 0x00, 0x00, 0x3F, 0x00, 0x00, 0x80, 0x1F, 0x00, 0x00, 0xF8, 0x7F, 0x00, 0x00,
    0xFF, 0xFF, 0x01, 0xE0, 0xFF, 0xFF, 0x01, 0xF8, 0xFF, 0xFF, 0x03, 0xFE, 0xFF, 0xFF, 0x01, 0xFF,
    0xFF, 0xFF, 0xC1, 0xFF, 0xFF, 0xFF, 0xE1, 0xBF, 0xDF, 0xFF, 0xF8, 0xC7, 0x8F, 0xFF, 0xFC, 0xE1,
    0x07, 0x7F, 0x7E, 0xF0, 0x83, 0xBF, 0x3F, 0xF8, 0x81, 0xFF, 0x1F, 0xFC, 0xC0, 0xFF, 0x07, 0x7E,
    0xC0, 0xFF, 0x03, 0x3F, 0xE0, 0xFF, 0x81, 0x1F, 0xF0, 0xFF, 0xC0, 0x0F, 0xF8, 0x7F, 0xE0, 0x07,
    0xFC, 0x3F, 0xF0, 0x03, 0xFE, 0x1F, 0xF8, 0x01, 0xFF, 0x0F, 0xFC, 0x80, 0xFF, 0x07, 0x7E, 0xC0,
    0xFF, 0x03, 0x3F, 0xF0, 0xFF, 0x83, 0x1F, 0xF8, 0xFB, 0xC1, 0x0F, 0xFC, 0xFC, 0xE1, 0x07, 0x7F,
    0xFE, 0xF0, 0xC3, 0x3F, 0xFF, 0xF8, 0xF1, 0x1F, 0xFF, 0xFF, 0xFF, 0x87, 0xFF, 0xFF, 0xFF, 0x83,
    0xFF, 0xFF, 0xFF, 0x80, 0xFF, 0xFF, 0x3F, 0xC0, 0xFF, 0xFF, 0x0F, 0x80, 0xFF, 0xFF, 0x03, 0x80,
    0xFF, 0x7F, 0x00, 0x00, 0xFE, 0x07, 0x00, 0x00, 0xFC, 0x00, 0x00, 0x00, 0x7E, 0x00, 0x00, 0x00,
    0x3F, 0x00, 0x00, 0x80, 0x1F, 0x00, 0x00, 0xC0, 0x0F, 0x00, 0x00, 0xE0, 0x07, 0x00, 0x00, 0x12,
    0x1C, 0x2D, 0x1D, 0xFE, 0x00, 0xF0, 0xEF, 0x0F, 0x00, 0x7F, 0xFC, 0x01, 0xF0, 0xC7, 0x1F, 0x80,
    0x3F, 0xFC, 0x01, 0xF8, 0x83, 0x3F, 0xC0, 0x1F, 0xF8, 0x03, 0xFC, 0x01, 0x7F, 0xE0, 0x1F, 0xF0,
    0x07, 0xFE, 0x00, 0xFE, 0xE0, 0x0F, 0xE0, 0x0F, 0x7F, 0x00, 0xFC, 0xF1, 0x07, 0xC0, 0x9F, 0x3F,
    0x00, 0xF8, 0xF9, 0x03, 0x80, 0xFF, 0x1F, 0x00, 0xF0, 0xFF, 0x01, 0x00, 0xFF, 0x1F, 0x00, 0xF0,
    0xFF, 0x00, 0x00, 0xFE, 0x0F, 0x00, 0xE0, 0x7F, 0x00, 0x00, 0xFC, 0x07, 0x00, 0xC0, 0x3F, 0x00,
    0x00, 0xF8, 0x03, 0x00, 0xC0, 0x3F, 0x00, 0x00, 0xFC, 0x07, 0x00, 0xE0, 0x7F, 0x00, 0x00, 0xFE,
    0x0F, 0x00, 0xF0, 0xFF, 0x00, 0x00, 0xFF, 0x1F, 0x00, 0xF8, 0xFF, 0x01, 0x80, 0xBF, 0x3F, 0x00,
    0xFC, 0xFB, 0x03, 0xC0, 0x1F, 0x7F, 0x00, 0xFC, 0xF1, 0x07, 0xE0, 0x0F, 0x7E, 0x00, 0xFE, 0xE0,
    0x0F, 0xF0, 0x07, 0xFC, 0x00, 0x7F, 0xC0, 0x1F, 0xF8, 0x03, 0xFC, 0x81, 0x3F, 0x80, 0x3F, 0xFC,
    0x03, 0xF8, 0xC3, 0x1F, 0x00, 0x7F, 0xFC, 0x01, 0xF0, 0xE7, 0x0F, 0x00, 0xFE, 0xFE, 0x00, 0xE0,
    0x0F, 0x03, 0x12, 0x1C, 0x35, 0x20, 0xF0, 0x03, 0xC0, 0x0F, 0x3F, 0x00, 0xFC, 0xF0, 0x03, 0xC0,
    0x0F, 0x3F, 0x00, 0xFC, 0xF0, 0x03, 0xC0, 0x0F, 0x3F, 0x00, 0xFC, 0xF0, 0x03, 0xC0, 0x0F, 0x3F,
    0x00, 0xFC, 0xF0, 0x03, 0xC0, 0x0F, 0x3F, 0x00, 0xFC, 0xF0, 0x03, 0xC0, 0x0F, 0x3F, 0x00, 0xFC,
    0xF0, 0x03, 0xC0, 0x0F, 0x3F, 0x00, 0xFC, 0xF0, 0x03, 0xC0, 0x0F, 0x3F, 0x00, 0xFC, 0xF0, 0x03,
    0xC0, 0x0F, 0x3F, 0x00, 0xFC, 0xF0, 0x03, 0xC0, 0x0F, 0x3F, 0x00, 0xFC, 0xF0, 0x03, 0xC0, 0x0F,
    0x3F, 0x00, 0xFC, 0xF0, 0x03, 0xC0, 0x0F, 0x3F, 0x00, 0xFC, 0xF0, 0x03, 0xC0, 0x0F, 0x3F, 0x00,
    0xFC, 0xF0, 0x03, 0xC0, 0x0F, 0x3F, 0x00, 0xFC, 0xF0, 0x03, 0xC0, 0x0F, 0x3F, 0x00, 0xFC, 0xF0,
    0x03, 0xC0, 0x0F, 0x3F, 0x00, 0xFC, 0xF0, 0x03, 0xC0, 0x0F, 0x3F, 0x00, 0xFC, 0xF0, 0x03, 0xC0,
    0x0F, 0x3F, 0x00, 0xFC, 0xF0, 0x03, 0xC0, 0xFF, 0xFF, 0xFF, 0xFF, 0xFF, 0xFF, 0xFF, 0xFF, 0xFF,
    0xFF, 0xFF, 0xFF, 0xFF, 0xFF, 0xFF, 0xFF, 0xFF, 0xFF, 0xFF, 0xFF, 0xFF, 0xFF, 0xFF, 0xFF, 0xFF,
    0xFF, 0xFF, 0xFF, 0xFF, 0x03, 0x00, 0x00, 0x3F, 0x00, 0x00, 0xF0, 0x03, 0x00, 0x00, 0x3F, 0x00,
    0x00, 0xF0, 0x03, 0x00, 0x00, 0x3F, 0x00, 0x00, 0xF0, 0x03, 0x00, 0x00, 0x3F, 0x00, 0x00, 0x00,
    0x02, 0x12, 0x18, 0x2D, 0x1D, 0x3F, 0x00, 0xFC, 0x3F, 0x00, 0xFC, 0x3F, 0x00, 0xFC, 0x3F, 0x00,
    0xFC, 0x3F, 0x00, 0xFC, 0x3F, 0x00, 0xFC, 0x3F, 0x00, 0xFC, 0x3F, 0x00, 0xFC, 0x3F, 0x00, 0xFC,
    0x3F, 0x00, 0xFC, 0x3F, 0x00, 0xFC, 0x3F, 0x00, 0xFC, 0x3F, 0x00, 0xFC, 0x3F, 0x00, 0xFC, 0x3F,
    0x00, 0xFC, 0x3F, 0x00, 0xFC, 0x3F, 0x00, 0xFC, 0x3F, 0x00, 0xFE, 0x3F, 0x00, 0xFE, 0x3F, 0x00,
    0xFE, 0xFF, 0x00, 0xFF, 0xFF, 0xFF, 0x7F, 0xFF, 0xFF, 0x7F, 0xFF, 0xFF, 0x7F, 0xFF, 0xFF, 0x7F,
    0xFF, 0xFF, 0x3F, 0xFF, 0xFF, 0x1F, 0xFF, 0xFF, 0x0F, 0x3F, 0xFE, 0x03, 0x3F, 0x00, 0x00, 0x3F,
    0x00, 0x00, 0x3F, 0x00, 0x00, 0x3F, 0x00, 0x00, 0x3F, 0x00, 0x00, 0x3F, 0x00, 0x00, 0x3F, 0x00,
    0x00, 0x3F, 0x00, 0x00, 0x3F, 0x00, 0x00, 0x3F, 0x00, 0x00, 0x3F, 0x00, 0x00, 0x3F, 0x00, 0x00,
    0x3F, 0x00, 0x00, 0x3F, 0x00, 0x00, 0x3F, 0x00, 0x00, 0x3F, 0x00, 0x00, 0x03, 0x12, 0x24, 0x2D,
    0x2A, 0x3F, 0x80, 0x1F, 0xC0, 0xFF, 0x03, 0xF8, 0x01, 0xFC, 0x3F, 0x80, 0x1F, 0xC0, 0xFF, 0x03,
    0xF8, 0x01, 0xFC, 0x3F, 0x80, 0x1F, 0xC0, 0xFF, 0x03, 0xF8, 0x01, 0xFC, 0x3F, 0x80, 0x1F, 0xC0,
    0xFF, 0x03, 0xF8, 0x01, 0xFC, 0x3F, 0x80, 0x1F, 0xC0, 0xFF, 0x03, 0xF8, 0x01, 0xFC, 0x3F, 0x80,
    0x1F, 0xC0, 0xFF, 0x03, 0xF8, 0x01, 0xFC, 0x3F, 0x80, 0x1F, 0xC0, 0xFF, 0x03, 0xF8, 0x01, 0xFC,
    0x3F, 0x80, 0x1F, 0xC0, 0xFF, 0x03, 0xF8, 0x01, 0xFC, 0x3F, 0x80, 0x1F, 0xC0, 0xFF, 0x03, 0xF8,
    0x01, 0xFC, 0x3F, 0x80, 0x1F, 0xC0, 0xFF, 0x03, 0xF8, 0x01, 0xFC, 0x3F, 0x80, 0x1F, 0xC0, 0xFF,
    0x03, 0xF8, 0x01, 0xFC, 0x3F, 0x80, 0x1F, 0xC0, 0xFF, 0x03, 0xF8, 0x01, 0xFC, 0x3F, 0x80, 0x1F,
    0xC0, 0xFF, 0x03, 0xF8, 0x01, 0xFC, 0x3F, 0x80, 0x1F, 0xC0, 0xFF, 0x03, 0xF8, 0x01, 0xFC, 0x3F,
    0x80, 0x1F, 0xC0, 0xFF, 0x03, 0xF8, 0x01, 0xFC, 0x3F, 0x80, 0x1F, 0xC0, 0xFF, 0x03, 0xF8, 0x01,
    0xFC, 0x3F, 0x80, 0x1F, 0xC0, 0xFF, 0x03, 0xF8, 0x01, 0xFC, 0x3F, 0x80, 0x1F, 0xC0, 0xFF, 0x03,
    0xF8, 0x01, 0xFC, 0x3F, 0x80, 0x1F, 0xC0, 0xFF, 0xFF, 0xFF, 0xFF, 0xFF, 0xFF, 0xFF, 0xFF, 0xFF,
    0xFF, 0xFF, 0xFF, 0xFF, 0xFF, 0xFF, 0xFF, 0xFF, 0xFF, 0xFF, 0xFF, 0xFF, 0xFF, 0xFF, 0xFF, 0xFF,
    0xFF, 0xFF, 0xFF, 0xFF, 0xFF, 0xFF, 0xFF, 0xFF, 0xFF, 0xFF, 0xFF, 0x0F, 0x03, 0x12, 0x27, 0x35,
    0x2B, 0xF8, 0x01, 0xFC, 0x00, 0x7E, 0xFC, 0x00, 0x7E, 0x00, 0x3F, 0x7E, 0x00, 0x3F, 0x80, 0x1F,
    0x3F, 0x80, 0x1F, 0xC0, 0x8F, 0x1F, 0xC0, 0x0F, 0xE0, 0xC7, 0x0F, 0xE0, 0x07, 0xF0, 0xE3, 0x07,
    0xF0, 0x03, 0xF8, 0xF1, 0x03, 0xF8, 0x01, 0xFC, 0xF8, 0x01, 0xFC, 0x00, 0x7E, 0xFC, 0x00, 0x7E,
    0x00, 0x3F, 0x7E, 0x00, 0x3F, 0x80, 0x1F, 0x3F, 0x80, 0x1F, 0xC0, 0x8F, 0x1F, 0xC0, 0x0F, 0xE0,
    0xC7, 0x0F, 0xE0, 0x07, 0xF0, 0xE3, 0x07, 0xF0, 0x03, 0xF8, 0xF1, 0x03, 0xF8, 0x01, 0xFC, 0xF8,
    0x01, 0xFC, 0x00, 0x7E, 0xFC, 0x00, 0x7E, 0x00, 0x3F, 0x7E, 0x00, 0x3F, 0x80, 0x1F, 0x3F, 0x80,
    0x1F, 0xC0, 0x8F, 0x1F, 0xC0, 0x0F, 0xE0, 0xC7, 0x0F, 0xE0, 0x07, 0xF0, 0xE3, 0x07, 0xF0, 0x03,
    0xF8, 0xF1, 0x03, 0xF8, 0x01, 0xFC, 0xF8, 0x01, 0xFC, 0x00, 0x7E, 0xFC, 0x00, 0x7E, 0x00, 0x3F,
    0x7E, 0x00, 0x3F, 0x80, 0x1F, 0x3F, 0x80, 0x1F, 0xC0, 0x8F, 0x1F, 0xC0, 0x0F, 0xE0, 0xC7, 0x0F,
    0xE0, 0x07, 0xF0, 0xE3, 0x07, 0xF0, 0x03, 0xF8, 0xF1, 0x03, 0xF8, 0x01, 0xFC, 0xF8, 0x01, 0xFC,
    0x00, 0x7E, 0xFC, 0x00, 0x7E, 0x00, 0x3F, 0x7E, 0x00, 0x3F, 0x80, 0x1F, 0x3F, 0x80, 0x1F, 0xC0,
    0x8F, 0x1F, 0xC0, 0x0F, 0xE0, 0xFF, 0xFF, 0xFF, 0xFF, 0xFF, 0xFF, 0xFF, 0xFF, 0xFF, 0xFF, 0xFF,
    0xFF, 0xFF, 0xFF, 0xFF, 0xFF, 0xFF, 0xFF, 0xFF, 0xFF, 0xFF, 0xFF, 0xFF, 0xFF, 0xFF, 0xFF, 0xFF,
    0xFF, 0xFF, 0xFF, 0xFF, 0xFF, 0xFF, 0xFF, 0xFF, 0xFF, 0xFF, 0xFF, 0xFF, 0xFF, 0x01, 0x00, 0x00,
    0x00, 0xFC, 0x00, 0x00, 0x00, 0x00, 0x7E, 0x00, 0x00, 0x00, 0x00, 0x3F, 0x00, 0x00, 0x00, 0x80,
    0x1F, 0x00, 0x00, 0x00, 0xC0, 0x0F, 0x00, 0x00, 0x00, 0xE0, 0x07, 0x00, 0x00, 0x00, 0xF0, 0x03,
    0x00, 0x00, 0x00, 0x00, 0x00, 0x12, 0x21, 0x2D, 0x23, 0x00, 0x00, 0xFE, 0xFF, 0x01, 0x00, 0xFC,
    0xFF, 0x03, 0x00, 0xF8, 0xFF, 0x07, 0x00, 0xF0, 0xFF, 0x0F, 0x00, 0xE0, 0xFF, 0x1F, 0x00, 0xC0,
    0xFF, 0x3F, 0x00, 0x80, 0xFF, 0x7F, 0x00, 0x00, 0x3F, 0x00, 0x00, 0x00, 0x7E, 0x00, 0x00, 0x00,
    0xFC, 0x00, 0x00, 0x00, 0xF8, 0x01, 0x00, 0x00, 0xF0, 0x03, 0x00, 0x00, 0xE0, 0x07, 0x00, 0x00,
    0xC0, 0x0F, 0x00, 0x00, 0x80, 0x1F, 0x00, 0x00, 0x00, 0x3F, 0x00, 0x00, 0xFF, 0x7F, 0x00, 0xC0,
    0xFF, 0xFF, 0x00, 0xC0, 0xFF, 0xFF, 0x01, 0xC0, 0xFF, 0xFF, 0x03, 0xC0, 0xFF, 0xFF, 0x07, 0xC0,
    0xFF, 0xFF, 0x0F, 0x80, 0xFF, 0xFF, 0x1F, 0x00, 0xFF, 0xFF, 0x3F, 0x00, 0xFE, 0x01, 0x7E, 0x00,
    0xFE, 0x00, 0xFC, 0x00, 0xFC, 0x01, 0xF8, 0x01, 0xF8, 0x01, 0xF0, 0x03, 0xF0, 0x03, 0xE0, 0x07,
    0xE0, 0x07, 0xC0, 0x0F, 0xC0, 0x0F, 0x80, 0x1F, 0x80, 0x1F, 0x00, 0x3F, 0x00, 0x3F, 0x00, 0x7E,
    0x00, 0xFE, 0x00, 0xFC, 0x00, 0xFC, 0x01, 0xF8, 0x01, 0xF8, 0x07, 0xF0, 0x03, 0xE0, 0x1F, 0xE0,
    0x07, 0xC0, 0xFF, 0xFF, 0x0F, 0x80, 0xFF, 0xFF, 0x1F, 0x00, 0xFE, 0xFF, 0x3F, 0x00, 0xFC, 0xFF,
    0x7F, 0x00, 0xF0, 0xFF, 0xFF, 0x00, 0xC0, 0xFF, 0xFF, 0x01, 0x00, 0xFF, 0xFF, 0x03, 0x00, 0xF0,
    0xFF, 0x07, 0x00, 0x03, 0x12, 0x22, 0x2D, 0x28, 0x3F, 0x00, 0x00, 0xF0, 0xFF, 0x00, 0x00, 0xC0,
    0xFF, 0x03, 0x00, 0x00, 0xFF, 0x0F, 0x00, 0x00, 0xFC, 0x3F, 0x00, 0x00, 0xF0, 0xFF, 0x00, 0x00,
    0xC0, 0xFF, 0x03, 0x00, 0x00, 0xFF, 0x0F, 0x00, 0x00, 0xFC, 0x3F, 0x00, 0x00, 0xF0, 0xFF, 0x00,
    0x00, 0xC0, 0xFF, 0x03, 0x00, 0x00, 0xFF, 0x0F, 0x00, 0x00, 0xFC, 0x3F, 0x00, 0x00, 0xF0, 0xFF,
    0x00, 0x00, 0xC0, 0xFF, 0x03, 0x00, 0x00, 0xFF, 0x0F, 0x00, 0x00, 0xFC, 0x3F, 0x00, 0xF8, 0xFF,
    0xFF, 0x00, 0xFC, 0xFF, 0xFF, 0x03, 0xF8, 0xFF, 0xFF, 0x0F, 0xF0, 0xFF, 0xFF, 0x3F, 0xE0, 0xFF,
    0xFF, 0xFF, 0x80, 0xFF, 0xFF, 0xFF, 0x03, 0xFF, 0xFF, 0xFF, 0x0F, 0xFC, 0xFF, 0xFF, 0x3F, 0xF0,
    0x0F, 0xF0, 0xFF, 0xE0, 0x0F, 0xC0, 0xFF, 0x83, 0x3F, 0x00, 0xFF, 0x0F, 0x7E, 0x00, 0xFC, 0x3F,
    0xF8, 0x01, 0xF0, 0xFF, 0xE0, 0x07, 0xC0, 0xFF, 0x83, 0x1F, 0x00, 0xFF, 0x0F, 0x7E, 0x00, 0xFC,
    0x3F, 0xF8, 0x01, 0xF0, 0xFF, 0xE0, 0x0F, 0xC0, 0xFF, 0x83, 0x3F, 0x00, 0xFF, 0x0F, 0xFE, 0x01,
    0xFC, 0x3F, 0xF0, 0x0F, 0xF0, 0xFF, 0xC0, 0xFF, 0xFF, 0xFF, 0x03, 0xFF, 0xFF, 0xFF, 0x0F, 0xF8,
    0xFF, 0xFF, 0x3F, 0xE0, 0xFF, 0xFF, 0xFF, 0x00, 0xFF, 0xFF, 0xFF, 0x03, 0xF8, 0xFF, 0xFF, 0x0F,
    0xC0, 0xFF, 0xFF, 0x3F, 0x00, 0xF8, 0xFF, 0x03, 0x03, 0x12, 0x17, 0x2D, 0x1C, 0x00, 0x00, 0x7E,
    0x00, 0x00, 0x3F, 0x00, 0x80, 0x1F, 0x00, 0xC0, 0x0F, 0x00, 0xE0, 0x07, 0x00, 0xF0, 0x03, 0x00,
    0xF8, 0x01, 0x00, 0xFC, 0x00, 0x00, 0x7E, 0x00, 0x00, 0x3F, 0x00, 0x80, 0x1F, 0x00, 0xC0, 0x0F,
    0x00, 0xE0, 0x07, 0x00, 0xF0, 0x03, 0x00, 0xF8, 0x01, 0x00, 0xFC, 0x00, 0xFF, 0x7F, 0xF0, 0xFF,
    0x3F, 0xFC, 0xFF, 0x1F, 0xFF, 0xFF, 0xCF, 0xFF, 0xFF, 0xE7, 0xFF, 0xFF, 0xFB, 0xFF, 0xFF, 0xFD,
    0xFF, 0xFF, 0xFE, 0x01, 0xFE, 0x3F, 0x00, 0xFF, 0x1F, 0x80, 0xFF, 0x07, 0xC0, 0xFF, 0x03, 0xE0,
    0xFF, 0x01, 0xF0, 0xFF, 0x00, 0xF8, 0x7F, 0x00, 0xFC, 0x3F, 0x00, 0xFE, 0x3F, 0x00, 0xFF, 0x1F,
    0x80, 0xFF, 0x1F, 0xC0, 0xEF, 0x1F, 0xE0, 0xF7, 0xFF, 0xFF, 0xFB, 0xFF, 0xFF, 0xF9, 0xFF, 0xFF,
    0xFC, 0xFF, 0x7F, 0xFC, 0xFF, 0x3F, 0xFC, 0xFF, 0x1F, 0xFC, 0xFF, 0x0F, 0xF0, 0xFF, 0x07, 0x01,
    0x11, 0x1B, 0x2F, 0x1D, 0x00, 0xF8, 0x03, 0x00, 0xF8, 0xFF, 0x00, 0xE0, 0xFF, 0x0F, 0xC0, 0xFF,
    0xFF, 0x01, 0xFE, 0xFF, 0x0F, 0xF8, 0xFF, 0xFF, 0xE0, 0xFF, 0xFF, 0x0F, 0xFF, 0xFF, 0x7F, 0xFC,
    0x0F, 0xFE, 0xE3, 0x1F, 0xC0, 0x0F, 0x7F, 0x00, 0x3C, 0xFC, 0x03, 0xE0, 0xE0, 0x0F, 0x00, 0x02,
    0x7F, 0x00, 0x00, 0xF8, 0x01, 0x00, 0xC0, 0x0F, 0x00, 0x00, 0x7F, 0x00, 0x00, 0xF8, 0x03, 0x00,
    0xC0, 0x1F, 0x00, 0x00, 0xFE, 0xFF, 0x1F, 0xF0, 0xFF, 0xFF, 0x80, 0xFF, 0xFF, 0x07, 0xFC, 0xFF,
    0x3F, 0xE0, 0xFF, 0xFF, 0x01, 0xFF, 0xFF, 0x0F, 0xF8, 0xFF, 0x7F, 0xC0, 0xFF, 0xFF, 0x03, 0xFE,
    0x00, 0x00, 0xF0, 0x07, 0x00, 0x80, 0x3F, 0x00, 0x00, 0xFC, 0x01, 0x00, 0xC0, 0x0F, 0x00, 0x00,
    0xFE, 0x00, 0x00, 0xF0, 0x07, 0x00, 0x80, 0x3F, 0x00, 0x18, 0xFC, 0x03, 0xC0, 0xC1, 0x1F, 0x00,
    0x1F, 0xFE, 0x01, 0xFC, 0xF1, 0x3F, 0xF8, 0x1F, 0xFF, 0xFF, 0xFF, 0xF8, 0xFF, 0xFF, 0x83, 0xFF,
    0xFF, 0x0F, 0xF8, 0xFF, 0x7F, 0x80, 0xFF, 0xFF, 0x01, 0xF8, 0xFF, 0x07, 0x80, 0xFF, 0x0F, 0x00,
    0xE0, 0x1F, 0x00, 0x03, 0x11, 0x27, 0x2F, 0x2C, 0x00, 0xFC, 0x01, 0x00, 0x00, 0x80, 0xFF, 0x07,
    0x00, 0x3F, 0xF0, 0xFF, 0x07, 0x80, 0x1F, 0xFC, 0xFF, 0x07, 0xC0, 0x0F, 0xFF, 0xFF, 0x07, 0xE0,
    0x87, 0xFF, 0xFF, 0x07, 0xF0, 0xE3, 0xFF, 0xFF, 0x03, 0xF8, 0xF1, 0x0F, 0xFF, 0x03, 0xFC, 0xFC,
    0x03, 0xFE, 0x01, 0x7E, 0xFE, 0x00, 0xFE, 0x01, 0x3F, 0x3F, 0x00, 0xFF, 0x80, 0xDF, 0x1F, 0x00,
    0x7F, 0xC0, 0xEF, 0x07, 0x80, 0x3F, 0xE0, 0xF7, 0x03, 0xC0, 0x3F, 0xF0, 0xFB, 0x01, 0xC0, 0x1F,
    0xF8, 0xFD, 0x00, 0xE0, 0x0F, 0xFC, 0x3F, 0x00, 0xF0, 0x07, 0xFE, 0x1F, 0x00, 0xF8, 0x03, 0xFF,
    0x0F, 0x00, 0xFC, 0x81, 0xFF, 0x07, 0x00, 0xFE, 0xC0, 0xFF, 0x03, 0x00, 0xFF, 0xFF, 0xFF, 0x01,
    0x80, 0xFF, 0xFF, 0xFF, 0x00, 0xC0, 0xFF, 0xFF, 0x7F, 0x00, 0xE0, 0xFF, 0xFF, 0x3F, 0x00, 0xF0,
    0xFF, 0xFF, 0x1F, 0x00, 0xF8, 0xFF, 0xFF, 0x0F, 0x00, 0xFC, 0xFF, 0xFF, 0x07, 0x00, 0xFE, 0xC0,
    0xFF, 0x03, 0x00, 0x7F, 0xE0, 0xFF, 0x01, 0x80, 0x3F, 0xF0, 0xFF, 0x00, 0xC0, 0x1F, 0xF8, 0xFD,
    0x00, 0xE0, 0x0F, 0xFC, 0x7E, 0x00, 0xF0, 0x07, 0x7E, 0x3F, 0x00, 0xFC, 0x01, 0xBF, 0x1F, 0x00,
    0xFE, 0x80, 0xDF, 0x1F, 0x00, 0x7F, 0xC0, 0xCF, 0x0F, 0xC0, 0x3F, 0xE0, 0xE7, 0x0F, 0xE0, 0x0F,
    0xF0, 0xF3, 0x0F, 0xF8, 0x07, 0xF8, 0xF1, 0x0F, 0xFF, 0x03, 0xFC, 0xF8, 0xFF, 0xFF, 0x00, 0x7E,
    0xF8, 0xFF, 0x7F, 0x00, 0x3F, 0xFC, 0xFF, 0x1F, 0x80, 0x1F, 0xFC, 0xFF, 0x07, 0xC0, 0x0F, 0xFC,
    0xFF, 0x01, 0xE0, 0x07, 0xF8, 0x7F, 0x00, 0xF0, 0x03, 0xF0, 0x07, 0x00, 0x00, 0x00, 0x01, 0x12,
    0x19, 0x2D, 0x1D, 0xFF, 0xFF, 0x00, 0xFE, 0xFF, 0x07, 0xFC, 0xFF, 0x3F, 0xF8, 0xFF, 0xFF, 0xF0,
    0xFF, 0xFF, 0xE1, 0xFF, 0xFF, 0xC7, 0xFF, 0xFF, 0x8F, 0xFF, 0xFF, 0x1F, 0x3F, 0x80, 0x7F, 0x7E,
    0x00, 0xFE, 0xFC, 0x00, 0xF8, 0xF9, 0x01, 0xF0, 0xF3, 0x03, 0xE0, 0xE7, 0x07, 0xC0, 0xCF, 0x0F,
    0x80, 0x9F, 0x1F, 0x00, 0x3F, 0x3F, 0x00, 0x7E, 0x7E, 0x00, 0xFE, 0xFC, 0x00, 0xFC, 0xF9, 0x01,
    0xFE, 0xF1, 0xFF, 0xFF, 0xE3, 0xFF, 0xFF, 0xC7, 0xFF, 0xFF, 0x87, 0xFF, 0xFF, 0x0F, 0xFF, 0xFF,
    0x0F, 0xFE, 0xFF, 0x0F, 0xFC, 0xFF, 0x0F, 0xF8, 0xFF, 0x0F, 0xF0, 0xC3, 0x3F, 0xE0, 0x87, 0x7F,
    0xC0, 0x0F, 0xFE, 0x81, 0x1F, 0xFC, 0x03, 0x3F, 0xF0, 0x07, 0x7E, 0xE0, 0x1F, 0xFC, 0x80, 0x3F,
    0xF8, 0x01, 0xFF, 0xF0, 0x03, 0xFC, 0xE1, 0x07, 0xF8, 0xC7, 0x0F, 0xE0, 0x8F, 0x1F, 0xC0, 0x3F,
    0x3F, 0x00, 0x7F, 0x7E, 0x00, 0xFE, 0xFC, 0x00, 0xF8, 0xFB, 0x01, 0xF0, 0xF7, 0x03, 0xC0, 0x1F,
    0x02, 0x1C, 0x15, 0x24, 0x1A, 0x80, 0x3F, 0x00, 0xFE, 0x3F, 0xE0, 0xFF, 0x0F, 0xFE, 0xFF, 0xE3,
    0xFF, 0xFF, 0xFC, 0xFF, 0x9F, 0xFF, 0xFF, 0xFB, 0x07, 0x3F, 0x7F, 0x80, 0xE3, 0x07, 0x20, 0xFC,
    0x00, 0x80, 0x1F, 0x00, 0xF0, 0x03, 0x00, 0xFE, 0x01, 0xC0, 0xFF, 0x0F, 0xF8, 0xFF, 0x07, 0xFF,
    0xFF, 0xE3, 0xFF, 0xFF, 0xFC, 0xFF, 0xBF, 0x1F, 0xFF, 0xF7, 0x03, 0xFE, 0x7E, 0x80, 0xFF, 0x0F,
    0xE0, 0xFF, 0x01, 0xFC, 0x3F, 0x80, 0xFF, 0x07, 0xF0, 0xFF, 0x01, 0xFE, 0x7F, 0xC0, 0xFF, 0x3F,
    0xFC, 0xFF, 0xFF, 0xFF, 0xFF, 0xFF, 0xFB, 0xFF, 0x7F, 0xBF, 0xFF, 0xE7, 0xE7, 0xFF, 0xFC, 0xF8,
    0x0F, 0x00, 0x7C, 0x00, 0x02, 0x0D, 0x18, 0x32, 0x1C, 0xFC, 0x00, 0x00, 0xFC, 0x1F, 0x00, 0xFC,
    0x7F, 0x00, 0xFC, 0xFF, 0x01, 0xFC, 0xFF, 0x03, 0xFC, 0xFF, 0x07, 0xFC, 0xFF, 0x0F, 0x00, 0xFE,
    0x1F, 0x00, 0xF0, 0x1F, 0x00, 0xC0, 0x3F, 0x00, 0x80, 0x3F, 0x00, 0x00, 0x3F, 0x00, 0x00, 0x7F,
    0x00, 0x00, 0x7E, 0x00, 0x00, 0x7E, 0x00, 0x00, 0x7E, 0x80, 0x3F, 0x7C, 0xE0, 0xFF, 0x7C, 0xF0,
    0xFF, 0xFD, 0xF8, 0xFF, 0xFF, 0xFC, 0xFF, 0xFF, 0xFC, 0xFF, 0xFF, 0xFE, 0xFF, 0xFF, 0xFE, 0xC1,
    0xFF, 0xFE, 0x00, 0xFF, 0x7E, 0x00, 0xFE, 0x7F, 0x00, 0xFC, 0x3F, 0x00, 0xFC, 0x3F, 0x00, 0xFC,
    0x3F, 0x00, 0xFC, 0x3F, 0x00, 0xFC, 0x3F, 0x00, 0xFC, 0x3F, 0x00, 0xFC, 0x3F, 0x00, 0xFC, 0x3F,
    0x00, 0xFC, 0x3F, 0x00, 0xFE, 0x3F, 0x00, 0x7E, 0x7F, 0x00, 0x7E, 0x7E, 0x00, 0x7E, 0x7E, 0x00,
    0x7F, 0xFE, 0x00, 0x3F, 0xFE, 0x80, 0x3F, 0xFC, 0xC3, 0x3F, 0xFC, 0xFF, 0x1F, 0xF8, 0xFF, 0x1F,
    0xF8, 0xFF, 0x0F, 0xF0, 0xFF, 0x07, 0xE0, 0xFF, 0x03, 0xC0, 0xFF, 0x01, 0x00, 0x7F, 0x00, 0x03,
    0x1D, 0x15, 0x22, 0x1A, 0xC0, 0xFF, 0x1F, 0xFE, 0xFF, 0xE3, 0xFF, 0x7F, 0xFE, 0xFF, 0xCF, 0xFF,
    0xFF, 0xFD, 0xFF, 0xBF, 0x7F, 0xE0, 0xF7, 0x03, 0xFC, 0x7E, 0x80, 0xDF, 0x0F, 0xF0, 0xFB, 0x01,
    0x7E, 0x3E, 0xC0, 0xCF, 0x0F, 0xF8, 0xF1, 0xFF, 0x3F, 0xFC, 0xFF, 0x07, 0xFF, 0xFF, 0xF8, 0xFF,
    0x9F, 0xFF, 0xFF, 0xFB, 0xFF, 0x7F, 0x7F, 0xC0, 0xFF, 0x07, 0xF8, 0x7F, 0x00, 0xFF, 0x0F, 0xE0,
    0xFF, 0x01, 0xFC, 0x3F, 0x80, 0xFF, 0x07, 0xF0, 0xFF, 0x01, 0xFE, 0xFF, 0xC0, 0xEF, 0xFF, 0xFF,
    0xFD, 0xFF, 0x3F, 0xFF, 0xFF, 0xC7, 0xFF, 0xFF, 0xF0, 0xFF, 0x1F, 0xF0, 0xFF, 0x03, 0x03, 0x1D,
    0x11, 0x22, 0x15, 0xFF, 0xFF, 0xFF, 0xFF, 0xFF, 0xFF, 0xFF, 0xFF, 0xFF, 0xFF, 0xFF, 0xFF, 0x3F,
    0x00, 0x7E, 0x00, 0xFC, 0x00, 0xF8, 0x01, 0xF0, 0x03, 0xE0, 0x07, 0xC0, 0x0F, 0x80, 0x1F, 0x00,
    0x3F, 0x00, 0x7E, 0x00, 0xFC, 0x00, 0xF8, 0x01, 0xF0, 0x03, 0xE0, 0x07, 0xC0, 0x0F, 0x80, 0x1F,
    0x00, 0x3F, 0x00, 0x7E, 0x00, 0xFC, 0x00, 0xF8, 0x01, 0xF0, 0x03, 0xE0, 0x07, 0xC0, 0x0F, 0x80,
    0x1F, 0x00, 0x3F, 0x00, 0x7E, 0x00, 0xFC, 0x00, 0xF8, 0x01, 0xF0, 0x03, 0x01, 0x1D, 0x1B, 0x2B,
    0x1D, 0xF0, 0xFF, 0x1F, 0x80, 0xFF, 0xFF, 0x00, 0xFC, 0xFF, 0x07, 0xE0, 0xFF, 0x3F, 0x00, 0xFF,
    0xFF, 0x01, 0xF8, 0xFF, 0x0F, 0xC0, 0x0F, 0x7E, 0x00, 0x7E, 0xF0, 0x03, 0xF0, 0x83, 0x1F, 0x80,
    0x1F, 0xFC, 0x00, 0xFC, 0xE0, 0x07, 0xE0, 0x07, 0x3F, 0x00, 0x3F, 0xF8, 0x03, 0xF8, 0xC1, 0x1F,
    0xC0, 0x0F, 0xFC, 0x00, 0x7E, 0xE0, 0x07, 0xF0, 0x03, 0x3F, 0x80, 0x1F, 0xF8, 0x01, 0xFC, 0xC0,
    0x0F, 0xE0, 0x07, 0x7C, 0x00, 0x3F, 0xE0, 0x03, 0xF8, 0x01, 0x3F, 0xC0, 0x0F, 0xF8, 0x01, 0x7E,
    0x80, 0x0F, 0xF0, 0x03, 0x7C, 0x80, 0x1F, 0xE0, 0x03, 0xFC, 0x00, 0x3E, 0xE0, 0x07, 0xF0, 0x01,
    0xFF, 0xFF, 0x8F, 0xFF, 0xFF, 0xFF, 0xFF, 0xFF, 0xFF, 0xFF, 0xFF, 0xFF, 0xFF, 0xFF, 0xFF, 0xFF,
    0xFF, 0xFF, 0xFF, 0xFF, 0xFF, 0xFF, 0xFF, 0x7F, 0x00, 0xC0, 0xFF, 0x03, 0x00, 0xFE, 0x1F, 0x00,
    0xF0, 0xFF, 0x00, 0x80, 0xFF, 0x07, 0x00, 0xFC, 0x3F, 0x00, 0xE0, 0xFF, 0x01, 0x00, 0xFF, 0x0F,
    0x00, 0xF8, 0x01, 0x02, 0x1C, 0x16, 0x24, 0x1A, 0x80, 0x3F, 0x00, 0xF8, 0x3F, 0x00, 0xFF, 0x1F,
    0xE0, 0xFF, 0x0F, 0xFC, 0xFF, 0x07, 0xFF, 0xFF, 0xE3, 0xFF, 0xFF, 0xF8, 0x87, 0x7F, 0x7E, 0xC0,
    0x9F, 0x1F, 0xE0, 0xF7, 0x03, 0xF8, 0xFD, 0x00, 0xFC, 0x3F, 0x00, 0xFF, 0x0F, 0xC0, 0xFF, 0xFF,
    0xFF, 0xFF, 0xFF, 0xFF, 0xFF, 0xFF, 0xFF, 0xFF, 0xFF, 0xFF, 0xFF, 0xFF, 0xFF, 0xFF, 0xFF, 0x00,
    0x00, 0x3F, 0x00, 0xC0, 0x0F, 0x00, 0xF0, 0x03, 0x00, 0xFC, 0x00, 0x00, 0x3F, 0x00, 0xE0, 0x07,
    0x01, 0xF8, 0xE1, 0x00, 0x7F, 0xFC, 0xE0, 0x9F, 0xFF, 0xFF, 0xF3, 0xFF, 0xFF, 0xF8, 0xFF, 0x1F,
    0xFC, 0xFF, 0x03, 0xFE, 0x7F, 0x00, 0xFF, 0x0F, 0x00, 0xFF, 0x00, 0x01, 0x1D, 0x22, 0x22, 0x24,
    0x7E, 0xC0, 0x0F, 0xF8, 0xF9, 0x01, 0x3F, 0xE0, 0xE7, 0x07, 0xFC, 0x80, 0x1F, 0x3F, 0xF0, 0x03,
    0x3F, 0xFC, 0xC0, 0x0F, 0xFC, 0xF0, 0x03, 0x3F, 0xF0, 0xC3, 0x0F, 0xFC, 0xC0, 0x0F, 0x7E, 0xF0,
    0x83, 0x1F, 0xF8, 0xC1, 0x0F, 0x7E, 0xE0, 0x07, 0x3F, 0xF8, 0x81, 0x3F, 0xFC, 0xF0, 0x07, 0xFC,
    0xF0, 0xC3, 0x0F, 0xF0, 0xC7, 0x8F, 0x3F, 0x80, 0xFF, 0xFF, 0x7F, 0x00, 0xFE, 0xFF, 0xFF, 0x01,
    0xF0, 0xFF, 0xFF, 0x03, 0x80, 0xFF, 0xFF, 0x07, 0x00, 0xFF, 0xFF, 0x3F, 0x00, 0xFE, 0xFF, 0xFF,
    0x01, 0xFC, 0xFF, 0xFF, 0x0F, 0xF0, 0xC7, 0x8F, 0x3F, 0xE0, 0x0F, 0x3F, 0xFC, 0x81, 0x1F, 0xFC,
    0xE0, 0x07, 0x7F, 0xF0, 0x83, 0x3F, 0xFC, 0xC0, 0x0F, 0xFC, 0xF0, 0x03, 0x3F, 0xF0, 0xC3, 0x0F,
    0xFC, 0xC0, 0x8F, 0x3F, 0xF0, 0x03, 0x3F, 0x7E, 0xC0, 0x0F, 0xF8, 0xF9, 0x01, 0x3F, 0xE0, 0xE7,
    0x07, 0xFC, 0x80, 0x9F, 0x1F, 0xF0, 0x03, 0x7E, 0x3F, 0xC0, 0x0F, 0xF0, 0xFF, 0x00, 0x3F, 0xC0,
    0x0F, 0x00, 0x1C, 0x13, 0x24, 0x16, 0xC0, 0x1F, 0x80, 0xFF, 0x03, 0xFE, 0x7F, 0xF8, 0xFF, 0xC7,
    0xFF, 0x3F, 0xFF, 0xFF, 0xFB, 0xFF, 0xEF, 0x1F, 0x3E, 0x7F, 0xC0, 0xF8, 0x01, 0xC2, 0x0F, 0x00,
    0x7E, 0x00, 0xF0, 0x03, 0x80, 0x1F, 0x00, 0xFC, 0x01, 0xC0, 0xFF, 0x0F, 0xFE, 0x7F, 0xE0, 0xFF,
    0x03, 0xFE, 0x1F, 0xF8, 0xFF, 0xE0, 0xFF, 0x07, 0x3F, 0x00, 0xFC, 0x00, 0xE0, 0x07, 0x00, 0x3F,
    0x00, 0xF8, 0x01, 0xC0, 0x0F, 0x10, 0xFE, 0x80, 0xF3, 0x0F, 0xBF, 0xFF, 0xFF, 0xFB, 0xFF, 0xDF,
    0xFF, 0xFF, 0xFC, 0xFF, 0xC3, 0xFF, 0x0F, 0xFC, 0x3F, 0x80, 0x7F, 0x00, 0x03, 0x1D, 0x16, 0x22,
    0x1B, 0x7F, 0x00, 0xFF, 0x1F, 0xC0, 0xFF, 0x07, 0xF0, 0xFF, 0x03, 0xFC, 0xFF, 0x00, 0xFF, 0x7F,
    0xC0, 0xFF, 0x1F, 0xF0, 0xFF, 0x0F, 0xFC, 0xFF, 0x03, 0xFF, 0xFF, 0xC0, 0xFF, 0x7F, 0xF0, 0xFF,
    0x1F, 0xFC, 0xBF, 0x0F, 0xFF, 0xEF, 0xC3, 0xFF, 0xFB, 0xF1, 0xFF, 0x7C, 0xFC, 0x3F, 0x1F, 0xFF,
    0x8F, 0xCF, 0xFF, 0xE3, 0xF3, 0xFF, 0xF0, 0xFD, 0x3F, 0x7C, 0xFF, 0x0F, 0xDF, 0xFF, 0x83, 0xFF,
    0xFF, 0xE0, 0xFF, 0x3F, 0xF0, 0xFF, 0x0F, 0xFC, 0xFF, 0x03, 0xFE, 0xFF, 0x80, 0xFF, 0x3F, 0xE0,
    0xFF, 0x0F, 0xF0, 0xFF, 0x03, 0xFC, 0xFF, 0x00, 0xFE, 0x3F, 0x80, 0xFF, 0x0F, 0xC0, 0x0F, 0x03,
    0x0F, 0x16, 0x30, 0x1B, 0xF8, 0xC0, 0x07, 0x3E, 0xF0, 0x81, 0x0F, 0x7C, 0xC0, 0x87, 0x0F, 0xF0,
    0xE1, 0x03, 0xF8, 0xFF, 0x00, 0xFE, 0x1F, 0x00, 0xFE, 0x03, 0x00, 0x3F, 0x00, 0x00, 0x00, 0x00,
    0x00, 0x00, 0x00, 0x00, 0x00, 0x00, 0x00, 0x00, 0x00, 0x00, 0xF0, 0x07, 0xF0, 0xFF, 0x01, 0xFC,
    0x7F, 0x00, 0xFF, 0x3F, 0xC0, 0xFF, 0x0F, 0xF0, 0xFF, 0x07, 0xFC, 0xFF, 0x01, 0xFF, 0xFF, 0xC0,
    0xFF, 0x3F, 0xF0, 0xFF, 0x0F, 0xFC, 0xFF, 0x07, 0xFF, 0xFF, 0xC1, 0xFF, 0xFB, 0xF0, 0xFF, 0x3E,
    0xFC, 0xBF, 0x0F, 0xFF, 0xCF, 0xC7, 0xFF, 0xF3, 0xF1, 0xFF, 0xF8, 0xFC, 0x3F, 0x3E, 0xFF, 0x0F,
    0xDF, 0xFF, 0xC3, 0xF7, 0xFF, 0xF0, 0xFD, 0x3F, 0xF8, 0xFF, 0x0F, 0xFE, 0xFF, 0x03, 0xFF, 0xFF,
    0xC0, 0xFF, 0x3F, 0xE0, 0xFF, 0x0F, 0xF8, 0xFF, 0x03, 0xFE, 0xFF, 0x00, 0xFF, 0x3F, 0xC0, 0xFF,
    0x0F, 0xE0, 0xFF, 0x03, 0xF8, 0xFF, 0x00, 0xFC, 0x03, 0x1D, 0x15, 0x22, 0x19, 0x7F, 0x80, 0xDF,
    0x0F, 0xF0, 0xFB, 0x01, 0x7E, 0x3F, 0xC0, 0xEF, 0x07, 0xF8, 0xF9, 0x01, 0x3F, 0x3F, 0xE0, 0xE7,
    0x07, 0xFC, 0xFC, 0x81, 0x1F, 0x3F, 0xF0, 0xE3, 0x07, 0x7E, 0xF8, 0xC1, 0x0F, 0x7F, 0xF8, 0xC1,
    0xFF, 0x3F, 0xF8, 0xFF, 0x07, 0xFE, 0xFF, 0x80, 0xFF, 0x1F, 0xFC, 0xFF, 0xC3, 0xFF, 0x7F, 0xF8,
    0xFF, 0x8F, 0x7F, 0xF8, 0xF1, 0x07, 0x3F, 0x7F, 0xE0, 0xE7, 0x07, 0xFC, 0xFC, 0x80, 0xDF, 0x1F,
    0xF0, 0xFB, 0x03, 0x7E, 0x3F, 0xC0, 0xEF, 0x07, 0xF8, 0xFD, 0x00, 0xFF, 0x0F, 0xE0, 0xFF, 0x01,
    0xFC, 0x3F, 0x80, 0xFF, 0x07, 0xF0, 0x03, 0x00, 0x1D, 0x19, 0x23, 0x1C, 0xFF, 0xFF, 0x03, 0xFE,
    0xFF, 0x07, 0xFC, 0xFF, 0x0F, 0xF8, 0xFF, 0x1F, 0xF0, 0xFF, 0x3F, 0xE0, 0xFF, 0x7F, 0xC0, 0x0F,
    0xFC, 0x80, 0x1F, 0xF8, 0x01, 0x3F, 0xF0, 0x03, 0x7E, 0xE0, 0x07, 0xFC, 0xC0, 0x0F, 0xF8, 0x81,
    0x1F, 0xF0, 0x03, 0x3F, 0xE0, 0x07, 0x7E, 0xC0, 0x0F, 0xFC, 0x80, 0x1F, 0xF8, 0x01, 0x3F, 0xF0,
    0x03, 0x7E, 0xE0, 0x07, 0xFC, 0xC0, 0x0F, 0xF8, 0x81, 0x3F, 0xF0, 0x03, 0x7E, 0xE0, 0x07, 0xFC,
    0xC0, 0x0F, 0xF8, 0x81, 0x1F, 0xF0, 0x03, 0x3F, 0xE0, 0x07, 0x7E, 0xC0, 0x1F, 0xFC, 0x00, 0x3F,
    0xF8, 0x01, 0xFE, 0xF0, 0x03, 0xFC, 0xEF, 0x07, 0xF0, 0xDF, 0x0F, 0xE0, 0xBF, 0x1F, 0x80, 0x7F,
    0x3F, 0x00, 0xFF, 0x7F, 0x00, 0xFC, 0x03, 0x00, 0xE0, 0x03, 0x03, 0x1D, 0x1A, 0x22, 0x20, 0x7F,
    0x00, 0xF8, 0xFF, 0x01, 0xE0, 0xFF, 0x07, 0xC0, 0xFF, 0x3F, 0x00, 0xFF, 0xFF, 0x00, 0xFC, 0xFF,
    0x07, 0xF8, 0xFF, 0x1F, 0xE0, 0xFF, 0x7F, 0xC0, 0xFF, 0xFF, 0x03, 0xFF, 0xFF, 0x0F, 0xFC, 0xFF,
    0x7F, 0xF8, 0xFF, 0xF7, 0xE1, 0xFB, 0xDF, 0xC7, 0xEF, 0x7F, 0x3F, 0xBF, 0xFF, 0xF9, 0x7E, 0xFE,
    0xE7, 0xFF, 0xF9, 0x1F, 0xFF, 0xE3, 0x7F, 0xFC, 0x8F, 0xFF, 0xF1, 0x3F, 0xFE, 0x87, 0x7F, 0xF8,
    0x1F, 0xFE, 0xE1, 0x7F, 0xF0, 0x83, 0xFF, 0xC1, 0x0F, 0xFE, 0x07, 0x1F, 0xF8, 0x1F, 0x78, 0xE0,
    0x7F, 0x00, 0x80, 0xFF, 0x01, 0x00, 0xFE, 0x07, 0x00, 0xF8, 0x1F, 0x00, 0xE0, 0x7F, 0x00, 0x80,
    0xFF, 0x01, 0x00, 0xFE, 0x07, 0x00, 0xF8, 0x1F, 0x00, 0xE0, 0x7F, 0x00, 0x80, 0x0F, 0x03, 0x1D,
    0x15, 0x22, 0x1B, 0x3F, 0x80, 0xFF, 0x07, 0xF0, 0xFF, 0x00, 0xFE, 0x1F, 0xC0, 0xFF, 0x03, 0xF8,
    0x7F, 0x00, 0xFF, 0x0F, 0xE0, 0xFF, 0x01, 0xFC, 0x3F, 0x80, 0xFF, 0x07, 0xF0, 0xFF, 0x00, 0xFE,
    0x1F, 0xC0, 0xFF, 0x03, 0xF8, 0xFF, 0xFF, 0xFF, 0xFF, 0xFF, 0xFF, 0xFF, 0xFF, 0xFF, 0xFF, 0xFF,
    0xFF, 0xFF, 0xFF, 0xFF, 0xFF, 0xFF, 0xFF, 0xFF, 0x03, 0xF8, 0x7F, 0x00, 0xFF, 0x0F, 0xE0, 0xFF,
    0x01, 0xFC, 0x3F, 0x80, 0xFF, 0x07, 0xF0, 0xFF, 0x00, 0xFE, 0x1F, 0xC0, 0xFF, 0x03, 0xF8, 0x7F,
    0x00, 0xFF, 0x0F, 0xE0, 0xFF, 0x01, 0xFC, 0x3F, 0x80, 0xFF, 0x07, 0xF0, 0x03, 0x02, 0x1C, 0x17,
    0x24, 0x1B, 0x00, 0x7F, 0x00, 0xE0, 0xFF, 0x00, 0xF8, 0xFF, 0x00, 0xFE, 0xFF, 0x80, 0xFF, 0xFF,
    0xE0, 0xFF, 0xFF, 0xF0, 0xFF, 0x7F, 0xFC, 0x83, 0x7F, 0xFE, 0x80, 0x3F, 0x3F, 0x80, 0x9F, 0x1F,
    0xC0, 0xEF, 0x0F, 0xE0, 0xFF, 0x03, 0xE0, 0xFF, 0x01, 0xF0, 0xFF, 0x00, 0xF8, 0x7F, 0x00, 0xFC,
    0x3F, 0x00, 0xFE, 0x1F, 0x00, 0xFF, 0x0F, 0x80, 0xFF, 0x07, 0xC0, 0xFF, 0x03, 0xE0, 0xFF, 0x01,
    0xF0, 0xFF, 0x00, 0xF8, 0x7F, 0x00, 0xFC, 0x7F, 0x00, 0x7F, 0x3F, 0x80, 0x9F, 0x1F, 0xC0, 0xCF,
    0x1F, 0xF0, 0xE7, 0x1F, 0xFC, 0xE3, 0xFF, 0xFF, 0xF0, 0xFF, 0x7F, 0xF0, 0xFF, 0x1F, 0xF0, 0xFF,
    0x07, 0xF0, 0xFF, 0x01, 0xF0, 0x7F, 0x00, 0xE0, 0x0F, 0x00, 0x03, 0x1D, 0x15, 0x22, 0x1B, 0xFF,
    0xFF, 0xFF, 0xFF, 0xFF, 0xFF, 0xFF, 0xFF, 0xFF, 0xFF, 0xFF, 0xFF, 0xFF, 0xFF, 0xFF, 0xFF, 0x0F,
    0xE0, 0xFF, 0x01, 0xFC, 0x3F, 0x80, 0xFF, 0x07, 0xF0, 0xFF, 0x00, 0xFE, 0x1F, 0xC0, 0xFF, 0x03,
    0xF8, 0x7F, 0x00, 0xFF, 0x0F, 0xE0, 0xFF, 0x01, 0xFC, 0x3F, 0x80, 0xFF, 0x07, 0xF0, 0xFF, 0x00,
    0xFE, 0x1F, 0xC0, 0xFF, 0x03, 0xF8, 0x7F, 0x00, 0xFF, 0x0F, 0xE0, 0xFF, 0x01, 0xFC, 0x3F, 0x80,
    0xFF, 0x07, 0xF0, 0xFF, 0x00, 0xFE, 0x1F, 0xC0, 0xFF, 0x03, 0xF8, 0x7F, 0x00, 0xFF, 0x0F, 0xE0,
    0xFF, 0x01, 0xFC, 0x3F, 0x80, 0xFF, 0x07, 0xF0, 0x03, 0x03, 0x1C, 0x16, 0x30, 0x1B, 0xC0, 0x0F,
    0x00, 0xF8, 0xCF, 0x0F, 0xFF, 0xF7, 0xE3, 0xFF, 0xFF, 0xFC, 0xFF, 0x3F, 0xFF, 0xFF, 0xCF, 0xFF,
    0xFF, 0xFB, 0x87, 0xFF, 0xFE, 0xC0, 0xBF, 0x1F, 0xE0, 0xEF, 0x07, 0xF0, 0xFF, 0x01, 0xFC, 0x3F,
    0x00, 0xFF, 0x0F, 0xC0, 0xFF, 0x03, 0xF0, 0xFF, 0x00, 0xFC, 0x3F, 0x00, 0xFF, 0x0F, 0xC0, 0xFF,
    0x03, 0xF0, 0xFF, 0x00, 0xFC, 0x3F, 0x00, 0xFF, 0x0F, 0xC0, 0xFF, 0x03, 0xF0, 0xFF, 0x01, 0xFC,
    0x7E, 0x00, 0xBF, 0x1F, 0xC0, 0xEF, 0x0F, 0xF8, 0xFB, 0x03, 0xFE, 0xFC, 0xE1, 0x3F, 0xFF, 0xFF,
    0xCF, 0xFF, 0xFF, 0xE3, 0xFF, 0xFF, 0xF8, 0xFF, 0x3F, 0xFC, 0xDF, 0x0F, 0xFE, 0xF3, 0x03, 0x3E,
    0xFC, 0x00, 0x00, 0x3F, 0x00, 0xC0, 0x0F, 0x00, 0xF0, 0x03, 0x00, 0xFC, 0x00, 0x00, 0x3F, 0x00,
    0xC0, 0x0F, 0x00, 0xF0, 0x03, 0x00, 0xFC, 0x00, 0x00, 0x3F, 0x00, 0xC0, 0x0F, 0x00, 0xF0, 0x03,
    0x00, 0xFC, 0x02, 0x1C, 0x15, 0x24, 0x18, 0xC0, 0x1F, 0x00, 0xFE, 0x0F, 0xE0, 0xFF, 0x03, 0xFE,
    0xFF, 0xE0, 0xFF, 0x3F, 0xFC, 0xFF, 0x8F, 0xFF, 0xFF, 0xE1, 0x83, 0x3F, 0x38, 0xE0, 0x0F, 0x02,
    0xF8, 0x01, 0x00, 0x3F, 0x00, 0xE0, 0x0F, 0x00, 0xF8, 0x01, 0x00, 0x3F, 0x00, 0xE0, 0x07, 0x00,
    0xFC, 0x00, 0x80, 0x1F, 0x00, 0xF0, 0x03, 0x00, 0x7E, 0x00, 0xC0, 0x0F, 0x00, 0xF8, 0x01, 0x00,
    0x3F, 0x00, 0xE0, 0x07, 0x00, 0xFC, 0x00, 0xC0, 0x1F, 0x00, 0xF8, 0x41, 0x00, 0x3F, 0x1C, 0xF0,
    0xC7, 0x07, 0xFF, 0xFC, 0xFF, 0xCF, 0xFF, 0xFF, 0xF1, 0xFF, 0x1F, 0xFC, 0xFF, 0x81, 0xFF, 0x1F,
    0xC0, 0xFF, 0x01, 0xE0, 0x0F, 0x00, 0x01, 0x1D, 0x16, 0x22, 0x18, 0xFF, 0xFF, 0xFF, 0xFF, 0xFF,
    0xFF, 0xFF, 0xFF, 0xFF, 0xFF, 0xFF, 0xFF, 0xFF, 0xFF, 0xFF, 0xFF, 0x0F, 0xF0, 0x03, 0x00, 0xFC,
    0x00, 0x00, 0x3F, 0x00, 0xC0, 0x0F, 0x00, 0xF0, 0x03, 0x00, 0xFC, 0x00, 0x00, 0x3F, 0x00, 0xC0,
    0x0F, 0x00, 0xF0, 0x03, 0x00, 0xFC, 0x00, 0x00, 0x3F, 0x00, 0xC0, 0x0F, 0x00, 0xF0, 0x03, 0x00,
    0xFC, 0x00, 0x00, 0x3F, 0x00, 0xC0, 0x0F, 0x00, 0xF0, 0x03, 0x00, 0xFC, 0x00, 0x00, 0x3F, 0x00,
    0xC0, 0x0F, 0x00, 0xF0, 0x03, 0x00, 0xFC, 0x00, 0x00, 0x3F, 0x00, 0xC0, 0x0F, 0x00, 0xF0, 0x03,
    0x00, 0xFC, 0x00, 0x00, 0x3F, 0x00, 0xC0, 0x0F, 0x00, 0x00, 0x1D, 0x17, 0x2F, 0x19, 0x1F, 0x00,
    0xBF, 0x0F, 0x80, 0xDF, 0x0F, 0xC0, 0xEF, 0x07, 0xF0, 0xF3, 0x03, 0xF8, 0xF9, 0x01, 0xFC, 0xF8,
    0x01, 0x7E, 0xFC, 0x80, 0x1F, 0x7E, 0xC0, 0x0F, 0x3E, 0xE0, 0x07, 0x3F, 0xF0, 0x83, 0x1F, 0xFC,
    0xC0, 0x0F, 0x7E, 0xC0, 0x07, 0x3F, 0xE0, 0x87, 0x1F, 0xF0, 0xE3, 0x07, 0xF0, 0xF1, 0x03, 0xF8,
    0xF9, 0x01, 0xFC, 0x7C, 0x00, 0x7E, 0x3F, 0x00, 0xBE, 0x1F, 0x00, 0xFF, 0x0F, 0x80, 0xFF, 0x03,
    0x80, 0xFF, 0x01, 0xC0, 0xFF, 0x00, 0xE0, 0x7F, 0x00, 0xF0, 0x1F, 0x00, 0xF0, 0x0F, 0x00, 0xF8,
    0x07, 0x00, 0xFC, 0x01, 0x00, 0xFE, 0x00, 0x00, 0x7E, 0x00, 0x00, 0x3F, 0x00, 0x80, 0x1F, 0x00,
    0x80, 0x1F, 0x00, 0xC0, 0x0F, 0x00, 0xE0, 0x07, 0x00, 0xF0, 0x07, 0x00, 0xF0, 0x03, 0x00, 0xF8,
    0x43, 0x00, 0xFC, 0x3F, 0x00, 0xFC, 0x3F, 0x00, 0xFE, 0x1F, 0x00, 0xFE, 0x0F, 0x00, 0xFE, 0x07,
    0x00, 0xFE, 0x03, 0x00, 0xFE, 0x00, 0x02, 0x10, 0x1C, 0x3C, 0x20, 0x00, 0xF8, 0x01, 0x00, 0x80,
    0x1F, 0x00, 0x00, 0xF8, 0x01, 0x00, 0x80, 0x1F, 0x00, 0x00, 0xF8, 0x01, 0x00, 0x80, 0x1F, 0x00,
    0x00, 0xF8, 0x01, 0x00, 0x80, 0x1F, 0x00, 0x00, 0xF8, 0x01, 0x00, 0x80, 0x1F, 0x00, 0x00, 0xF8,
    0x01, 0x00, 0x80, 0x1F, 0x00, 0x00, 0xF8, 0x01, 0x00, 0xE0, 0x7F, 0x00, 0xC0, 0xFF, 0x3F, 0x00,
    0xFE, 0xFF, 0x07, 0xF0, 0xFF, 0xFF, 0x80, 0xFF, 0xFF, 0x1F, 0xF8, 0xFF, 0xFF, 0xC1, 0xBF, 0xDF,
    0x3F, 0xFC, 0xF9, 0xF1, 0xE3, 0x8F, 0x1F, 0x7F, 0x7E, 0xF8, 0xE1, 0xE7, 0x87, 0x1F, 0x7E, 0x7F,
    0xF8, 0xE1, 0xFF, 0x83, 0x1F, 0xFC, 0x3F, 0xF8, 0xC1, 0xFF, 0x83, 0x1F, 0xFC, 0x3F, 0xF8, 0xC1,
    0xFF, 0x83, 0x1F, 0xFC, 0x3F, 0xF8, 0xC1, 0xFF, 0x83, 0x1F, 0xFC, 0x3F, 0xF8, 0xC1, 0xFF, 0x83,
    0x1F, 0xFC, 0x3F, 0xF8, 0xC1, 0xFF, 0x83, 0x1F, 0xFC, 0x7F, 0xF8, 0xE1, 0xEF, 0x87, 0x1F, 0x7E,
    0x7E, 0xF8, 0xE1, 0xE7, 0x8F, 0x1F, 0x7F, 0xFC, 0xF9, 0xF1, 0xC3, 0xBF, 0xDF, 0x3F, 0xF8, 0xFF,
    0xFF, 0x83, 0xFF, 0xFF, 0x1F, 0xF0, 0xFF, 0xFF, 0x00, 0xFE, 0xFF, 0x07, 0xC0, 0xFF, 0x3F, 0x00,
    0xF0, 0xFF, 0x00, 0x00, 0xF8, 0x01, 0x00, 0x80, 0x1F, 0x00, 0x00, 0xF8, 0x01, 0x00, 0x80, 0x1F,
    0x00, 0x00, 0xF8, 0x01, 0x00, 0x80, 0x1F, 0x00, 0x00, 0xF8, 0x01, 0x00, 0x80, 0x1F, 0x00, 0x00,
    0xF8, 0x01, 0x00, 0x80, 0x1F, 0x00, 0x00, 0xF8, 0x01, 0x00, 0x80, 0x1F, 0x00, 0x00, 0x1D, 0x17,
    0x22, 0x18, 0x7F, 0x00, 0x7F, 0x3F, 0x80, 0x9F, 0x3F, 0xE0, 0x8F, 0x1F, 0xF0, 0xC3, 0x1F, 0xFC,
    0xC1, 0x0F, 0xFE, 0xE0, 0x8F, 0x3F, 0xE0, 0xC7, 0x1F, 0xF0, 0xE7, 0x07, 0xF0, 0xFB, 0x03, 0xF8,
    0xFD, 0x00, 0xF8, 0x7F, 0x00, 0xFC, 0x1F, 0x00, 0xFC, 0x0F, 0x00, 0xFE, 0x03, 0x00, 0xFE, 0x01,
    0x00, 0x7F, 0x00, 0x80, 0x3F, 0x00, 0xE0, 0x3F, 0x00, 0xF0, 0x1F, 0x00, 0xFC, 0x1F, 0x00, 0xFE,
    0x0F, 0x00, 0xFF, 0x0F, 0xC0, 0xFF, 0x07, 0xE0, 0xF7, 0x07, 0xF8, 0xF3, 0x03, 0xFC, 0xF8, 0x03,
    0x7F, 0xF8, 0x81, 0x1F, 0xFC, 0xE1, 0x0F, 0xFC, 0xF0, 0x07, 0xFE, 0xFC, 0x01, 0x7E, 0xFE, 0x00,
    0xFF, 0x3F, 0x00, 0x3F, 0x03, 0x1D, 0x19, 0x2B, 0x1D, 0xF0, 0x03, 0xF8, 0xE1, 0x07, 0xF0, 0xC3,
    0x0F, 0xE0, 0x87, 0x1F, 0xC0, 0x0F, 0x3F, 0x80, 0x1F, 0x7E, 0x00, 0x3F, 0xFC, 0x00, 0x7E, 0xF8,
    0x01, 0xFC, 0xF0, 0x03, 0xF8, 0xE1, 0x07, 0xF0, 0xC3, 0x0F, 0xE0, 0x87, 0x1F, 0xC0, 0x0F, 0x3F,
    0x80, 0x1F, 0x7E, 0x00, 0x3F, 0xFC, 0x00, 0x7E, 0xF8, 0x01, 0xFC, 0xF0, 0x03, 0xF8, 0xE1, 0x07,
    0xF0, 0xC3, 0x0F, 0xE0, 0x87, 0x1F, 0xC0, 0x0F, 0x3F, 0x80, 0x1F, 0x7E, 0x00, 0x3F, 0xFC, 0x00,
    0x7E, 0xF8, 0x01, 0xFC, 0xF0, 0x03, 0xF8, 0xE1, 0x07, 0xF0, 0xC3, 0x0F, 0xE0, 0x87, 0x1F, 0xC0,
    0xFF, 0xFF, 0xFF, 0xFF, 0xFF, 0xFF, 0xFF, 0xFF, 0xFF, 0xFF, 0xFF, 0xFF, 0xFF, 0xFF, 0xFF, 0xFF,
    0xFF, 0xFF, 0xFF, 0xFF, 0x00, 0x00, 0xF8, 0x01, 0x00, 0xF0, 0x03, 0x00, 0xE0, 0x07, 0x00, 0xC0,
    0x0F, 0x00, 0x80, 0x1F, 0x00, 0x00, 0x3F, 0x00, 0x00, 0x7E, 0x00, 0x00, 0xFC, 0x00, 0x00, 0x00,
    0x02, 0x1C, 0x15, 0x22, 0x1A, 0x3F, 0x80, 0xFF, 0x07, 0xF0, 0xFF, 0x00, 0xFE, 0x1F, 0xC0, 0xFF,
    0x03, 0xF8, 0x7F, 0x00, 0xFF, 0x0F, 0xE0, 0xFF, 0x01, 0xFC, 0x3F, 0x80, 0xFF, 0x07, 0xF0, 0xFF,
    0x00, 0xFE, 0x1F, 0xC0, 0xFF, 0x03, 0xF8, 0x7F, 0x00, 0xFF, 0x0F, 0xF0, 0xFF, 0x03, 0xFF, 0xFF,
    0xFF, 0xEF, 0xFF, 0xFF, 0xFD, 0xFF, 0xBF, 0xFF, 0xFF, 0xF3, 0xFF, 0x3F, 0x7E, 0xFE, 0xC1, 0x0F,
    0x00, 0xF8, 0x01, 0x00, 0x3F, 0x00, 0xE0, 0x07, 0x00, 0xFC, 0x00, 0x80, 0x1F, 0x00, 0xF0, 0x03,
    0x00, 0x7E, 0x00, 0xC0, 0x0F, 0x00, 0xF8, 0x01, 0x00, 0x3F, 0x00, 0xE0, 0x07, 0x00, 0x00, 0x03,
    0x1D, 0x1F, 0x22, 0x25, 0x3F, 0xF0, 0x03, 0xFE, 0x1F, 0xF8, 0x01, 0xFF, 0x0F, 0xFC, 0x80, 0xFF,
    0x07, 0x7E, 0xC0, 0xFF, 0x03, 0x3F, 0xE0, 0xFF, 0x81, 0x1F, 0xF0, 0xFF, 0xC0, 0x0F, 0xF8, 0x7F,
    0xE0, 0x07, 0xFC, 0x3F, 0xF0, 0x03, 0xFE, 0x1F, 0xF8, 0x01, 0xFF, 0x0F, 0xFC, 0x80, 0xFF, 0x07,
    0x7E, 0xC0, 0xFF, 0x03, 0x3F, 0xE0, 0xFF, 0x81, 0x1F, 0xF0, 0xFF, 0xC0, 0x0F, 0xF8, 0x7F, 0xE0,
    0x07, 0xFC, 0x3F, 0xF0, 0x03, 0xFE, 0x1F, 0xF8, 0x01, 0xFF, 0x0F, 0xFC, 0x80, 0xFF, 0x07, 0x7E,
    0xC0, 0xFF, 0x03, 0x3F, 0xE0, 0xFF, 0x81, 0x1F, 0xF0, 0xFF, 0xC0, 0x0F, 0xF8, 0x7F, 0xE0, 0x07,
    0xFC, 0x3F, 0xF0, 0x03, 0xFE, 0x1F, 0xF8, 0x01, 0xFF, 0x0F, 0xFC, 0x80, 0xFF, 0x07, 0x7E, 0xC0,
    0xFF, 0xFF, 0xFF, 0xFF, 0xFF, 0xFF, 0xFF, 0xFF, 0xFF, 0xFF, 0xFF, 0xFF, 0xFF, 0xFF, 0xFF, 0xFF,
    0xFF, 0xFF, 0xFF, 0xFF, 0xFF, 0xFF, 0xFF, 0x3F, 0x03, 0x1D, 0x23, 0x2B, 0x27, 0xF0, 0x03, 0x3F,
    0xE0, 0x87, 0x1F, 0xF8, 0x01, 0x3F, 0xFC, 0xC0, 0x0F, 0xF8, 0xE1, 0x07, 0x7E, 0xC0, 0x0F, 0x3F,
    0xF0, 0x03, 0x7E, 0xF8, 0x81, 0x1F, 0xF0, 0xC3, 0x0F, 0xFC, 0x80, 0x1F, 0x7E, 0xE0, 0x07, 0xFC,
    0xF0, 0x03, 0x3F, 0xE0, 0x87, 0x1F, 0xF8, 0x01, 0x3F, 0xFC, 0xC0, 0x0F, 0xF8, 0xE1, 0x07, 0x7E,
    0xC0, 0x0F, 0x3F, 0xF0, 0x03, 0x7E, 0xF8, 0x81, 0x1F, 0xF0, 0xC3, 0x0F, 0xFC, 0x80, 0x1F, 0x7E,
    0xE0, 0x07, 0xFC, 0xF0, 0x03, 0x3F, 0xE0, 0x87, 0x1F, 0xF8, 0x01, 0x3F, 0xFC, 0xC0, 0x0F, 0xF8,
    0xE1, 0x07, 0x7E, 0xC0, 0x0F, 0x3F, 0xF0, 0x03, 0x7E, 0xF8, 0x81, 0x1F, 0xF0, 0xC3, 0x0F, 0xFC,
    0x80, 0x1F, 0x7E, 0xE0, 0x07, 0xFC, 0xF0, 0x03, 0x3F, 0xE0, 0x87, 0x1F, 0xF8, 0x01, 0x3F, 0xFC,
    0xC0, 0x0F, 0xF8, 0xE1, 0x07, 0x7E, 0xC0, 0xFF, 0xFF, 0xFF, 0xFF, 0xFF, 0xFF, 0xFF, 0xFF, 0xFF,
    0xFF, 0xFF, 0xFF, 0xFF, 0xFF, 0xFF, 0xFF, 0xFF, 0xFF, 0xFF, 0xFF, 0xFF, 0xFF, 0xFF, 0xFF, 0xFF,
    0xFF, 0xFF, 0x0F, 0x00, 0x00, 0x00, 0x7E, 0x00, 0x00, 0x00, 0xF0, 0x03, 0x00, 0x00, 0x80, 0x1F,
    0x00, 0x00, 0x00, 0xFC, 0x00, 0x00, 0x00, 0xE0, 0x07, 0x00, 0x00, 0x00, 0x3F, 0x00, 0x00, 0x00,
    0xF8, 0x01, 0x00, 0x00, 0xC0, 0x0F, 0x00, 0x00, 0x00, 0x00, 0x01, 0x1D, 0x1D, 0x22, 0x1F, 0x00,
    0x80, 0xFF, 0x1F, 0x00, 0xF0, 0xFF, 0x03, 0x00, 0xFE, 0x7F, 0x00, 0xC0, 0xFF, 0x0F, 0x00, 0xF8,
    0xFF, 0x01, 0x00, 0xFF, 0x3F, 0x00, 0xE0, 0x07, 0x00, 0x00, 0xFC, 0x00, 0x00, 0x80, 0x1F, 0x00,
    0x00, 0xF0, 0x03, 0x00, 0x00, 0x7E, 0x00, 0x00, 0xC0, 0x0F, 0x00, 0xF8, 0xFF, 0x01, 0xE0, 0xFF,
    0x3F, 0x00, 0xFE, 0xFF, 0x07, 0xE0, 0xFF, 0xFF, 0x00, 0xFE, 0xFF, 0x1F, 0xC0, 0xFF, 0xFF, 0x03,
    0xF8, 0x03, 0x7E, 0x80, 0x3F, 0xC0, 0x0F, 0xF0, 0x03, 0xF8, 0x01, 0x7E, 0x00, 0x3F, 0xC0, 0x0F,
    0xE0, 0x07, 0xF8, 0x01, 0xFC, 0x00, 0x3F, 0x80, 0x1F, 0xE0, 0x07, 0xF0, 0x03, 0xFC, 0x01, 0x7E,
    0x00, 0x7F, 0xC0, 0x0F, 0xE0, 0xFF, 0xFF, 0x01, 0xFC, 0xFF, 0x3F, 0x00, 0xFF, 0xFF, 0x07, 0xC0,
    0xFF, 0xFF, 0x00, 0xF0, 0xFF, 0x1F, 0x00, 0xF0, 0xFF, 0x03, 0x00, 0x03, 0x1D, 0x1E, 0x22, 0x24,
    0x3F, 0x00, 0x00, 0xFF, 0x0F, 0x00, 0xC0, 0xFF, 0x03, 0x00, 0xF0, 0xFF, 0x00, 0x00, 0xFC, 0x3F,
    0x00, 0x00, 0xFF, 0x0F, 0x00, 0xC0, 0xFF, 0x03, 0x00, 0xF0, 0xFF, 0x00, 0x00, 0xFC, 0x3F, 0x00,
    0x00, 0xFF, 0x0F, 0x00, 0xC0, 0xFF, 0x03, 0x00, 0xF0, 0xFF, 0x00, 0x00, 0xFC, 0x3F, 0x00, 0xFF,
    0xFF, 0x0F, 0xF8, 0xFF, 0xFF, 0x03, 0xFF, 0xFF, 0xFF, 0xE0, 0xFF, 0xFF, 0x3F, 0xFC, 0xFF, 0xFF,
    0x0F, 0xFF, 0xFF, 0xFF, 0xC3, 0x1F, 0xF0, 0xFF, 0xF8, 0x03, 0xFC, 0x3F, 0x7E, 0x00, 0xFF, 0x8F,
    0x1F, 0xC0, 0xFF, 0xE3, 0x07, 0xF0, 0xFF, 0xF8, 0x01, 0xFC, 0x3F, 0x7E, 0x00, 0xFF, 0x8F, 0x1F,
    0xC0, 0xFF, 0xE3, 0x0F, 0xF0, 0xFF, 0xF0, 0x07, 0xFC, 0x3F, 0xFC, 0xFF, 0xFF, 0x0F, 0xFF, 0xFF,
    0xFF, 0x83, 0xFF, 0xFF, 0xFF, 0xC0, 0xFF, 0xFF, 0x3F, 0xE0, 0xFF, 0xFF, 0x0F, 0xC0, 0xFF, 0x0F,
    0x03, 0x1D, 0x15, 0x22, 0x19, 0x00, 0x80, 0x1F, 0x00, 0xF0, 0x03, 0x00, 0x7E, 0x00, 0xC0, 0x0F,
    0x00, 0xF8, 0x01, 0x00, 0x3F, 0x00, 0xE0, 0x07, 0x00, 0xFC, 0x00, 0x80, 0x1F, 0x00, 0xF0, 0x03,
    0x00, 0x7E, 0x00, 0xC0, 0x0F, 0xF8, 0xFF, 0xE1, 0xFF, 0x3F, 0xFE, 0xFF, 0xE7, 0xFF, 0xFF, 0xFE,
    0xFF, 0xDF, 0xFF, 0xFF, 0xFB, 0x03, 0xFE, 0x3F, 0xC0, 0xFF, 0x03, 0xF8, 0x7F, 0x00, 0xFF, 0x0F,
    0xE0, 0xFF, 0x01, 0xFC, 0x3F, 0x80, 0xFF, 0x07, 0xF0, 0xFF, 0x01, 0x7E, 0x7F, 0xC0, 0xEF, 0xFF,
    0xFF, 0xFD, 0xFF, 0x3F, 0xFF, 0xFF, 0xC7, 0xFF, 0xFF, 0xF0, 0xFF, 0x1F, 0xF0, 0xFF, 0x03, 0x01,
    0x1C, 0x14, 0x24, 0x18, 0x00, 0x7F, 0x00, 0xFC, 0x1F, 0xE0, 0xFF, 0x03, 0xFF, 0x7F, 0xF8, 0xFF,
    0xCF, 0xFF, 0xFF, 0xFC, 0xFF, 0xC7, 0x1F, 0x3C, 0xFE, 0x80, 0xE1, 0x07, 0x08, 0x7E, 0x00, 0xE0,
    0x07, 0x00, 0x3F, 0x00, 0xF0, 0x03, 0x00, 0x3F, 0x00, 0xF0, 0xFF, 0x1F, 0xFF, 0xFF, 0xF1, 0xFF,
    0x1F, 0xFF, 0xFF, 0xF1, 0xFF, 0x1F, 0xFF, 0xFF, 0xF1, 0x03, 0x00, 0x3F, 0x00, 0xF0, 0x03, 0x00,
    0x3F, 0x00, 0xE0, 0x07, 0x00, 0x7E, 0x00, 0xE0, 0x0F, 0x18, 0xFE, 0xC1, 0xC7, 0xFF, 0xFF, 0xFC,
    0xFF, 0x8F, 0xFF, 0xFF, 0xF0, 0xFF, 0x07, 0xFE, 0x3F, 0xC0, 0xFF, 0x01, 0xF0, 0x07, 0x03, 0x1C,
    0x23, 0x24, 0x27, 0x00, 0xFE, 0x00, 0x00, 0x00, 0xFE, 0x1F, 0x00, 0x3F, 0xF8, 0xFF, 0x03, 0xF8,
    0xE1, 0xFF, 0x3F, 0xC0, 0x8F, 0xFF, 0xFF, 0x01, 0x7E, 0xFC, 0xFF, 0x1F, 0xF0, 0xF3, 0xFF, 0xFF,
    0x81, 0x9F, 0x7F, 0xF0, 0x0F, 0xFC, 0xFE, 0x00, 0x7F, 0xE0, 0xF7, 0x03, 0xF0, 0x03, 0xBF, 0x1F,
    0x80, 0x3F, 0xF8, 0xFD, 0x00, 0xFC, 0xC1, 0xFF, 0x03, 0xC0, 0x0F, 0xFE, 0x1F, 0x00, 0x7E, 0xF0,
    0xFF, 0x00, 0xF0, 0x83, 0xFF, 0x07, 0x80, 0xFF, 0xFF, 0x3F, 0x00, 0xFC, 0xFF, 0xFF, 0x01, 0xE0,
    0xFF, 0xFF, 0x0F, 0x00, 0xFF, 0xFF, 0x7F, 0x00, 0xF8, 0xFF, 0xFF, 0x03, 0xC0, 0xFF, 0xFF, 0x1F,
    0x00, 0x7E, 0xF0, 0xFF, 0x00, 0xF0, 0x83, 0xFF, 0x0F, 0x80, 0x1F, 0xFC, 0x7E, 0x00, 0xFE, 0xE0,
    0xF7, 0x03, 0xF0, 0x07, 0xBF, 0x3F, 0x80, 0x1F, 0xF8, 0xFD, 0x01, 0xFE, 0xC0, 0xCF, 0x3F, 0xFC,
    0x07, 0x7E, 0xFE, 0xFF, 0x3F, 0xF0, 0xE3, 0xFF, 0xFF, 0x80, 0x1F, 0xFF, 0xFF, 0x03, 0xFC, 0xF0,
    0xFF, 0x1F, 0xE0, 0x07, 0xFF, 0x7F, 0x00, 0x3F, 0xF0, 0xFF, 0x00, 0xF8, 0x01, 0xFC, 0x01, 0x00,
    0x00, 0x01, 0x1C, 0x15, 0x23, 0x19, 0xFF, 0x3F, 0xE0, 0xFF, 0x3F, 0xFC, 0xFF, 0x8F, 0xFF, 0xFF,
    0xF3, 0xFF, 0x7F, 0xFE, 0xFF, 0xDF, 0x0F, 0xFC, 0xFB, 0x01, 0x7F, 0x3F, 0xC0, 0xEF, 0x07, 0xF8,
    0xFD, 0x00, 0xBF, 0x1F, 0xE0, 0xF7, 0x03, 0xFC, 0x7E, 0x80, 0xDF, 0x0F, 0xF8, 0xF9, 0xFF, 0x3F,
    0xFF, 0xFF, 0xE7, 0xFF, 0x7F, 0xFC, 0xFF, 0x87, 0xFF, 0x7F, 0xF0, 0xFF, 0x03, 0x7E, 0xFE, 0xC0,
    0x8F, 0x1F, 0xF8, 0xF1, 0x07, 0x3F, 0xFC, 0xE0, 0x87, 0x3F, 0xFC, 0xE0, 0x87, 0x1F, 0xFC, 0xF1,
    0x03, 0x3F, 0x7E, 0xE0, 0xC7, 0x0F, 0xF8, 0xF9, 0x01, 0x3F, 0x3F, 0xE0, 0xEF, 0x07, 0xF8, 0xFD,
    0x00, 0x7F, 0x02, 0x0C, 0x16, 0x34, 0x1A, 0x00, 0xF8, 0x03, 0x00, 0xFE, 0x00, 0xC0, 0x1F, 0x00,
    0xF0, 0x03, 0x00, 0xFC, 0x00, 0x80, 0x1F, 0x00, 0xE0, 0x07, 0x00, 0xFC, 0x00, 0x00, 0x1F, 0x00,
    0xC0, 0x07, 0x00, 0xF8, 0x00, 0x00, 0x00, 0x00, 0x00, 0x00, 0x00, 0x00, 0x00, 0x00, 0x00, 0x00,
    0x00, 0x00, 0x00, 0x80, 0x3F, 0x00, 0xF8, 0x3F, 0x00, 0xFF, 0x1F, 0xE0, 0xFF, 0x0F, 0xFC, 0xFF,
    0x07, 0xFF, 0xFF, 0xE3, 0xFF, 0xFF, 0xF8, 0x87, 0x7F, 0x7E, 0xC0, 0x9F, 0x1F, 0xE0, 0xF7, 0x03,
    0xF8, 0xFD, 0x00, 0xFC, 0x3F, 0x00, 0xFF, 0x0F, 0xC0, 0xFF, 0xFF, 0xFF, 0xFF, 0xFF, 0xFF, 0xFF,
    0xFF, 0xFF, 0xFF, 0xFF, 0xFF, 0xFF, 0xFF, 0xFF, 0xFF, 0xFF, 0x00, 0x00, 0x3F, 0x00, 0xC0, 0x0F,
    0x00, 0xF0, 0x03, 0x00, 0xFC, 0x00, 0x00, 0x3F, 0x00, 0xE0, 0x07, 0x01, 0xF8, 0xE1, 0x00, 0x7F,
    0xFC, 0xE0, 0x9F, 0xFF, 0xFF, 0xF3, 0xFF, 0xFF, 0xF8, 0xFF, 0x1F, 0xFC, 0xFF, 0x03, 0xFE, 0x7F,
    0x00, 0xFF, 0x0F, 0x00, 0xFF, 0x00, 0x02, 0x10, 0x16, 0x30, 0x1A, 0xE0, 0x81, 0x07, 0xFC, 0xF0,
    0x03, 0x3F, 0xFC, 0xC0, 0x0F, 0x3F, 0xF0, 0xC3, 0x0F, 0xFC, 0xF0, 0x03, 0x3F, 0xFC, 0x80, 0x07,
    0x1E, 0x00, 0x00, 0x00, 0x00, 0x00, 0x00, 0x00, 0x00, 0x00, 0x00, 0x00, 0x80, 0x3F, 0x00, 0xF8,
    0x3F, 0x00, 0xFF, 0x1F, 0xE0, 0xFF, 0x0F, 0xFC, 0xFF, 0x07, 0xFF, 0xFF, 0xE3, 0xFF, 0xFF, 0xF8,
    0x87, 0x7F, 0x7E, 0xC0, 0x9F, 0x1F, 0xE0, 0xF7, 0x03, 0xF8, 0xFD, 0x00, 0xFC, 0x3F, 0x00, 0xFF,
    0x0F, 0xC0, 0xFF, 0xFF, 0xFF, 0xFF, 0xFF, 0xFF, 0xFF, 0xFF, 0xFF, 0xFF, 0xFF, 0xFF, 0xFF, 0xFF,
    0xFF, 0xFF, 0xFF, 0x00, 0x00, 0x3F, 0x00, 0xC0, 0x0F, 0x00, 0xF0, 0x03, 0x00, 0xFC, 0x00, 0x00,
    0x3F, 0x00, 0xE0, 0x07, 0x01, 0xF8, 0xE1, 0x00, 0x7F, 0xFC, 0xE0, 0x9F, 0xFF, 0xFF, 0xF3, 0xFF,
    0xFF, 0xF8, 0xFF, 0x1F, 0xFC, 0xFF, 0x03, 0xFE, 0x7F, 0x00, 0xFF, 0x0F, 0x00, 0xFF, 0x00, 0x01,
    0x0F, 0x1B, 0x3D, 0x1F, 0x00, 0x00, 0xFC, 0x00, 0x00, 0xE0, 0x07, 0x00, 0x00, 0x3F, 0x00, 0xF0,
    0xFF, 0x0F, 0x80, 0xFF, 0x7F, 0x00, 0xFC, 0xFF, 0x03, 0xE0, 0xFF, 0x1F, 0x00, 0xFF, 0xFF, 0x00,
    0xF8, 0xFF, 0x07, 0x00, 0xE0, 0x07, 0x00, 0x00, 0x3F, 0x00, 0x00, 0xF8, 0x01, 0x00, 0xC0, 0x0F,
    0xC0, 0x07, 0x7E, 0x80, 0xFF, 0xF0, 0x03, 0xFE, 0x8F, 0x1F, 0xF8, 0xFF, 0xFD, 0xE0, 0xFF, 0xEF,
    0x07, 0xFF, 0xFF, 0x3F, 0xFC, 0xFF, 0xFF, 0xE1, 0x1F, 0xFE, 0x0F, 0x7F, 0xE0, 0x7F, 0xF8, 0x01,
    0xFC, 0xE3, 0x0F, 0xC0, 0x1F, 0x7F, 0x00, 0xFC, 0xF8, 0x01, 0xE0, 0xC7, 0x0F, 0x00, 0x3F, 0x7E,
    0x00, 0xF8, 0xF1, 0x03, 0xC0, 0x8F, 0x1F, 0x00, 0x7E, 0xFC, 0x00, 0xF0, 0xE3, 0x07, 0x80, 0x1F,
    0x3F, 0x00, 0xFC, 0xF8, 0x01, 0xE0, 0xC7, 0x0F, 0x00, 0x3F, 0x7E, 0x00, 0xF8, 0xF1, 0x03, 0xC0,
    0x8F, 0x1F, 0x00, 0x7E, 0xFC, 0x00, 0xF0, 0xE3, 0x07, 0x80, 0x1F, 0x3F, 0x00, 0xFC, 0xF0, 0x03,
    0xE0, 0x87, 0x1F, 0x00, 0x3F, 0xFC, 0x00, 0xF8, 0xE1, 0x07, 0xC0, 0x0F, 0x3F, 0x00, 0x7E, 0xF8,
    0x01, 0xF0, 0x83, 0x1F, 0x80, 0x1F, 0xFC, 0x00, 0x00, 0xE0, 0x07, 0x00, 0x00, 0x7F, 0x00, 0x00,
    0xF0, 0x07, 0x00, 0x80, 0x7F, 0x00, 0x00, 0xF8, 0x07, 0x00, 0xC0, 0x7F, 0x00, 0x00, 0xFC, 0x03,
    0x00, 0xC0, 0x1F, 0x00, 0x00, 0xFE, 0x00, 0x00, 0xE0, 0x03, 0x00, 0x00, 0x1C, 0x00, 0x00, 0x00,
    0x00, 0x00, 0x03, 0x0C, 0x11, 0x33, 0x15, 0xFE, 0x01, 0xF8, 0x03, 0xE0, 0x07, 0xC0, 0x1F, 0x00,
    0x3F, 0x00, 0x7E, 0x00, 0xF8, 0x01, 0xE0, 0x03, 0xC0, 0x0F, 0x00, 0x1F, 0x00, 0x3C, 0x00, 0x00,
    0x00, 0x00, 0x00, 0x00, 0x00, 0x00, 0x00, 0x00, 0x00, 0x00, 0x00, 0xFE, 0xFF, 0xFF, 0xFF, 0xFF,
    0xFF, 0xFF, 0xFF, 0xFF, 0xFF, 0xFF, 0xFF, 0x7F, 0x00, 0xFC, 0x00, 0xF8, 0x01, 0xF0, 0x03, 0xE0,
    0x07, 0xC0, 0x0F, 0x80, 0x1F, 0x00, 0x3F, 0x00, 0x7E, 0x00, 0xFC, 0x00, 0xF8, 0x01, 0xF0, 0x03,
    0xE0, 0x07, 0xC0, 0x0F, 0x80, 0x1F, 0x00, 0x3F, 0x00, 0x7E, 0x00, 0xFC, 0x00, 0xF8, 0x01, 0xF0,
    0x03, 0xE0, 0x07, 0xC0, 0x0F, 0x80, 0x1F, 0x00, 0x3F, 0x00, 0x7E, 0x00, 0xFC, 0x00, 0xF8, 0x01,
    0xF0, 0x03, 0xE0, 0x07, 0x02, 0x1C, 0x15, 0x24, 0x18, 0xC0, 0x1F, 0x00, 0xFE, 0x0F, 0xF0, 0xFF,
    0x03, 0xFE, 0xFF, 0xE0, 0xFF, 0x3F, 0xFE, 0xFF, 0x8F, 0xFF, 0xFF, 0xE1, 0x83, 0x3F, 0x38, 0xE0,
    0x0F, 0x02, 0xF8, 0x01, 0x00, 0x3F, 0x00, 0xC0, 0x0F, 0x00, 0xF8, 0x01, 0x00, 0x3F, 0x00, 0xE0,
    0x87, 0xFF, 0xFF, 0xF0, 0xFF, 0x1F, 0xFE, 0xFF, 0xC3, 0xFF, 0x7F, 0xF8, 0xFF, 0x0F, 0xFF, 0xFF,
    0x01, 0x00, 0x3F, 0x00, 0xE0, 0x07, 0x00, 0xFC, 0x00, 0x80, 0x1F, 0x00, 0xF8, 0x41, 0x00, 0x3F,
    0x1C, 0xF0, 0xC7, 0x07, 0xFF, 0xFC, 0xFF, 0xCF, 0xFF, 0xFF, 0xF1, 0xFF, 0x1F, 0xFE, 0xFF, 0x81,
    0xFF, 0x1F, 0xC0, 0xFF, 0x01, 0xE0, 0x0F, 0x00, 0x01, 0x1C, 0x14, 0x24, 0x17, 0xC0, 0x1F, 0x00,
    0xFF, 0x07, 0xF8, 0xFF, 0xC0, 0xFF, 0x1F, 0xFE, 0xFF, 0xE3, 0xFF, 0x3F, 0xFE, 0xFF, 0xC7, 0x07,
    0x7F, 0x38, 0xE0, 0x07, 0x01, 0x7E, 0x00, 0xE0, 0x07, 0x00, 0x7E, 0x00, 0xF0, 0x07, 0xC0, 0x7F,
    0x80, 0xFF, 0x03, 0xFE, 0x3F, 0xF0, 0xFF, 0x83, 0xFF, 0x1F, 0xFC, 0xFF, 0xE0, 0xFF, 0x07, 0xFE,
    0x1F, 0xE0, 0x7F, 0x00, 0xFF, 0x00, 0xF0, 0x07, 0x00, 0x3F, 0x00, 0xF0, 0x03, 0x00, 0x3F, 0xC0,
    0xF0, 0x03, 0x1C, 0xFF, 0xF0, 0xE3, 0xFF, 0x7F, 0xFE, 0xFF, 0xE7, 0xFF, 0x7F, 0xFC, 0xFF, 0x83,
    0xFF, 0x1F, 0xF0, 0xFF, 0x00, 0xFC, 0x03, 0x03, 0x0F, 0x06, 0x30, 0x0C, 0xDE, 0xFF, 0xFF, 0xFF,
    0xFF, 0x7B, 0x00, 0x00, 0x00, 0x00, 0xF0, 0xFF, 0xFF, 0xFF, 0xFF, 0xFF, 0xFF, 0xFF, 0xFF, 0xFF,
    0xFF, 0xFF, 0xFF, 0xFF, 0xFF, 0xFF, 0xFF, 0xFF, 0xFF, 0xFF, 0xFF, 0xFF, 0xFF, 0xFF, 0xFF, 0xFF,
    0x00, 0x0F, 0x0E, 0x30, 0x0C, 0x07, 0xDE, 0xC3, 0xFF, 0xF0, 0x3F, 0xFC, 0x0F, 0xFF, 0xC3, 0xFF,
    0xF0, 0x1F, 0x78, 0x00, 0x00, 0x00, 0x00, 0x00, 0x00, 0x00, 0x00, 0x00, 0x00, 0x80, 0x1F, 0xE0,
    0x07, 0xF8, 0x01, 0x7E, 0x80, 0x1F, 0xE0, 0x07, 0xF8, 0x01, 0x7E, 0x80, 0x1F, 0xE0, 0x07, 0xF8,
    0x01, 0x7E, 0x80, 0x1F, 0xE0, 0x07, 0xF8, 0x01, 0x7E, 0x80, 0x1F, 0xE0, 0x07, 0xF8, 0x01, 0x7E,
    0x80, 0x1F, 0xE0, 0x07, 0xF8, 0x01, 0x7E, 0x80, 0x1F, 0xE0, 0x07, 0xF8, 0x01, 0x7E, 0x80, 0x1F,
    0xE0, 0x07, 0xF8, 0x01, 0x7E, 0x80, 0x1F, 0xE0, 0x07, 0x00, 0x10, 0x09, 0x3C, 0x0C, 0x01, 0x06,
    0x0C, 0x18, 0x30, 0x60, 0xC0, 0x80, 0x00, 0x00, 0x00, 0x00, 0x00, 0x00, 0x60, 0xC0, 0x80, 0x01,
    0x03, 0x06, 0x0C, 0x18, 0x30, 0x60, 0xC0, 0x80, 0x01, 0x03, 0x06, 0x0C, 0x18, 0x30, 0x60, 0xC0,
    0x80, 0x01, 0x03, 0x06, 0x0C, 0x18, 0x30, 0x60, 0xC0, 0x80, 0x01, 0x03, 0x06, 0x0C, 0x18, 0x30,
    0x60, 0xC0, 0x80, 0x01, 0x03, 0x06, 0x0C, 0x18, 0x70, 0xE8, 0xDF, 0xBF, 0x7F, 0xFF, 0xFE, 0xFF,
    0xF7, 0x07, 0x00, 0x1D, 0x27, 0x23, 0x28, 0x00, 0x80, 0xFF, 0xFF, 0x00, 0x00, 0xC0, 0xFF, 0x7F,
    0x00, 0x00, 0xE0, 0xFF, 0x3F, 0x00, 0x00, 0xF0, 0xFF, 0x1F, 0x00, 0x00, 0xF8, 0xFF, 0x0F, 0x00,
    0x00, 0xFC, 0xFF, 0x07, 0x00, 0x00, 0x7E, 0xF0, 0x03, 0x00, 0x00, 0x3F, 0xF8, 0x01, 0x00, 0x80,
    0x1F, 0xFC, 0x00, 0x00, 0xC0, 0x0F, 0x7E, 0x00, 0x00, 0xE0, 0x07, 0x3F, 0x00, 0x00, 0xF0, 0x83,
    0x1F, 0x00, 0xF8, 0xFF, 0xC1, 0x0F, 0x80, 0xFF, 0xFF, 0xE0, 0x07, 0xE0, 0xFF, 0x7F, 0xF0, 0x03,
    0xF8, 0xFF, 0x3F, 0xF8, 0x01, 0xFE, 0xFF, 0x1F, 0xFC, 0x00, 0xFF, 0xFF, 0x0F, 0x7E, 0x80, 0x3F,
    0xE0, 0x07, 0x3F, 0xE0, 0x0F, 0xF0, 0x83, 0x3F, 0xF0, 0x03, 0xF8, 0x81, 0x1F, 0xF8, 0x01, 0xFC,
    0xC0, 0x0F, 0xFC, 0x00, 0x7E, 0xE0, 0x07, 0x7E, 0x00, 0x3F, 0xF0, 0x03, 0x3F, 0x80, 0x1F, 0xF8,
    0x81, 0x1F, 0xC0, 0x0F, 0xFC, 0xC1, 0x1F, 0xE0, 0x07, 0xFC, 0xC0, 0x1F, 0xF0, 0x03, 0xFE, 0xE0,
    0xFF, 0xFF, 0x01, 0xFF, 0xF3, 0xFF, 0xFF, 0x00, 0xFF, 0xF1, 0xFF, 0x7F, 0x80, 0xFF, 0xF0, 0xFF,
    0x3F, 0xC0, 0x7F, 0xF0, 0xFF, 0x1F, 0xC0, 0x7F, 0xC0, 0xFF, 0x0F, 0xC0, 0x3F, 0x00, 0x00, 0x00,
    0x80, 0x0F, 0x03, 0x1D, 0x24, 0x22, 0x28, 0x00, 0x80, 0x1F, 0xC0, 0x0F, 0x00, 0xF8, 0x01, 0xFC,
    0x00, 0x80, 0x1F, 0xC0, 0x0F, 0x00, 0xF8, 0x01, 0xFC, 0x00, 0x80, 0x1F, 0xC0, 0x0F, 0x00, 0xF8,
    0x01, 0xFC, 0x00, 0x80, 0x1F, 0xC0, 0x0F, 0x00, 0xF8, 0x01, 0xFC, 0x00, 0x80, 0x1F, 0xC0, 0x0F,
    0x00, 0xF8, 0x01, 0xFC, 0x00, 0x80, 0x1F, 0xC0, 0x0F, 0x00, 0xF8, 0x01, 0xFC, 0xC0, 0xFF, 0xFF,
    0xFF, 0x0F, 0xFF, 0xFF, 0xFF, 0xFF, 0xFC, 0xFF, 0xFF, 0xFF, 0xCF, 0xFF, 0xFF, 0xFF, 0xFF, 0xFE,
    0xFF, 0xFF, 0xFF, 0xEF, 0xFF, 0xFF, 0xFF, 0xFF, 0xFF, 0x80, 0x1F, 0xC0, 0xFF, 0x07, 0xF8, 0x01,
    0xFC, 0x3F, 0x80, 0x1F, 0xC0, 0xFF, 0x03, 0xF8, 0x01, 0xFC, 0x3F, 0x80, 0x1F, 0xC0, 0xFF, 0x03,
    0xF8, 0x01, 0xFC, 0x3F, 0x80, 0x1F, 0xC0, 0xFF, 0x03, 0xF8, 0x01, 0xFC, 0x7F, 0x80, 0x1F, 0xC0,
    0xEF, 0x0F, 0xF8, 0x01, 0xFC, 0xFE, 0xFF, 0x1F, 0xC0, 0xEF, 0xFF, 0xFF, 0x01, 0xFC, 0xFC, 0xFF,
    0x1F, 0xC0, 0x8F, 0xFF, 0xFF, 0x01, 0xFC, 0xF0, 0xFF, 0x1F, 0xC0, 0x0F, 0xF8, 0xFF, 0x01, 0xFC,
    0x01, 0x0F, 0x19, 0x30, 0x1D, 0x00, 0x00, 0x3F, 0x00, 0x00, 0x7E, 0x00, 0x00, 0xFC, 0x00, 0x00,
    0xF8, 0x01, 0xE0, 0xFF, 0x1F, 0xC0, 0xFF, 0x3F, 0x80, 0xFF, 0x7F, 0x00, 0xFF, 0xFF, 0x00, 0xFE,
    0xFF, 0x01, 0x00, 0x7E, 0x00, 0x00, 0xFC, 0x00, 0x00, 0xF8, 0x01, 0x00, 0xF0, 0x03, 0x7C, 0xE0,
    0x07, 0xFE, 0xC3, 0x0F, 0xFE, 0x9F, 0x1F, 0xFC, 0x7F, 0x3F, 0xFC, 0xFF, 0x7E, 0xF8, 0xFF, 0xFF,
    0xF0, 0xFF, 0xFF, 0xF1, 0x8F, 0xFF, 0xE3, 0x0F, 0xFC, 0xC7, 0x0F, 0xF0, 0x8F, 0x1F, 0xC0, 0x1F,
    0x3F, 0x00, 0x3F, 0x7E, 0x00, 0x7E, 0xFC, 0x00, 0xFC, 0xF8, 0x01, 0xF8, 0xF1, 0x03, 0xF0, 0xE3,
    0x07, 0xE0, 0xC7, 0x0F, 0xC0, 0x8F, 0x1F, 0x80, 0x1F, 0x3F, 0x00, 0x3F, 0x7E, 0x00, 0x7E, 0xFC,
    0x00, 0xFC, 0xF8, 0x01, 0xF8, 0xF1, 0x03, 0xF0, 0xE3, 0x07, 0xE0, 0xC7, 0x0F, 0xC0, 0x8F, 0x1F,
    0x80, 0x1F, 0x3F, 0x00, 0x3F, 0x7E, 0x00, 0x7E, 0xFC, 0x00, 0xFC, 0xF8, 0x01, 0xF8, 0xF1, 0x03,
    0xF0, 0xE3, 0x07, 0xE0, 0xC7, 0x0F, 0xC0, 0x8F, 0x1F, 0x80, 0x1F, 0x03, 0x0C, 0x15, 0x33, 0x19,
    0xF8, 0x03, 0x00, 0xFE, 0x00, 0x80, 0x1F, 0x00, 0xF0, 0x07, 0x00, 0xFC, 0x00, 0x80, 0x1F, 0x00,
    0xE0, 0x07, 0x00, 0xF8, 0x00, 0x00, 0x3F, 0x00, 0xC0, 0x07, 0x00, 0xF0, 0x00, 0x00, 0x00, 0x00,
    0x00, 0x00, 0x00, 0x00, 0x00, 0x00, 0x00, 0x00, 0x00, 0x00, 0x00, 0x00, 0xE0, 0x0F, 0xF0, 0xFB,
    0x01, 0x7E, 0x3F, 0xC0, 0xEF, 0x07, 0xF8, 0xFD, 0x00, 0x3F, 0x3F, 0xE0, 0xE7, 0x07, 0xFC, 0xFC,
    0x80, 0x9F, 0x3F, 0xF0, 0xE3, 0x07, 0x7E, 0xFC, 0xC0, 0x0F, 0x3F, 0xF8, 0xE1, 0x0F, 0x3F, 0xF8,
    0xFF, 0x07, 0xFF, 0xFF, 0xC0, 0xFF, 0x1F, 0xF0, 0xFF, 0x83, 0xFF, 0x7F, 0xF8, 0xFF, 0x0F, 0xFF,
    0xFF, 0xF1, 0x0F, 0x3F, 0xFE, 0xE0, 0xE7, 0x0F, 0xFC, 0xFC, 0x80, 0x9F, 0x1F, 0xF0, 0xFB, 0x03,
    0x7E, 0x7F, 0xC0, 0xEF, 0x07, 0xF8, 0xFD, 0x00, 0xBF, 0x1F, 0xE0, 0xFF, 0x01, 0xFC, 0x3F, 0x80,
    0xFF, 0x07, 0xF0, 0xFF, 0x00, 0x7E, 0x03, 0x0C, 0x16, 0x33, 0x1B, 0x00, 0xF8, 0x03, 0x00, 0x7E,
    0x00, 0x80, 0x1F, 0x00, 0xF0, 0x03, 0x00, 0xFC, 0x00, 0x00, 0x1F, 0x00, 0xE0, 0x07, 0x00, 0xF8,
    0x00, 0x00, 0x1E, 0x00, 0xC0, 0x07, 0x00, 0xF0, 0x00, 0x00, 0x00, 0x00, 0x00, 0x00, 0x00, 0x00,
    0x00, 0x00, 0x00, 0x00, 0x00, 0x00, 0x00, 0x00, 0x00, 0xC0, 0x1F, 0xC0, 0xFF, 0x07, 0xF0, 0xFF,
    0x01, 0xFC, 0xFF, 0x00, 0xFF, 0x3F, 0xC0, 0xFF, 0x1F, 0xF0, 0xFF, 0x07, 0xFC, 0xFF, 0x03, 0xFF,
    0xFF, 0xC0, 0xFF, 0x3F, 0xF0, 0xFF, 0x1F, 0xFC, 0xFF, 0x07, 0xFF, 0xEF, 0xC3, 0xFF, 0xFB, 0xF0,
    0xFF, 0x7E, 0xFC, 0x3F, 0x1F, 0xFF, 0xCF, 0xC7, 0xFF, 0xE3, 0xF3, 0xFF, 0xF8, 0xFC, 0x3F, 0x7C,
    0xFF, 0x0F, 0xDF, 0xFF, 0xC3, 0xF7, 0xFF, 0xE0, 0xFF, 0x3F, 0xF8, 0xFF, 0x0F, 0xFC, 0xFF, 0x03,
    0xFF, 0xFF, 0x80, 0xFF, 0x3F, 0xE0, 0xFF, 0x0F, 0xF8, 0xFF, 0x03, 0xFC, 0xFF, 0x00, 0xFF, 0x3F,
    0x80, 0xFF, 0x0F, 0xE0, 0xFF, 0x03, 0xF0, 0x03, 0x00, 0x0F, 0x18, 0x3D, 0x18, 0xF8, 0xC0, 0x07,
    0xF8, 0xC0, 0x07, 0xF8, 0xC0, 0x07, 0xF8, 0xE1, 0x07, 0xF0, 0xE1, 0x03, 0xF0, 0xFF, 0x03, 0xE0,
    0xFF, 0x01, 0xC0, 0xFF, 0x00, 0x00, 0x3F, 0x00, 0x00, 0x00, 0x00, 0x00, 0x00, 0x00, 0x00, 0x00,
    0x00, 0x00, 0x00, 0x00, 0x00, 0x00, 0x00, 0x3F, 0x00, 0x3F, 0x3F, 0x00, 0x3F, 0x3F, 0x00, 0x3F,
    0x3E, 0x80, 0x3F, 0x7E, 0x80, 0x1F, 0x7E, 0x80, 0x1F, 0x7E, 0x80, 0x1F, 0x7C, 0xC0, 0x0F, 0xFC,
    0xC0, 0x0F, 0xFC, 0xC0, 0x0F, 0xFC, 0xC0, 0x0F, 0xF8, 0xC0, 0x07, 0xF8, 0xE1, 0x07, 0xF8, 0xE1,
    0x07, 0xF0, 0xE1, 0x07, 0xF0, 0xE1, 0x03, 0xF0, 0xF3, 0x03, 0xF0, 0xF3, 0x03, 0xE0, 0xF3, 0x03,
    0xE0, 0xF3, 0x01, 0xE0, 0xFF, 0x01, 0xE0, 0xFF, 0x01, 0xC0, 0xFF, 0x00, 0xC0, 0xFF, 0x00, 0xC0,
    0xFF, 0x00, 0x80, 0xFF, 0x00, 0x80, 0x7F, 0x00, 0x80, 0x7F, 0x00, 0x80, 0x7F, 0x00, 0x00, 0x7F,
    0x00, 0x00, 0x3F, 0x00, 0x00, 0x3F, 0x00, 0x00, 0x3F, 0x00, 0x00, 0x3E, 0x00, 0x00, 0x7E, 0x00,
    0x00, 0x7E, 0x00, 0x00, 0x7C, 0x00, 0x00, 0xFC, 0x00, 0x00, 0xFC, 0x00, 0x00, 0xF8, 0x01, 0x00,
    0xF8, 0x7F, 0x00, 0xF8, 0x7F, 0x00, 0xF0, 0x7F, 0x00, 0xF0, 0x7F, 0x00, 0xE0, 0x7F, 0x00, 0xC0,
    0x7F, 0x00, 0x00, 0x3F, 0x03, 0x1D, 0x16, 0x2B, 0x1C, 0x3F, 0x00, 0xFF, 0x0F, 0xC0, 0xFF, 0x03,
    0xF0, 0xFF, 0x00, 0xFC, 0x3F, 0x00, 0xFF, 0x0F, 0xC0, 0xFF, 0x03, 0xF0, 0xFF, 0x00, 0xFC, 0x3F,
    0x00, 0xFF, 0x0F, 0xC0, 0xFF, 0x03, 0xF0, 0xFF, 0x00, 0xFC, 0x3F, 0x00, 0xFF, 0x0F, 0xC0, 0xFF,
    0x03, 0xF0, 0xFF, 0x00, 0xFC, 0x3F, 0x00, 0xFF, 0x0F, 0xC0, 0xFF, 0x03, 0xF0, 0xFF, 0x00, 0xFC,
    0x3F, 0x00, 0xFF, 0x0F, 0xC0, 0xFF, 0x03, 0xF0, 0xFF, 0x00, 0xFC, 0x3F, 0x00, 0xFF, 0x0F, 0xC0,
    0xFF, 0x03, 0xF0, 0xFF, 0x00, 0xFC, 0xFF, 0xFF, 0xFF, 0xFF, 0xFF, 0xFF, 0xFF, 0xFF, 0xFF, 0xFF,
    0xFF, 0xFF, 0xFF, 0xFF, 0xFF, 0xFF, 0x0F, 0xF0, 0x03, 0x00, 0xFC, 0x00, 0x00, 0x3F, 0x00, 0xC0,
    0x0F, 0x00, 0xF0, 0x03, 0x00, 0xFC, 0x00, 0x00, 0x3F, 0x00, 0xC0, 0x0F, 0x00, 0xF0, 0x03, 0x00,
    0x90, 0x09, 0x02, 0x03, 0x09, 0x13, 0x36, 0x17, 0x3F, 0x00, 0xF8, 0x01, 0xC0, 0x0F, 0x00, 0x7E,
    0x00, 0xF0, 0x03, 0x80, 0x1F, 0x00, 0xFC, 0x00, 0xE0, 0x07, 0x00, 0x3F, 0x00, 0xF8, 0xFF, 0xFF,
    0xFF, 0xFF, 0xFF, 0xFF, 0xFF, 0xFF, 0xFF, 0xFF, 0xFF, 0xFF, 0xFF, 0xFF, 0xFF, 0xFF, 0xFF, 0xFF,
    0x07, 0x00, 0x3F, 0x00, 0xF8, 0x01, 0xC0, 0x0F, 0x00, 0x7E, 0x00, 0xF0, 0x03, 0x80, 0x1F, 0x00,
    0xFC, 0x00, 0xE0, 0x07, 0x00, 0x3F, 0x00, 0xF8, 0x01, 0xC0, 0x0F, 0x00, 0x7E, 0x00, 0xF0, 0x03,
    0x80, 0x1F, 0x00, 0xFC, 0x00, 0xE0, 0x07, 0x00, 0x3F, 0x00, 0xF8, 0x01, 0xC0, 0x0F, 0x00, 0x7E,
    0x00, 0xF0, 0x03, 0x80, 0x1F, 0x00, 0xFC, 0x00, 0xE0, 0x07, 0x00, 0x3F, 0x00, 0xF8, 0x01, 0xC0,
    0x0F, 0x00, 0x7E, 0x00, 0xF0, 0x03, 0x80, 0x1F, 0x00, 0xFC, 0x00, 0xE0, 0x07, 0x00, 0x3F, 0x00,
    0xF8, 0x01, 0xC0, 0x0F, 0x00, 0x7E, 0x00, 0xF0, 0x03, 0x03, 0x13, 0x11, 0x2C, 0x15, 0x3F, 0x00,
    0x7E, 0x00, 0xFC, 0x00, 0xF8, 0x01, 0xF0, 0x03, 0xE0, 0x07, 0xC0, 0x0F, 0x80, 0x1F, 0x00, 0x3F,
    0x00, 0xFE, 0xFF, 0xFF, 0xFF, 0xFF, 0xFF, 0xFF, 0xFF, 0xFF, 0xFF, 0xFF, 0xFF, 0xFF, 0xFF, 0xFF,
    0x00, 0xF8, 0x01, 0xF0, 0x03, 0xE0, 0x07, 0xC0, 0x0F, 0x80, 0x1F, 0x00, 0x3F, 0x00, 0x7E, 0x00,
    0xFC, 0x00, 0xF8, 0x01, 0xF0, 0x03, 0xE0, 0x07, 0xC0, 0x0F, 0x80, 0x1F, 0x00, 0x3F, 0x00, 0x7E,
    0x00, 0xFC, 0x00, 0xF8, 0x01, 0xF0, 0x03, 0xE0, 0x07, 0xC0, 0x0F, 0x80, 0x1F, 0x00, 0x3F, 0x00,
    0x7E, 0x00, 0xFC, 0x00, 0xF8, 0x01, 0xF0, 0x03, 0xE0, 0x07, 0xC0, 0x0F, 0x80, 0x3D, 0x06, 0x01,
    0x02, 0x28, 0x3E, 0x2A, 0x00, 0x00, 0xF0, 0x07, 0x00, 0x00, 0x00, 0xF0, 0x07, 0x00, 0x00, 0x00,
    0xF8, 0x03, 0x00, 0x00, 0x00, 0xF8, 0x01, 0x00, 0x00, 0x00, 0xF8, 0x01, 0x00, 0x00, 0x00, 0xFC,
    0x00, 0x00, 0x00, 0x00, 0xFC, 0x00, 0x00, 0x00, 0x00, 0x7E, 0x00, 0x00, 0x00, 0x00, 0x3E, 0x00,
    0x00, 0x00, 0x00, 0x3E, 0x00, 0x00, 0x00, 0x00, 0x1F, 0x00, 0x00, 0x00, 0x00, 0x00, 0x00, 0x00,
    0x00, 0x00, 0x00, 0x00, 0x00, 0x00, 0x00, 0x00, 0x00, 0x00, 0x00, 0x00, 0x00, 0x00, 0x00, 0x00,
    0x00, 0x00, 0x00, 0x00, 0x7F, 0x00, 0x7E, 0x00, 0xFE, 0x7F, 0x00, 0xFE, 0x00, 0xFE, 0x7E, 0x00,
    0xFE, 0x00, 0xFE, 0x7E, 0x00, 0xFF, 0x00, 0x7E, 0x7E, 0x00, 0xFF, 0x00, 0x7E, 0x7E, 0x00, 0xFF,
    0x00, 0x7E, 0xFE, 0x00, 0xFF, 0x01, 0x7E, 0xFC, 0x00, 0xFF, 0x01, 0x7F, 0xFC, 0x00, 0xFF, 0x01,
    0x7F, 0xFC, 0x80, 0xFF, 0x01, 0x3F, 0xFC, 0x80, 0xFF, 0x01, 0x3F, 0xFC, 0x81, 0xFF, 0x01, 0x3F,
    0xFC, 0x81, 0xFF, 0x03, 0x3F, 0xF8, 0x81, 0xFF, 0x83, 0x3F, 0xF8, 0xC1, 0xFF, 0x83, 0x1F, 0xF8,
    0xC1, 0xFF, 0x83, 0x1F, 0xF8, 0xC1, 0xFF, 0x83, 0x1F, 0xF8, 0xC3, 0xFF, 0x87, 0x1F, 0xF0, 0xC3,
    0xEF, 0x87, 0x1F, 0xF0, 0xC3, 0xE7, 0xC7, 0x1F, 0xF0, 0xE3, 0xE7, 0xC7, 0x0F, 0xF0, 0xE3, 0xE7,
    0xC7, 0x0F, 0xF0, 0xE3, 0xE7, 0xC7, 0x0F, 0xF0, 0xE7, 0xC7, 0xCF, 0x0F, 0xE0, 0xE7, 0xC7, 0xCF,
    0x0F, 0xE0, 0xE7, 0xC3, 0xEF, 0x0F, 0xE0, 0xF7, 0xC3, 0xEF, 0x07, 0xE0, 0xF7, 0xC3, 0xEF, 0x07,
    0xE0, 0xFF, 0xC3, 0xFF, 0x07, 0xC0, 0xFF, 0x83, 0xFF, 0x07, 0xC0, 0xFF, 0x83, 0xFF, 0x07, 0xC0,
    0xFF, 0x81, 0xFF, 0x03, 0xC0, 0xFF, 0x81, 0xFF, 0x03, 0xC0, 0xFF, 0x81, 0xFF, 0x03, 0xC0, 0xFF,
    0x01, 0xFF, 0x03, 0x80, 0xFF, 0x01, 0xFF, 0x03, 0x80, 0xFF, 0x00, 0xFF, 0x03, 0x80, 0xFF, 0x00,
    0xFF, 0x01, 0x80, 0xFF, 0x00, 0xFF, 0x01, 0x80, 0xFF, 0x00, 0xFF, 0x01, 0x00, 0xFF, 0x00, 0xFE,
    0x01, 0x00, 0xFF, 0x00, 0xFE, 0x01, 0x00, 0x7F, 0x00, 0xFE, 0x01, 0x00, 0x7F, 0x00, 0xFE, 0x00,
    0x00, 0x7F, 0x00, 0xFE, 0x00, 0x00, 0x7F, 0x00, 0xFC, 0x00, 0x00, 0x0D, 0x22, 0x33, 0x23, 0x00,
    0x00, 0xFC, 0x01, 0x00, 0x00, 0xF8, 0x03, 0x00, 0x00, 0xE0, 0x0F, 0x00, 0x00, 0x80, 0x1F, 0x00,
    0x00, 0x00, 0x3F, 0x00, 0x00, 0x00, 0xFC, 0x00, 0x00, 0x00, 0xF8, 0x01, 0x00, 0x00, 0xE0, 0x07,
    0x00, 0x00, 0x80, 0x0F, 0x00, 0x00, 0x00, 0x1F, 0x00, 0x00, 0x00, 0x7C, 0x00, 0x00, 0x00, 0x00,
    0x00, 0x00, 0x00, 0x00, 0x00, 0x00, 0x00, 0x00, 0x00, 0x00, 0x00, 0x00, 0x00, 0x00, 0x00, 0x00,
    0x00, 0x00, 0x00, 0x3F, 0x80, 0x07, 0xF0, 0xFF, 0x00, 0x3F, 0xC0, 0xFF, 0x03, 0xFC, 0x00, 0xBF,
    0x0F, 0xF0, 0x03, 0xFC, 0x7E, 0xC0, 0x0F, 0xF0, 0xFB, 0x81, 0x7F, 0xE0, 0xE7, 0x07, 0xFE, 0x81,
    0x9F, 0x1F, 0xF8, 0x07, 0x7E, 0x7C, 0xE0, 0x1F, 0xF8, 0xF1, 0xC1, 0xFF, 0xE0, 0xC7, 0x0F, 0xFF,
    0x83, 0x0F, 0x3F, 0xFC, 0x0F, 0x3F, 0xFC, 0xF0, 0x3F, 0xFC, 0xF0, 0xE3, 0xFF, 0xF1, 0x83, 0x8F,
    0xDF, 0xC7, 0x0F, 0x3E, 0x3E, 0x1F, 0x3F, 0xF8, 0xF9, 0x7C, 0x7C, 0xE0, 0xF7, 0xF3, 0xFB, 0x81,
    0xDF, 0x8F, 0xEF, 0x07, 0x7C, 0x1F, 0xBE, 0x1F, 0xF0, 0x7D, 0xF8, 0x7E, 0xC0, 0xF7, 0xE1, 0xFF,
    0x00, 0xFF, 0x07, 0xFF, 0x03, 0xFC, 0x0F, 0xFC, 0x0F, 0xF0, 0x3F, 0xF0, 0x3F, 0x80, 0xFF, 0xC0,
    0xFF, 0x00, 0xFE, 0x03, 0xFF, 0x01, 0xF8, 0x07, 0xF8, 0x07, 0xE0, 0x1F, 0xE0, 0x1F, 0x80, 0x7F,
    0x80, 0x7F, 0x00, 0xFC, 0x01, 0xFE, 0x01, 0xF0, 0x07, 0xF0, 0x07, 0xC0, 0x0F, 0xC0, 0x0F, 0x00,
    0x3F, 0x00, 0x3F, 0x00, 0xFC, 0x00, 0xFC, 0x00, 0x01, 0x02, 0x28, 0x3E, 0x2A, 0x00, 0xE0, 0x0F,
    0x00, 0x00, 0x00, 0xE0, 0x0F, 0x00, 0x00, 0x00, 0xC0, 0x1F, 0x00, 0x00, 0x00, 0x80, 0x1F, 0x00,
    0x00, 0x00, 0x80, 0x1F, 0x00, 0x00, 0x00, 0x00, 0x3F, 0x00, 0x00, 0x00, 0x00, 0x3F, 0x00, 0x00,
    0x00, 0x00, 0x7E, 0x00, 0x00, 0x00, 0x00, 0x7C, 0x00, 0x00, 0x00, 0x00, 0x7C, 0x00, 0x00, 0x00,
    0x00, 0xF8, 0x00, 0x00, 0x00, 0x00, 0x00, 0x00, 0x00, 0x00, 0x00, 0x00, 0x00, 0x00, 0x00, 0x00,
    0x00, 0x00, 0x00, 0x00, 0x00, 0x00, 0x00, 0x00, 0x00, 0x00, 0x00, 0x00, 0x00, 0x7F, 0x00, 0x7E,
    0x00, 0xFE, 0x7F, 0x00, 0xFE, 0x00, 0xFE, 0x7E, 0x00, 0xFE, 0x00, 0xFE, 0x7E, 0x00, 0xFF, 0x00,
    0x7E, 0x7E, 0x00, 0xFF, 0x00, 0x7E, 0x7E, 0x00, 0xFF, 0x00, 0x7E, 0xFE, 0x00, 0xFF, 0x01, 0x7E,
    0xFC, 0x00, 0xFF, 0x01, 0x7F, 0xFC, 0x00, 0xFF, 0x01, 0x7F, 0xFC, 0x80, 0xFF, 0x01, 0x3F, 0xFC,
    0x80, 0xFF, 0x01, 0x3F, 0xFC, 0x81, 0xFF, 0x01, 0x3F, 0xFC, 0x81, 0xFF, 0x03, 0x3F, 0xF8, 0x81,
    0xFF, 0x83, 0x3F, 0xF8, 0xC1, 0xFF, 0x83, 0x1F, 0xF8, 0xC1, 0xFF, 0x83, 0x1F, 0xF8, 0xC1, 0xFF,
    0x83, 0x1F, 0xF8, 0xC3, 0xFF, 0x87, 0x1F, 0xF0, 0xC3, 0xEF, 0x87, 0x1F, 0xF0, 0xC3, 0xE7, 0xC7,
    0x1F, 0xF0, 0xE3, 0xE7, 0xC7, 0x0F, 0xF0, 0xE3, 0xE7, 0xC7, 0x0F, 0xF0, 0xE3, 0xE7, 0xC7, 0x0F,
    0xF0, 0xE7, 0xC7, 0xCF, 0x0F, 0xE0, 0xE7, 0xC7, 0xCF, 0x0F, 0xE0, 0xE7, 0xC3, 0xEF, 0x0F, 0xE0,
    0xF7, 0xC3, 0xEF, 0x07, 0xE0, 0xF7, 0xC3, 0xEF, 0x07, 0xE0, 0xFF, 0xC3, 0xFF, 0x07, 0xC0, 0xFF,
    0x83, 0xFF, 0x07, 0xC0, 0xFF, 0x83, 0xFF, 0x07, 0xC0, 0xFF, 0x81, 0xFF, 0x03, 0xC0, 0xFF, 0x81,
    0xFF, 0x03, 0xC0, 0xFF, 0x81, 0xFF, 0x03, 0xC0, 0xFF, 0x01, 0xFF, 0x03, 0x80, 0xFF, 0x01, 0xFF,
    0x03, 0x80, 0xFF, 0x00, 0xFF, 0x03, 0x80, 0xFF, 0x00, 0xFF, 0x01, 0x80, 0xFF, 0x00, 0xFF, 0x01,
    0x80, 0xFF, 0x00, 0xFF, 0x01, 0x00, 0xFF, 0x00, 0xFE, 0x01, 0x00, 0xFF, 0x00, 0xFE, 0x01, 0x00,
    0x7F, 0x00, 0xFE, 0x01, 0x00, 0x7F, 0x00, 0xFE, 0x00, 0x00, 0x7F, 0x00, 0xFE, 0x00, 0x00, 0x7F,
    0x00, 0xFC, 0x00, 0x00, 0x0D, 0x22, 0x33, 0x23, 0x00, 0xFE, 0x00, 0x00, 0x00, 0xF0, 0x03, 0x00,
    0x00, 0xC0, 0x1F, 0x00, 0x00, 0x00, 0x7E, 0x00, 0x00, 0x00, 0xF8, 0x03, 0x00, 0x00, 0xC0, 0x0F,
    0x00, 0x00, 0x00, 0x3E, 0x00, 0x00, 0x00, 0xF8, 0x01, 0x00, 0x00, 0xC0, 0x07, 0x00, 0x00, 0x00,
    0x3F, 0x00, 0x00, 0x00, 0xF8, 0x00, 0x00, 0x00, 0x00, 0x00, 0x00, 0x00, 0x00, 0x00, 0x00, 0x00,
    0x00, 0x00, 0x00, 0x00, 0x00, 0x00, 0x00, 0x00, 0x00, 0x00, 0x00, 0x00, 0x3F, 0x80, 0x07, 0xF0,
    0xFF, 0x00, 0x3F, 0xC0, 0xFF, 0x03, 0xFC, 0x00, 0xBF, 0x0F, 0xF0, 0x03, 0xFC, 0x7E, 0xC0, 0x0F,
    0xF0, 0xFB, 0x81, 0x7F, 0xE0, 0xE7, 0x07, 0xFE, 0x81, 0x9F, 0x1F, 0xF8, 0x07, 0x7E, 0x7C, 0xE0,
    0x1F, 0xF8, 0xF1, 0xC1, 0xFF, 0xE0, 0xC7, 0x0F, 0xFF, 0x83, 0x0F, 0x3F, 0xFC, 0x0F, 0x3F, 0xFC,
    0xF0, 0x3F, 0xFC, 0xF0, 0xE3, 0xFF, 0xF1, 0x83, 0x8F, 0xDF, 0xC7, 0x0F, 0x3E, 0x3E, 0x1F, 0x3F,
    0xF8, 0xF9, 0x7C, 0x7C, 0xE0, 0xF7, 0xF3, 0xFB, 0x81, 0xDF, 0x8F, 0xEF, 0x07, 0x7C, 0x1F, 0xBE,
    0x1F, 0xF0, 0x7D, 0xF8, 0x7E, 0xC0, 0xF7, 0xE1, 0xFF, 0x00, 0xFF, 0x07, 0xFF, 0x03, 0xFC, 0x0F,
    0xFC, 0x0F, 0xF0, 0x3F, 0xF0, 0x3F, 0x80, 0xFF, 0xC0, 0xFF, 0x00, 0xFE, 0x03, 0xFF, 0x01, 0xF8,
    0x07, 0xF8, 0x07, 0xE0, 0x1F, 0xE0, 0x1F, 0x80, 0x7F, 0x80, 0x7F, 0x00, 0xFC, 0x01, 0xFE, 0x01,
    0xF0, 0x07, 0xF0, 0x07, 0xC0, 0x0F, 0xC0, 0x0F, 0x00, 0x3F, 0x00, 0x3F, 0x00, 0xFC, 0x00, 0xFC,
    0x00, 0x01, 0x05, 0x28, 0x3A, 0x29, 0x00, 0xE0, 0x81, 0x07, 0x00, 0x00, 0xF0, 0xC3, 0x0F, 0x00,
    0x00, 0xF0, 0xC3, 0x0F, 0x00, 0x00, 0xF0, 0xC3, 0x0F, 0x00, 0x00, 0xF0, 0xC3, 0x0F, 0x00, 0x00,
    0xF0, 0xC3, 0x0F, 0x00, 0x00, 0xF0, 0xC3, 0x0F, 0x00, 0x00, 0xE0, 0x81, 0x07, 0x00, 0x00, 0x00,
    0x00, 0x00, 0x00, 0x00, 0x00, 0x00, 0x00, 0x00, 0x00, 0x00, 0x00, 0x00, 0x00, 0x00, 0x00, 0x00,
    0x00, 0x00, 0x00, 0x00, 0x00, 0x00, 0x00, 0x7F, 0x00, 0x7E, 0x00, 0x7E, 0x7E, 0x00, 0xFF, 0x00,
    0x7E, 0x7E, 0x00, 0xFF, 0x00, 0x7E, 0x7E, 0x00, 0xFF, 0x00, 0x7E, 0xFE, 0x00, 0xFF, 0x00, 0x7F,
    0xFE, 0x00, 0xFF, 0x00, 0x7F, 0xFC, 0x00, 0xFF, 0x00, 0x3F, 0xFC, 0x00, 0xFF, 0x01, 0x3F, 0xFC,
    0x80, 0xFF, 0x01, 0x3F, 0xFC, 0x80, 0xFF, 0x01, 0x3F, 0xFC, 0x81, 0xFF, 0x81, 0x3F, 0xFC, 0x81,
    0xFF, 0x81, 0x1F, 0xF8, 0x81, 0xFF, 0x81, 0x1F, 0xF8, 0x81, 0xFF, 0x83, 0x1F, 0xF8, 0xC1, 0xFF,
    0x83, 0x1F, 0xF8, 0xC1, 0xFF, 0x83, 0x1F, 0xF8, 0xC3, 0xFF, 0xC3, 0x1F, 0xF0, 0xC3, 0xFF, 0xC3,
    0x0F, 0xF0, 0xC3, 0xE7, 0xC3, 0x0F, 0xF0, 0xC3, 0xE7, 0xC7, 0x0F, 0xF0, 0xE3, 0xE7, 0xC7, 0x0F,
    0xF0, 0xE7, 0xE7, 0xC7, 0x0F, 0xF0, 0xE7, 0xE7, 0xE7, 0x0F, 0xE0, 0xE7, 0xE7, 0xE7, 0x07, 0xE0,
    0xE7, 0xC3, 0xE7, 0x07, 0xE0, 0xE7, 0xC3, 0xEF, 0x07, 0xE0, 0xF7, 0xC3, 0xEF, 0x07, 0xE0, 0xFF,
    0xC3, 0xEF, 0x07, 0xC0, 0xFF, 0xC3, 0xFF, 0x03, 0xC0, 0xFF, 0xC3, 0xFF, 0x03, 0xC0, 0xFF, 0x81,
    0xFF, 0x03, 0xC0, 0xFF, 0x81, 0xFF, 0x03, 0xC0, 0xFF, 0x81, 0xFF, 0x03, 0x80, 0xFF, 0x81, 0xFF,
    0x03, 0x80, 0xFF, 0x81, 0xFF, 0x01, 0x80, 0xFF, 0x00, 0xFF, 0x01, 0x80, 0xFF, 0x00, 0xFF, 0x01,
    0x80, 0xFF, 0x00, 0xFF, 0x01, 0x80, 0xFF, 0x00, 0xFF, 0x01, 0x00, 0xFF, 0x00, 0xFF, 0x01, 0x00,
    0xFF, 0x00, 0xFF, 0x00, 0x00, 0x7F, 0x00, 0xFE, 0x00, 0x00, 0x7F, 0x00, 0xFE, 0x00, 0x00, 0x7F,
    0x00, 0xFE, 0x00, 0x00, 0x7E, 0x00, 0xFE, 0x00, 0x01, 0x0F, 0x22, 0x30, 0x23, 0x00, 0x3C, 0xF0,
    0x00, 0x00, 0xF8, 0xE1, 0x07, 0x00, 0xE0, 0x87, 0x1F, 0x00, 0x80, 0x1F, 0x7E, 0x00, 0x00, 0x7E,
    0xF8, 0x01, 0x00, 0xF8, 0xE1, 0x07, 0x00, 0xE0, 0x87, 0x1F, 0x00, 0x00, 0x0F, 0x3C, 0x00, 0x00,
    0x00, 0x00, 0x00, 0x00, 0x00, 0x00, 0x00, 0x00, 0x00, 0x00, 0x00, 0x00, 0x00, 0x00, 0x00, 0x00,
    0x00, 0x00, 0x00, 0x00, 0xFC, 0x00, 0x1F, 0xC0, 0xFF, 0x03, 0xFC, 0x00, 0xBF, 0x0F, 0xF0, 0x03,
    0xFE, 0x7E, 0xC0, 0x0F, 0xF8, 0xF9, 0x81, 0x3F, 0xE0, 0xE7, 0x07, 0xFE, 0x80, 0x9F, 0x1F, 0xF8,
    0x07, 0x7E, 0x7E, 0xE0, 0x1F, 0xF8, 0xF1, 0x81, 0x7F, 0xF0, 0xC3, 0x07, 0xFF, 0xC1, 0x0F, 0x3F,
    0xFC, 0x0F, 0x3F, 0xFC, 0xF0, 0x3F, 0xFC, 0xF0, 0xC3, 0xFF, 0xF0, 0x83, 0x8F, 0xFF, 0xC3, 0x07,
    0x3E, 0xBE, 0x9F, 0x1F, 0xF8, 0xF8, 0x7C, 0x7E, 0xE0, 0xE7, 0xF3, 0xF9, 0x81, 0x9F, 0xCF, 0xE7,
    0x07, 0x7C, 0x3F, 0x9F, 0x0F, 0xF0, 0x7D, 0xF8, 0x3E, 0xC0, 0xF7, 0xE1, 0xFB, 0x00, 0xDF, 0x87,
    0xFF, 0x03, 0xFC, 0x1F, 0xFE, 0x0F, 0xF0, 0x3F, 0xF0, 0x3F, 0x80, 0xFF, 0xC0, 0x7F, 0x00, 0xFE,
    0x03, 0xFF, 0x01, 0xF8, 0x0F, 0xFC, 0x07, 0xE0, 0x1F, 0xF0, 0x1F, 0x80, 0x7F, 0x80, 0x7F, 0x00,
    0xFC, 0x01, 0xFE, 0x00, 0xF0, 0x07, 0xF8, 0x03, 0xC0, 0x0F, 0xE0, 0x0F, 0x00, 0x3F, 0x00, 0x3F,
    0x00, 0xFC, 0x00, 0xFC, 0x00, 0xF0, 0x03, 0xF0, 0x01, 0x9E, 0x3D, 0x01, 0x03, 0x11, 0x1D, 0x2F,
    0x22, 0x00, 0xF8, 0x0F, 0x00, 0xF0, 0xFF, 0x0F, 0x00, 0xFF, 0xFF, 0x03, 0xE0, 0xFF, 0xFF, 0x00,
    0xFC, 0xFF, 0x3F, 0x80, 0xFF, 0xFF, 0x0F, 0xF0, 0xFF, 0xFF, 0x01, 0xFE, 0xFF, 0x7F, 0x00, 0xFE,
    0xF9, 0x0F, 0x00, 0x3F, 0xFC, 0x01, 0xC0, 0x0F, 0x3F, 0x00, 0xF8, 0xE1, 0x0F, 0x00, 0x3F, 0xF8,
    0x01, 0xE0, 0x07, 0x3F, 0x00, 0xFC, 0xE0, 0x07, 0x80, 0x1F, 0xFC, 0x00, 0xF8, 0x83, 0x1F, 0xC0,
    0x7F, 0xF0, 0x03, 0xFC, 0x07, 0x7E, 0xE0, 0xFF, 0xC0, 0x0F, 0xFE, 0x1F, 0xF8, 0xE1, 0xFF, 0x01,
    0x3F, 0xFE, 0x1F, 0xE0, 0xE7, 0xFF, 0x03, 0xFC, 0xFC, 0x1F, 0x80, 0xDF, 0xFF, 0x01, 0xF0, 0xFB,
    0x0F, 0x00, 0x7E, 0xFF, 0x00, 0xC0, 0xFF, 0x0F, 0x00, 0xF8, 0xFF, 0x00, 0x00, 0xFF, 0x0F, 0x00,
    0xE0, 0xFF, 0x01, 0x00, 0xFC, 0x3F, 0x00, 0x80, 0xFF, 0x07, 0x00, 0xF0, 0xFF, 0x00, 0x02, 0xFE,
    0x1F, 0xC0, 0xC0, 0xFF, 0x03, 0x3C, 0xF8, 0xFF, 0x80, 0x0F, 0xBF, 0x3F, 0xFC, 0xE3, 0xF7, 0xFF,
    0xFF, 0xFC, 0xFE, 0xFF, 0x8F, 0x9F, 0xFF, 0xFF, 0xF1, 0xF3, 0xFF, 0x1F, 0x7E, 0xFC, 0xFF, 0xC3,
    0x0F, 0xFF, 0x3F, 0xF8, 0x81, 0xFF, 0x03, 0x3F, 0xC0, 0x1F, 0x00, 0x00, 0xA0, 0x3D, 0x5A, 0x00,
    0x11, 0x1C, 0x3A, 0x1E, 0x00, 0xFC, 0x03, 0x00, 0xC0, 0x3F, 0x00, 0x00, 0xFC, 0x03, 0x00, 0xE0,
    0x7F, 0x00, 0x00, 0xFE, 0x07, 0x00, 0xE0, 0x7F, 0x00, 0x00, 0xFE, 0x07, 0x00, 0xF0, 0xFF, 0x00,
    0x00, 0xFF, 0x0F, 0x00, 0xF0, 0xFF, 0x00, 0x00, 0xFF, 0x0F, 0x00, 0xF0, 0xFF, 0x00, 0x80, 0xBF,
    0x1F, 0x00, 0xF8, 0xF9, 0x01, 0x80, 0x9F, 0x1F, 0x00, 0xF8, 0xF9, 0x01, 0xC0, 0x9F, 0x3F, 0x00,
    0xFC, 0xF1, 0x03, 0xC0, 0x0F, 0x3F, 0x00, 0xFC, 0xF0, 0x03, 0xC0, 0x0F, 0x3F, 0x00, 0xFE, 0xF0,
    0x07, 0xE0, 0x0F, 0x7E, 0x00, 0x7E, 0xE0, 0x07, 0xE0, 0x07, 0x7E, 0x00, 0x7F, 0xE0, 0x0F, 0xF0,
    0x07, 0xFE, 0x00, 0x3F, 0xC0, 0x0F, 0xF0, 0x03, 0xFC, 0x80, 0xFF, 0xFF, 0x1F, 0xF8, 0xFF, 0xFF,
    0x81, 0xFF, 0xFF, 0x1F, 0xF8, 0xFF, 0xFF, 0x81, 0xFF, 0xFF, 0x1F, 0xFC, 0xFF, 0xFF, 0xC3, 0xFF,
    0xFF, 0x3F, 0xFC, 0xFF, 0xFF, 0xC3, 0x0F, 0x00, 0x3F, 0xFE, 0x00, 0xF0, 0xE7, 0x0F, 0x00, 0x7F,
    0xFE, 0x00, 0xE0, 0xE7, 0x07, 0x00, 0x7E, 0x7F, 0x00, 0xE0, 0xF7, 0x07, 0x00, 0xFE, 0x7F, 0x00,
    0xC0, 0xFF, 0x03, 0x00, 0xFC, 0x00, 0x00, 0x00, 0x00, 0x00, 0x00, 0x00, 0x00, 0x00, 0x00, 0x00,
    0x00, 0x00, 0x00, 0x00, 0xF0, 0x00, 0x00, 0x80, 0x1F, 0x00, 0x00, 0xF8, 0x01, 0x00, 0x80, 0x1F,
    0x00, 0x00, 0xF8, 0x01, 0x00, 0x80, 0x1F, 0x00, 0x00, 0xF8, 0x01, 0x00, 0x00, 0x0F, 0x00, 0x02,
    0x1C, 0x15, 0x2F, 0x1A, 0x80, 0x3F, 0x00, 0xFE, 0x3F, 0xE0, 0xFF, 0x0F, 0xFE, 0xFF, 0xE3, 0xFF,
    0xFF, 0xFC, 0xFF, 0x9F, 0xFF, 0xFF, 0xFB, 0x07, 0x3F, 0x7F, 0x80, 0xE3, 0x07, 0x20, 0xFC, 0x00,
    0x80, 0x1F, 0x00, 0xF0, 0x03, 0x00, 0xFE, 0x01, 0xC0, 0xFF, 0x0F, 0xF8, 0xFF, 0x07, 0xFF, 0xFF,
    0xE3, 0xFF, 0xFF, 0xFC, 0xFF, 0xBF, 0x1F, 0xFF, 0xF7, 0x03, 0xFE, 0x7E, 0x80, 0xFF, 0x0F, 0xE0,
    0xFF, 0x01, 0xFC, 0x3F, 0x80, 0xFF, 0x07, 0xF0, 0xFF, 0x01, 0xFE, 0x7F, 0xC0, 0xFF, 0x3F, 0xFC,
    0xFF, 0xFF, 0xFF, 0xFF, 0xFF, 0xFB, 0xFF, 0x7F, 0xBF, 0xFF, 0xE7, 0xE7, 0xFF, 0xFC, 0xF8, 0x0F,
    0x00, 0x7C, 0x00, 0x00, 0x00, 0x00, 0x00, 0x00, 0x00, 0x00, 0x00, 0xF0, 0x00, 0x00, 0x3F, 0x00,
    0xE0, 0x07, 0x00, 0xFC, 0x00, 0x80, 0x1F, 0x00, 0xF0, 0x03, 0x00, 0x7E, 0x00, 0x80, 0x07, 0x00,
    0x00, 0x02, 0x1D, 0x3D, 0x1E, 0x00, 0xE0, 0x03, 0x00, 0x00, 0xFF, 0x00, 0x00, 0xE0, 0x1F, 0x00,
    0x00, 0xFE, 0x03, 0x00, 0xC0, 0x43, 0x00, 0x00, 0x78, 0x00, 0x00, 0x00, 0x0F, 0x00, 0x00, 0xE0,
    0x03, 0x00, 0x00, 0xF8, 0x01, 0x00, 0x00, 0x3F, 0x00, 0x00, 0x80, 0x07, 0x00, 0x00, 0xE0, 0x00,
    0x00, 0x00, 0x00, 0x00, 0x00, 0x00, 0x00, 0x00, 0x00, 0x00, 0x00, 0x00, 0x00, 0x00, 0x00, 0x00,
    0xFC, 0x07, 0x00, 0x80, 0xFF, 0x00, 0x00, 0xF0, 0x3F, 0x00, 0x00, 0xFE, 0x07, 0x00, 0xE0, 0xFF,
    0x00, 0x00, 0xFC, 0x1F, 0x00, 0x80, 0xFF, 0x07, 0x00, 0xF0, 0xFF, 0x00, 0x00, 0xFF, 0x1F, 0x00,
    0xE0, 0xFF, 0x03, 0x00, 0xFC, 0x7E, 0x00, 0x80, 0xDF, 0x1F, 0x00, 0xF0, 0xFB, 0x03, 0x00, 0x7F,
    0x7E, 0x00, 0xE0, 0xCF, 0x0F, 0x00, 0xFC, 0xF8, 0x03, 0x80, 0x1F, 0x7F, 0x00, 0xF8, 0xC3, 0x0F,
    0x00, 0x7F, 0xF8, 0x01, 0xE0, 0x07, 0x7F, 0x00, 0xFC, 0xE0, 0x0F, 0xC0, 0x1F, 0xF8, 0x01, 0xF8,
    0x03, 0x3F, 0x00, 0x7F, 0xE0, 0x07, 0xE0, 0x07, 0xFC, 0x01, 0xFE, 0x80, 0x3F, 0xC0, 0x1F, 0xE0,
    0x07, 0xF8, 0x03, 0xFC, 0x00, 0xFF, 0xFF, 0x3F, 0xE0, 0xFF, 0xFF, 0x07, 0xFE, 0xFF, 0xFF, 0xC0,
    0xFF, 0xFF, 0x1F, 0xF8, 0xFF, 0xFF, 0x07, 0xFF, 0xFF, 0xFF, 0xF0, 0xFF, 0xFF, 0x1F, 0xFE, 0xFF,
    0xFF, 0xC3, 0x1F, 0x00, 0x7E, 0xF8, 0x01, 0xC0, 0x9F, 0x3F, 0x00, 0xF0, 0xF3, 0x07, 0x00, 0x7E,
    0xFE, 0x00, 0xC0, 0xCF, 0x0F, 0x00, 0xF8, 0xFB, 0x01, 0x00, 0xFF, 0x3F, 0x00, 0xC0, 0xFF, 0x07,
    0x00, 0xF8, 0x01, 0x02, 0x0D, 0x15, 0x33, 0x1A, 0x00, 0x1E, 0x00, 0xF0, 0x0F, 0x00, 0xFE, 0x01,
    0xE0, 0x1F, 0x00, 0x3C, 0x02, 0x80, 0x07, 0x00, 0xF0, 0x00, 0x00, 0x1E, 0x00, 0x80, 0x0F, 0x00,
    0xF0, 0x01, 0x00, 0x3C, 0x00, 0x00, 0x07, 0x00, 0x00, 0x00, 0x00, 0x00, 0x00, 0x00, 0x00, 0x00,
    0xFC, 0x01, 0xF0, 0xFF, 0x01, 0xFF, 0x7F, 0xF0, 0xFF, 0x1F, 0xFF, 0xFF, 0xE7, 0xFF, 0xFF, 0xFC,
    0xFF, 0xDF, 0x3F, 0xF8, 0xF9, 0x03, 0x1C, 0x3F, 0x00, 0xE1, 0x07, 0x00, 0xFC, 0x00, 0x80, 0x1F,
    0x00, 0xF0, 0x0F, 0x00, 0xFE, 0x7F, 0xC0, 0xFF, 0x3F, 0xF8, 0xFF, 0x1F, 0xFF, 0xFF, 0xE7, 0xFF,
    0xFF, 0xFD, 0xF8, 0xBF, 0x1F, 0xF0, 0xF7, 0x03, 0xFC, 0x7F, 0x00, 0xFF, 0x0F, 0xE0, 0xFF, 0x01,
    0xFC, 0x3F, 0x80, 0xFF, 0x0F, 0xF0, 0xFF, 0x03, 0xFE, 0xFF, 0xE1, 0xFF, 0xFF, 0xFF, 0xFF, 0xFF,
    0xDF, 0xFF, 0xFF, 0xFB, 0xFD, 0x3F, 0x3F, 0xFF, 0xE7, 0xC7, 0x7F, 0x00, 0xE0, 0x03, 0x00, 0x7E,
    0x1E, 0x41, 0x1E, 0x7F, 0x00, 0x00, 0x80, 0x1F, 0x00, 0x00, 0xE0, 0x0F, 0x00, 0x00, 0xF0, 0x03,
    0x00, 0x00, 0xF8, 0x01, 0x00, 0x00, 0x7E, 0x00, 0x00, 0x00, 0x1F, 0x3E, 0x00, 0x80, 0xCF, 0x1F,
    0x00, 0xE0, 0xF3, 0x0F, 0x00, 0x00, 0xFE, 0x03, 0x00, 0x80, 0xFF, 0x01, 0x00, 0xF0, 0x7F, 0x00,
    0x00, 0x7E, 0x3F, 0x00, 0x80, 0x8F, 0x0F, 0x00, 0xF0, 0xC1, 0x07, 0x00, 0x7C, 0xE0, 0x03, 0x00,
    0x00, 0x00, 0x00, 0x00, 0x00, 0x00, 0x00, 0x00, 0x00, 0x00, 0x00, 0x00, 0x00, 0x00, 0x00, 0xF8,
    0x0F, 0x00, 0x00, 0xFE, 0x03, 0x00, 0x80, 0xFF, 0x01, 0x00, 0xE0, 0x7F, 0x00, 0x00, 0xF8, 0x1F,
    0x00, 0x00, 0xFF, 0x07, 0x00, 0xC0, 0xFF, 0x03, 0x00, 0xF0, 0xFF, 0x00, 0x00, 0xFC, 0x3F, 0x00,
    0x80, 0xFF, 0x0F, 0x00, 0xE0, 0xFF, 0x03, 0x00, 0xF8, 0xFD, 0x01, 0x00, 0x7E, 0x7E, 0x00, 0xC0,
    0x9F, 0x1F, 0x00, 0xF0, 0xE7, 0x07, 0x00, 0xFC, 0xF8, 0x03, 0x00, 0x3F, 0xFC, 0x00, 0xC0, 0x0F,
    0x3F, 0x00, 0xF8, 0xC3, 0x0F, 0x00, 0xFE, 0xF0, 0x07, 0x80, 0x1F, 0xFC, 0x01, 0xE0, 0x07, 0x7E,
    0x00, 0xFC, 0x81, 0x1F, 0x00, 0x7F, 0xE0, 0x07, 0xC0, 0x0F, 0xF8, 0x03, 0xF0, 0x03, 0xFE, 0x00,
    0xFE, 0x00, 0x3F, 0x80, 0x3F, 0xC0, 0x0F, 0xE0, 0xFF, 0xFF, 0x07, 0xF8, 0xFF, 0xFF, 0x01, 0xFE,
    0xFF, 0x7F, 0xC0, 0xFF, 0xFF, 0x1F, 0xF0, 0xFF, 0xFF, 0x0F, 0xFC, 0xFF, 0xFF, 0x03, 0xFF, 0xFF,
    0xFF, 0xE0, 0xFF, 0xFF, 0x3F, 0xF8, 0x03, 0xC0, 0x0F, 0xFE, 0x00, 0xF0, 0x87, 0x1F, 0x00, 0xF8,
    0xF1, 0x07, 0x00, 0x7E, 0xFC, 0x01, 0x80, 0x1F, 0x7F, 0x00, 0xE0, 0xCF, 0x0F, 0x00, 0xF8, 0xF3,
    0x03, 0x00, 0xFC, 0xFE, 0x00, 0x00, 0x3F, 0x02, 0x09, 0x1A, 0x37, 0x1A, 0x7F, 0x00, 0x00, 0xF8,
    0x01, 0x00, 0xE0, 0x0F, 0x00, 0x00, 0x3F, 0x00, 0x00, 0xF8, 0x01, 0x00, 0xE0, 0x07, 0x00, 0x00,
    0x1F, 0x7E, 0x00, 0xF8, 0xFC, 0x01, 0xE0, 0xFB, 0x0F, 0x00, 0xE0, 0x3F, 0x00, 0xC0, 0xFF, 0x01,
    0x00, 0xDF, 0x07, 0x00, 0x7E, 0x3E, 0x00, 0xF8, 0xF0, 0x01, 0xF0, 0xC1, 0x07, 0x00, 0x00, 0x00,
    0x00, 0x00, 0x00, 0x00, 0x00, 0x00, 0x00, 0x80, 0x7F, 0x00, 0x80, 0xFF, 0x0F, 0x00, 0xFF, 0x7F,
    0x00, 0xFE, 0xFF, 0x03, 0xFC, 0xFF, 0x1F, 0xF0, 0xFF, 0x7F, 0xC0, 0xFF, 0xFF, 0x81, 0x7F, 0xF0,
    0x03, 0xFE, 0x00, 0x07, 0xF8, 0x01, 0x08, 0xE0, 0x07, 0x00, 0x80, 0x1F, 0x00, 0x00, 0x7E, 0x00,
    0x00, 0xF8, 0x01, 0x00, 0xE0, 0xFF, 0x03, 0x80, 0xFF, 0x7F, 0x00, 0xFE, 0xFF, 0x03, 0xF8, 0xFF,
    0x3F, 0xE0, 0xFF, 0xFF, 0x80, 0xFF, 0xFF, 0x07, 0x7E, 0xF0, 0x1F, 0xF8, 0x01, 0xFF, 0xE0, 0x07,
    0xF8, 0x83, 0x1F, 0xC0, 0x0F, 0x7E, 0x00, 0x3F, 0xF8, 0x01, 0xFC, 0xE0, 0x07, 0xF0, 0x83, 0x3F,
    0xC0, 0x0F, 0xFE, 0x81, 0x3F, 0xF8, 0x1F, 0xFE, 0xE0, 0xFF, 0xFF, 0x83, 0xFF, 0xFF, 0x07, 0xFE,
    0xFF, 0x1F, 0xF8, 0xFD, 0x3F, 0xE0, 0xE7, 0xFF, 0x80, 0x1F, 0xFF, 0x01, 0x00, 0xF0, 0x01, 0x00,
    0x7E, 0x1E, 0x41, 0x1E, 0x00, 0x00, 0xC0, 0x1F, 0x00, 0x00, 0xF0, 0x07, 0x00, 0x00, 0xFE, 0x00,
    0x00, 0x80, 0x1F, 0x00, 0x00, 0xE0, 0x03, 0x00, 0x00, 0xFC, 0x00, 0x80, 0x0F, 0x1F, 0x00, 0xF0,
    0xE7, 0x03, 0x00, 0xFC, 0xFB, 0x00, 0x80, 0xFF, 0x00, 0x00, 0xE0, 0x7F, 0x00, 0x00, 0xFC, 0x1F,
    0x00, 0x80, 0xDF, 0x0F, 0x00, 0xE0, 0xE3, 0x03, 0x00, 0x7C, 0xF0, 0x01, 0x00, 0x1F, 0xF8, 0x00,
    0x00, 0x00, 0x00, 0x00, 0x00, 0x00, 0x00, 0x00, 0x00, 0x00, 0x00, 0x00, 0x00, 0x00, 0x00, 0x00,
    0xFE, 0x03, 0x00, 0x80, 0xFF, 0x00, 0x00, 0xE0, 0x7F, 0x00, 0x00, 0xF8, 0x1F, 0x00, 0x00, 0xFE,
    0x07, 0x00, 0xC0, 0xFF, 0x01, 0x00, 0xF0, 0xFF, 0x00, 0x00, 0xFC, 0x3F, 0x00, 0x00, 0xFF, 0x0F,
    0x00, 0xE0, 0xFF, 0x03, 0x00, 0xF8, 0xFF, 0x00, 0x00, 0x7E, 0x7F, 0x00, 0x80, 0x9F, 0x1F, 0x00,
    0xF0, 0xE7, 0x07, 0x00, 0xFC, 0xF9, 0x01, 0x00, 0x3F, 0xFE, 0x00, 0xC0, 0x0F, 0x3F, 0x00, 0xF0,
    0xC3, 0x0F, 0x00, 0xFE, 0xF0, 0x03, 0x80, 0x3F, 0xFC, 0x01, 0xE0, 0x07, 0x7F, 0x00, 0xF8, 0x81,
    0x1F, 0x00, 0x7F, 0xE0, 0x07, 0xC0, 0x1F, 0xF8, 0x01, 0xF0, 0x03, 0xFE, 0x00, 0xFC, 0x80, 0x3F,
    0x80, 0x3F, 0xC0, 0x0F, 0xE0, 0x0F, 0xF0, 0x03, 0xF8, 0xFF, 0xFF, 0x01, 0xFE, 0xFF, 0x7F, 0x80,
    0xFF, 0xFF, 0x1F, 0xF0, 0xFF, 0xFF, 0x07, 0xFC, 0xFF, 0xFF, 0x03, 0xFF, 0xFF, 0xFF, 0xC0, 0xFF,
    0xFF, 0x3F, 0xF8, 0xFF, 0xFF, 0x0F, 0xFE, 0x00, 0xF0, 0x83, 0x3F, 0x00, 0xFC, 0xE1, 0x07, 0x00,
    0x7E, 0xFC, 0x01, 0x80, 0x1F, 0x7F, 0x00, 0xE0, 0xC7, 0x1F, 0x00, 0xF8, 0xF3, 0x03, 0x00, 0xFE,
    0xFC, 0x00, 0x00, 0x3F, 0x3F, 0x00, 0xC0, 0x0F, 0x00, 0x09, 0x16, 0x37, 0x1A, 0x00, 0x80, 0x3F,
    0x00, 0xE0, 0x07, 0x00, 0xFC, 0x01, 0x00, 0x3F, 0x00, 0xC0, 0x07, 0x00, 0xF8, 0x01, 0x3F, 0x3E,
    0xE0, 0xCF, 0x07, 0xFC, 0xF7, 0x01, 0xFF, 0x01, 0xE0, 0xFF, 0x00, 0xF8, 0x3F, 0x00, 0x3F, 0x1F,
    0xC0, 0xC7, 0x0F, 0xF0, 0xE0, 0x03, 0x00, 0x00, 0x00, 0x00, 0x00, 0x00, 0x00, 0x00, 0xC0, 0x3F,
    0x00, 0xFC, 0x7F, 0x00, 0xFF, 0x3F, 0xC0, 0xFF, 0x1F, 0xF0, 0xFF, 0x0F, 0xFC, 0xFF, 0x03, 0xFF,
    0xFF, 0xC0, 0x83, 0x1F, 0x70, 0x80, 0x03, 0x0C, 0x40, 0x00, 0x03, 0x00, 0xC0, 0x00, 0x00, 0x30,
    0x00, 0x00, 0x0C, 0x00, 0x00, 0xFF, 0x01, 0xC0, 0xFF, 0x03, 0xF0, 0xFF, 0x01, 0xFC, 0xFF, 0x01,
    0xFF, 0x7F, 0xC0, 0xFF, 0x3F, 0x30, 0xF8, 0x0F, 0x0C, 0xF8, 0x07, 0x03, 0xFC, 0xC1, 0x00, 0x7E,
    0x30, 0x80, 0x1F, 0x0C, 0xE0, 0x07, 0x03, 0xF8, 0xC1, 0x01, 0x7E, 0xF0, 0xC0, 0x1F, 0xFC, 0xF0,
    0x07, 0xFF, 0xFF, 0xC1, 0xFF, 0x3F, 0xF0, 0xFF, 0x0F, 0xEC, 0xFF, 0x01, 0xF3, 0x7F, 0xC0, 0xF8,
    0x0F, 0x00, 0xF8, 0x00, 0x00, 0x00, 0x7D, 0x1D, 0x42, 0x1E, 0xF0, 0x03, 0x00, 0x00, 0xFF, 0x00,
    0x00, 0xF0, 0x1F, 0x00, 0x00, 0xFE, 0x03, 0x00, 0xC0, 0x03, 0x00, 0x00, 0x78, 0x00, 0x00, 0x00,
    0x0F, 0x00, 0x00, 0xC0, 0x8F, 0x1F, 0x00, 0xF8, 0xF9, 0x03, 0x00, 0x3C, 0xFF, 0x00, 0x00, 0xF7,
    0x1F, 0x00, 0x00, 0xFF, 0x07, 0x00, 0xE0, 0xFB, 0x00, 0x00, 0x7E, 0x3E, 0x00, 0xE0, 0xC7, 0x0F,
    0x00, 0x7C, 0xF0, 0x01, 0xC0, 0x07, 0x7C, 0x00, 0x00, 0x00, 0x00, 0x00, 0x00, 0x00, 0x00, 0x00,
    0x00, 0x00, 0x00, 0x00, 0x00, 0x00, 0x00, 0xF8, 0x0F, 0x00, 0x00, 0xFF, 0x01, 0x00, 0xE0, 0x7F,
    0x00, 0x00, 0xFC, 0x0F, 0x00, 0x80, 0xFF, 0x01, 0x00, 0xF8, 0x3F, 0x00, 0x00, 0xFF, 0x0F, 0x00,
    0xE0, 0xFF, 0x01, 0x00, 0xFC, 0x3F, 0x00, 0xC0, 0xFF, 0x07, 0x00, 0xF8, 0xFF, 0x01, 0x00, 0xBF,
    0x3F, 0x00, 0xE0, 0xE7, 0x07, 0x00, 0xFE, 0xFC, 0x00, 0xC0, 0x9F, 0x1F, 0x00, 0xF8, 0xF1, 0x07,
    0x00, 0x3F, 0xFC, 0x00, 0xF0, 0x87, 0x1F, 0x00, 0xFE, 0xF0, 0x03, 0xC0, 0x1F, 0xFE, 0x00, 0xF8,
    0xC1, 0x1F, 0x00, 0x3F, 0xF0, 0x03, 0xF0, 0x07, 0x7E, 0x00, 0xFE, 0xC0, 0x1F, 0xC0, 0x0F, 0xF8,
    0x03, 0xF8, 0x01, 0x7E, 0x80, 0x3F, 0xC0, 0x0F, 0xF0, 0x07, 0xF8, 0x01, 0xFE, 0xFF, 0x7F, 0xC0,
    0xFF, 0xFF, 0x0F, 0xFC, 0xFF, 0xFF, 0x81, 0xFF, 0xFF, 0x3F, 0xF0, 0xFF, 0xFF, 0x0F, 0xFE, 0xFF,
    0xFF, 0xC1, 0xFF, 0xFF, 0x3F, 0xFC, 0xFF, 0xFF, 0x87, 0x3F, 0x00, 0xFC, 0xF1, 0x03, 0x80, 0x3F,
    0x7E, 0x00, 0xE0, 0xE7, 0x0F, 0x00, 0xFC, 0xFC, 0x01, 0x80, 0x9F, 0x1F, 0x00, 0xF0, 0xF7, 0x03,
    0x00, 0xFE, 0x7F, 0x00, 0x80, 0xFF, 0x0F, 0x00, 0xF0, 0x03, 0x02, 0x07, 0x17, 0x39, 0x1A, 0xF8,
    0x00, 0x00, 0xFF, 0x00, 0x80, 0x7F, 0x00, 0xE0, 0x3F, 0x00, 0xF0, 0x00, 0x00, 0x78, 0x00, 0x00,
    0x3C, 0x00, 0x00, 0x3E, 0x00, 0x00, 0x7E, 0xFC, 0x00, 0x3E, 0x7F, 0x00, 0xDE, 0x7F, 0x00, 0xEE,
    0x3F, 0x00, 0xF8, 0x3F, 0x00, 0x7C, 0x1F, 0x00, 0x3F, 0x1F, 0xC0, 0x0F, 0x1F, 0xE0, 0x83, 0x0F,
    0x00, 0x00, 0x00, 0x00, 0x00, 0x00, 0x00, 0x00, 0x00, 0xF0, 0x0F, 0x00, 0xFE, 0x3F, 0x80, 0xFF,
    0x3F, 0xE0, 0xFF, 0x3F, 0xF8, 0xFF, 0x3F, 0xFC, 0xFF, 0x1F, 0xFE, 0xFF, 0x8F, 0x7F, 0xF0, 0xC3,
    0x1F, 0xE0, 0xE0, 0x07, 0x20, 0xF0, 0x03, 0x00, 0xF8, 0x01, 0x00, 0xFC, 0x00, 0x00, 0x7E, 0x00,
    0x00, 0xFF, 0x1F, 0x80, 0xFF, 0x7F, 0xC0, 0xFF, 0x7F, 0xE0, 0xFF, 0xFF, 0xF0, 0xFF, 0x7F, 0xF8,
    0xFF, 0x7F, 0xFC, 0xE0, 0x3F, 0x7E, 0xC0, 0x3F, 0x3F, 0xC0, 0x9F, 0x1F, 0xC0, 0xCF, 0x0F, 0xE0,
    0xE7, 0x07, 0xF0, 0xF3, 0x03, 0xF8, 0xF9, 0x03, 0xFC, 0xFC, 0x03, 0x7F, 0xFE, 0x87, 0x3F, 0xFF,
    0xFF, 0x9F, 0xFF, 0xFF, 0xC7, 0xFF, 0xFF, 0xE3, 0xF7, 0xFF, 0xF0, 0xF3, 0x7F, 0xF8, 0xF1, 0x1F,
    0x00, 0xE0, 0x03, 0x01, 0x7A, 0x1D, 0x45, 0x1F, 0x00, 0x80, 0x0F, 0x00, 0x3C, 0xF8, 0x03, 0x80,
    0x87, 0xFF, 0x00, 0xF0, 0xF9, 0x1F, 0x00, 0xFE, 0xFF, 0x07, 0xC0, 0xFF, 0xFF, 0x00, 0xF0, 0xFF,
    0x1F, 0x00, 0xFE, 0xC7, 0x03, 0x80, 0x7F, 0xF8, 0x00, 0xE0, 0x03, 0x00, 0x00, 0x00, 0x00, 0x00,
    0x00, 0x00, 0x00, 0x00, 0x80, 0x1F, 0x00, 0x00, 0xF8, 0x07, 0x00, 0x00, 0xFF, 0x01, 0x00, 0xF0,
    0x3F, 0x00, 0x00, 0xFF, 0x0F, 0x00, 0xE0, 0xF3, 0x03, 0x00, 0x3E, 0x7C, 0x00, 0xE0, 0x07, 0x1F,
    0x00, 0x7C, 0xE0, 0x03, 0x00, 0x00, 0x00, 0x00, 0x00, 0x00, 0x00, 0x00, 0x00, 0x00, 0x00, 0x00,
    0xFC, 0x07, 0x00, 0x80, 0xFF, 0x00, 0x00, 0xF0, 0x1F, 0x00, 0x00, 0xFF, 0x03, 0x00, 0xE0, 0x7F,
    0x00, 0x00, 0xFC, 0x1F, 0x00, 0x80, 0xFF, 0x03, 0x00, 0xF8, 0x7F, 0x00, 0x00, 0xFF, 0x0F, 0x00,
    0xE0, 0xFF, 0x03, 0x00, 0xFC, 0x7E, 0x00, 0xC0, 0xDF, 0x0F, 0x00, 0xF8, 0xFB, 0x01, 0x00, 0x3F,
    0x7F, 0x00, 0xE0, 0xE7, 0x0F, 0x00, 0xFE, 0xF8, 0x01, 0xC0, 0x1F, 0x3F, 0x00, 0xF8, 0xE3, 0x0F,
    0x00, 0x3F, 0xFC, 0x01, 0xE0, 0x07, 0x3F, 0x00, 0xFE, 0xE0, 0x07, 0xC0, 0x1F, 0xFC, 0x00, 0xF8,
    0x81, 0x3F, 0x00, 0x3F, 0xE0, 0x07, 0xF0, 0x07, 0xFC, 0x00, 0xFE, 0x80, 0x1F, 0xC0, 0x0F, 0xF0,
    0x07, 0xF8, 0x01, 0xFE, 0x80, 0xFF, 0xFF, 0x1F, 0xF0, 0xFF, 0xFF, 0x03, 0xFE, 0xFF, 0xFF, 0xC0,
    0xFF, 0xFF, 0x1F, 0xFC, 0xFF, 0xFF, 0x83, 0xFF, 0xFF, 0x7F, 0xF0, 0xFF, 0xFF, 0x1F, 0xFE, 0xFF,
    0xFF, 0xC3, 0x0F, 0x00, 0x7E, 0xFC, 0x01, 0xC0, 0x8F, 0x3F, 0x00, 0xF8, 0xF1, 0x03, 0x00, 0x7F,
    0x7E, 0x00, 0xE0, 0xEF, 0x0F, 0x00, 0xF8, 0xFD, 0x01, 0x00, 0xBF, 0x3F, 0x00, 0xE0, 0xFF, 0x03,
    0x00, 0xFC, 0x01, 0x02, 0x05, 0x15, 0x3B, 0x1A, 0x3E, 0xF0, 0xC0, 0x87, 0x7F, 0xF8, 0xF8, 0x0F,
    0xFF, 0xFF, 0xE3, 0xFF, 0x7F, 0xF8, 0xFF, 0x1F, 0xFF, 0xE7, 0xE3, 0x7F, 0x78, 0xF8, 0x07, 0x0F,
    0x3C, 0x00, 0x00, 0x00, 0x00, 0x80, 0x0F, 0x00, 0xF8, 0x03, 0x00, 0xFF, 0x00, 0xF0, 0x1F, 0x00,
    0xFF, 0x07, 0xE0, 0xFF, 0x00, 0x7E, 0x3E, 0xE0, 0xC7, 0x0F, 0x7C, 0xF0, 0x01, 0x00, 0x00, 0x00,
    0x00, 0x00, 0x00, 0x00, 0x00, 0xFC, 0x01, 0xF0, 0xFF, 0x01, 0xFF, 0x7F, 0xF0, 0xFF, 0x1F, 0xFF,
    0xFF, 0xE7, 0xFF, 0xFF, 0xFC, 0xFF, 0xDF, 0x3F, 0xF8, 0xF9, 0x03, 0x1C, 0x3F, 0x00, 0xE1, 0x07,
    0x00, 0xFC, 0x00, 0x80, 0x1F, 0x00, 0xF0, 0x0F, 0x00, 0xFE, 0x7F, 0xC0, 0xFF, 0x3F, 0xF8, 0xFF,
    0x1F, 0xFF, 0xFF, 0xE7, 0xFF, 0xFF, 0xFD, 0xF8, 0xBF, 0x1F, 0xF0, 0xF7, 0x03, 0xFC, 0x7F, 0x00,
    0xFF, 0x0F, 0xE0, 0xFF, 0x01, 0xFC, 0x3F, 0x80, 0xFF, 0x0F, 0xF0, 0xFF, 0x03, 0xFE, 0xFF, 0xE1,
    0xFF, 0xFF, 0xFF, 0xFF, 0xFF, 0xDF, 0xFF, 0xFF, 0xFB, 0xFD, 0x3F, 0x3F, 0xFF, 0xE7, 0xC7, 0x7F,
    0x00, 0xE0, 0x03, 0x00, 0x01, 0x1D, 0x4A, 0x1E, 0x00, 0xF0, 0x03, 0x00, 0x00, 0x7F, 0x00, 0x00,
    0xE0, 0x0F, 0x00, 0x00, 0xFC, 0x03, 0x00, 0xC0, 0x7F, 0x00, 0x00, 0xF8, 0x1F, 0x00, 0x80, 0xEF,
    0x03, 0x00, 0xF0, 0xF9, 0x00, 0x00, 0x1F, 0x1F, 0x00, 0xE0, 0xC3, 0x07, 0x00, 0x3E, 0xF8, 0x00,
    0xC0, 0x07, 0x3E, 0x00, 0x00, 0x00, 0x00, 0x00, 0x00, 0x00, 0x00, 0x00, 0x00, 0x00, 0x00, 0x00,
    0x00, 0x00, 0x00, 0xF8, 0x07, 0x00, 0x00, 0xFF, 0x00, 0x00, 0xE0, 0x1F, 0x00, 0x00, 0xFE, 0x03,
    0x00, 0xC0, 0xFF, 0x00, 0x00, 0xF8, 0x1F, 0x00, 0x00, 0xFF, 0x03, 0x00, 0xF0, 0x7F, 0x00, 0x00,
    0xFE, 0x1F, 0x00, 0xC0, 0xFF, 0x03, 0x00, 0xF8, 0x7F, 0x00, 0x80, 0xFF, 0x0F, 0x00, 0xF0, 0xFB,
    0x03, 0x00, 0x7E, 0x7E, 0x00, 0xC0, 0xCF, 0x0F, 0x00, 0xF8, 0xF9, 0x01, 0x80, 0x3F, 0x3F, 0x00,
    0xF0, 0xE3, 0x0F, 0x00, 0x7E, 0xF8, 0x01, 0xC0, 0x0F, 0x3F, 0x00, 0xFC, 0xE1, 0x07, 0x80, 0x3F,
    0xFC, 0x01, 0xF0, 0x03, 0x3F, 0x00, 0x7E, 0xE0, 0x07, 0xE0, 0x0F, 0xFC, 0x00, 0xFC, 0x81, 0x1F,
    0x80, 0x3F, 0xF0, 0x07, 0xF0, 0x03, 0xFC, 0x00, 0x7E, 0x80, 0x1F, 0xE0, 0xFF, 0xFF, 0x03, 0xFC,
    0xFF, 0xFF, 0x80, 0xFF, 0xFF, 0x1F, 0xF0, 0xFF, 0xFF, 0x03, 0xFF, 0xFF, 0x7F, 0xE0, 0xFF, 0xFF,
    0x1F, 0xFC, 0xFF, 0xFF, 0x83, 0xFF, 0xFF, 0x7F, 0xF8, 0x03, 0xC0, 0x0F, 0x7F, 0x00, 0xF8, 0xE1,
    0x0F, 0x00, 0x7F, 0xFC, 0x00, 0xC0, 0x8F, 0x1F, 0x00, 0xF8, 0xF9, 0x03, 0x00, 0x3F, 0x7F, 0x00,
    0xE0, 0xEF, 0x0F, 0x00, 0xFC, 0xFD, 0x00, 0x00, 0x3F, 0x00, 0x00, 0x00, 0x00, 0x00, 0x00, 0x00,
    0x00, 0x00, 0x00, 0x00, 0x00, 0x00, 0x00, 0x00, 0x80, 0x07, 0x00, 0x00, 0xF8, 0x01, 0x00, 0x00,
    0x3F, 0x00, 0x00, 0xE0, 0x07, 0x00, 0x00, 0xFC, 0x00, 0x00, 0x80, 0x1F, 0x00, 0x00, 0xF0, 0x03,
    0x00, 0x00, 0x3C, 0x00, 0x00, 0x02, 0x0C, 0x15, 0x3F, 0x1A, 0x00, 0x1F, 0x00, 0xF0, 0x07, 0x00,
    0xFE, 0x00, 0xE0, 0x3F, 0x00, 0xFC, 0x07, 0xC0, 0xFF, 0x01, 0xF8, 0x3E, 0x80, 0xDF, 0x0F, 0xF0,
    0xF1, 0x01, 0x3F, 0x7C, 0xE0, 0x83, 0x0F, 0x3E, 0xE0, 0x03, 0x00, 0x00, 0x00, 0x00, 0x00, 0x00,
    0x00, 0x00, 0x00, 0x00, 0x80, 0x3F, 0x00, 0xFE, 0x3F, 0xE0, 0xFF, 0x0F, 0xFE, 0xFF, 0xE3, 0xFF,
    0xFF, 0xFC, 0xFF, 0x9F, 0xFF, 0xFF, 0xFB, 0x07, 0x3F, 0x7F, 0x80, 0xE3, 0x07, 0x20, 0xFC, 0x00,
    0x80, 0x1F, 0x00, 0xF0, 0x03, 0x00, 0xFE, 0x01, 0xC0, 0xFF, 0x0F, 0xF8, 0xFF, 0x07, 0xFF, 0xFF,
    0xE3, 0xFF, 0xFF, 0xFC, 0xFF, 0xBF, 0x1F, 0xFF, 0xF7, 0x03, 0xFE, 0x7E, 0x80, 0xFF, 0x0F, 0xE0,
    0xFF, 0x01, 0xFC, 0x3F, 0x80, 0xFF, 0x07, 0xF0, 0xFF, 0x01, 0xFE, 0x7F, 0xC0, 0xFF, 0x3F, 0xFC,
    0xFF, 0xFF, 0xFF, 0xFF, 0xFF, 0xFB, 0xFF, 0x7F, 0xBF, 0xFF, 0xE7, 0xE7, 0xFF, 0xFC, 0xF8, 0x0F,
    0x00, 0x7C, 0x00, 0x00, 0x00, 0x00, 0x00, 0x00, 0x00, 0x00, 0x00, 0xF0, 0x00, 0x00, 0x3F, 0x00,
    0xE0, 0x07, 0x00, 0xFC, 0x00, 0x80, 0x1F, 0x00, 0xF0, 0x03, 0x00, 0x7E, 0x00, 0x80, 0x07, 0x00,
    0x00, 0x7C, 0x1C, 0x43, 0x1E, 0x80, 0x3F, 0x00, 0x00, 0xF0, 0x07, 0x00, 0x00, 0x7E, 0x00, 0x00,
    0xE0, 0x07, 0x00, 0x00, 0xFC, 0x00, 0x00, 0x80, 0x0F, 0x00, 0x00, 0xF8, 0x00, 0x00, 0x3C, 0xCF,
    0x03, 0xC0, 0x07, 0x3C, 0x00, 0x7C, 0xE0, 0x03, 0xC0, 0x0F, 0x3F, 0x00, 0xF8, 0xFF, 0x01, 0x80,
    0xFF, 0x1F, 0x00, 0xF8, 0xFF, 0x01, 0x00, 0xFF, 0x0F, 0x00, 0xE0, 0x7F, 0x00, 0x00, 0xFC, 0x03,
    0x00, 0x80, 0x1F, 0x00, 0x00, 0x00, 0x00, 0x00, 0x00, 0x00, 0x00, 0x00, 0x00, 0x00, 0x00, 0x00,
    0x00, 0x00, 0x00, 0xFC, 0x03, 0x00, 0xC0, 0x3F, 0x00, 0x00, 0xFC, 0x07, 0x00, 0xE0, 0x7F, 0x00,
    0x00, 0xFE, 0x07, 0x00, 0xE0, 0x7F, 0x00, 0x00, 0xFE, 0x0F, 0x00, 0xF0, 0xFF, 0x00, 0x00, 0xFF,
    0x0F, 0x00, 0xF0, 0xFF, 0x00, 0x00, 0xFF, 0x0F, 0x00, 0xF8, 0xFB, 0x01, 0x80, 0x9F, 0x1F, 0x00,
    0xF8, 0xF9, 0x01, 0x80, 0x9F, 0x1F, 0x00, 0xFC, 0xF9, 0x03, 0xC0, 0x1F, 0x3F, 0x00, 0xFC, 0xF0,
    0x03, 0xC0, 0x0F, 0x3F, 0x00, 0xFC, 0xF0, 0x07, 0xE0, 0x0F, 0x7E, 0x00, 0x7E, 0xE0, 0x07, 0xE0,
    0x07, 0x7E, 0x00, 0x7E, 0xE0, 0x07, 0xF0, 0x07, 0xFE, 0x00, 0x7F, 0xC0, 0x0F, 0xF0, 0x03, 0xFC,
    0x00, 0x3F, 0xC0, 0x0F, 0xF8, 0xFF, 0xFF, 0x81, 0xFF, 0xFF, 0x1F, 0xF8, 0xFF, 0xFF, 0x81, 0xFF,
    0xFF, 0x1F, 0xF8, 0xFF, 0xFF, 0xC3, 0xFF, 0xFF, 0x3F, 0xFC, 0xFF, 0xFF, 0xC3, 0xFF, 0xFF, 0x3F,
    0xFC, 0x00, 0xF0, 0xE3, 0x0F, 0x00, 0x7F, 0xFE, 0x00, 0xE0, 0xE7, 0x07, 0x00, 0x7E, 0x7E, 0x00,
    0xE0, 0xF7, 0x07, 0x00, 0xFE, 0x7F, 0x00, 0xE0, 0xFF, 0x07, 0x00, 0xFC, 0x3F, 0x00, 0xC0, 0x0F,
    0x02, 0x06, 0x15, 0x3A, 0x1A, 0xF0, 0x07, 0x00, 0xFC, 0x00, 0x80, 0x3F, 0x00, 0xE0, 0x07, 0x00,
    0xF8, 0x00, 0x00, 0x1F, 0x00, 0xC0, 0x07, 0xC0, 0xFB, 0x3C, 0x78, 0xC0, 0x07, 0x1F, 0xF8, 0xE0,
    0x87, 0x1F, 0xFC, 0xFF, 0x01, 0xFF, 0x3F, 0xE0, 0xFF, 0x07, 0xF8, 0x7F, 0x00, 0xFF, 0x07, 0xC0,
    0x7F, 0x00, 0xE0, 0x07, 0x00, 0x00, 0x00, 0x00, 0x00, 0x00, 0x00, 0x00, 0x00, 0x00, 0x00, 0xE0,
    0x0F, 0x80, 0xFF, 0x0F, 0xF8, 0xFF, 0x83, 0xFF, 0xFF, 0xF8, 0xFF, 0x3F, 0xFF, 0xFF, 0xE7, 0xFF,
    0xFF, 0xFE, 0xC1, 0xCF, 0x1F, 0xE0, 0xF8, 0x01, 0x08, 0x3F, 0x00, 0xE0, 0x07, 0x00, 0xFC, 0x00,
    0x80, 0x7F, 0x00, 0xF0, 0xFF, 0x03, 0xFE, 0xFF, 0xC1, 0xFF, 0xFF, 0xF8, 0xFF, 0x3F, 0xFF, 0xFF,
    0xEF, 0xC7, 0xFF, 0xFD, 0x80, 0xBF, 0x1F, 0xE0, 0xFF, 0x03, 0xF8, 0x7F, 0x00, 0xFF, 0x0F, 0xE0,
    0xFF, 0x01, 0xFC, 0x7F, 0x80, 0xFF, 0x1F, 0xF0, 0xFF, 0x0F, 0xFF, 0xFF, 0xFF, 0xFF, 0xFF, 0xFF,
    0xFE, 0xFF, 0xDF, 0xEF, 0xFF, 0xF9, 0xF9, 0x3F, 0x3F, 0xFE, 0x03, 0x00, 0x1F, 0x00, 0x00, 0x7C,
    0x1C, 0x43, 0x1E, 0x00, 0xC0, 0x1F, 0x00, 0x00, 0xFE, 0x00, 0x00, 0xE0, 0x07, 0x00, 0x00, 0x7E,
    0x00, 0x00, 0xE0, 0x03, 0x00, 0x00, 0x1F, 0x00, 0x00, 0xF0, 0x01, 0x00, 0x3C, 0xCF, 0x03, 0xC0,
    0x07, 0x3C, 0x00, 0x7C, 0xE0, 0x03, 0xC0, 0x0F, 0x3F, 0x00, 0xF8, 0xFF, 0x01, 0x80, 0xFF, 0x1F,
    0x00, 0xF8, 0xFF, 0x01, 0x00, 0xFF, 0x0F, 0x00, 0xE0, 0x7F, 0x00, 0x00, 0xFC, 0x03, 0x00, 0x80,
    0x1F, 0x00, 0x00, 0x00, 0x00, 0x00, 0x00, 0x00, 0x00, 0x00, 0x00, 0x00, 0x00, 0x00, 0x00, 0x00,
    0x00, 0xFC, 0x03, 0x00, 0xC0, 0x3F, 0x00, 0x00, 0xFC, 0x07, 0x00, 0xE0, 0x7F, 0x00, 0x00, 0xFE,
    0x07, 0x00, 0xE0, 0x7F, 0x00, 0x00, 0xFE, 0x0F, 0x00, 0xF0, 0xFF, 0x00, 0x00, 0xFF, 0x0F, 0x00,
    0xF0, 0xFF, 0x00, 0x00, 0xFF, 0x0F, 0x00, 0xF8, 0xFB, 0x01, 0x80, 0x9F, 0x1F, 0x00, 0xF8, 0xF9,
    0x01, 0x80, 0x9F, 0x1F, 0x00, 0xFC, 0xF9, 0x03, 0xC0, 0x1F, 0x3F, 0x00, 0xFC, 0xF0, 0x03, 0xC0,
    0x0F, 0x3F, 0x00, 0xFC, 0xF0, 0x07, 0xE0, 0x0F, 0x7E, 0x00, 0x7E, 0xE0, 0x07, 0xE0, 0x07, 0x7E,
    0x00, 0x7E, 0xE0, 0x07, 0xF0, 0x07, 0xFE, 0x00, 0x7F, 0xC0, 0x0F, 0xF0, 0x03, 0xFC, 0x00, 0x3F,
    0xC0, 0x0F, 0xF8, 0xFF, 0xFF, 0x81, 0xFF, 0xFF, 0x1F, 0xF8, 0xFF, 0xFF, 0x81, 0xFF, 0xFF, 0x1F,
    0xF8, 0xFF, 0xFF, 0xC3, 0xFF, 0xFF, 0x3F, 0xFC, 0xFF, 0xFF, 0xC3, 0xFF, 0xFF, 0x3F, 0xFC, 0x00,
    0xF0, 0xE3, 0x0F, 0x00, 0x7F, 0xFE, 0x00, 0xE0, 0xE7, 0x07, 0x00, 0x7E, 0x7E, 0x00, 0xE0, 0xF7,
    0x07, 0x00, 0xFE, 0x7F, 0x00, 0xE0, 0xFF, 0x07, 0x00, 0xFC, 0x3F, 0x00, 0xC0, 0x0F, 0x02, 0x06,
    0x15, 0x3A, 0x1A, 0x00, 0xFC, 0x01, 0x80, 0x3F, 0x00, 0xF0, 0x03, 0x00, 0x7F, 0x00, 0xE0, 0x07,
    0x00, 0x7C, 0x00, 0x80, 0x0F, 0xC0, 0xFB, 0x3C, 0x78, 0xC0, 0x07, 0x1F, 0xF8, 0xE0, 0x87, 0x1F,
    0xFC, 0xFF, 0x01, 0xFF, 0x3F, 0xE0, 0xFF, 0x07, 0xF8, 0x7F, 0x00, 0xFF, 0x07, 0xC0, 0x7F, 0x00,
    0xE0, 0x07, 0x00, 0x00, 0x00, 0x00, 0x00, 0x00, 0x00, 0x00, 0x00, 0x00, 0x00, 0xE0, 0x0F, 0x80,
    0xFF, 0x0F, 0xF8, 0xFF, 0x83, 0xFF, 0xFF, 0xF8, 0xFF, 0x3F, 0xFF, 0xFF, 0xE7, 0xFF, 0xFF, 0xFE,
    0xC1, 0xCF, 0x1F, 0xE0, 0xF8, 0x01, 0x08, 0x3F, 0x00, 0xE0, 0x07, 0x00, 0xFC, 0x00, 0x80, 0x7F,
    0x00, 0xF0, 0xFF, 0x03, 0xFE, 0xFF, 0xC1, 0xFF, 0xFF, 0xF8, 0xFF, 0x3F, 0xFF, 0xFF, 0xEF, 0xC7,
    0xFF, 0xFD, 0x80, 0xBF, 0x1F, 0xE0, 0xFF, 0x03, 0xF8, 0x7F, 0x00, 0xFF, 0x0F, 0xE0, 0xFF, 0x01,
    0xFC, 0x7F, 0x80, 0xFF, 0x1F, 0xF0, 0xFF, 0x0F, 0xFF, 0xFF, 0xFF, 0xFF, 0xFF, 0xFF, 0xFE, 0xFF,
    0xDF, 0xEF, 0xFF, 0xF9, 0xF9, 0x3F, 0x3F, 0xFE, 0x03, 0x00, 0x1F, 0x00, 0x00, 0x78, 0x1D, 0x47,
    0x1E, 0x00, 0xF0, 0x01, 0x00, 0x80, 0xFF, 0x00, 0x00, 0xF0, 0x0F, 0x00, 0x00, 0xFF, 0x01, 0x00,
    0xE0, 0x01, 0x00, 0x00, 0x3C, 0x00, 0x00, 0x80, 0x07, 0x00, 0x00, 0xF0, 0x01, 0x00, 0x00, 0xFC,
    0x00, 0x00, 0x80, 0x1F, 0x00, 0x00, 0xC0, 0x03, 0x00, 0x00, 0x70, 0x00, 0x00, 0x7C, 0xC0, 0x03,
    0x80, 0x0F, 0x78, 0x00, 0xF0, 0x83, 0x0F, 0x00, 0xFC, 0xFF, 0x01, 0x80, 0xFF, 0x3F, 0x00, 0xF0,
    0xFF, 0x03, 0x00, 0xFC, 0x7F, 0x00, 0x00, 0xFF, 0x07, 0x00, 0xC0, 0x7F, 0x00, 0x00, 0xE0, 0x03,
    0x00, 0x00, 0x00, 0x00, 0x00, 0x00, 0x00, 0x00, 0x00, 0x00, 0x00, 0x00, 0x00, 0x00, 0x00, 0x00,
    0xF0, 0x1F, 0x00, 0x00, 0xFE, 0x03, 0x00, 0xC0, 0x7F, 0x00, 0x00, 0xFC, 0x0F, 0x00, 0x80, 0xFF,
    0x03, 0x00, 0xF0, 0x7F, 0x00, 0x00, 0xFE, 0x0F, 0x00, 0xE0, 0xFF, 0x01, 0x00, 0xFC, 0x7F, 0x00,
    0x80, 0xFF, 0x0F, 0x00, 0xF0, 0xFB, 0x01, 0x00, 0x7F, 0x3F, 0x00, 0xE0, 0xEF, 0x07, 0x00, 0xFC,
    0xFC, 0x01, 0x80, 0x9F, 0x3F, 0x00, 0xF0, 0xE3, 0x07, 0x00, 0x7F, 0xFC, 0x00, 0xE0, 0x87, 0x3F,
    0x00, 0xFC, 0xF0, 0x07, 0x80, 0x1F, 0xFC, 0x00, 0xF8, 0x83, 0x1F, 0x00, 0x7F, 0xF0, 0x07, 0xE0,
    0x07, 0xFE, 0x00, 0xFC, 0x80, 0x1F, 0xC0, 0x1F, 0xF0, 0x03, 0xF8, 0x03, 0x7E, 0x00, 0x3F, 0xC0,
    0x1F, 0xE0, 0x07, 0xF0, 0x03, 0xFE, 0xFF, 0x7F, 0xC0, 0xFF, 0xFF, 0x0F, 0xF8, 0xFF, 0xFF, 0x03,
    0xFF, 0xFF, 0x7F, 0xE0, 0xFF, 0xFF, 0x0F, 0xFE, 0xFF, 0xFF, 0xC1, 0xFF, 0xFF, 0x7F, 0xF8, 0xFF,
    0xFF, 0x0F, 0x3F, 0x00, 0xF8, 0xF1, 0x07, 0x00, 0x3F, 0xFE, 0x00, 0xE0, 0xC7, 0x1F, 0x00, 0xFC,
    0xF9, 0x01, 0x00, 0xBF, 0x3F, 0x00, 0xE0, 0xF7, 0x07, 0x00, 0xFC, 0xFE, 0x00, 0x80, 0xFF, 0x0F,
    0x00, 0xF0, 0x07, 0x02, 0x02, 0x15, 0x3E, 0x1A, 0x00, 0x1F, 0x00, 0xF8, 0x0F, 0x00, 0xFF, 0x00,
    0xF0, 0x1F, 0x00, 0x3E, 0x00, 0xC0, 0x03, 0x00, 0x78, 0x00, 0x00, 0x1F, 0x00, 0xC0, 0x0F, 0x00,
    0xF8, 0x01, 0x00, 0x3C, 0x00, 0x00, 0x07, 0xC0, 0x07, 0x7C, 0xF8, 0x80, 0x0F, 0x7F, 0xF8, 0xC1,
    0xFF, 0x1F, 0xF8, 0xFF, 0x03, 0xFF, 0x7F, 0xC0, 0xFF, 0x07, 0xF0, 0x7F, 0x00, 0xFC, 0x07, 0x00,
    0x3F, 0x00, 0x00, 0x00, 0x00, 0x00, 0x00, 0x00, 0x00, 0x00, 0x00, 0x00, 0x00, 0xFE, 0x00, 0xF8,
    0xFF, 0x80, 0xFF, 0x3F, 0xF8, 0xFF, 0x8F, 0xFF, 0xFF, 0xF3, 0xFF, 0x7F, 0xFE, 0xFF, 0xEF, 0x1F,
    0xFC, 0xFC, 0x01, 0x8E, 0x1F, 0x80, 0xF0, 0x03, 0x00, 0x7E, 0x00, 0xC0, 0x0F, 0x00, 0xF8, 0x07,
    0x00, 0xFF, 0x3F, 0xE0, 0xFF, 0x1F, 0xFC, 0xFF, 0x8F, 0xFF, 0xFF, 0xF3, 0xFF, 0xFF, 0x7E, 0xFC,
    0xDF, 0x0F, 0xF8, 0xFB, 0x01, 0xFE, 0x3F, 0x80, 0xFF, 0x07, 0xF0, 0xFF, 0x00, 0xFE, 0x1F, 0xC0,
    0xFF, 0x07, 0xF8, 0xFF, 0x01, 0xFF, 0xFF, 0xF0, 0xFF, 0xFF, 0xFF, 0xFF, 0xFF, 0xEF, 0xFF, 0xFF,
    0xFD, 0xFE, 0x9F, 0x9F, 0xFF, 0xF3, 0xE3, 0x3F, 0x00, 0xF0, 0x01, 0x00, 0x78, 0x1D, 0x47, 0x1E,
    0x00, 0x00, 0x1F, 0x00, 0x78, 0xF0, 0x07, 0x00, 0x9F, 0xFF, 0x01, 0xE0, 0xFF, 0x3F, 0x00, 0xFC,
    0xFF, 0x07, 0x80, 0xFF, 0xFF, 0x01, 0xF0, 0x7F, 0x3C, 0x00, 0xFC, 0x87, 0x07, 0x80, 0x7F, 0xF0,
    0x00, 0xC0, 0x03, 0x00, 0x00, 0x00, 0x00, 0x00, 0x00, 0x00, 0x00, 0x00, 0xF8, 0x80, 0x07, 0x00,
    0x1F, 0xF8, 0x00, 0xE0, 0x87, 0x1F, 0x00, 0xFC, 0xFF, 0x03, 0x00, 0xFF, 0x3F, 0x00, 0xE0, 0xFF,
    0x07, 0x00, 0xF8, 0x7F, 0x00, 0x00, 0xFE, 0x0F, 0x00, 0x80, 0xFF, 0x00, 0x00, 0xE0, 0x07, 0x00,
    0x00, 0x00, 0x00, 0x00, 0x00, 0x00, 0x00, 0x00, 0x00, 0x00, 0x00, 0x00, 0x00, 0x00, 0x00, 0xE0,
    0x1F, 0x00, 0x00, 0xFC, 0x03, 0x00, 0xC0, 0xFF, 0x00, 0x00, 0xF8, 0x1F, 0x00, 0x00, 0xFF, 0x03,
    0x00, 0xE0, 0x7F, 0x00, 0x00, 0xFE, 0x0F, 0x00, 0xC0, 0xFF, 0x03, 0x00, 0xF8, 0x7F, 0x00, 0x00,
    0xFF, 0x0F, 0x00, 0xF0, 0xFF, 0x01, 0x00, 0xFE, 0x7F, 0x00, 0xC0, 0xCF, 0x0F, 0x00, 0xF8, 0xF9,
    0x01, 0x80, 0x3F, 0x3F, 0x00, 0xF0, 0xE7, 0x0F, 0x00, 0xFE, 0xF8, 0x01, 0xC0, 0x0F, 0x3F, 0x00,
    0xFC, 0xE1, 0x07, 0x80, 0x3F, 0xFC, 0x00, 0xF0, 0x87, 0x3F, 0x00, 0x7E, 0xE0, 0x07, 0xE0, 0x0F,
    0xFC, 0x00, 0xFC, 0x81, 0x1F, 0x80, 0x3F, 0xF0, 0x07, 0xF0, 0x07, 0xFC, 0x00, 0x7F, 0x80, 0x1F,
    0xE0, 0x0F, 0xF0, 0x03, 0xFC, 0xFF, 0xFF, 0x80, 0xFF, 0xFF, 0x1F, 0xF8, 0xFF, 0xFF, 0x03, 0xFF,
    0xFF, 0x7F, 0xE0, 0xFF, 0xFF, 0x0F, 0xFC, 0xFF, 0xFF, 0xC3, 0xFF, 0xFF, 0x7F, 0xF8, 0xFF, 0xFF,
    0x0F, 0x7F, 0x00, 0xF8, 0xE1, 0x0F, 0x00, 0x7F, 0xFE, 0x01, 0xC0, 0xCF, 0x1F, 0x00, 0xF8, 0xF9,
    0x03, 0x00, 0x3F, 0x7F, 0x00, 0xE0, 0xFF, 0x0F, 0x00, 0xFC, 0xFF, 0x01, 0x00, 0xFF, 0x1F, 0x00,
    0xE0, 0x07, 0x02, 0x03, 0x15, 0x3D, 0x1A, 0x3C, 0xF0, 0x80, 0x87, 0x7F, 0xF0, 0xF8, 0x1F, 0xFE,
    0xFF, 0xC3, 0xFF, 0xFF, 0xF0, 0xFF, 0x1F, 0xFE, 0xE7, 0x83, 0x3F, 0x78, 0xE0, 0x03, 0x00, 0x00,
    0x00, 0x00, 0x00, 0x00, 0x3C, 0xE0, 0x83, 0x07, 0x7C, 0xF0, 0xC3, 0x0F, 0xFE, 0xFF, 0x81, 0xFF,
    0x1F, 0xF0, 0xFF, 0x03, 0xFC, 0x3F, 0x80, 0xFF, 0x07, 0xE0, 0x7F, 0x00, 0xF0, 0x03, 0x00, 0x00,
    0x00, 0x00, 0x00, 0x00, 0x00, 0x00, 0x00, 0x00, 0x00, 0xF0, 0x07, 0xC0, 0xFF, 0x07, 0xFC, 0xFF,
    0xC1, 0xFF, 0x7F, 0xFC, 0xFF, 0x9F, 0xFF, 0xFF, 0xF3, 0xFF, 0x7F, 0xFF, 0xE0, 0xE7, 0x0F, 0x70,
    0xFC, 0x00, 0x84, 0x1F, 0x00, 0xF0, 0x03, 0x00, 0x7E, 0x00, 0xC0, 0x3F, 0x00, 0xF8, 0xFF, 0x01,
    0xFF, 0xFF, 0xE0, 0xFF, 0x7F, 0xFC, 0xFF, 0x9F, 0xFF, 0xFF, 0xF7, 0xE3, 0xFF, 0x7E, 0xC0, 0xDF,
    0x0F, 0xF0, 0xFF, 0x01, 0xFC, 0x3F, 0x80, 0xFF, 0x07, 0xF0, 0xFF, 0x00, 0xFE, 0x3F, 0xC0, 0xFF,
    0x0F, 0xF8, 0xFF, 0x87, 0xFF, 0xFF, 0xFF, 0xFF, 0xFF, 0x7F, 0xFF, 0xFF, 0xEF, 0xF7, 0xFF, 0xFC,
    0xFC, 0x9F, 0x1F, 0xFF, 0x01, 0x80, 0x0F, 0x00, 0x00, 0x03, 0x1C, 0x48, 0x1E, 0xC0, 0x07, 0x3E,
    0x00, 0x7C, 0xE0, 0x03, 0xC0, 0x0F, 0x3F, 0x00, 0xFC, 0xFF, 0x03, 0x80, 0xFF, 0x1F, 0x00, 0xF8,
    0xFF, 0x01, 0x00, 0xFF, 0x0F, 0x00, 0xE0, 0xFF, 0x00, 0x00, 0xFC, 0x03, 0x00, 0x80, 0x1F, 0x00,
    0x00, 0x00, 0x00, 0x00, 0x00, 0x00, 0x00, 0x00, 0x00, 0x00, 0x00, 0x00, 0x00, 0x00, 0x00, 0x00,
    0x00, 0x00, 0xC0, 0x3F, 0x00, 0x00, 0xFC, 0x03, 0x00, 0xE0, 0x7F, 0x00, 0x00, 0xFE, 0x07, 0x00,
    0xE0, 0x7F, 0x00, 0x00, 0xFE, 0x07, 0x00, 0xF0, 0x7F, 0x00, 0x00, 0xFF, 0x0F, 0x00, 0xF0, 0xFF,
    0x00, 0x00, 0xFF, 0x0F, 0x00, 0xF0, 0xFF, 0x00, 0x80, 0xDF, 0x1F, 0x00, 0xF8, 0xF9, 0x01, 0x80,
    0x9F, 0x1F, 0x00, 0xF8, 0xF9, 0x01, 0xC0, 0x9F, 0x3F, 0x00, 0xFC, 0xF0, 0x03, 0xC0, 0x0F, 0x3F,
    0x00, 0xFC, 0xF0, 0x03, 0xE0, 0x0F, 0x3F, 0x00, 0xFE, 0xF0, 0x07, 0xE0, 0x07, 0x7E, 0x00, 0x7E,
    0xE0, 0x07, 0xE0, 0x07, 0x7E, 0x00, 0x7F, 0xE0, 0x0F, 0xF0, 0x07, 0xFE, 0x00, 0x3F, 0xC0, 0x0F,
    0xF0, 0x03, 0xFC, 0x80, 0xFF, 0xFF, 0x1F, 0xF8, 0xFF, 0xFF, 0x81, 0xFF, 0xFF, 0x1F, 0xF8, 0xFF,
    0xFF, 0x81, 0xFF, 0xFF, 0x1F, 0xFC, 0xFF, 0xFF, 0xC3, 0xFF, 0xFF, 0x3F, 0xFC, 0xFF, 0xFF, 0xC3,
    0x0F, 0x00, 0x3F, 0xFE, 0x00, 0xF0, 0xE7, 0x0F, 0x00, 0x7F, 0xFE, 0x00, 0xE0, 0xE7, 0x07, 0x00,
    0x7E, 0x7F, 0x00, 0xE0, 0xFF, 0x07, 0x00, 0xFE, 0x7F, 0x00, 0xC0, 0xFF, 0x03, 0x00, 0xFC, 0x00,
    0x00, 0x00, 0x00, 0x00, 0x00, 0x00, 0x00, 0x00, 0x00, 0x00, 0x00, 0x00, 0x00, 0x00, 0xF0, 0x00,
    0x00, 0x80, 0x1F, 0x00, 0x00, 0xF8, 0x01, 0x00, 0x80, 0x1F, 0x00, 0x00, 0xF8, 0x01, 0x00, 0x80,
    0x1F, 0x00, 0x00, 0xF8, 0x01, 0x00, 0x00, 0x0F, 0x00, 0x02, 0x0D, 0x15, 0x3E, 0x1A, 0x7C, 0xC0,
    0x83, 0x0F, 0x78, 0xF0, 0x03, 0x0F, 0xFE, 0xF0, 0x81, 0xFF, 0x1F, 0xF0, 0xFF, 0x03, 0xFE, 0x7F,
    0x80, 0xFF, 0x07, 0xE0, 0x7F, 0x00, 0xF8, 0x07, 0x00, 0x7E, 0x00, 0x00, 0x00, 0x00, 0x00, 0x00,
    0x00, 0x00, 0x00, 0x00, 0x00, 0x00, 0xFE, 0x01, 0xF0, 0xFF, 0x01, 0xFF, 0x7F, 0xF0, 0xFF, 0x1F,
    0xFF, 0xFF, 0xE7, 0xFF, 0xFF, 0xFC, 0xFF, 0xDF, 0x3F, 0xF8, 0xF9, 0x03, 0x1C, 0x3F, 0x80, 0xE1,
    0x07, 0x00, 0xFC, 0x00, 0x80, 0x1F, 0x00, 0xF0, 0x0F, 0x00, 0xFE, 0x7F, 0xC0, 0xFF, 0x3F, 0xF8,
    0xFF, 0x1F, 0xFF, 0xFF, 0xE7, 0xFF, 0xFF, 0xFD, 0xF8, 0xBF, 0x1F, 0xF0, 0xF7, 0x03, 0xFC, 0x7F,
    0x00, 0xFF, 0x0F, 0xE0, 0xFF, 0x01, 0xFC, 0x3F, 0x80, 0xFF, 0x0F, 0xF0, 0xFF, 0x03, 0xFE, 0xFF,
    0xE1, 0xFF, 0xFF, 0xFF, 0xFF, 0xFF, 0xDF, 0xFF, 0xFF, 0xFB, 0xFD, 0x3F, 0x3F, 0xFF, 0xE7, 0xC7,
    0x7F, 0x00, 0xE0, 0x03, 0x00, 0x00, 0x00, 0x00, 0x00, 0x00, 0x00, 0x00, 0x80, 0x07, 0x00, 0xF8,
    0x01, 0x00, 0x3F, 0x00, 0xE0, 0x07, 0x00, 0xFC, 0x00, 0x80, 0x1F, 0x00, 0xF0, 0x03, 0x00, 0x3C,
    0x00, 0x03, 0x12, 0x15, 0x39, 0x1A, 0xFF, 0xFF, 0xFF, 0xFF, 0xFF, 0xFF, 0xFF, 0xFF, 0xFF, 0xFF,
    0xFF, 0xFF, 0xFF, 0xFF, 0xFF, 0xFF, 0xFF, 0xFF, 0xFF, 0xFF, 0xFF, 0x00, 0x80, 0x1F, 0x00, 0xF0,
    0x03, 0x00, 0x7E, 0x00, 0xC0, 0x0F, 0x00, 0xF8, 0x01, 0x00, 0x3F, 0x00, 0xE0, 0x07, 0x00, 0xFC,
    0x00, 0x80, 0x1F, 0x00, 0xF0, 0xF3, 0xFF, 0x7F, 0xFE, 0xFF, 0xCF, 0xFF, 0xFF, 0xF9, 0xFF, 0x3F,
    0xFF, 0xFF, 0xE7, 0xFF, 0xFF, 0xFC, 0xFF, 0x9F, 0xFF, 0xFF, 0x03, 0x00, 0x7E, 0x00, 0xC0, 0x0F,
    0x00, 0xF8, 0x01, 0x00, 0x3F, 0x00, 0xE0, 0x07, 0x00, 0xFC, 0x00, 0x80, 0x1F, 0x00, 0xF0, 0x03,
    0x00, 0x7E, 0x00, 0xC0, 0x0F, 0x00, 0xF8, 0xFF, 0xFF, 0xFF, 0xFF, 0xFF, 0xFF, 0xFF, 0xFF, 0xFF,
    0xFF, 0xFF, 0xFF, 0xFF, 0xFF, 0xFF, 0xFF, 0xFF, 0xFF, 0xFF, 0xFF, 0xFF, 0x01, 0x00, 0x00, 0x00,
    0x00, 0x00, 0x00, 0x00, 0x00, 0x00, 0x00, 0xC0, 0x03, 0x00, 0xFC, 0x00, 0x80, 0x1F, 0x00, 0xF0,
    0x03, 0x00, 0x7E, 0x00, 0xC0, 0x0F, 0x00, 0xF8, 0x01, 0x00, 0x1E, 0x00, 0x02, 0x1C, 0x16, 0x2F,
    0x1A, 0x80, 0x3F, 0x00, 0xF8, 0x3F, 0x00, 0xFF, 0x1F, 0xE0, 0xFF, 0x0F, 0xFC, 0xFF, 0x07, 0xFF,
    0xFF, 0xE3, 0xFF, 0xFF, 0xF8, 0x87, 0x7F, 0x7E, 0xC0, 0x9F, 0x1F, 0xE0, 0xF7, 0x03, 0xF8, 0xFD,
    0x00, 0xFC, 0x3F, 0x00, 0xFF, 0x0F, 0xC0, 0xFF, 0xFF, 0xFF, 0xFF, 0xFF, 0xFF, 0xFF, 0xFF, 0xFF,
    0xFF, 0xFF, 0xFF, 0xFF, 0xFF, 0xFF, 0xFF, 0xFF, 0x00, 0x00, 0x3F, 0x00, 0xC0, 0x0F, 0x00, 0xF0,
    0x03, 0x00, 0xFC, 0x00, 0x00, 0x3F, 0x00, 0xE0, 0x07, 0x01, 0xF8, 0xE1, 0x00, 0x7F, 0xFC, 0xE0,
    0x9F, 0xFF, 0xFF, 0xF3, 0xFF, 0xFF, 0xF8, 0xFF, 0x1F, 0xFC, 0xFF, 0x03, 0xFE, 0x7F, 0x00, 0xFF,
    0x0F, 0x00, 0xFF, 0x00, 0x00, 0x00, 0x00, 0x00, 0x00, 0x00, 0x00, 0x00, 0x00, 0x78, 0x00, 0x00,
    0x3F, 0x00, 0xC0, 0x0F, 0x00, 0xF0, 0x03, 0x00, 0xFC, 0x00, 0x00, 0x3F, 0x00, 0xC0, 0x0F, 0x00,
    0xE0, 0x01, 0x00, 0x03, 0x02, 0x15, 0x3D, 0x1A, 0x00, 0x3E, 0x00, 0xF0, 0x1F, 0x00, 0xFE, 0x01,
    0xE0, 0x3F, 0x00, 0x7C, 0x04, 0x80, 0x07, 0x00, 0xF0, 0x00, 0x00, 0x3E, 0x00, 0x80, 0x1F, 0x00,
    0xF0, 0x03, 0x00, 0x78, 0x00, 0x00, 0x0E, 0x00, 0x00, 0x00, 0x00, 0x00, 0x00, 0x00, 0x00, 0x00,
    0x00, 0x00, 0xFF, 0xFF, 0xFF, 0xFF, 0xFF, 0xFF, 0xFF, 0xFF, 0xFF, 0xFF, 0xFF, 0xFF, 0xFF, 0xFF,
    0xFF, 0xFF, 0xFF, 0xFF, 0xFF, 0xFF, 0xFF, 0x00, 0x80, 0x1F, 0x00, 0xF0, 0x03, 0x00, 0x7E, 0x00,
    0xC0, 0x0F, 0x00, 0xF8, 0x01, 0x00, 0x3F, 0x00, 0xE0, 0x07, 0x00, 0xFC, 0x00, 0x80, 0x1F, 0x00,
    0xF0, 0xF3, 0xFF, 0x7F, 0xFE, 0xFF, 0xCF, 0xFF, 0xFF, 0xF9, 0xFF, 0x3F, 0xFF, 0xFF, 0xE7, 0xFF,
    0xFF, 0xFC, 0xFF, 0x9F, 0xFF, 0xFF, 0x03, 0x00, 0x7E, 0x00, 0xC0, 0x0F, 0x00, 0xF8, 0x01, 0x00,
    0x3F, 0x00, 0xE0, 0x07, 0x00, 0xFC, 0x00, 0x80, 0x1F, 0x00, 0xF0, 0x03, 0x00, 0x7E, 0x00, 0xC0,
    0x0F, 0x00, 0xF8, 0xFF, 0xFF, 0xFF, 0xFF, 0xFF, 0xFF, 0xFF, 0xFF, 0xFF, 0xFF, 0xFF, 0xFF, 0xFF,
    0xFF, 0xFF, 0xFF, 0xFF, 0xFF, 0xFF, 0xFF, 0xFF, 0x01, 0x02, 0x0D, 0x16, 0x33, 0x1A, 0x00, 0x3E,
    0x00, 0xE0, 0x1F, 0x00, 0xF8, 0x07, 0x00, 0xFF, 0x01, 0xC0, 0x03, 0x00, 0xF0, 0x00, 0x00, 0x3C,
    0x00, 0x00, 0x1F, 0x00, 0x80, 0x1F, 0x00, 0xE0, 0x07, 0x00, 0xE0, 0x01, 0x00, 0x70, 0x00, 0x00,
    0x00, 0x00, 0x00, 0x00, 0x00, 0x00, 0x00, 0x00, 0xFE, 0x00, 0xE0, 0xFF, 0x00, 0xFC, 0x7F, 0x80,
    0xFF, 0x3F, 0xF0, 0xFF, 0x1F, 0xFC, 0xFF, 0x8F, 0xFF, 0xFF, 0xE3, 0x1F, 0xFE, 0xF9, 0x01, 0x7F,
    0x7E, 0x80, 0xDF, 0x0F, 0xE0, 0xF7, 0x03, 0xF0, 0xFF, 0x00, 0xFC, 0x3F, 0x00, 0xFF, 0xFF, 0xFF,
    0xFF, 0xFF, 0xFF, 0xFF, 0xFF, 0xFF, 0xFF, 0xFF, 0xFF, 0xFF, 0xFF, 0xFF, 0xFF, 0xFF, 0x03, 0x00,
    0xFC, 0x00, 0x00, 0x3F, 0x00, 0xC0, 0x0F, 0x00, 0xF0, 0x03, 0x00, 0xFC, 0x00, 0x80, 0x1F, 0x04,
    0xE0, 0x87, 0x03, 0xFC, 0xF1, 0x83, 0x7F, 0xFE, 0xFF, 0xCF, 0xFF, 0xFF, 0xE3, 0xFF, 0x7F, 0xF0,
    0xFF, 0x0F, 0xF8, 0xFF, 0x01, 0xFC, 0x3F, 0x00, 0xFC, 0x03, 0x00, 0x03, 0x02, 0x15, 0x3D, 0x1A,
    0x3C, 0xF0, 0x80, 0x07, 0x7F, 0xF0, 0xF0, 0x0F, 0x3E, 0xFF, 0xC3, 0xFF, 0x7F, 0xF8, 0xFF, 0x1F,
    0xFE, 0xEF, 0xC3, 0xFF, 0x78, 0xF0, 0x0F, 0x0F, 0xFE, 0xE0, 0x01, 0x0F, 0x00, 0x00, 0x00, 0x00,
    0x00, 0x00, 0x00, 0x00, 0x00, 0x00, 0x00, 0x00, 0x00, 0x00, 0xFF, 0xFF, 0xFF, 0xFF, 0xFF, 0xFF,
    0xFF, 0xFF, 0xFF, 0xFF, 0xFF, 0xFF, 0xFF, 0xFF, 0xFF, 0xFF, 0xFF, 0xFF, 0xFF, 0xFF, 0xFF, 0x00,
    0x80, 0x1F, 0x00, 0xF0, 0x03, 0x00, 0x7E, 0x00, 0xC0, 0x0F, 0x00, 0xF8, 0x01, 0x00, 0x3F, 0x00,
    0xE0, 0x07, 0x00, 0xFC, 0x00, 0x80, 0x1F, 0x00, 0xF0, 0xE3, 0xFF, 0x7F, 0xFC, 0xFF, 0x8F, 0xFF,
    0xFF, 0xF1, 0xFF, 0x3F, 0xFE, 0xFF, 0xC7, 0xFF, 0xFF, 0xF8, 0xFF, 0x1F, 0xFF, 0xFF, 0x03, 0x00,
    0x7E, 0x00, 0xC0, 0x0F, 0x00, 0xF8, 0x01, 0x00, 0x3F, 0x00, 0xE0, 0x07, 0x00, 0xFC, 0x00, 0x80,
    0x1F, 0x00, 0xF0, 0x03, 0x00, 0x7E, 0x00, 0xC0, 0x0F, 0x00, 0xF8, 0xFF, 0xFF, 0xFF, 0xFF, 0xFF,
    0xFF, 0xFF, 0xFF, 0xFF, 0xFF, 0xFF, 0xFF, 0xFF, 0xFF, 0xFF, 0xFF, 0xFF, 0xFF, 0xFF, 0xFF, 0xFF,
    0x01, 0x02, 0x0D, 0x16, 0x33, 0x1A, 0x3C, 0xF0, 0x01, 0x0F, 0xFE, 0xC0, 0xC3, 0x3F, 0xF0, 0xF9,
    0x1F, 0xFC, 0xFF, 0x07, 0xFF, 0xFF, 0x83, 0xFF, 0xFB, 0xE0, 0x7F, 0x3C, 0xF8, 0x0F, 0x0F, 0xFC,
    0xC1, 0x03, 0x3E, 0x00, 0x00, 0x00, 0x00, 0x00, 0x00, 0x00, 0x00, 0x00, 0x00, 0x00, 0x00, 0x00,
    0xFE, 0x00, 0xE0, 0xFF, 0x00, 0xFC, 0x7F, 0x80, 0xFF, 0x3F, 0xF0, 0xFF, 0x1F, 0xFC, 0xFF, 0x8F,
    0xFF, 0xFF, 0xE3, 0x1F, 0xFE, 0xF9, 0x01, 0x7F, 0x7E, 0x80, 0xDF, 0x0F, 0xE0, 0xF7, 0x03, 0xF0,
    0xFF, 0x00, 0xFC, 0x3F, 0x00, 0xFF, 0xFF, 0xFF, 0xFF, 0xFF, 0xFF, 0xFF, 0xFF, 0xFF, 0xFF, 0xFF,
    0xFF, 0xFF, 0xFF, 0xFF, 0xFF, 0xFF, 0x03, 0x00, 0xFC, 0x00, 0x00, 0x3F, 0x00, 0xC0, 0x0F, 0x00,
    0xF0, 0x03, 0x00, 0xFC, 0x00, 0x80, 0x1F, 0x0C, 0xE0, 0x87, 0x03, 0xFC, 0xF1, 0x83, 0x7F, 0xFE,
    0xFF, 0xCF, 0xFF, 0xFF, 0xE3, 0xFF, 0x7F, 0xF0, 0xFF, 0x0F, 0xF8, 0xFF, 0x01, 0xFC, 0x3F, 0x00,
    0xFC, 0x03, 0x00, 0x03, 0x7E, 0x1A, 0x41, 0x1A, 0x7F, 0x00, 0x00, 0xF8, 0x03, 0x00, 0xE0, 0x0F,
    0x00, 0x00, 0x3F, 0x00, 0x00, 0xF8, 0x01, 0x00, 0xE0, 0x07, 0x00, 0x00, 0x3F, 0x7E, 0x00, 0xF8,
    0xF8, 0x03, 0xE0, 0xF3, 0x0F, 0x00, 0xE0, 0x7F, 0x00, 0x80, 0xFF, 0x01, 0x00, 0xFF, 0x0F, 0x00,
    0x7C, 0x3E, 0x00, 0xF8, 0xF1, 0x01, 0xF0, 0xC3, 0x07, 0xC0, 0x07, 0x3E, 0x00, 0x00, 0x00, 0x00,
    0x00, 0x00, 0x00, 0x00, 0x00, 0x00, 0x00, 0x00, 0x00, 0xE0, 0xFF, 0xFF, 0x83, 0xFF, 0xFF, 0x0F,
    0xFE, 0xFF, 0x3F, 0xF8, 0xFF, 0xFF, 0xE0, 0xFF, 0xFF, 0x83, 0xFF, 0xFF, 0x0F, 0xFE, 0xFF, 0x3F,
    0xF8, 0xFF, 0xFF, 0x00, 0x00, 0xF0, 0x03, 0x00, 0xC0, 0x0F, 0x00, 0x00, 0x3F, 0x00, 0x00, 0xFC,
    0x00, 0x00, 0xF0, 0x03, 0x00, 0xC0, 0x0F, 0x00, 0x00, 0x3F, 0x00, 0x00, 0xFC, 0x00, 0x00, 0xF0,
    0x03, 0x00, 0xC0, 0x0F, 0xF8, 0xFF, 0x3F, 0xE0, 0xFF, 0xFF, 0x80, 0xFF, 0xFF, 0x03, 0xFE, 0xFF,
    0x0F, 0xF8, 0xFF, 0x3F, 0xE0, 0xFF, 0xFF, 0x80, 0xFF, 0xFF, 0x03, 0xFE, 0xFF, 0x0F, 0x00, 0x00,
    0x3F, 0x00, 0x00, 0xFC, 0x00, 0x00, 0xF0, 0x03, 0x00, 0xC0, 0x0F, 0x00, 0x00, 0x3F, 0x00, 0x00,
    0xFC, 0x00, 0x00, 0xF0, 0x03, 0x00, 0xC0, 0x0F, 0x00, 0x00, 0x3F, 0x00, 0x00, 0xFC, 0x00, 0x00,
    0xF0, 0x83, 0xFF, 0xFF, 0x0F, 0xFE, 0xFF, 0x3F, 0xF8, 0xFF, 0xFF, 0xE0, 0xFF, 0xFF, 0x83, 0xFF,
    0xFF, 0x0F, 0xFE, 0xFF, 0x3F, 0xF8, 0xFF, 0xFF, 0xE0, 0xFF, 0xFF, 0x03, 0x02, 0x09, 0x1B, 0x36,
    0x1A, 0x7F, 0x00, 0x00, 0xF0, 0x07, 0x00, 0x00, 0x3F, 0x00, 0x00, 0xF8, 0x01, 0x00, 0x80, 0x1F,
    0x00, 0x00, 0xF8, 0x00, 0x00, 0xC0, 0x8F, 0x1F, 0x00, 0x7C, 0xFE, 0x01, 0xC0, 0xF3, 0x0F, 0x00,
    0xC0, 0xFF, 0x00, 0x00, 0xFE, 0x07, 0x00, 0xF8, 0x7F, 0x00, 0xE0, 0xE7, 0x03, 0x00, 0x1F, 0x3E,
    0x00, 0x7C, 0xE0, 0x03, 0x00, 0x00, 0x00, 0x00, 0x00, 0x00, 0x00, 0x00, 0x00, 0x00, 0x00, 0xFC,
    0x01, 0x00, 0xF8, 0x3F, 0x00, 0xE0, 0xFF, 0x03, 0x80, 0xFF, 0x3F, 0x00, 0xFC, 0xFF, 0x03, 0xF0,
    0xFF, 0x3F, 0x80, 0xFF, 0xFF, 0x01, 0xFE, 0xE1, 0x1F, 0xF0, 0x07, 0xFE, 0x80, 0x1F, 0xE0, 0x07,
    0xFC, 0x00, 0x3F, 0xF0, 0x03, 0xF8, 0x83, 0x1F, 0x80, 0x1F, 0xFC, 0x00, 0xFC, 0xE0, 0x07, 0xE0,
    0x07, 0xFF, 0xFF, 0x3F, 0xF8, 0xFF, 0xFF, 0xC1, 0xFF, 0xFF, 0x0F, 0xFE, 0xFF, 0x7F, 0xF0, 0xFF,
    0xFF, 0x83, 0xFF, 0xFF, 0x1F, 0x00, 0x00, 0xFC, 0x00, 0x00, 0xE0, 0x07, 0x00, 0x00, 0x3F, 0x00,
    0x00, 0xF8, 0x01, 0x00, 0xE0, 0x07, 0x20, 0x00, 0x3F, 0x80, 0x03, 0xFC, 0x01, 0x3E, 0xF0, 0x0F,
    0xF8, 0xFF, 0x3F, 0xE0, 0xFF, 0xFF, 0x01, 0xFE, 0xFF, 0x07, 0xE0, 0xFF, 0x1F, 0x00, 0xFE, 0x7F,
    0x00, 0xE0, 0xFF, 0x01, 0x00, 0xFC, 0x03, 0x00, 0x00, 0x7E, 0x18, 0x41, 0x1A, 0x00, 0x00, 0x7F,
    0x00, 0x00, 0x7F, 0x00, 0x00, 0x3F, 0x00, 0x80, 0x1F, 0x00, 0x80, 0x1F, 0x00, 0x80, 0x0F, 0xE0,
    0xC7, 0x07, 0xE0, 0xCF, 0x07, 0xF0, 0xCF, 0x03, 0xF8, 0x1F, 0x00, 0xF8, 0x1F, 0x00, 0xFC, 0x3F,
    0x00, 0x7C, 0x3E, 0x00, 0x7E, 0x7C, 0x00, 0x3F, 0x7C, 0x00, 0x1F, 0xF8, 0x00, 0x00, 0x00, 0x00,
    0x00, 0x00, 0x00, 0x00, 0x00, 0x00, 0x00, 0x00, 0x00, 0xFF, 0xFF, 0x03, 0xFF, 0xFF, 0x03, 0xFF,
    0xFF, 0x03, 0xFF, 0xFF, 0x03, 0xFF, 0xFF, 0x03, 0xFF, 0xFF, 0x03, 0xFF, 0xFF, 0x03, 0xFF, 0xFF,
    0x03, 0x00, 0xF0, 0x03, 0x00, 0xF0, 0x03, 0x00, 0xF0, 0x03, 0x00, 0xF0, 0x03, 0x00, 0xF0, 0x03,
    0x00, 0xF0, 0x03, 0x00, 0xF0, 0x03, 0x00, 0xF0, 0x03, 0x00, 0xF0, 0x03, 0x00, 0xF0, 0x03, 0xFF,
    0xFF, 0x03, 0xFF, 0xFF, 0x03, 0xFF, 0xFF, 0x03, 0xFF, 0xFF, 0x03, 0xFF, 0xFF, 0x03, 0xFF, 0xFF,
    0x03, 0xFF, 0xFF, 0x03, 0xFF, 0xFF, 0x03, 0x00, 0xF0, 0x03, 0x00, 0xF0, 0x03, 0x00, 0xF0, 0x03,
    0x00, 0xF0, 0x03, 0x00, 0xF0, 0x03, 0x00, 0xF0, 0x03, 0x00, 0xF0, 0x03, 0x00, 0xF0, 0x03, 0x00,
    0xF0, 0x03, 0x00, 0xF0, 0x03, 0x00, 0xF0, 0x03, 0xFF, 0xFF, 0x03, 0xFF, 0xFF, 0x03, 0xFF, 0xFF,
    0x03, 0xFF, 0xFF, 0x03, 0xFF, 0xFF, 0x03, 0xFF, 0xFF, 0x03, 0xFF, 0xFF, 0x03, 0xFF, 0xFF, 0x03,
    0x00, 0x09, 0x17, 0x36, 0x1A, 0x00, 0x00, 0x7F, 0x00, 0x80, 0x1F, 0x00, 0xE0, 0x0F, 0x00, 0xF0,
    0x03, 0x00, 0xF8, 0x00, 0x00, 0x7E, 0x80, 0x1F, 0x1F, 0xE0, 0xCF, 0x07, 0xF8, 0xEF, 0x03, 0xFC,
    0x07, 0x00, 0xFF, 0x07, 0x80, 0xEF, 0x07, 0xE0, 0xE7, 0x03, 0xF8, 0xF1, 0x03, 0x7C, 0xF0, 0x01,
    0x00, 0x00, 0x00, 0x00, 0x00, 0x00, 0x00, 0x00, 0x00, 0xFC, 0x01, 0x80, 0xFF, 0x03, 0xE0, 0xFF,
    0x03, 0xF8, 0xFF, 0x03, 0xFC, 0xFF, 0x03, 0xFE, 0xFF, 0x03, 0xFF, 0xFF, 0x81, 0x1F, 0xFE, 0xC1,
    0x07, 0xFE, 0xE0, 0x01, 0x7E, 0xF0, 0x00, 0x3F, 0x38, 0x80, 0x3F, 0x1C, 0x80, 0x1F, 0x0E, 0xC0,
    0x0F, 0x07, 0xE0, 0x87, 0xFF, 0xFF, 0xC3, 0xFF, 0xFF, 0xE1, 0xFF, 0xFF, 0xF0, 0xFF, 0x7F, 0xF8,
    0xFF, 0x3F, 0xFC, 0xFF, 0x1F, 0x00, 0xC0, 0x0F, 0x00, 0xE0, 0x07, 0x00, 0xF0, 0x03, 0x00, 0xF8,
    0x01, 0x00, 0x7E, 0x20, 0x00, 0x3F, 0x38, 0xC0, 0x1F, 0x3C, 0xF0, 0x0F, 0xFE, 0xFF, 0x03, 0xFF,
    0xFF, 0x81, 0xFF, 0x7F, 0xC0, 0xFF, 0x1F, 0xE0, 0xFF, 0x07, 0xE0, 0xFF, 0x01, 0xC0, 0x3F, 0x00,
    0x00, 0x03, 0x7C, 0x17, 0x43, 0x1A, 0xF8, 0x00, 0x00, 0xFF, 0x01, 0x80, 0x7F, 0x00, 0xE0, 0x3F,
    0x00, 0xF0, 0x00, 0x00, 0x78, 0x00, 0x00, 0x3C, 0x00, 0x00, 0x1E, 0x00, 0x00, 0x7E, 0xFC, 0x00,
    0x3E, 0xFF, 0x00, 0x9E, 0x7F, 0x00, 0xEE, 0x7F, 0x00, 0xF8, 0x3F, 0x00, 0xFC, 0x3F, 0x00, 0x3F,
    0x1F, 0x80, 0x0F, 0x1F, 0xE0, 0x03, 0x0F, 0xF8, 0x81, 0x0F, 0x00, 0x00, 0x00, 0x00, 0x00, 0x00,
    0x00, 0x00, 0x00, 0x00, 0x00, 0xF0, 0xFF, 0xFF, 0xF9, 0xFF, 0xFF, 0xFC, 0xFF, 0x7F, 0xFE, 0xFF,
    0x3F, 0xFF, 0xFF, 0x9F, 0xFF, 0xFF, 0xCF, 0xFF, 0xFF, 0xE7, 0xFF, 0xFF, 0x03, 0x00, 0xF8, 0x01,
    0x00, 0xFC, 0x00, 0x00, 0x7E, 0x00, 0x00, 0x3F, 0x00, 0x80, 0x1F, 0x00, 0xC0, 0x0F, 0x00, 0xE0,
    0x07, 0x00, 0xF0, 0x03, 0x00, 0xF8, 0x01, 0x00, 0xFC, 0xF0, 0xFF, 0x7F, 0xF8, 0xFF, 0x3F, 0xFC,
    0xFF, 0x1F, 0xFE, 0xFF, 0x0F, 0xFF, 0xFF, 0x87, 0xFF, 0xFF, 0xC3, 0xFF, 0xFF, 0xE1, 0xFF, 0xFF,
    0x00, 0x00, 0x7E, 0x00, 0x00, 0x3F, 0x00, 0x80, 0x1F, 0x00, 0xC0, 0x0F, 0x00, 0xE0, 0x07, 0x00,
    0xF0, 0x03, 0x00, 0xF8, 0x01, 0x00, 0xFC, 0x00, 0x00, 0x7E, 0x00, 0x00, 0x3F, 0x00, 0x80, 0x9F,
    0xFF, 0xFF, 0xCF, 0xFF, 0xFF, 0xE7, 0xFF, 0xFF, 0xF3, 0xFF, 0xFF, 0xF9, 0xFF, 0xFF, 0xFC, 0xFF,
    0x7F, 0xFE, 0xFF, 0x3F, 0xFF, 0xFF, 0x1F, 0x02, 0x07, 0x18, 0x38, 0x1B, 0xF8, 0x00, 0x00, 0xFE,
    0x03, 0x00, 0xFE, 0x03, 0x00, 0xFF, 0x01, 0x00, 0x1F, 0x01, 0x00, 0x0F, 0x00, 0x00, 0x0F, 0x00,
    0x00, 0x1F, 0x00, 0x00, 0x7E, 0xFC, 0x00, 0x7E, 0xFE, 0x01, 0x78, 0xFE, 0x01, 0x70, 0xFF, 0x03,
    0x80, 0xFF, 0x03, 0x80, 0xFF, 0x07, 0xC0, 0xCF, 0x07, 0xE0, 0x87, 0x0F, 0xE0, 0x03, 0x1F, 0x00,
    0x00, 0x00, 0x00, 0x00, 0x00, 0x00, 0x00, 0x00, 0x00, 0xFE, 0x00, 0x80, 0xFF, 0x03, 0xC0, 0xFF,
    0x07, 0xE0, 0xFF, 0x0F, 0xE0, 0xFF, 0x1F, 0xF0, 0xFF, 0x3F, 0xF0, 0xFF, 0x3F, 0xF8, 0x87, 0x7F,
    0xF8, 0x03, 0x7F, 0xF8, 0x01, 0x7E, 0xF8, 0x01, 0x7E, 0xFC, 0x00, 0xFE, 0xFC, 0x00, 0xFC, 0xFC,
    0x00, 0xFC, 0xFC, 0x00, 0xFC, 0xFC, 0xFF, 0xFF, 0xFC, 0xFF, 0xFF, 0xFC, 0xFF, 0xFF, 0xFC, 0xFF,
    0xFF, 0xFC, 0xFF, 0xFF, 0xFC, 0xFF, 0xFF, 0x00, 0x00, 0xFC, 0x00, 0x00, 0xFC, 0x00, 0x00, 0xFC,
    0x00, 0x00, 0xFC, 0x00, 0x00, 0x7E, 0x40, 0x00, 0x7E, 0xE0, 0x00, 0x7F, 0xF0, 0x81, 0x7F, 0xF8,
    0xFF, 0x3F, 0xFC, 0xFF, 0x3F, 0xF8, 0xFF, 0x1F, 0xF0, 0xFF, 0x0F, 0xE0, 0xFF, 0x07, 0xC0, 0xFF,
    0x03, 0x00, 0xFF, 0x00, 0x03, 0x79, 0x15, 0x46, 0x1A, 0x00, 0xF0, 0x80, 0x03, 0x7F, 0xF0, 0xF0,
    0x0F, 0x9E, 0xFF, 0xC3, 0xFF, 0x7F, 0xF8, 0xFF, 0x1F, 0xFF, 0xFF, 0xC3, 0xFF, 0x78, 0xF0, 0x0F,
    0x0F, 0x7C, 0x00, 0x00, 0x00, 0x00, 0x00, 0x00, 0x00, 0xF0, 0x03, 0x00, 0xFF, 0x00, 0xF0, 0x1F,
    0x00, 0xFE, 0x07, 0xE0, 0xFF, 0x00, 0x7E, 0x3F, 0xC0, 0xCF, 0x07, 0xFC, 0xF0, 0x81, 0x0F, 0x3C,
    0x00, 0x00, 0x00, 0x00, 0x00, 0x00, 0x00, 0x00, 0x00, 0x00, 0xE0, 0xFF, 0xFF, 0xFF, 0xFF, 0xFF,
    0xFF, 0xFF, 0xFF, 0xFF, 0xFF, 0xFF, 0xFF, 0xFF, 0xFF, 0xFF, 0xFF, 0xFF, 0xFF, 0xFF, 0xFF, 0x1F,
    0x00, 0xF0, 0x03, 0x00, 0x7E, 0x00, 0xC0, 0x0F, 0x00, 0xF8, 0x01, 0x00, 0x3F, 0x00, 0xE0, 0x07,
    0x00, 0xFC, 0x00, 0x80, 0x1F, 0x00, 0xF0, 0x03, 0x00, 0x7E, 0xFE, 0xFF, 0xCF, 0xFF, 0xFF, 0xF9,
    0xFF, 0x3F, 0xFF, 0xFF, 0xE7, 0xFF, 0xFF, 0xFC, 0xFF, 0x9F, 0xFF, 0xFF, 0xF3, 0xFF, 0x7F, 0x00,
    0xC0, 0x0F, 0x00, 0xF8, 0x01, 0x00, 0x3F, 0x00, 0xE0, 0x07, 0x00, 0xFC, 0x00, 0x80, 0x1F, 0x00,
    0xF0, 0x03, 0x00, 0x7E, 0x00, 0xC0, 0x0F, 0x00, 0xF8, 0x01, 0x00, 0xFF, 0xFF, 0xFF, 0xFF, 0xFF,
    0xFF, 0xFF, 0xFF, 0xFF, 0xFF, 0xFF, 0xFF, 0xFF, 0xFF, 0xFF, 0xFF, 0xFF, 0xFF, 0xFF, 0xFF, 0xFF,
    0x3F, 0x02, 0x05, 0x16, 0x3B, 0x1A, 0x3C, 0xF0, 0x01, 0x0F, 0xFF, 0xC0, 0xE3, 0x7F, 0xF0, 0xFF,
    0x1F, 0xFC, 0xFF, 0x0F, 0xFE, 0xFF, 0x83, 0xFF, 0xF1, 0xE0, 0x3F, 0x3C, 0xF0, 0x07, 0x0F, 0xF8,
    0x00, 0x00, 0x00, 0x00, 0x00, 0xFC, 0x00, 0x80, 0x3F, 0x00, 0xE0, 0x1F, 0x00, 0xFC, 0x0F, 0x00,
    0xFF, 0x03, 0xE0, 0xFF, 0x01, 0xF8, 0x7C, 0x00, 0x1F, 0x3E, 0xE0, 0x03, 0x1F, 0x00, 0x00, 0x00,
    0x00, 0x00, 0x00, 0x00, 0x00, 0x00, 0xFE, 0x00, 0xE0, 0xFF, 0x00, 0xFC, 0x7F, 0x80, 0xFF, 0x3F,
    0xF0, 0xFF, 0x1F, 0xFC, 0xFF, 0x8F, 0xFF, 0xFF, 0xE3, 0x1F, 0xFE, 0xF9, 0x01, 0x7F, 0x7E, 0x80,
    0xDF, 0x0F, 0xE0, 0xF7, 0x03, 0xF0, 0xFF, 0x00, 0xFC, 0x3F, 0x00, 0xFF, 0xFF, 0xFF, 0xFF, 0xFF,
    0xFF, 0xFF, 0xFF, 0xFF, 0xFF, 0xFF, 0xFF, 0xFF, 0xFF, 0xFF, 0xFF, 0xFF, 0x03, 0x00, 0xFC, 0x00,
    0x00, 0x3F, 0x00, 0xC0, 0x0F, 0x00, 0xF0, 0x03, 0x00, 0xFC, 0x00, 0x80, 0x1F, 0x04, 0xE0, 0x87,
    0x03, 0xFC, 0xF1, 0x83, 0x7F, 0xFE, 0xFF, 0xCF, 0xFF, 0xFF, 0xE3, 0xFF, 0x7F, 0xF0, 0xFF, 0x0F,
    0xF8, 0xFF, 0x01, 0xFC, 0x3F, 0x00, 0xFC, 0x03, 0x00, 0x03, 0x01, 0x15, 0x4A, 0x1A, 0x00, 0x3F,
    0x00, 0xE0, 0x07, 0x00, 0xFE, 0x01, 0xC0, 0x3F, 0x00, 0xFC, 0x0F, 0xC0, 0xFF, 0x01, 0xF8, 0x3F,
    0x80, 0x9F, 0x0F, 0xF0, 0xF3, 0x01, 0x3F, 0x7C, 0xE0, 0x83, 0x0F, 0x7E, 0xE0, 0x03, 0x00, 0x00,
    0x00, 0x00, 0x00, 0x00, 0x00, 0x00, 0x00, 0x00, 0x00, 0x00, 0xE0, 0xFF, 0xFF, 0xFF, 0xFF, 0xFF,
    0xFF, 0xFF, 0xFF, 0xFF, 0xFF, 0xFF, 0xFF, 0xFF, 0xFF, 0xFF, 0xFF, 0xFF, 0xFF, 0xFF, 0xFF, 0x1F,
    0x00, 0xF0, 0x03, 0x00, 0x7E, 0x00, 0xC0, 0x0F, 0x00, 0xF8, 0x01, 0x00, 0x3F, 0x00, 0xE0, 0x07,
    0x00, 0xFC, 0x00, 0x80, 0x1F, 0x00, 0xF0, 0x03, 0x00, 0x7E, 0xFE, 0xFF, 0xCF, 0xFF, 0xFF, 0xF9,
    0xFF, 0x3F, 0xFF, 0xFF, 0xE7, 0xFF, 0xFF, 0xFC, 0xFF, 0x9F, 0xFF, 0xFF, 0xF3, 0xFF, 0x7F, 0x00,
    0xC0, 0x0F, 0x00, 0xF8, 0x01, 0x00, 0x3F, 0x00, 0xE0, 0x07, 0x00, 0xFC, 0x00, 0x80, 0x1F, 0x00,
    0xF0, 0x03, 0x00, 0x7E, 0x00, 0xC0, 0x0F, 0x00, 0xF8, 0x01, 0x00, 0xFF, 0xFF, 0xFF, 0xFF, 0xFF,
    0xFF, 0xFF, 0xFF, 0xFF, 0xFF, 0xFF, 0xFF, 0xFF, 0xFF, 0xFF, 0xFF, 0xFF, 0xFF, 0xFF, 0xFF, 0xFF,
    0x3F, 0x00, 0x00, 0x00, 0x00, 0x00, 0x00, 0x00, 0x00, 0x00, 0x00, 0x00, 0x78, 0x00, 0x80, 0x1F,
    0x00, 0xF0, 0x03, 0x00, 0x7E, 0x00, 0xC0, 0x0F, 0x00, 0xF8, 0x01, 0x00, 0x3F, 0x00, 0xC0, 0x03,
    0x00, 0x02, 0x0C, 0x16, 0x3F, 0x1A, 0x00, 0x3F, 0x00, 0xC0, 0x0F, 0x00, 0xF8, 0x07, 0x00, 0xFE,
    0x01, 0xC0, 0xFF, 0x00, 0xF0, 0x3F, 0x00, 0xFE, 0x1F, 0x80, 0xCF, 0x07, 0xF0, 0xF1, 0x03, 0x7C,
    0xF8, 0x80, 0x0F, 0x7C, 0xE0, 0x03, 0x1F, 0x00, 0x00, 0x00, 0x00, 0x00, 0x00, 0x00, 0x00, 0x00,
    0x00, 0x00, 0x80, 0x3F, 0x00, 0xF8, 0x3F, 0x00, 0xFF, 0x1F, 0xE0, 0xFF, 0x0F, 0xFC, 0xFF, 0x07,
    0xFF, 0xFF, 0xE3, 0xFF, 0xFF, 0xF8, 0x87, 0x7F, 0x7E, 0xC0, 0x9F, 0x1F, 0xE0, 0xF7, 0x03, 0xF8,
    0xFD, 0x00, 0xFC, 0x3F, 0x00, 0xFF, 0x0F, 0xC0, 0xFF, 0xFF, 0xFF, 0xFF, 0xFF, 0xFF, 0xFF, 0xFF,
    0xFF, 0xFF, 0xFF, 0xFF, 0xFF, 0xFF, 0xFF, 0xFF, 0xFF, 0x00, 0x00, 0x3F, 0x00, 0xC0, 0x0F, 0x00,
    0xF0, 0x03, 0x00, 0xFC, 0x00, 0x00, 0x3F, 0x00, 0xE0, 0x07, 0x01, 0xF8, 0xE1, 0x00, 0x7F, 0xFC,
    0xE0, 0x9F, 0xFF, 0xFF, 0xF3, 0xFF, 0xFF, 0xF8, 0xFF, 0x1F, 0xFC, 0xFF, 0x03, 0xFE, 0x7F, 0x00,
    0xFF, 0x0F, 0x00, 0xFF, 0x00, 0x00, 0x00, 0x00, 0x00, 0x00, 0x00, 0x00, 0x00, 0x00, 0x78, 0x00,
    0x00, 0x3F, 0x00, 0xC0, 0x0F, 0x00, 0xF0, 0x03, 0x00, 0xFC, 0x00, 0x00, 0x3F, 0x00, 0xC0, 0x0F,
    0x00, 0xE0, 0x01, 0x00, 0x02, 0x02, 0x0F, 0x3D, 0x13, 0xE0, 0x03, 0xF8, 0x07, 0xFE, 0x03, 0xFF,
    0x80, 0x47, 0xC0, 0x03, 0xE0, 0x01, 0xF0, 0x01, 0xF0, 0x03, 0xF0, 0x01, 0xF0, 0x00, 0x70, 0x00,
    0x00, 0x00, 0x00, 0x00, 0x00, 0x00, 0x00, 0xFF, 0xFF, 0xFF, 0xFF, 0xFF, 0xFF, 0xFF, 0xFF, 0xFF,
    0xFF, 0xFF, 0xFF, 0xFF, 0xE1, 0x07, 0xF0, 0x03, 0xF8, 0x01, 0xFC, 0x00, 0x7E, 0x00, 0x3F, 0x80,
    0x1F, 0xC0, 0x0F, 0xE0, 0x07, 0xF0, 0x03, 0xF8, 0x01, 0xFC, 0x00, 0x7E, 0x00, 0x3F, 0x80, 0x1F,
    0xC0, 0x0F, 0xE0, 0x07, 0xF0, 0x03, 0xF8, 0x01, 0xFC, 0x00, 0x7E, 0x00, 0x3F, 0x80, 0x1F, 0xC0,
    0x0F, 0xE0, 0x07, 0xF0, 0x03, 0xF8, 0x01, 0xFC, 0x00, 0x7E, 0x00, 0x3F, 0x80, 0x1F, 0xFC, 0xFF,
    0xFF, 0xFF, 0xFF, 0xFF, 0xFF, 0xFF, 0xFF, 0xFF, 0xFF, 0xFF, 0xFF, 0x07, 0x01, 0x0D, 0x0A, 0x32,
    0x0C, 0xF8, 0xF8, 0xE7, 0xDF, 0x7F, 0x1F, 0x3D, 0xF0, 0xC0, 0x07, 0x7E, 0xF8, 0x81, 0x07, 0x1C,
    0x00, 0x00, 0x00, 0x00, 0x00, 0xFC, 0xF0, 0xC3, 0x0F, 0x3F, 0xFC, 0xF0, 0xC3, 0x0F, 0x3F, 0xFC,
    0xF0, 0xC3, 0x0F, 0x3F, 0xFC, 0xF0, 0xC3, 0x0F, 0x3F, 0xFC, 0xF0, 0xC3, 0x0F, 0x3F, 0xFC, 0xF0,
    0xC3, 0x0F, 0x3F, 0xFC, 0xF0, 0xC3, 0x0F, 0x3F, 0xFC, 0xF0, 0xC3, 0x0F, 0x3F, 0xFC, 0xF0, 0x03,
    0x02, 0x12, 0x0F, 0x39, 0x13, 0xFF, 0xFF, 0xFF, 0xFF, 0xFF, 0xFF, 0xFF, 0xFF, 0xFF, 0xFF, 0xFF,
    0xFF, 0xFF, 0xE1, 0x07, 0xF0, 0x03, 0xF8, 0x01, 0xFC, 0x00, 0x7E, 0x00, 0x3F, 0x80, 0x1F, 0xC0,
    0x0F, 0xE0, 0x07, 0xF0, 0x03, 0xF8, 0x01, 0xFC, 0x00, 0x7E, 0x00, 0x3F, 0x80, 0x1F, 0xC0, 0x0F,
    0xE0, 0x07, 0xF0, 0x03, 0xF8, 0x01, 0xFC, 0x00, 0x7E, 0x00, 0x3F, 0x80, 0x1F, 0xC0, 0x0F, 0xE0,
    0x07, 0xF0, 0x03, 0xF8, 0x01, 0xFC, 0x00, 0x7E, 0x00, 0x3F, 0x80, 0x1F, 0xFC, 0xFF, 0xFF, 0xFF,
    0xFF, 0xFF, 0xFF, 0xFF, 0xFF, 0xFF, 0xFF, 0xFF, 0xFF, 0x07, 0x00, 0x00, 0x00, 0x00, 0x00, 0x00,
    0x00, 0xF0, 0x00, 0xFC, 0x00, 0x7E, 0x00, 0x3F, 0x80, 0x1F, 0xC0, 0x0F, 0xE0, 0x07, 0xE0, 0x01,
    0x03, 0x0F, 0x06, 0x3B, 0x0C, 0xDE, 0xFF, 0xFF, 0xFF, 0xFF, 0x7B, 0x00, 0x00, 0x00, 0xC0, 0xFF,
    0xFF, 0xFF, 0xFF, 0xFF, 0xFF, 0xFF, 0xFF, 0xFF, 0xFF, 0xFF, 0xFF, 0xFF, 0xFF, 0xFF, 0xFF, 0xFF,
    0xFF, 0xFF, 0xFF, 0xFF, 0xFF, 0xFF, 0xFF, 0xFF, 0x03, 0x00, 0x00, 0x78, 0xFF, 0xFF, 0xFF, 0xFF,
    0xEF, 0x01, 0x02, 0x11, 0x1B, 0x3A, 0x1F, 0x00, 0xFC, 0x01, 0x00, 0xF8, 0x3F, 0x00, 0xF0, 0xFF,
    0x07, 0xC0, 0xFF, 0x7F, 0x00, 0xFF, 0xFF, 0x07, 0xF8, 0xFF, 0x3F, 0xE0, 0xFF, 0xFF, 0x03, 0xFF,
    0xFF, 0x1F, 0xFC, 0x07, 0xFF, 0xE1, 0x0F, 0xE0, 0x8F, 0x3F, 0x00, 0xFE, 0xFC, 0x01, 0xF0, 0xE7,
    0x07, 0x00, 0x3F, 0x3F, 0x00, 0xF8, 0xF9, 0x01, 0xC0, 0xEF, 0x0F, 0x00, 0xFE, 0x3F, 0x00, 0xE0,
    0xFF, 0x01, 0x00, 0xFF, 0x0F, 0x00, 0xF8, 0x7F, 0x00, 0xC0, 0xFF, 0x03, 0x00, 0xFE, 0x1F, 0x00,
    0xF0, 0xFF, 0x00, 0x80, 0xFF, 0x07, 0x00, 0xFC, 0x3F, 0x00, 0xE0, 0xFF, 0x01, 0x00, 0xFF, 0x0F,
    0x00, 0xF8, 0x7F, 0x00, 0xC0, 0xFF, 0x03, 0x00, 0xFE, 0x1F, 0x00, 0xF0, 0xFF, 0x00, 0x80, 0xDF,
    0x0F, 0x00, 0xFE, 0x7E, 0x00, 0xF0, 0xF3, 0x03, 0x80, 0x9F, 0x1F, 0x00, 0xFC, 0xFC, 0x01, 0xF0,
    0xC7, 0x0F, 0x80, 0x1F, 0xFE, 0x00, 0xFE, 0xF0, 0x1F, 0xFC, 0x07, 0xFF, 0xFF, 0x1F, 0xF8, 0xFF,
    0xFF, 0x80, 0xFF, 0xFF, 0x03, 0xFC, 0xFF, 0x1F, 0xC0, 0xFF, 0x7F, 0x00, 0xFC, 0xFF, 0x01, 0x80,
    0xFF, 0x03, 0x00, 0xF0, 0x07, 0x00, 0x00, 0x00, 0x00, 0x00, 0x00, 0x00, 0x00, 0x00, 0x00, 0x00,
    0x00, 0x1E, 0x00, 0x00, 0xF8, 0x01, 0x00, 0xC0, 0x0F, 0x00, 0x00, 0x7E, 0x00, 0x00, 0xF0, 0x03,
    0x00, 0x80, 0x1F, 0x00, 0x00, 0xFC, 0x00, 0x00, 0xC0, 0x03, 0x00, 0x02, 0x1C, 0x17, 0x2F, 0x1B,
    0x00, 0x7F, 0x00, 0xE0, 0xFF, 0x00, 0xF8, 0xFF, 0x00, 0xFE, 0xFF, 0x80, 0xFF, 0xFF, 0xE0, 0xFF,
    0xFF, 0xF0, 0xFF, 0x7F, 0xFC, 0x83, 0x7F, 0xFE, 0x80, 0x3F, 0x3F, 0x80, 0x9F, 0x1F, 0xC0, 0xEF,
    0x0F, 0xE0, 0xFF, 0x03, 0xE0, 0xFF, 0x01, 0xF0, 0xFF, 0x00, 0xF8, 0x7F, 0x00, 0xFC, 0x3F, 0x00,
    0xFE, 0x1F, 0x00, 0xFF, 0x0F, 0x80, 0xFF, 0x07, 0xC0, 0xFF, 0x03, 0xE0, 0xFF, 0x01, 0xF0, 0xFF,
    0x00, 0xF8, 0x7F, 0x00, 0xFC, 0x7F, 0x00, 0x7F, 0x3F, 0x80, 0x9F, 0x1F, 0xC0, 0xCF, 0x1F, 0xF0,
    0xE7, 0x1F, 0xFC, 0xE3, 0xFF, 0xFF, 0xF0, 0xFF, 0x7F, 0xF0, 0xFF, 0x1F, 0xF0, 0xFF, 0x07, 0xF0,
    0xFF, 0x01, 0xF0, 0x7F, 0x00, 0xE0, 0x0F, 0x00, 0x00, 0x00, 0x00, 0x00, 0x00, 0x00, 0x00, 0x00,
    0x00, 0x78, 0x00, 0x00, 0x7E, 0x00, 0x00, 0x3F, 0x00, 0x80, 0x1F, 0x00, 0xC0, 0x0F, 0x00, 0xE0,
    0x07, 0x00, 0xF0, 0x03, 0x00, 0xF0, 0x00, 0x00, 0x02, 0x02, 0x1B, 0x3E, 0x1F, 0x00, 0xF0, 0x01,
    0x00, 0xE0, 0x3F, 0x00, 0x00, 0xFF, 0x01, 0x00, 0xFC, 0x07, 0x00, 0xE0, 0x23, 0x00, 0x00, 0x0F,
    0x00, 0x00, 0x78, 0x00, 0x00, 0xC0, 0x07, 0x00, 0x00, 0xFC, 0x00, 0x00, 0xE0, 0x07, 0x00, 0x00,
    0x3C, 0x00, 0x00, 0xC0, 0x01, 0x00, 0x00, 0x00, 0x00, 0x00, 0x00, 0x00, 0x00, 0x00, 0x00, 0x00,
    0x80, 0x3F, 0x00, 0x00, 0xFF, 0x07, 0x00, 0xFE, 0xFF, 0x00, 0xF8, 0xFF, 0x0F, 0xE0, 0xFF, 0xFF,
    0x00, 0xFF, 0xFF, 0x07, 0xFC, 0xFF, 0x7F, 0xE0, 0xFF, 0xFF, 0x83, 0xFF, 0xE0, 0x3F, 0xFC, 0x01,
    0xFC, 0xF1, 0x07, 0xC0, 0x9F, 0x3F, 0x00, 0xFE, 0xFC, 0x00, 0xE0, 0xE7, 0x07, 0x00, 0x3F, 0x3F,
    0x00, 0xF8, 0xFD, 0x01, 0xC0, 0xFF, 0x07, 0x00, 0xFC, 0x3F, 0x00, 0xE0, 0xFF, 0x01, 0x00, 0xFF,
    0x0F, 0x00, 0xF8, 0x7F, 0x00, 0xC0, 0xFF, 0x03, 0x00, 0xFE, 0x1F, 0x00, 0xF0, 0xFF, 0x00, 0x80,
    0xFF, 0x07, 0x00, 0xFC, 0x3F, 0x00, 0xE0, 0xFF, 0x01, 0x00, 0xFF, 0x0F, 0x00, 0xF8, 0x7F, 0x00,
    0xC0, 0xFF, 0x03, 0x00, 0xFE, 0x1F, 0x00, 0xF0, 0xFB, 0x01, 0xC0, 0xDF, 0x0F, 0x00, 0x7E, 0x7E,
    0x00, 0xF0, 0xF3, 0x03, 0x80, 0x9F, 0x3F, 0x00, 0xFE, 0xF8, 0x01, 0xF0, 0xC3, 0x1F, 0xC0, 0x1F,
    0xFE, 0x83, 0xFF, 0xE0, 0xFF, 0xFF, 0x03, 0xFF, 0xFF, 0x1F, 0xF0, 0xFF, 0x7F, 0x80, 0xFF, 0xFF,
    0x03, 0xF8, 0xFF, 0x0F, 0x80, 0xFF, 0x3F, 0x00, 0xF0, 0x7F, 0x00, 0x00, 0xFE, 0x00, 0x00, 0x02,
    0x0D, 0x17, 0x33, 0x1B, 0x00, 0x7C, 0x00, 0x80, 0x7F, 0x00, 0xC0, 0x3F, 0x00, 0xF0, 0x1F, 0x00,
    0x78, 0x00, 0x00, 0x3C, 0x00, 0x00, 0x1E, 0x00, 0x00, 0x1F, 0x00, 0x00, 0x3F, 0x00, 0x00, 0x1F,
    0x00, 0x00, 0x0F, 0x00, 0x00, 0x07, 0x00, 0x00, 0x00, 0x00, 0x00, 0x00, 0x00, 0x00, 0x00, 0x00,
    0xFE, 0x00, 0xC0, 0xFF, 0x01, 0xF0, 0xFF, 0x01, 0xFC, 0xFF, 0x01, 0xFF, 0xFF, 0xC1, 0xFF, 0xFF,
    0xE1, 0xFF, 0xFF, 0xF8, 0x07, 0xFF, 0xFC, 0x01, 0x7F, 0x7E, 0x00, 0x3F, 0x3F, 0x80, 0xDF, 0x1F,
    0xC0, 0xFF, 0x07, 0xC0, 0xFF, 0x03, 0xE0, 0xFF, 0x01, 0xF0, 0xFF, 0x00, 0xF8, 0x7F, 0x00, 0xFC,
    0x3F, 0x00, 0xFE, 0x1F, 0x00, 0xFF, 0x0F, 0x80, 0xFF, 0x07, 0xC0, 0xFF, 0x03, 0xE0, 0xFF, 0x01,
    0xF0, 0xFF, 0x00, 0xF8, 0xFF, 0x00, 0xFE, 0x7E, 0x00, 0x3F, 0x3F, 0x80, 0x9F, 0x3F, 0xE0, 0xCF,
    0x3F, 0xF8, 0xC7, 0xFF, 0xFF, 0xE1, 0xFF, 0xFF, 0xE0, 0xFF, 0x3F, 0xE0, 0xFF, 0x0F, 0xE0, 0xFF,
    0x03, 0xE0, 0xFF, 0x00, 0xC0, 0x1F, 0x00, 0x02, 0x7E, 0x1D, 0x42, 0x1F, 0x7F, 0x00, 0x00, 0xC0,
    0x0F, 0x00, 0x00, 0xF8, 0x01, 0x00, 0x00, 0x7E, 0x00, 0x00, 0x80, 0x0F, 0x00, 0x00, 0xF0, 0x03,
    0x00, 0x00, 0x7C, 0xF8, 0x01, 0x80, 0x8F, 0x3F, 0x00, 0xE0, 0xFB, 0x0F, 0x00, 0x00, 0xFF, 0x01,
    0x00, 0xF0, 0x7F, 0x00, 0x00, 0xFE, 0x1F, 0x00, 0xE0, 0xF7, 0x03, 0x00, 0x7E, 0xFC, 0x00, 0xC0,
    0x07, 0x1F, 0x00, 0x7C, 0xC0, 0x07, 0x00, 0x00, 0x00, 0x00, 0x00, 0x00, 0x00, 0x00, 0x00, 0x00,
    0x00, 0x00, 0xF8, 0x03, 0x00, 0xC0, 0xFF, 0x01, 0x00, 0xFE, 0xFF, 0x00, 0xE0, 0xFF, 0x3F, 0x00,
    0xFE, 0xFF, 0x0F, 0xC0, 0xFF, 0xFF, 0x01, 0xFC, 0xFF, 0x7F, 0x80, 0xFF, 0xFF, 0x0F, 0xF8, 0x0F,
    0xFE, 0x03, 0x7F, 0x00, 0x7F, 0xF0, 0x07, 0xC0, 0x1F, 0xFE, 0x00, 0xF8, 0xC3, 0x0F, 0x00, 0x7E,
    0xF8, 0x01, 0xC0, 0x0F, 0x3F, 0x00, 0xF8, 0xF1, 0x07, 0x00, 0x7F, 0x7E, 0x00, 0xC0, 0xCF, 0x0F,
    0x00, 0xF8, 0xF9, 0x01, 0x00, 0x3F, 0x3F, 0x00, 0xE0, 0xE7, 0x07, 0x00, 0xFC, 0xFC, 0x00, 0x80,
    0x9F, 0x1F, 0x00, 0xF0, 0xF3, 0x03, 0x00, 0x7E, 0x7E, 0x00, 0xC0, 0xCF, 0x0F, 0x00, 0xF8, 0xF9,
    0x01, 0x00, 0x3F, 0x3F, 0x00, 0xE0, 0xE7, 0x07, 0x00, 0xFC, 0xFC, 0x00, 0x80, 0x9F, 0x1F, 0x00,
    0xF0, 0xE3, 0x07, 0x00, 0x7F, 0xFC, 0x00, 0xE0, 0x87, 0x1F, 0x00, 0xFC, 0xF0, 0x03, 0x80, 0x1F,
    0xFE, 0x00, 0xF8, 0x83, 0x1F, 0x00, 0x3F, 0xF0, 0x07, 0xF0, 0x07, 0xFE, 0x83, 0xFF, 0x80, 0xFF,
    0xFF, 0x0F, 0xF0, 0xFF, 0xFF, 0x01, 0xFC, 0xFF, 0x1F, 0x80, 0xFF, 0xFF, 0x03, 0xE0, 0xFF, 0x3F,
    0x00, 0xF8, 0xFF, 0x03, 0x00, 0xFC, 0x1F, 0x00, 0x00, 0xFE, 0x00, 0x00, 0x02, 0x09, 0x1B, 0x36,
    0x1B, 0x7F, 0x00, 0x00, 0xF0, 0x03, 0x00, 0x80, 0x3F, 0x00, 0x00, 0xF8, 0x01, 0x00, 0x80, 0x0F,
    0x00, 0x00, 0xFC, 0x00, 0x00, 0xC0, 0xC7, 0x1F, 0x00, 0x7C, 0xFE, 0x00, 0xE0, 0xFB, 0x0F, 0x00,
    0xC0, 0x7F, 0x00, 0x00, 0xFF, 0x07, 0x00, 0xF8, 0x3E, 0x00, 0xE0, 0xF7, 0x03, 0x00, 0x1F, 0x1F,
    0x00, 0x7C, 0xF0, 0x01, 0xE0, 0x03, 0x1F, 0x00, 0x00, 0x00, 0x00, 0x00, 0x00, 0x00, 0x00, 0x00,
    0x00, 0x00, 0xE0, 0x0F, 0x00, 0xC0, 0xFF, 0x01, 0x80, 0xFF, 0x3F, 0x00, 0xFC, 0xFF, 0x03, 0xF0,
    0xFF, 0x1F, 0xC0, 0xFF, 0xFF, 0x01, 0xFE, 0xFF, 0x0F, 0xF8, 0x07, 0xFF, 0xC0, 0x1F, 0xF0, 0x07,
    0x7E, 0x00, 0x3F, 0xF0, 0x03, 0xF8, 0xC1, 0x1F, 0xC0, 0x1F, 0x7E, 0x00, 0xFC, 0xF0, 0x03, 0xE0,
    0x87, 0x1F, 0x00, 0x3F, 0xFC, 0x00, 0xF8, 0xE1, 0x07, 0xC0, 0x0F, 0x3F, 0x00, 0x7E, 0xF8, 0x01,
    0xF0, 0xC3, 0x0F, 0x80, 0x1F, 0x7E, 0x00, 0xFC, 0xF0, 0x03, 0xE0, 0x87, 0x1F, 0x00, 0x3F, 0xFC,
    0x01, 0xFC, 0xC1, 0x0F, 0xE0, 0x07, 0x7E, 0x00, 0x3F, 0xF0, 0x07, 0xFC, 0x81, 0x7F, 0xF0, 0x0F,
    0xF8, 0xFF, 0x3F, 0xC0, 0xFF, 0xFF, 0x01, 0xFC, 0xFF, 0x07, 0xC0, 0xFF, 0x1F, 0x00, 0xFE, 0xFF,
    0x00, 0xC0, 0xFF, 0x01, 0x00, 0xF8, 0x03, 0x00, 0x00, 0x7E, 0x1C, 0x42, 0x1F, 0x00, 0x00, 0xE0,
    0x0F, 0x00, 0x00, 0x7E, 0x00, 0x00, 0xF0, 0x07, 0x00, 0x00, 0x3F, 0x00, 0x00, 0xF0, 0x01, 0x00,
    0x80, 0x1F, 0x00, 0x7E, 0xF8, 0x00, 0xE0, 0x8F, 0x07, 0x00, 0xFF, 0x7D, 0x00, 0xF0, 0x1F, 0x00,
    0x80, 0xFF, 0x03, 0x00, 0xFC, 0x3F, 0x00, 0xC0, 0xE7, 0x07, 0x00, 0x7E, 0xFC, 0x00, 0xE0, 0x83,
    0x0F, 0x00, 0x1F, 0xF0, 0x01, 0x00, 0x00, 0x00, 0x00, 0x00, 0x00, 0x00, 0x00, 0x00, 0x00, 0x00,
    0xE0, 0x0F, 0x00, 0x80, 0xFF, 0x03, 0x00, 0xFE, 0xFF, 0x00, 0xF0, 0xFF, 0x1F, 0x80, 0xFF, 0xFF,
    0x03, 0xF8, 0xFF, 0x3F, 0xC0, 0xFF, 0xFF, 0x07, 0xFC, 0xFF, 0x7F, 0xE0, 0x3F, 0xF8, 0x0F, 0xFE,
    0x00, 0xFE, 0xF0, 0x07, 0xC0, 0x1F, 0x7F, 0x00, 0xFC, 0xF1, 0x03, 0x80, 0x1F, 0x3F, 0x00, 0xF8,
    0xF1, 0x03, 0x80, 0x1F, 0x3F, 0x00, 0xF8, 0xF3, 0x01, 0x00, 0x3F, 0x1F, 0x00, 0xF0, 0xF3, 0x01,
    0x00, 0x3F, 0x1F, 0x00, 0xF0, 0xF3, 0x01, 0x00, 0x3F, 0x1F, 0x00, 0xF0, 0xF3, 0x01, 0x00, 0x3F,
    0x1F, 0x00, 0xF0, 0xF3, 0x01, 0x00, 0x3F, 0x1F, 0x00, 0xF0, 0xF3, 0x01, 0x00, 0x3F, 0x1F, 0x00,
    0xF0, 0xF3, 0x01, 0x00, 0x3F, 0x1F, 0x00, 0xF0, 0xF3, 0x01, 0x00, 0x3F, 0x3F, 0x00, 0xF8, 0xF3,
    0x03, 0x80, 0x1F, 0x3F, 0x00, 0xF8, 0xF1, 0x03, 0x80, 0x1F, 0x7F, 0x00, 0xFC, 0xE1, 0x07, 0xC0,
    0x0F, 0xFE, 0x00, 0xFE, 0xE0, 0x3F, 0xF8, 0x0F, 0xFC, 0xFF, 0x7F, 0xC0, 0xFF, 0xFF, 0x07, 0xF8,
    0xFF, 0x3F, 0x80, 0xFF, 0xFF, 0x03, 0xF0, 0xFF, 0x1F, 0x00, 0xFE, 0xFF, 0x00, 0x80, 0xFF, 0x03,
    0x00, 0xE0, 0x0F, 0x00, 0x00, 0x09, 0x18, 0x36, 0x1B, 0x00, 0x00, 0xFE, 0x00, 0x00, 0x7E, 0x00,
    0x00, 0x7F, 0x00, 0x00, 0x3F, 0x00, 0x00, 0x1F, 0x00, 0x80, 0x1F, 0xE0, 0x8F, 0x0F, 0xE0, 0xCF,
    0x07, 0xF0, 0xDF, 0x07, 0xF0, 0x1F, 0x00, 0xF8, 0x3F, 0x00, 0xF8, 0x3F, 0x00, 0xFC, 0x7E, 0x00,
    0x7C, 0x7C, 0x00, 0x3E, 0xF8, 0x00, 0x3E, 0xF0, 0x01, 0x00, 0x00, 0x00, 0x00, 0x00, 0x00, 0x00,
    0x00, 0x00, 0xE0, 0x0F, 0x00, 0xF8, 0x3F, 0x00, 0xFE, 0xFF, 0x00, 0xFE, 0xFF, 0x01, 0xFF, 0xFF,
    0x01, 0xFF, 0xFF, 0x03, 0xFF, 0xFF, 0x03, 0x3F, 0xF8, 0x07, 0x1F, 0xF0, 0x07, 0x0F, 0xE0, 0x07,
    0x0F, 0xE0, 0x07, 0x0F, 0xE0, 0x0F, 0x07, 0xC0, 0x0F, 0x07, 0xC0, 0x0F, 0x07, 0xC0, 0x0F, 0x07,
    0xC0, 0x0F, 0x07, 0xC0, 0x0F, 0x07, 0xC0, 0x0F, 0x07, 0xC0, 0x0F, 0x07, 0xC0, 0x0F, 0x07, 0xC0,
    0x0F, 0x07, 0xC0, 0x0F, 0x07, 0xC0, 0x0F, 0x0F, 0xE0, 0x0F, 0x0F, 0xE0, 0x07, 0x0F, 0xE0, 0x07,
    0x1F, 0xF0, 0x07, 0x3F, 0xF8, 0x07, 0xFF, 0xFF, 0x03, 0xFF, 0xFF, 0x03, 0xFF, 0xFF, 0x01, 0xFE,
    0xFF, 0x00, 0xFE, 0xFF, 0x00, 0xF8, 0x3F, 0x00, 0xE0, 0x0F, 0x00, 0x02, 0x7C, 0x1B, 0x44, 0x1F,
    0xF0, 0x01, 0x00, 0xE0, 0x1F, 0x00, 0x00, 0xFF, 0x00, 0x00, 0xFC, 0x07, 0x00, 0xE0, 0x01, 0x00,
    0x00, 0x0F, 0x00, 0x00, 0x78, 0x00, 0x00, 0xC0, 0x07, 0x00, 0x00, 0xFC, 0xF8, 0x01, 0xC0, 0xE7,
    0x0F, 0x00, 0x3C, 0xFF, 0x00, 0xC0, 0xFD, 0x07, 0x00, 0xF0, 0x7F, 0x00, 0x80, 0xFF, 0x07, 0x00,
    0x7E, 0x3E, 0x00, 0xF0, 0xF1, 0x03, 0xC0, 0x07, 0x1F, 0x00, 0x3F, 0xF0, 0x01, 0x00, 0x00, 0x00,
    0x00, 0x00, 0x00, 0x00, 0x00, 0x00, 0x00, 0x00, 0xFE, 0x00, 0x00, 0xFC, 0x1F, 0x00, 0xF8, 0xFF,
    0x03, 0xE0, 0xFF, 0x3F, 0x80, 0xFF, 0xFF, 0x03, 0xFC, 0xFF, 0x1F, 0xF0, 0xFF, 0xFF, 0x81, 0xFF,
    0xFF, 0x0F, 0xFE, 0x83, 0xFF, 0xF0, 0x07, 0xF0, 0xC7, 0x1F, 0x00, 0x7F, 0xFE, 0x00, 0xF8, 0xF3,
    0x03, 0x80, 0x9F, 0x1F, 0x00, 0xFC, 0xFC, 0x00, 0xE0, 0xF7, 0x07, 0x00, 0xFF, 0x1F, 0x00, 0xF0,
    0xFF, 0x00, 0x80, 0xFF, 0x07, 0x00, 0xFC, 0x3F, 0x00, 0xE0, 0xFF, 0x01, 0x00, 0xFF, 0x0F, 0x00,
    0xF8, 0x7F, 0x00, 0xC0, 0xFF, 0x03, 0x00, 0xFE, 0x1F, 0x00, 0xF0, 0xFF, 0x00, 0x80, 0xFF, 0x07,
    0x00, 0xFC, 0x3F, 0x00, 0xE0, 0xFF, 0x01, 0x00, 0xFF, 0x0F, 0x00, 0xF8, 0x7F, 0x00, 0xC0, 0xEF,
    0x07, 0x00, 0x7F, 0x3F, 0x00, 0xF8, 0xF9, 0x01, 0xC0, 0xCF, 0x0F, 0x00, 0x7E, 0xFE, 0x00, 0xF8,
    0xE3, 0x07, 0xC0, 0x0F, 0x7F, 0x00, 0x7F, 0xF8, 0x0F, 0xFE, 0x83, 0xFF, 0xFF, 0x0F, 0xFC, 0xFF,
    0x7F, 0xC0, 0xFF, 0xFF, 0x01, 0xFE, 0xFF, 0x0F, 0xE0, 0xFF, 0x3F, 0x00, 0xFE, 0xFF, 0x00, 0xC0,
    0xFF, 0x01, 0x00, 0xF8, 0x03, 0x00, 0x02, 0x07, 0x18, 0x38, 0x1B, 0xF8, 0x00, 0x00, 0xFE, 0x01,
    0x00, 0xFE, 0x01, 0x00, 0xFF, 0x01, 0x00, 0x9F, 0x00, 0x00, 0x0F, 0x00, 0x00, 0x0F, 0x00, 0x00,
    0x0F, 0x00, 0x00, 0x7E, 0xFE, 0x00, 0x7C, 0xFE, 0x00, 0x78, 0xFF, 0x01, 0x70, 0xFF, 0x01, 0x80,
    0xFF, 0x03, 0x80, 0xEF, 0x03, 0xC0, 0xEF, 0x07, 0xC0, 0xC7, 0x07, 0xE0, 0x83, 0x0F, 0xF0, 0x01,
    0x1F, 0x00, 0x00, 0x00, 0x00, 0x00, 0x00, 0x00, 0x00, 0x00, 0x00, 0xFE, 0x00, 0x80, 0xFF, 0x03,
    0xE0, 0xFF, 0x0F, 0xE0, 0xFF, 0x1F, 0xF0, 0xFF, 0x1F, 0xF8, 0xFF, 0x3F, 0xF8, 0xFF, 0x3F, 0xFC,
    0x83, 0x7F, 0xFC, 0x01, 0x7F, 0xFC, 0x00, 0x7E, 0xFC, 0x00, 0x7E, 0xFE, 0x00, 0xFE, 0x7E, 0x00,
    0xFC, 0x7E, 0x00, 0xFC, 0x7E, 0x00, 0xFC, 0x7E, 0x00, 0xFC, 0x7E, 0x00, 0xFC, 0x7E, 0x00, 0xFC,
    0x7E, 0x00, 0xFC, 0x7E, 0x00, 0xFC, 0x7E, 0x00, 0xFC, 0x7E, 0x00, 0xFC, 0x7E, 0x00, 0xFC, 0xFE,
    0x00, 0xFE, 0xFC, 0x00, 0x7E, 0xFC, 0x00, 0x7E, 0xFC, 0x01, 0x7F, 0xFC, 0x83, 0x7F, 0xF8, 0xFF,
    0x3F, 0xF8, 0xFF, 0x3F, 0xF0, 0xFF, 0x1F, 0xE0, 0xFF, 0x0F, 0xE0, 0xFF, 0x0F, 0x80, 0xFF, 0x03,
    0x00, 0xFE, 0x00, 0x02, 0x7A, 0x1B, 0x46, 0x1F, 0xF0, 0x80, 0x07, 0x80, 0x07, 0xFF, 0x00, 0x3C,
    0xFC, 0x0F, 0xE0, 0xFF, 0x7F, 0x00, 0xFF, 0xFF, 0x03, 0xF0, 0xFF, 0x3F, 0x80, 0xFF, 0xFF, 0x01,
    0xF8, 0x1F, 0x0F, 0x80, 0x1F, 0x78, 0x00, 0x00, 0x00, 0x00, 0x00, 0x00, 0x00, 0x00, 0xF8, 0x03,
    0x00, 0xE0, 0x1F, 0x00, 0x00, 0xFF, 0x01, 0x00, 0xFC, 0x1F, 0x00, 0xF0, 0xFF, 0x00, 0x80, 0xDF,
    0x0F, 0x00, 0x7E, 0x7C, 0x00, 0xF0, 0xC1, 0x07, 0xC0, 0x07, 0x7C, 0x00, 0x00, 0x00, 0x00, 0x00,
    0x00, 0x00, 0x00, 0x00, 0x00, 0x00, 0x80, 0x3F, 0x00, 0x00, 0xFF, 0x07, 0x00, 0xFE, 0xFF, 0x00,
    0xF8, 0xFF, 0x0F, 0xE0, 0xFF, 0xFF, 0x00, 0xFF, 0xFF, 0x07, 0xFC, 0xFF, 0x7F, 0xE0, 0xFF, 0xFF,
    0x83, 0xFF, 0xE0, 0x3F, 0xFC, 0x01, 0xFC, 0xF1, 0x07, 0xC0, 0x9F, 0x3F, 0x00, 0xFE, 0xFC, 0x00,
    0xE0, 0xE7, 0x07, 0x00, 0x3F, 0x3F, 0x00, 0xF8, 0xFD, 0x01, 0xC0, 0xFF, 0x07, 0x00, 0xFC, 0x3F,
    0x00, 0xE0, 0xFF, 0x01, 0x00, 0xFF, 0x0F, 0x00, 0xF8, 0x7F, 0x00, 0xC0, 0xFF, 0x03, 0x00, 0xFE,
    0x1F, 0x00, 0xF0, 0xFF, 0x00, 0x80, 0xFF, 0x07, 0x00, 0xFC, 0x3F, 0x00, 0xE0, 0xFF, 0x01, 0x00,
    0xFF, 0x0F, 0x00, 0xF8, 0x7F, 0x00, 0xC0, 0xFF, 0x03, 0x00, 0xFE, 0x1F, 0x00, 0xF0, 0xFB, 0x01,
    0xC0, 0xDF, 0x0F, 0x00, 0x7E, 0x7E, 0x00, 0xF0, 0xF3, 0x03, 0x80, 0x9F, 0x3F, 0x00, 0xFE, 0xF8,
    0x01, 0xF0, 0xC3, 0x1F, 0xC0, 0x1F, 0xFE, 0x83, 0xFF, 0xE0, 0xFF, 0xFF, 0x03, 0xFF, 0xFF, 0x1F,
    0xF0, 0xFF, 0x7F, 0x80, 0xFF, 0xFF, 0x03, 0xF8, 0xFF, 0x0F, 0x80, 0xFF, 0x3F, 0x00, 0xF0, 0x7F,
    0x00, 0x00, 0xFE, 0x00, 0x00, 0x02, 0x05, 0x17, 0x3B, 0x1B, 0x3C, 0xE0, 0x01, 0x1E, 0xFC, 0x03,
    0x9F, 0xFF, 0x83, 0xFF, 0xFF, 0x81, 0xFF, 0xFF, 0xC0, 0xFF, 0xFF, 0xE0, 0xFF, 0x78, 0xE0, 0x1F,
    0x3C, 0xC0, 0x07, 0x1E, 0x00, 0x00, 0x00, 0x00, 0x00, 0x00, 0xE0, 0x0F, 0x00, 0xF0, 0x07, 0x00,
    0xFC, 0x07, 0x00, 0xFF, 0x07, 0x80, 0xFF, 0x03, 0xE0, 0xF7, 0x03, 0xF0, 0xF1, 0x01, 0x7C, 0xF0,
    0x01, 0x3F, 0xF0, 0x00, 0x00, 0x00, 0x00, 0x00, 0x00, 0x00, 0x00, 0x00, 0x00, 0xFE, 0x00, 0xC0,
    0xFF, 0x01, 0xF0, 0xFF, 0x01, 0xFC, 0xFF, 0x01, 0xFF, 0xFF, 0xC1, 0xFF, 0xFF, 0xE1, 0xFF, 0xFF,
    0xF8, 0x07, 0xFF, 0xFC, 0x01, 0x7F, 0x7E, 0x00, 0x3F, 0x3F, 0x80, 0xDF, 0x1F, 0xC0, 0xFF, 0x07,
    0xC0, 0xFF, 0x03, 0xE0, 0xFF, 0x01, 0xF0, 0xFF, 0x00, 0xF8, 0x7F, 0x00, 0xFC, 0x3F, 0x00, 0xFE,
    0x1F, 0x00, 0xFF, 0x0F, 0x80, 0xFF, 0x07, 0xC0, 0xFF, 0x03, 0xE0, 0xFF, 0x01, 0xF0, 0xFF, 0x00,
    0xF8, 0xFF, 0x00, 0xFE, 0x7E, 0x00, 0x3F, 0x3F, 0x80, 0x9F, 0x3F, 0xE0, 0xCF, 0x3F, 0xF8, 0xC7,
    0xFF, 0xFF, 0xE1, 0xFF, 0xFF, 0xE0, 0xFF, 0x3F, 0xE0, 0xFF, 0x0F, 0xF0, 0xFF, 0x03, 0xE0, 0xFF,
    0x00, 0xC0, 0x1F, 0x00, 0x02, 0x01, 0x1B, 0x4A, 0x1F, 0x00, 0xF8, 0x01, 0x00, 0xE0, 0x0F, 0x00,
    0x00, 0xFF, 0x00, 0x00, 0xFC, 0x07, 0x00, 0xE0, 0x7F, 0x00, 0x80, 0xFF, 0x03, 0x00, 0x7C, 0x3F,
    0x00, 0xF0, 0xF3, 0x01, 0x80, 0x8F, 0x1F, 0x00, 0x7E, 0xF8, 0x00, 0xF8, 0xC1, 0x0F, 0xC0, 0x0F,
    0x7C, 0x00, 0x00, 0x00, 0x00, 0x00, 0x00, 0x00, 0x00, 0x00, 0x00, 0x00, 0x00, 0x00, 0x00, 0x00,
    0xFC, 0x01, 0x00, 0xF8, 0x3F, 0x00, 0xF0, 0xFF, 0x07, 0xC0, 0xFF, 0x7F, 0x00, 0xFF, 0xFF, 0x07,
    0xF8, 0xFF, 0x3F, 0xE0, 0xFF, 0xFF, 0x03, 0xFF, 0xFF, 0x1F, 0xFC, 0x07, 0xFF, 0xE1, 0x0F, 0xE0,
    0x8F, 0x3F, 0x00, 0xFE, 0xFC, 0x01, 0xF0, 0xE7, 0x07, 0x00, 0x3F, 0x3F, 0x00, 0xF8, 0xF9, 0x01,
    0xC0, 0xEF, 0x0F, 0x00, 0xFE, 0x3F, 0x00, 0xE0, 0xFF, 0x01, 0x00, 0xFF, 0x0F, 0x00, 0xF8, 0x7F,
    0x00, 0xC0, 0xFF, 0x03, 0x00, 0xFE, 0x1F, 0x00, 0xF0, 0xFF, 0x00, 0x80, 0xFF, 0x07, 0x00, 0xFC,
    0x3F, 0x00, 0xE0, 0xFF, 0x01, 0x00, 0xFF, 0x0F, 0x00, 0xF8, 0x7F, 0x00, 0xC0, 0xFF, 0x03, 0x00,
    0xFE, 0x1F, 0x00, 0xF0, 0xFF, 0x00, 0x80, 0xDF, 0x0F, 0x00, 0xFE, 0x7E, 0x00, 0xF0, 0xF3, 0x03,
    0x80, 0x9F, 0x1F, 0x00, 0xFC, 0xFC, 0x01, 0xF0, 0xC7, 0x0F, 0x80, 0x1F, 0xFE, 0x00, 0xFE, 0xF0,
    0x1F, 0xFC, 0x07, 0xFF, 0xFF, 0x1F, 0xF8, 0xFF, 0xFF, 0x80, 0xFF, 0xFF, 0x03, 0xFC, 0xFF, 0x1F,
    0xC0, 0xFF, 0x7F, 0x00, 0xFC, 0xFF, 0x01, 0x80, 0xFF, 0x03, 0x00, 0xF0, 0x07, 0x00, 0x00, 0x00,
    0x00, 0x00, 0x00, 0x00, 0x00, 0x00, 0x00, 0x00, 0x00, 0x3C, 0x00, 0x00, 0xF0, 0x03, 0x00, 0x80,
    0x1F, 0x00, 0x00, 0xFC, 0x00, 0x00, 0xE0, 0x07, 0x00, 0x00, 0x3F, 0x00, 0x00, 0xF8, 0x01, 0x00,
    0x80, 0x07, 0x00, 0x02, 0x0C, 0x17, 0x3F, 0x1B, 0x00, 0x7E, 0x00, 0x00, 0x3F, 0x00, 0xC0, 0x1F,
    0x00, 0xF0, 0x1F, 0x00, 0xF8, 0x0F, 0x00, 0xFE, 0x0F, 0x00, 0xFF, 0x07, 0xC0, 0xCF, 0x07, 0xE0,
    0xE3, 0x03, 0xF8, 0xE1, 0x03, 0x7C, 0xF0, 0x01, 0x3F, 0xF0, 0x00, 0x00, 0x00, 0x00, 0x00, 0x00,
    0x00, 0x00, 0x00, 0x00, 0x00, 0x00, 0x00, 0x7F, 0x00, 0xE0, 0xFF, 0x00, 0xF8, 0xFF, 0x00, 0xFE,
    0xFF, 0x80, 0xFF, 0xFF, 0xE0, 0xFF, 0xFF, 0xF0, 0xFF, 0x7F, 0xFC, 0x83, 0x7F, 0xFE, 0x80, 0x3F,
    0x3F, 0x80, 0x9F, 0x1F, 0xC0, 0xEF, 0x0F, 0xE0, 0xFF, 0x03, 0xE0, 0xFF, 0x01, 0xF0, 0xFF, 0x00,
    0xF8, 0x7F, 0x00, 0xFC, 0x3F, 0x00, 0xFE, 0x1F, 0x00, 0xFF, 0x0F, 0x80, 0xFF, 0x07, 0xC0, 0xFF,
    0x03, 0xE0, 0xFF, 0x01, 0xF0, 0xFF, 0x00, 0xF8, 0x7F, 0x00, 0xFC, 0x7F, 0x00, 0x7F, 0x3F, 0x80,
    0x9F, 0x1F, 0xC0, 0xCF, 0x1F, 0xF0, 0xE7, 0x1F, 0xFC, 0xE3, 0xFF, 0xFF, 0xF0, 0xFF, 0x7F, 0xF0,
    0xFF, 0x1F, 0xF0, 0xFF, 0x07, 0xF8, 0xFF, 0x01, 0xF0, 0x7F, 0x00, 0xE0, 0x0F, 0x00, 0x00, 0x00,
    0x00, 0x00, 0x00, 0x00, 0x00, 0x00, 0x00, 0x78, 0x00, 0x00, 0x7E, 0x00, 0x00, 0x3F, 0x00, 0x80,
    0x1F, 0x00, 0xC0, 0x0F, 0x00, 0xE0, 0x07, 0x00, 0xF0, 0x03, 0x00, 0xF0, 0x00, 0x00, 0x02, 0x01,
    0x22, 0x3F, 0x23, 0x00, 0xE0, 0x0F, 0x00, 0x00, 0x80, 0x7F, 0x00, 0x00, 0x00, 0xFC, 0x01, 0x00,
    0x00, 0xE0, 0x0F, 0x00, 0x00, 0x80, 0x3F, 0x00, 0x00, 0x00, 0xFC, 0x00, 0x00, 0x00, 0xE0, 0x07,
    0x00, 0x00, 0x80, 0x1F, 0x00, 0x00, 0x00, 0xFC, 0x00, 0x00, 0x00, 0xE0, 0x03, 0x00, 0x00, 0x80,
    0x0F, 0x00, 0x00, 0x00, 0x00, 0x00, 0x00, 0x00, 0x00, 0x00, 0x00, 0x00, 0x00, 0x00, 0x00, 0x00,
    0x00, 0x00, 0xC0, 0x07, 0x00, 0x00, 0x00, 0x1F, 0x00, 0xFE, 0x00, 0x7C, 0x00, 0xFF, 0x0F, 0xF0,
    0x01, 0xFE, 0xFF, 0xC0, 0x07, 0xFC, 0xFF, 0x07, 0x1F, 0xF8, 0xFF, 0x3F, 0x7C, 0xF0, 0xFF, 0xFF,
    0xF0, 0xC1, 0xFF, 0xFF, 0xC7, 0x87, 0xFF, 0xFF, 0x1F, 0x3F, 0xFE, 0x83, 0xFF, 0xF8, 0xF8, 0x03,
    0xF8, 0xE3, 0xFF, 0x07, 0xC0, 0x9F, 0xFF, 0x1F, 0x00, 0x7F, 0xFC, 0x3F, 0x00, 0xF8, 0xE1, 0xFF,
    0x00, 0xE0, 0x07, 0xFF, 0x03, 0x80, 0x1F, 0xE0, 0x0F, 0x00, 0xFE, 0x80, 0x1F, 0x00, 0xF0, 0x03,
    0x7E, 0x00, 0xC0, 0x0F, 0xF8, 0x01, 0x00, 0x3F, 0xE0, 0x07, 0x00, 0xFC, 0x80, 0x1F, 0x00, 0xF0,
    0x03, 0x7E, 0x00, 0xC0, 0x0F, 0xF8, 0x01, 0x00, 0x3F, 0xE0, 0x07, 0x00, 0xFC, 0x80, 0x1F, 0x00,
    0xF0, 0x03, 0x7E, 0x00, 0xC0, 0x0F, 0xF8, 0x01, 0x00, 0x3F, 0xE0, 0x07, 0x00, 0xFC, 0x80, 0x1F,
    0x00, 0xF0, 0x03, 0x7E, 0x00, 0xC0, 0x0F, 0xF8, 0x01, 0x00, 0x3F, 0xC0, 0x0F, 0x00, 0xFE, 0x00,
    0x3F, 0x00, 0xF8, 0x01, 0xFC, 0x00, 0xE0, 0x07, 0xF0, 0x03, 0x80, 0x1F, 0xC0, 0x1F, 0x00, 0x7F,
    0x00, 0x7E, 0x00, 0xFC, 0x00, 0xF8, 0x03, 0xF8, 0x03, 0xE0, 0x3F, 0xF8, 0x0F, 0x00, 0xFF, 0xFF,
    0x1F, 0x00, 0xFC, 0xFF, 0x7F, 0x00, 0xE0, 0xFF, 0xFF, 0x00, 0x80, 0xFF, 0xFF, 0x03, 0x00, 0xFC,
    0xFF, 0x07, 0x00, 0xE0, 0xFF, 0x0F, 0x00, 0x00, 0xFE, 0x0F, 0x00, 0x00, 0xE0, 0x0F, 0x00, 0x02,
    0x0C, 0x1E, 0x34, 0x1F, 0x00, 0xF8, 0x03, 0x00, 0x00, 0xFC, 0x01, 0x00, 0x00, 0x7F, 0x00, 0x00,
    0x80, 0x1F, 0x00, 0x00, 0xC0, 0x0F, 0x00, 0x00, 0xF0, 0x03, 0x00, 0x00, 0xF8, 0x01, 0x00, 0x00,
    0x7C, 0x00, 0x00, 0x00, 0x1F, 0x00, 0x00, 0x80, 0x0F, 0x00, 0x00, 0xE0, 0x03, 0x00, 0x00, 0x00,
    0x00, 0x00, 0x00, 0x00, 0x00, 0x00, 0x00, 0x00, 0xF0, 0x01, 0x00, 0x00, 0x7C, 0x00, 0x00, 0x00,
    0x1F, 0x80, 0x3F, 0xC0, 0x07, 0xF8, 0x3F, 0xF0, 0x81, 0xFF, 0x1F, 0x7C, 0xF0, 0xFF, 0x0F, 0x1F,
    0xFC, 0xFF, 0xC7, 0x87, 0xFF, 0xFF, 0xF3, 0xE3, 0xFF, 0xFF, 0xF8, 0xFF, 0x83, 0x7F, 0xFE, 0x7F,
    0xC0, 0x1F, 0xFF, 0x0F, 0xE0, 0xC7, 0xFF, 0x03, 0xF8, 0xE1, 0xFF, 0x00, 0xFE, 0xE0, 0x1F, 0x00,
    0x3F, 0xE0, 0x07, 0xC0, 0x0F, 0xF8, 0x01, 0xF0, 0x03, 0x7E, 0x00, 0xFC, 0x80, 0x1F, 0x00, 0x3F,
    0xE0, 0x07, 0xC0, 0x0F, 0xF8, 0x01, 0xF0, 0x03, 0x7E, 0x00, 0xFC, 0x80, 0x1F, 0x00, 0x3F, 0xE0,
    0x07, 0xC0, 0x0F, 0xF8, 0x01, 0xF0, 0x03, 0x7E, 0x00, 0xFC, 0x80, 0x3F, 0x80, 0x3F, 0xC0, 0x0F,
    0xE0, 0x07, 0xF0, 0x03, 0xF8, 0x01, 0xFC, 0x01, 0x7F, 0x00, 0xFF, 0xE0, 0x1F, 0x80, 0xFF, 0xFF,
    0x03, 0xE0, 0xFF, 0xFF, 0x00, 0xF0, 0xFF, 0x1F, 0x00, 0xF8, 0xFF, 0x03, 0x00, 0xFC, 0x7F, 0x00,
    0x00, 0xFE, 0x0F, 0x00, 0x00, 0xFE, 0x00, 0x02, 0x01, 0x22, 0x3F, 0x23, 0x00, 0x00, 0xF0, 0x0F,
    0x00, 0x00, 0xC0, 0x1F, 0x00, 0x00, 0x00, 0x7F, 0x00, 0x00, 0x00, 0xFE, 0x00, 0x00, 0x00, 0xF8,
    0x01, 0x00, 0x00, 0xF0, 0x07, 0x00, 0x00, 0xC0, 0x0F, 0x00, 0x00, 0x80, 0x1F, 0x00, 0x00, 0x00,
    0x7E, 0x00, 0x00, 0x00, 0xF8, 0x00, 0x00, 0x00, 0xF0, 0x01, 0x00, 0x00, 0x00, 0x00, 0x00, 0x00,
    0x00, 0x00, 0x00, 0x00, 0x00, 0x00, 0x00, 0x00, 0x00, 0x00, 0x00, 0xC0, 0x07, 0x00, 0x00, 0x00,
    0x1F, 0x00, 0xFE, 0x00, 0x7C, 0x00, 0xFF, 0x0F, 0xF0, 0x01, 0xFE, 0xFF, 0xC0, 0x07, 0xFC, 0xFF,
    0x07, 0x1F, 0xF8, 0xFF, 0x3F, 0x7C, 0xF0, 0xFF, 0xFF, 0xF0, 0xC1, 0xFF, 0xFF, 0xC7, 0x87, 0xFF,
    0xFF, 0x1F, 0x3F, 0xFE, 0x83, 0xFF, 0xF8, 0xF8, 0x03, 0xF8, 0xE3, 0xFF, 0x07, 0xC0, 0x9F, 0xFF,
    0x1F, 0x00, 0x7F, 0xFC, 0x3F, 0x00, 0xF8, 0xE1, 0xFF, 0x00, 0xE0, 0x07, 0xFF, 0x03, 0x80, 0x1F,
    0xE0, 0x0F, 0x00, 0xFE, 0x80, 0x1F, 0x00, 0xF0, 0x03, 0x7E, 0x00, 0xC0, 0x0F, 0xF8, 0x01, 0x00,
    0x3F, 0xE0, 0x07, 0x00, 0xFC, 0x80, 0x1F, 0x00, 0xF0, 0x03, 0x7E, 0x00, 0xC0, 0x0F, 0xF8, 0x01,
    0x00, 0x3F, 0xE0, 0x07, 0x00, 0xFC, 0x80, 0x1F, 0x00, 0xF0, 0x03, 0x7E, 0x00, 0xC0, 0x0F, 0xF8,
    0x01, 0x00, 0x3F, 0xE0, 0x07, 0x00, 0xFC, 0x80, 0x1F, 0x00, 0xF0, 0x03, 0x7E, 0x00, 0xC0, 0x0F,
    0xF8, 0x01, 0x00, 0x3F, 0xC0, 0x0F, 0x00, 0xFE, 0x00, 0x3F, 0x00, 0xF8, 0x01, 0xFC, 0x00, 0xE0,
    0x07, 0xF0, 0x03, 0x80, 0x1F, 0xC0, 0x1F, 0x00, 0x7F, 0x00, 0x7E, 0x00, 0xFC, 0x00, 0xF8, 0x03,
    0xF8, 0x03, 0xE0, 0x3F, 0xF8, 0x0F, 0x00, 0xFF, 0xFF, 0x1F, 0x00, 0xFC, 0xFF, 0x7F, 0x00, 0xE0,
    0xFF, 0xFF, 0x00, 0x80, 0xFF, 0xFF, 0x03, 0x00, 0xFC, 0xFF, 0x07, 0x00, 0xE0, 0xFF, 0x0F, 0x00,
    0x00, 0xFE, 0x0F, 0x00, 0x00, 0xE0, 0x0F, 0x00, 0x02, 0x0C, 0x1E, 0x34, 0x1F, 0x00, 0x00, 0xFC,
    0x03, 0x00, 0x00, 0x7F, 0x00, 0x00, 0xC0, 0x0F, 0x00, 0x00, 0xF8, 0x03, 0x00, 0x00, 0x7E, 0x00,
    0x00, 0xC0, 0x0F, 0x00, 0x00, 0xF0, 0x03, 0x00, 0x00, 0x7C, 0x00, 0x00, 0x80, 0x1F, 0x00, 0x00,
    0xE0, 0x03, 0x00, 0x00, 0x7C, 0x00, 0x00, 0x00, 0x00, 0x00, 0x00, 0x00, 0x00, 0x00, 0x00, 0x00,
    0x00, 0xF0, 0x01, 0x00, 0x00, 0x7C, 0x00, 0x00, 0x00, 0x1F, 0x80, 0x3F, 0xC0, 0x07, 0xF8, 0x3F,
    0xF0, 0x81, 0xFF, 0x1F, 0x7C, 0xF0, 0xFF, 0x0F, 0x1F, 0xFC, 0xFF, 0xC7, 0x87, 0xFF, 0xFF, 0xF3,
    0xE3, 0xFF, 0xFF, 0xF8, 0xFF, 0x83, 0x7F, 0xFE, 0x7F, 0xC0, 0x1F, 0xFF, 0x0F, 0xE0, 0xC7, 0xFF,
    0x03, 0xF8, 0xE1, 0xFF, 0x00, 0xFE, 0xE0, 0x1F, 0x00, 0x3F, 0xE0, 0x07, 0xC0, 0x0F, 0xF8, 0x01,
    0xF0, 0x03, 0x7E, 0x00, 0xFC, 0x80, 0x1F, 0x00, 0x3F, 0xE0, 0x07, 0xC0, 0x0F, 0xF8, 0x01, 0xF0,
    0x03, 0x7E, 0x00, 0xFC, 0x80, 0x1F, 0x00, 0x3F, 0xE0, 0x07, 0xC0, 0x0F, 0xF8, 0x01, 0xF0, 0x03,
    0x7E, 0x00, 0xFC, 0x80, 0x3F, 0x80, 0x3F, 0xC0, 0x0F, 0xE0, 0x07, 0xF0, 0x03, 0xF8, 0x01, 0xFC,
    0x01, 0x7F, 0x00, 0xFF, 0xE0, 0x1F, 0x80, 0xFF, 0xFF, 0x03, 0xE0, 0xFF, 0xFF, 0x00, 0xF0, 0xFF,
    0x1F, 0x00, 0xF8, 0xFF, 0x03, 0x00, 0xFC, 0x7F, 0x00, 0x00, 0xFE, 0x0F, 0x00, 0x00, 0xFE, 0x00,
    0x02, 0x02, 0x22, 0x3E, 0x23, 0x00, 0x00, 0xF8, 0x00, 0x00, 0x00, 0xF8, 0x07, 0x00, 0x00, 0xE0,
    0x1F, 0x00, 0x00, 0xC0, 0x7F, 0x00, 0x00, 0x00, 0x0F, 0x01, 0x00, 0x00, 0x3C, 0x00, 0x00, 0x00,
    0xF0, 0x00, 0x00, 0x00, 0xC0, 0x07, 0x00, 0x00, 0x00, 0x7E, 0x00, 0x00, 0x00, 0xF0, 0x01, 0x00,
    0x00, 0x80, 0x07, 0x00, 0x00, 0x00, 0x1C, 0x00, 0x00, 0x00, 0x00, 0x00, 0x00, 0x00, 0x00, 0x00,
    0xF0, 0x01, 0x00, 0x00, 0xC0, 0x07, 0x80, 0x3F, 0x00, 0x1F, 0xC0, 0xFF, 0x03, 0x7C, 0x80, 0xFF,
    0x3F, 0xF0, 0x01, 0xFF, 0xFF, 0xC1, 0x07, 0xFE, 0xFF, 0x0F, 0x1F, 0xFC, 0xFF, 0x3F, 0x7C, 0xF0,
    0xFF, 0xFF, 0xF1, 0xE1, 0xFF, 0xFF, 0xC7, 0x8F, 0xFF, 0xE0, 0x3F, 0x3E, 0xFE, 0x00, 0xFE, 0xF8,
    0xFF, 0x01, 0xF0, 0xE7, 0xFF, 0x07, 0xC0, 0x1F, 0xFF, 0x0F, 0x00, 0x7E, 0xF8, 0x3F, 0x00, 0xF8,
    0xC1, 0xFF, 0x00, 0xE0, 0x07, 0xF8, 0x03, 0x80, 0x3F, 0xE0, 0x07, 0x00, 0xFC, 0x80, 0x1F, 0x00,
    0xF0, 0x03, 0x7E, 0x00, 0xC0, 0x0F, 0xF8, 0x01, 0x00, 0x3F, 0xE0, 0x07, 0x00, 0xFC, 0x80, 0x1F,
    0x00, 0xF0, 0x03, 0x7E, 0x00, 0xC0, 0x0F, 0xF8, 0x01, 0x00, 0x3F, 0xE0, 0x07, 0x00, 0xFC, 0x80,
    0x1F, 0x00, 0xF0, 0x03, 0x7E, 0x00, 0xC0, 0x0F, 0xF8, 0x01, 0x00, 0x3F, 0xE0, 0x07, 0x00, 0xFC,
    0x80, 0x1F, 0x00, 0xF0, 0x03, 0x7E, 0x00, 0xC0, 0x0F, 0xF0, 0x03, 0x80, 0x3F, 0xC0, 0x0F, 0x00,
    0x7E, 0x00, 0x3F, 0x00, 0xF8, 0x01, 0xFC, 0x00, 0xE0, 0x07, 0xF0, 0x07, 0xC0, 0x1F, 0x80, 0x1F,
    0x00, 0x3F, 0x00, 0xFE, 0x00, 0xFE, 0x00, 0xF8, 0x0F, 0xFE, 0x03, 0xC0, 0xFF, 0xFF, 0x07, 0x00,
    0xFF, 0xFF, 0x1F, 0x00, 0xF8, 0xFF, 0x3F, 0x00, 0xE0, 0xFF, 0xFF, 0x00, 0x00, 0xFF, 0xFF, 0x01,
    0x00, 0xF8, 0xFF, 0x03, 0x00, 0x80, 0xFF, 0x03, 0x00, 0x00, 0xF8, 0x03, 0x00, 0x02, 0x0D, 0x1E,
    0x33, 0x1F, 0x00, 0x00, 0x3E, 0x00, 0x00, 0xE0, 0x1F, 0x00, 0x00, 0xF8, 0x07, 0x00, 0x00, 0xFF,
    0x01, 0x00, 0xC0, 0x03, 0x00, 0x00, 0xF0, 0x00, 0x00, 0x00, 0x3C, 0x00, 0x00, 0x00, 0x1F, 0x00,
    0x00, 0x80, 0x1F, 0x00, 0x00, 0xE0, 0x07, 0x00, 0x00, 0xE0, 0x01, 0x00, 0x00, 0x70, 0x00, 0x00,
    0x00, 0x00, 0xC0, 0x07, 0x00, 0x00, 0xF0, 0x01, 0x00, 0x00, 0x7C, 0x00, 0xFE, 0x00, 0x1F, 0xE0,
    0xFF, 0xC0, 0x07, 0xFE, 0x7F, 0xF0, 0xC1, 0xFF, 0x3F, 0x7C, 0xF0, 0xFF, 0x1F, 0x1F, 0xFE, 0xFF,
    0xCF, 0x8F, 0xFF, 0xFF, 0xE3, 0xFF, 0x0F, 0xFE, 0xF9, 0xFF, 0x01, 0x7F, 0xFC, 0x3F, 0x80, 0x1F,
    0xFF, 0x0F, 0xE0, 0x87, 0xFF, 0x03, 0xF8, 0x83, 0x7F, 0x00, 0xFC, 0x80, 0x1F, 0x00, 0x3F, 0xE0,
    0x07, 0xC0, 0x0F, 0xF8, 0x01, 0xF0, 0x03, 0x7E, 0x00, 0xFC, 0x80, 0x1F, 0x00, 0x3F, 0xE0, 0x07,
    0xC0, 0x0F, 0xF8, 0x01, 0xF0, 0x03, 0x7E, 0x00, 0xFC, 0x80, 0x1F, 0x00, 0x3F, 0xE0, 0x07, 0xC0,
    0x0F, 0xF8, 0x01, 0xF0, 0x03, 0xFE, 0x00, 0xFE, 0x00, 0x3F, 0x80, 0x1F, 0xC0, 0x0F, 0xE0, 0x07,
    0xF0, 0x07, 0xFC, 0x01, 0xFC, 0x83, 0x7F, 0x00, 0xFE, 0xFF, 0x0F, 0x80, 0xFF, 0xFF, 0x03, 0xC0,
    0xFF, 0x7F, 0x00, 0xE0, 0xFF, 0x0F, 0x00, 0xF0, 0xFF, 0x01, 0x00, 0xF8, 0x3F, 0x00, 0x00, 0xF8,
    0x03, 0x00, 0x02, 0x02, 0x22, 0x3E, 0x23, 0x00, 0x78, 0xC0, 0x03, 0x00, 0xE0, 0xC1, 0x3F, 0x00,
    0x80, 0x87, 0xFF, 0x00, 0x00, 0x3E, 0xFF, 0x07, 0x00, 0xF8, 0xFF, 0x1F, 0x00, 0xC0, 0xFF, 0xFF,
    0x00, 0x00, 0xFF, 0xE7, 0x03, 0x00, 0xFC, 0x0F, 0x0F, 0x00, 0xE0, 0x3F, 0x3C, 0x00, 0x80, 0x7F,
    0xF0, 0x00, 0x00, 0x78, 0x00, 0x00, 0x00, 0x00, 0x00, 0x00, 0x00, 0x00, 0x00, 0x00, 0x00, 0x00,
    0x00, 0x00, 0xF0, 0x01, 0x00, 0x00, 0xC0, 0x07, 0x80, 0x3F, 0x00, 0x1F, 0xC0, 0xFF, 0x03, 0x7C,
    0x80, 0xFF, 0x3F, 0xF0, 0x01, 0xFF, 0xFF, 0xC1, 0x07, 0xFE, 0xFF, 0x0F, 0x1F, 0xFC, 0xFF, 0x3F,
    0x7C, 0xF0, 0xFF, 0xFF, 0xF1, 0xE1, 0xFF, 0xFF, 0xC7, 0x8F, 0xFF, 0xE0, 0x3F, 0x3E, 0xFE, 0x00,
    0xFE, 0xF8, 0xFF, 0x01, 0xF0, 0xE7, 0xFF, 0x07, 0xC0, 0x1F, 0xFF, 0x0F, 0x00, 0x7E, 0xF8, 0x3F,
    0x00, 0xF8, 0xC1, 0xFF, 0x00, 0xE0, 0x07, 0xF8, 0x03, 0x80, 0x3F, 0xE0, 0x07, 0x00, 0xFC, 0x80,
    0x1F, 0x00, 0xF0, 0x03, 0x7E, 0x00, 0xC0, 0x0F, 0xF8, 0x01, 0x00, 0x3F, 0xE0, 0x07, 0x00, 0xFC,
    0x80, 0x1F, 0x00, 0xF0, 0x03, 0x7E, 0x00, 0xC0, 0x0F, 0xF8, 0x01, 0x00, 0x3F, 0xE0, 0x07, 0x00,
    0xFC, 0x80, 0x1F, 0x00, 0xF0, 0x03, 0x7E, 0x00, 0xC0, 0x0F, 0xF8, 0x01, 0x00, 0x3F, 0xE0, 0x07,
    0x00, 0xFC, 0x80, 0x1F, 0x00, 0xF0, 0x03, 0x7E, 0x00, 0xC0, 0x0F, 0xF0, 0x03, 0x80, 0x3F, 0xC0,
    0x0F, 0x00, 0x7E, 0x00, 0x3F, 0x00, 0xF8, 0x01, 0xFC, 0x00, 0xE0, 0x07, 0xF0, 0x07, 0xC0, 0x1F,
    0x80, 0x1F, 0x00, 0x3F, 0x00, 0xFE, 0x00, 0xFE, 0x00, 0xF8, 0x0F, 0xFE, 0x03, 0xC0, 0xFF, 0xFF,
    0x07, 0x00, 0xFF, 0xFF, 0x1F, 0x00, 0xF8, 0xFF, 0x3F, 0x00, 0xE0, 0xFF, 0xFF, 0x00, 0x00, 0xFF,
    0xFF, 0x01, 0x00, 0xF8, 0xFF, 0x03, 0x00, 0x80, 0xFF, 0x03, 0x00, 0x00, 0xF8, 0x03, 0x00, 0x02,
    0x0D, 0x1E, 0x33, 0x1F, 0x00, 0x1E, 0xF0, 0x00, 0x80, 0x07, 0xFF, 0x00, 0xE0, 0xE1, 0x3F, 0x00,
    0xF8, 0xFC, 0x1F, 0x00, 0xFE, 0xFF, 0x07, 0x80, 0xFF, 0xFF, 0x03, 0xC0, 0xFF, 0xF9, 0x00, 0xF0,
    0x3F, 0x3C, 0x00, 0xF8, 0x07, 0x0F, 0x00, 0xFE, 0xC1, 0x03, 0x00, 0x1E, 0x00, 0x00, 0x00, 0x00,
    0x00, 0x00, 0x00, 0x00, 0xC0, 0x07, 0x00, 0x00, 0xF0, 0x01, 0x00, 0x00, 0x7C, 0x00, 0xFE, 0x00,
    0x1F, 0xF0, 0xFF, 0xC0, 0x07, 0xFE, 0x7F, 0xF0, 0xC1, 0xFF, 0x3F, 0x7C, 0xF0, 0xFF, 0x1F, 0x1F,
    0xFE, 0xFF, 0xCF, 0x8F, 0xFF, 0xFF, 0xE3, 0xFF, 0x0F, 0xFE, 0xF9, 0xFF, 0x01, 0x7F, 0xFE, 0x3F,
    0x80, 0x1F, 0xFF, 0x0F, 0xE0, 0x87, 0xFF, 0x03, 0xF8, 0x83, 0x7F, 0x00, 0xFC, 0x80, 0x1F, 0x00,
    0x3F, 0xE0, 0x07, 0xC0, 0x0F, 0xF8, 0x01, 0xF0, 0x03, 0x7E, 0x00, 0xFC, 0x80, 0x1F, 0x00, 0x3F,
    0xE0, 0x07, 0xC0, 0x0F, 0xF8, 0x01, 0xF0, 0x03, 0x7E, 0x00, 0xFC, 0x80, 0x1F, 0x00, 0x3F, 0xE0,
    0x07, 0xC0, 0x0F, 0xF8, 0x01, 0xF0, 0x03, 0xFE, 0x00, 0xFE, 0x00, 0x3F, 0x80, 0x1F, 0xC0, 0x0F,
    0xE0, 0x07, 0xF0, 0x07, 0xFC, 0x01, 0xFC, 0x83, 0x7F, 0x00, 0xFE, 0xFF, 0x0F, 0x80, 0xFF, 0xFF,
    0x03, 0xC0, 0xFF, 0x7F, 0x00, 0xE0, 0xFF, 0x0F, 0x00, 0xF0, 0xFF, 0x01, 0x00, 0xF8, 0x3F, 0x00,
    0x00, 0xF8, 0x03, 0x00, 0x02, 0x0F, 0x22, 0x3C, 0x23, 0x1F, 0x00, 0x00, 0x00, 0x7C, 0x00, 0x00,
    0x00, 0xF0, 0x01, 0xE0, 0x0F, 0xC0, 0x07, 0xF0, 0xFF, 0x00, 0x1F, 0xE0, 0xFF, 0x0F, 0x7C, 0xC0,
    0xFF, 0x7F, 0xF0, 0x81, 0xFF, 0xFF, 0xC3, 0x07, 0xFF, 0xFF, 0x0F, 0x1F, 0xFC, 0xFF, 0x7F, 0x7C,
    0xF8, 0xFF, 0xFF, 0xF1, 0xE3, 0x3F, 0xF8, 0x8F, 0x8F, 0x3F, 0x80, 0x3F, 0xFE, 0x7F, 0x00, 0xFC,
    0xF9, 0xFF, 0x01, 0xF0, 0xC7, 0xFF, 0x03, 0x80, 0x1F, 0xFE, 0x0F, 0x00, 0x7E, 0xF0, 0x3F, 0x00,
    0xF8, 0x01, 0xFE, 0x00, 0xE0, 0x0F, 0xF8, 0x01, 0x00, 0x3F, 0xE0, 0x07, 0x00, 0xFC, 0x80, 0x1F,
    0x00, 0xF0, 0x03, 0x7E, 0x00, 0xC0, 0x0F, 0xF8, 0x01, 0x00, 0x3F, 0xE0, 0x07, 0x00, 0xFC, 0x80,
    0x1F, 0x00, 0xF0, 0x03, 0x7E, 0x00, 0xC0, 0x0F, 0xF8, 0x01, 0x00, 0x3F, 0xE0, 0x07, 0x00, 0xFC,
    0x80, 0x1F, 0x00, 0xF0, 0x03, 0x7E, 0x00, 0xC0, 0x0F, 0xF8, 0x01, 0x00, 0x3F, 0xE0, 0x07, 0x00,
    0xFC, 0x80, 0x1F, 0x00, 0xF0, 0x03, 0xFC, 0x00, 0xE0, 0x0F, 0xF0, 0x03, 0x80, 0x1F, 0xC0, 0x0F,
    0x00, 0x7E, 0x00, 0x3F, 0x00, 0xF8, 0x01, 0xFC, 0x01, 0xF0, 0x07, 0xE0, 0x07, 0xC0, 0x0F, 0x80,
    0x3F, 0x80, 0x3F, 0x00, 0xFE, 0x83, 0xFF, 0x00, 0xF0, 0xFF, 0xFF, 0x01, 0xC0, 0xFF, 0xFF, 0x07,
    0x00, 0xFE, 0xFF, 0x0F, 0x00, 0xF8, 0xFF, 0x3F, 0x00, 0xC0, 0xFF, 0x7F, 0x00, 0x00, 0xFE, 0xFF,
    0x00, 0x00, 0xE0, 0xFF, 0x00, 0x00, 0x00, 0xFE, 0x00, 0x00, 0x00, 0x00, 0x00, 0x00, 0x00, 0x00,
    0x00, 0x00, 0x00, 0x00, 0x00, 0x00, 0x00, 0x00, 0x3C, 0x00, 0x00, 0x00, 0xF8, 0x01, 0x00, 0x00,
    0xE0, 0x07, 0x00, 0x00, 0x80, 0x1F, 0x00, 0x00, 0x00, 0x7E, 0x00, 0x00, 0x00, 0xF8, 0x01, 0x00,
    0x00, 0xE0, 0x07, 0x00, 0x00, 0x00, 0x0F, 0x00, 0x02, 0x1A, 0x1E, 0x31, 0x1F, 0x1F, 0x00, 0x00,
    0xC0, 0x07, 0x00, 0x00, 0xF0, 0x01, 0xF8, 0x03, 0x7C, 0x80, 0xFF, 0x03, 0x1F, 0xF8, 0xFF, 0xC1,
    0x07, 0xFF, 0xFF, 0xF0, 0xC1, 0xFF, 0x7F, 0x7C, 0xF8, 0xFF, 0x3F, 0x3F, 0xFE, 0xFF, 0x8F, 0xFF,
    0x3F, 0xF8, 0xE7, 0xFF, 0x07, 0xFC, 0xF1, 0xFF, 0x00, 0x7E, 0xFC, 0x3F, 0x80, 0x1F, 0xFE, 0x0F,
    0xE0, 0x0F, 0xFE, 0x01, 0xF0, 0x03, 0x7E, 0x00, 0xFC, 0x80, 0x1F, 0x00, 0x3F, 0xE0, 0x07, 0xC0,
    0x0F, 0xF8, 0x01, 0xF0, 0x03, 0x7E, 0x00, 0xFC, 0x80, 0x1F, 0x00, 0x3F, 0xE0, 0x07, 0xC0, 0x0F,
    0xF8, 0x01, 0xF0, 0x03, 0x7E, 0x00, 0xFC, 0x80, 0x1F, 0x00, 0x3F, 0xE0, 0x07, 0xC0, 0x0F, 0xF8,
    0x03, 0xF8, 0x03, 0xFC, 0x00, 0x7E, 0x00, 0x3F, 0x80, 0x1F, 0xC0, 0x1F, 0xF0, 0x07, 0xF0, 0x0F,
    0xFE, 0x01, 0xF8, 0xFF, 0x3F, 0x00, 0xFE, 0xFF, 0x0F, 0x00, 0xFF, 0xFF, 0x01, 0x80, 0xFF, 0x3F,
    0x00, 0xC0, 0xFF, 0x07, 0x00, 0xE0, 0xFF, 0x00, 0x00, 0xE0, 0x0F, 0x00, 0x00, 0x00, 0x00, 0x00,
    0x00, 0x00, 0x00, 0x00, 0x00, 0x00, 0x00, 0x00, 0x80, 0x07, 0x00, 0x00, 0xF0, 0x03, 0x00, 0x00,
    0xFC, 0x00, 0x00, 0x00, 0x3F, 0x00, 0x00, 0xC0, 0x0F, 0x00, 0x00, 0xF0, 0x03, 0x00, 0x00, 0xFC,
    0x00, 0x00, 0x00, 0x1E, 0x00, 0x03, 0x11, 0x1A, 0x3A, 0x20, 0x3F, 0x00, 0xF0, 0xFF, 0x00, 0xC0,
    0xFF, 0x03, 0x00, 0xFF, 0x0F, 0x00, 0xFC, 0x3F, 0x00, 0xF0, 0xFF, 0x00, 0xC0, 0xFF, 0x03, 0x00,
    0xFF, 0x0F, 0x00, 0xFC, 0x3F, 0x00, 0xF0, 0xFF, 0x00, 0xC0, 0xFF, 0x03, 0x00, 0xFF, 0x0F, 0x00,
    0xFC, 0x3F, 0x00, 0xF0, 0xFF, 0x00, 0xC0, 0xFF, 0x03, 0x00, 0xFF, 0x0F, 0x00, 0xFC, 0x3F, 0x00,
    0xF0, 0xFF, 0x00, 0xC0, 0xFF, 0x03, 0x00, 0xFF, 0x0F, 0x00, 0xFC, 0x3F, 0x00, 0xF0, 0xFF, 0x00,
    0xC0, 0xFF, 0x03, 0x00, 0xFF, 0x0F, 0x00, 0xFC, 0x3F, 0x00, 0xF0, 0xFF, 0x00, 0xC0, 0xFF, 0x03,
    0x00, 0xFF, 0x0F, 0x00, 0xFC, 0x3F, 0x00, 0xF0, 0xFF, 0x00, 0xC0, 0xFF, 0x03, 0x00, 0xFF, 0x0F,
    0x00, 0xFC, 0x3F, 0x00, 0xF0, 0xFF, 0x01, 0xE0, 0xFF, 0x07, 0x80, 0xBF, 0x1F, 0x00, 0x7E, 0xFE,
    0x00, 0xFC, 0xF9, 0x07, 0xF8, 0xE7, 0x3F, 0xF0, 0x1F, 0xFF, 0xFF, 0x3F, 0xFC, 0xFF, 0xFF, 0xF0,
    0xFF, 0xFF, 0x81, 0xFF, 0xFF, 0x07, 0xFC, 0xFF, 0x0F, 0xE0, 0xFF, 0x1F, 0x00, 0xFF, 0x3F, 0x00,
    0xE0, 0x1F, 0x00, 0x00, 0x00, 0x00, 0x00, 0x00, 0x00, 0x00, 0x00, 0x00, 0x00, 0x80, 0x07, 0x00,
    0x00, 0x3F, 0x00, 0x00, 0xFC, 0x00, 0x00, 0xF0, 0x03, 0x00, 0xC0, 0x0F, 0x00, 0x00, 0x3F, 0x00,
    0x00, 0xFC, 0x00, 0x00, 0xE0, 0x01, 0x00, 0x03, 0x1D, 0x15, 0x2E, 0x1B, 0x3F, 0x80, 0xFF, 0x07,
    0xF0, 0xFF, 0x00, 0xFE, 0x1F, 0xC0, 0xFF, 0x03, 0xF8, 0x7F, 0x00, 0xFF, 0x0F, 0xE0, 0xFF, 0x01,
    0xFC, 0x3F, 0x80, 0xFF, 0x07, 0xF0, 0xFF, 0x00, 0xFE, 0x1F, 0xC0, 0xFF, 0x03, 0xF8, 0x7F, 0x00,
    0xFF, 0x0F, 0xE0, 0xFF, 0x01, 0xFC, 0x3F, 0x80, 0xFF, 0x07, 0xF0, 0xFF, 0x00, 0xFE, 0x1F, 0xC0,
    0xFF, 0x03, 0xF8, 0x7F, 0x00, 0xFF, 0x0F, 0xE0, 0xFF, 0x01, 0xFC, 0x7F, 0x80, 0xFF, 0x1F, 0xF8,
    0xFF, 0x07, 0xFF, 0xFF, 0xF1, 0xFF, 0xFF, 0xFF, 0xFF, 0xFF, 0xDF, 0xFF, 0xFF, 0xFB, 0xFD, 0x7F,
    0x3F, 0xFF, 0xE7, 0xC7, 0x7F, 0x00, 0xE0, 0x07, 0x00, 0x00, 0x00, 0x00, 0x00, 0x00, 0x00, 0x00,
    0x80, 0x07, 0x00, 0xF8, 0x01, 0x00, 0x3F, 0x00, 0xE0, 0x07, 0x00, 0xFC, 0x00, 0x80, 0x1F, 0x00,
    0xF0, 0x03, 0x00, 0x3C, 0x00, 0x03, 0x02, 0x1A, 0x3E, 0x20, 0x00, 0xF8, 0x00, 0x00, 0xF8, 0x0F,
    0x00, 0xE0, 0x3F, 0x00, 0xC0, 0x7F, 0x00, 0x00, 0x0F, 0x01, 0x00, 0x3C, 0x00, 0x00, 0xF0, 0x00,
    0x00, 0xC0, 0x07, 0x00, 0x00, 0x7E, 0x00, 0x00, 0xF0, 0x01, 0x00, 0x80, 0x07, 0x00, 0x00, 0x1C,
    0x00, 0x00, 0x00, 0x00, 0x00, 0x00, 0x00, 0x00, 0x00, 0x00, 0x00, 0x00, 0x00, 0x00, 0x3F, 0x00,
    0xF0, 0xFF, 0x00, 0xC0, 0xFF, 0x03, 0x00, 0xFF, 0x0F, 0x00, 0xFC, 0x3F, 0x00, 0xF0, 0xFF, 0x00,
    0xC0, 0xFF, 0x03, 0x00, 0xFF, 0x0F, 0x00, 0xFC, 0x3F, 0x00, 0xF0, 0xFF, 0x00, 0xC0, 0xFF, 0x03,
    0x00, 0xFF, 0x0F, 0x00, 0xFC, 0x3F, 0x00, 0xF0, 0xFF, 0x00, 0xC0, 0xFF, 0x03, 0x00, 0xFF, 0x0F,
    0x00, 0xFC, 0x3F, 0x00, 0xF0, 0xFF, 0x00, 0xC0, 0xFF, 0x03, 0x00, 0xFF, 0x0F, 0x00, 0xFC, 0x3F,
    0x00, 0xF0, 0xFF, 0x00, 0xC0, 0xFF, 0x03, 0x00, 0xFF, 0x0F, 0x00, 0xFC, 0x3F, 0x00, 0xF0, 0xFF,
    0x00, 0xC0, 0xFF, 0x03, 0x00, 0xFF, 0x0F, 0x00, 0xFC, 0x3F, 0x00, 0xF0, 0xFF, 0x00, 0xC0, 0xFF,
    0x03, 0x00, 0xFF, 0x0F, 0x00, 0xFC, 0x7F, 0x00, 0xF8, 0xFF, 0x01, 0xE0, 0xEF, 0x07, 0x80, 0x9F,
    0x3F, 0x00, 0x7F, 0xFE, 0x01, 0xFE, 0xF9, 0x0F, 0xFC, 0xC7, 0xFF, 0xFF, 0x0F, 0xFF, 0xFF, 0x3F,
    0xFC, 0xFF, 0x7F, 0xE0, 0xFF, 0xFF, 0x01, 0xFF, 0xFF, 0x03, 0xF8, 0xFF, 0x07, 0xC0, 0xFF, 0x0F,
    0x00, 0xF8, 0x07, 0x00, 0x03, 0x0D, 0x15, 0x33, 0x1B, 0x00, 0x1F, 0x00, 0xF0, 0x0F, 0x00, 0xFE,
    0x00, 0xE0, 0x1F, 0x00, 0x3C, 0x02, 0x80, 0x07, 0x00, 0xF0, 0x00, 0x00, 0x1E, 0x00, 0x80, 0x0F,
    0x00, 0xF0, 0x01, 0x00, 0x3C, 0x00, 0x00, 0x07, 0x00, 0x00, 0x00, 0x00, 0x00, 0x00, 0x00, 0x00,
    0x00, 0x00, 0x00, 0x3F, 0x80, 0xFF, 0x07, 0xF0, 0xFF, 0x00, 0xFE, 0x1F, 0xC0, 0xFF, 0x03, 0xF8,
    0x7F, 0x00, 0xFF, 0x0F, 0xE0, 0xFF, 0x01, 0xFC, 0x3F, 0x80, 0xFF, 0x07, 0xF0, 0xFF, 0x00, 0xFE,
    0x1F, 0xC0, 0xFF, 0x03, 0xF8, 0x7F, 0x00, 0xFF, 0x0F, 0xE0, 0xFF, 0x01, 0xFC, 0x3F, 0x80, 0xFF,
    0x07, 0xF0, 0xFF, 0x00, 0xFE, 0x1F, 0xC0, 0xFF, 0x03, 0xF8, 0x7F, 0x00, 0xFF, 0x0F, 0xE0, 0xFF,
    0x01, 0xFC, 0x7F, 0x80, 0xFF, 0x1F, 0xF8, 0xFF, 0x07, 0xFF, 0xFF, 0xF1, 0xFF, 0xFF, 0xFF, 0xFF,
    0xFF, 0xDF, 0xFF, 0xFF, 0xFB, 0xFD, 0x7F, 0x3F, 0xFF, 0xE7, 0xC7, 0x7F, 0x00, 0xE0, 0x07, 0x03,
    0x01, 0x23, 0x3F, 0x25, 0x00, 0xC0, 0x3F, 0x00, 0x00, 0x00, 0xFC, 0x01, 0x00, 0x00, 0xC0, 0x0F,
    0x00, 0x00, 0x00, 0xFE, 0x00, 0x00, 0x00, 0xE0, 0x07, 0x00, 0x00, 0x00, 0x7F, 0x00, 0x00, 0x00,
    0xF0, 0x03, 0x00, 0x00, 0x00, 0x3F, 0x00, 0x00, 0x00, 0xF8, 0x01, 0x00, 0x00, 0x80, 0x0F, 0x00,
    0x00, 0x00, 0xF8, 0x00, 0x00, 0x00, 0x00, 0x00, 0x00, 0x00, 0x00, 0x00, 0x00, 0x00, 0x00, 0x00,
    0x00, 0x7C, 0x00, 0x00, 0x00, 0xE0, 0x03, 0x00, 0x00, 0x00, 0x1F, 0x00, 0x00, 0x00, 0xF8, 0xF0,
    0x03, 0x00, 0xFF, 0x87, 0x1F, 0x00, 0xF8, 0x3F, 0xFC, 0x00, 0xC0, 0xFF, 0xE1, 0x07, 0x00, 0xFE,
    0x0F, 0x3F, 0x00, 0xF0, 0x7F, 0xF8, 0x01, 0x80, 0xFF, 0xC3, 0x0F, 0x00, 0xFC, 0x3F, 0x7E, 0x00,
    0xE0, 0xF7, 0xF3, 0x03, 0x00, 0xBF, 0xFF, 0x1F, 0x00, 0xF8, 0xF9, 0xFF, 0x00, 0xC0, 0xCF, 0xFF,
    0x07, 0x00, 0x7E, 0xFC, 0x3F, 0x00, 0xF0, 0x83, 0xFF, 0x01, 0x80, 0x1F, 0xC0, 0x0F, 0x00, 0xFC,
    0x00, 0x7E, 0x00, 0xE0, 0x07, 0xF0, 0x03, 0x00, 0x3F, 0x80, 0x1F, 0x00, 0xF8, 0x01, 0xFC, 0x00,
    0xC0, 0x0F, 0xE0, 0x07, 0x00, 0x7E, 0x00, 0x3F, 0x00, 0xF0, 0x03, 0xF8, 0x01, 0x80, 0x1F, 0xC0,
    0x0F, 0x00, 0xFC, 0x00, 0x7E, 0x00, 0xE0, 0x07, 0xF0, 0x03, 0x00, 0x3F, 0x80, 0x1F, 0x00, 0xF8,
    0x01, 0xFC, 0x00, 0xC0, 0x0F, 0xE0, 0x07, 0x00, 0x7E, 0x00, 0x3F, 0x00, 0xF0, 0x03, 0xF8, 0x01,
    0x80, 0x1F, 0xC0, 0x0F, 0x00, 0xFC, 0x00, 0x7E, 0x00, 0xE0, 0x07, 0xF0, 0x07, 0x80, 0x3F, 0x80,
    0x3F, 0x00, 0xFC, 0x01, 0xF8, 0x01, 0xE0, 0x07, 0xC0, 0x1F, 0x80, 0x3F, 0x00, 0xFE, 0x01, 0xFE,
    0x01, 0xF0, 0x1F, 0xF8, 0x0F, 0x00, 0xFF, 0xFF, 0x3F, 0x00, 0xF8, 0xFF, 0xFF, 0x01, 0xC0, 0xFF,
    0xFF, 0x07, 0x00, 0xFC, 0xFF, 0x3F, 0x00, 0xC0, 0xFF, 0xFF, 0x00, 0x00, 0xFC, 0xFF, 0x03, 0x00,
    0xC0, 0xFF, 0x0F, 0x00, 0x00, 0xF0, 0x0F, 0x00, 0x03, 0x0C, 0x1E, 0x34, 0x20, 0x00, 0xF0, 0x07,
    0x00, 0x00, 0xF8, 0x03, 0x00, 0x00, 0xFE, 0x00, 0x00, 0x00, 0x3F, 0x00, 0x00, 0x80, 0x1F, 0x00,
    0x00, 0xE0, 0x07, 0x00, 0x00, 0xF0, 0x01, 0x00, 0x00, 0xFC, 0x00, 0x00, 0x00, 0x3E, 0x00, 0x00,
    0x00, 0x0F, 0x00, 0x00, 0xC0, 0x07, 0x00, 0x00, 0x00, 0x00, 0x00, 0x00, 0x00, 0x00, 0x00, 0x00,
    0x00, 0xF0, 0x01, 0x00, 0x00, 0x7C, 0x00, 0x00, 0x00, 0x1F, 0x00, 0x00, 0xC0, 0x87, 0x1F, 0xC0,
    0xFF, 0xE1, 0x07, 0xF0, 0x7F, 0xF8, 0x01, 0xFC, 0x1F, 0x7E, 0x00, 0xFF, 0x87, 0x1F, 0xC0, 0xFF,
    0xE3, 0x07, 0xF0, 0xFB, 0xF9, 0x01, 0xFC, 0xFE, 0x7F, 0x00, 0x3F, 0xFF, 0x1F, 0xC0, 0xCF, 0xFF,
    0x07, 0xF0, 0xE3, 0xFF, 0x01, 0xFC, 0xE0, 0x7F, 0x00, 0x3F, 0x80, 0x1F, 0xC0, 0x0F, 0xE0, 0x07,
    0xF0, 0x03, 0xF8, 0x01, 0xFC, 0x00, 0x7E, 0x00, 0x3F, 0x80, 0x1F, 0xC0, 0x0F, 0xE0, 0x07, 0xF0,
    0x03, 0xF8, 0x01, 0xFC, 0x00, 0x7E, 0x00, 0x3F, 0x80, 0x1F, 0xC0, 0x0F, 0xE0, 0x07, 0xF0, 0x03,
    0xF8, 0x01, 0xFC, 0x00, 0x7E, 0x00, 0x3F, 0x80, 0x3F, 0xC0, 0x0F, 0xE0, 0x1F, 0xF8, 0x03, 0xF8,
    0x0F, 0xFE, 0x00, 0xFE, 0xC7, 0x3F, 0x80, 0xFF, 0xFF, 0x0F, 0xE0, 0xFF, 0xFF, 0x01, 0xF8, 0xFF,
    0x7F, 0x00, 0x7E, 0xFF, 0x1F, 0x80, 0x9F, 0xFF, 0x03, 0xE0, 0xC7, 0x7F, 0x00, 0x00, 0xC0, 0x0F,
    0x03, 0x01, 0x23, 0x3F, 0x25, 0x00, 0x00, 0xC0, 0x3F, 0x00, 0x00, 0x00, 0xFE, 0x00, 0x00, 0x00,
    0xF0, 0x03, 0x00, 0x00, 0xC0, 0x1F, 0x00, 0x00, 0x00, 0x7E, 0x00, 0x00, 0x00, 0xF8, 0x03, 0x00,
    0x00, 0xC0, 0x0F, 0x00, 0x00, 0x00, 0x3F, 0x00, 0x00, 0x00, 0xF8, 0x01, 0x00, 0x00, 0xC0, 0x07,
    0x00, 0x00, 0x00, 0x1F, 0x00, 0x00, 0x00, 0x00, 0x00, 0x00, 0x00, 0x00, 0x00, 0x00, 0x00, 0x00,
    0x00, 0x00, 0x7C, 0x00, 0x00, 0x00, 0xE0, 0x03, 0x00, 0x00, 0x00, 0x1F, 0x00, 0x00, 0x00, 0xF8,
    0xF0, 0x03, 0x00, 0xFF, 0x87, 0x1F, 0x00, 0xF8, 0x3F, 0xFC, 0x00, 0xC0, 0xFF, 0xE1, 0x07, 0x00,
    0xFE, 0x0F, 0x3F, 0x00, 0xF0, 0x7F, 0xF8, 0x01, 0x80, 0xFF, 0xC3, 0x0F, 0x00, 0xFC, 0x3F, 0x7E,
    0x00, 0xE0, 0xF7, 0xF3, 0x03, 0x00, 0xBF, 0xFF, 0x1F, 0x00, 0xF8, 0xF9, 0xFF, 0x00, 0xC0, 0xCF,
    0xFF, 0x07, 0x00, 0x7E, 0xFC, 0x3F, 0x00, 0xF0, 0x83, 0xFF, 0x01, 0x80, 0x1F, 0xC0, 0x0F, 0x00,
    0xFC, 0x00, 0x7E, 0x00, 0xE0, 0x07, 0xF0, 0x03, 0x00, 0x3F, 0x80, 0x1F, 0x00, 0xF8, 0x01, 0xFC,
    0x00, 0xC0, 0x0F, 0xE0, 0x07, 0x00, 0x7E, 0x00, 0x3F, 0x00, 0xF0, 0x03, 0xF8, 0x01, 0x80, 0x1F,
    0xC0, 0x0F, 0x00, 0xFC, 0x00, 0x7E, 0x00, 0xE0, 0x07, 0xF0, 0x03, 0x00, 0x3F, 0x80, 0x1F, 0x00,
    0xF8, 0x01, 0xFC, 0x00, 0xC0, 0x0F, 0xE0, 0x07, 0x00, 0x7E, 0x00, 0x3F, 0x00, 0xF0, 0x03, 0xF8,
    0x01, 0x80, 0x1F, 0xC0, 0x0F, 0x00, 0xFC, 0x00, 0x7E, 0x00, 0xE0, 0x07, 0xF0, 0x07, 0x80, 0x3F,
    0x80, 0x3F, 0x00, 0xFC, 0x01, 0xF8, 0x01, 0xE0, 0x07, 0xC0, 0x1F, 0x80, 0x3F, 0x00, 0xFE, 0x01,
    0xFE, 0x01, 0xF0, 0x1F, 0xF8, 0x0F, 0x00, 0xFF, 0xFF, 0x3F, 0x00, 0xF8, 0xFF, 0xFF, 0x01, 0xC0,
    0xFF, 0xFF, 0x07, 0x00, 0xFC, 0xFF, 0x3F, 0x00, 0xC0, 0xFF, 0xFF, 0x00, 0x00, 0xFC, 0xFF, 0x03,
    0x00, 0xC0, 0xFF, 0x0F, 0x00, 0x00, 0xF0, 0x0F, 0x00, 0x03, 0x0C, 0x1E, 0x34, 0x20, 0x00, 0x00,
    0xF0, 0x07, 0x00, 0x00, 0xFC, 0x00, 0x00, 0x80, 0x3F, 0x00, 0x00, 0xE0, 0x07, 0x00, 0x00, 0xF8,
    0x00, 0x00, 0x00, 0x3F, 0x00, 0x00, 0xC0, 0x07, 0x00, 0x00, 0xF8, 0x01, 0x00, 0x00, 0x3E, 0x00,
    0x00, 0x80, 0x07, 0x00, 0x00, 0xF0, 0x01, 0x00, 0x00, 0x00, 0x00, 0x00, 0x00, 0x00, 0x00, 0x00,
    0x00, 0x00, 0xF0, 0x01, 0x00, 0x00, 0x7C, 0x00, 0x00, 0x00, 0x1F, 0x00, 0x00, 0xC0, 0x87, 0x1F,
    0xC0, 0xFF, 0xE1, 0x07, 0xF0, 0x7F, 0xF8, 0x01, 0xFC, 0x1F, 0x7E, 0x00, 0xFF, 0x87, 0x1F, 0xC0,
    0xFF, 0xE3, 0x07, 0xF0, 0xFB, 0xF9, 0x01, 0xFC, 0xFE, 0x7F, 0x00, 0x3F, 0xFF, 0x1F, 0xC0, 0xCF,
    0xFF, 0x07, 0xF0, 0xE3, 0xFF, 0x01, 0xFC, 0xE0, 0x7F, 0x00, 0x3F, 0x80, 0x1F, 0xC0, 0x0F, 0xE0,
    0x07, 0xF0, 0x03, 0xF8, 0x01, 0xFC, 0x00, 0x7E, 0x00, 0x3F, 0x80, 0x1F, 0xC0, 0x0F, 0xE0, 0x07,
    0xF0, 0x03, 0xF8, 0x01, 0xFC, 0x00, 0x7E, 0x00, 0x3F, 0x80, 0x1F, 0xC0, 0x0F, 0xE0, 0x07, 0xF0,
    0x03, 0xF8, 0x01, 0xFC, 0x00, 0x7E, 0x00, 0x3F, 0x80, 0x3F, 0xC0, 0x0F, 0xE0, 0x1F, 0xF8, 0x03,
    0xF8, 0x0F, 0xFE, 0x00, 0xFE, 0xC7, 0x3F, 0x80, 0xFF, 0xFF, 0x0F, 0xE0, 0xFF, 0xFF, 0x01, 0xF8,
    0xFF, 0x7F, 0x00, 0x7E, 0xFF, 0x1F, 0x80, 0x9F, 0xFF, 0x03, 0xE0, 0xC7, 0x7F, 0x00, 0x00, 0xC0,
    0x0F, 0x03, 0x02, 0x23, 0x3E, 0x25, 0x00, 0x00, 0xF0, 0x01, 0x00, 0x00, 0xE0, 0x3F, 0x00, 0x00,
    0x00, 0xFF, 0x01, 0x00, 0x00, 0xFC, 0x07, 0x00, 0x00, 0xE0, 0x23, 0x00, 0x00, 0x00, 0x0F, 0x00,
    0x00, 0x00, 0x78, 0x00, 0x00, 0x00, 0xC0, 0x07, 0x00, 0x00, 0x00, 0xFC, 0x00, 0x00, 0x00, 0xE0,
    0x07, 0x00, 0x00, 0x00, 0x3C, 0x00, 0x00, 0x00, 0xC0, 0x01, 0x00, 0x00, 0x00, 0x00, 0x00, 0x00,
    0x00, 0x00, 0x00, 0x7C, 0x00, 0x00, 0x00, 0xE0, 0x03, 0x00, 0x00, 0x00, 0x1F, 0x7E, 0x00, 0xE0,
    0xFF, 0xF0, 0x03, 0x00, 0xFF, 0x87, 0x1F, 0x00, 0xF8, 0x3F, 0xFC, 0x00, 0xC0, 0xFF, 0xE1, 0x07,
    0x00, 0xFE, 0x0F, 0x3F, 0x00, 0xF0, 0x7F, 0xF8, 0x01, 0x80, 0xFF, 0xC7, 0x0F, 0x00, 0xFC, 0x7E,
    0x7E, 0x00, 0xE0, 0xF7, 0xFF, 0x03, 0x00, 0x3F, 0xFF, 0x1F, 0x00, 0xF8, 0xF9, 0xFF, 0x00, 0xC0,
    0x8F, 0xFF, 0x07, 0x00, 0x7E, 0xF0, 0x3F, 0x00, 0xF0, 0x03, 0xF8, 0x01, 0x80, 0x1F, 0xC0, 0x0F,
    0x00, 0xFC, 0x00, 0x7E, 0x00, 0xE0, 0x07, 0xF0, 0x03, 0x00, 0x3F, 0x80, 0x1F, 0x00, 0xF8, 0x01,
    0xFC, 0x00, 0xC0, 0x0F, 0xE0, 0x07, 0x00, 0x7E, 0x00, 0x3F, 0x00, 0xF0, 0x03, 0xF8, 0x01, 0x80,
    0x1F, 0xC0, 0x0F, 0x00, 0xFC, 0x00, 0x7E, 0x00, 0xE0, 0x07, 0xF0, 0x03, 0x00, 0x3F, 0x80, 0x1F,
    0x00, 0xF8, 0x01, 0xFC, 0x00, 0xC0, 0x0F, 0xE0, 0x07, 0x00, 0x7E, 0x00, 0x3F, 0x00, 0xF0, 0x03,
    0xF8, 0x01, 0x80, 0x1F, 0xC0, 0x0F, 0x00, 0xFC, 0x00, 0xFE, 0x00, 0xF0, 0x07, 0xF0, 0x07, 0x80,
    0x3F, 0x00, 0x3F, 0x00, 0xFC, 0x00, 0xF8, 0x03, 0xF0, 0x07, 0xC0, 0x1F, 0xC0, 0x3F, 0x00, 0xFE,
    0x03, 0xFF, 0x01, 0xE0, 0xFF, 0xFF, 0x07, 0x00, 0xFF, 0xFF, 0x3F, 0x00, 0xF8, 0xFF, 0xFF, 0x00,
    0x80, 0xFF, 0xFF, 0x07, 0x00, 0xF8, 0xFF, 0x1F, 0x00, 0x80, 0xFF, 0x7F, 0x00, 0x00, 0xF8, 0xFF,
    0x01, 0x00, 0x00, 0xFE, 0x01, 0x00, 0x03, 0x0D, 0x1E, 0x33, 0x20, 0x00, 0x00, 0x3E, 0x00, 0x00,
    0xC0, 0x3F, 0x00, 0x00, 0xF0, 0x0F, 0x00, 0x00, 0xFE, 0x01, 0x00, 0x80, 0x47, 0x00, 0x00, 0xE0,
    0x01, 0x00, 0x00, 0x78, 0x00, 0x00, 0x00, 0x3E, 0x00, 0x00, 0x00, 0x3F, 0x00, 0x00, 0xC0, 0x0F,
    0x00, 0x00, 0xC0, 0x03, 0x00, 0x00, 0xE0, 0x00, 0x00, 0x00, 0x00, 0xC0, 0x07, 0x00, 0x00, 0xF0,
    0x01, 0x00, 0x00, 0x7C, 0x00, 0x00, 0x00, 0x1F, 0x7E, 0x00, 0xFF, 0x87, 0x1F, 0xC0, 0xFF, 0xE1,
    0x07, 0xF0, 0x7F, 0xF8, 0x01, 0xFC, 0x1F, 0x7E, 0x00, 0xFF, 0x8F, 0x1F, 0xC0, 0xEF, 0xE7, 0x07,
    0xF0, 0xFB, 0xFF, 0x01, 0xFC, 0xFC, 0x7F, 0x00, 0x3F, 0xFF, 0x1F, 0xC0, 0x8F, 0xFF, 0x07, 0xF0,
    0x83, 0xFF, 0x01, 0xFC, 0x00, 0x7E, 0x00, 0x3F, 0x80, 0x1F, 0xC0, 0x0F, 0xE0, 0x07, 0xF0, 0x03,
    0xF8, 0x01, 0xFC, 0x00, 0x7E, 0x00, 0x3F, 0x80, 0x1F, 0xC0, 0x0F, 0xE0, 0x07, 0xF0, 0x03, 0xF8,
    0x01, 0xFC, 0x00, 0x7E, 0x00, 0x3F, 0x80, 0x1F, 0xC0, 0x0F, 0xE0, 0x07, 0xF0, 0x03, 0xF8, 0x01,
    0xFC, 0x00, 0xFE, 0x00, 0x3F, 0x80, 0x7F, 0xE0, 0x0F, 0xE0, 0x3F, 0xF8, 0x03, 0xF8, 0x1F, 0xFF,
    0x00, 0xFE, 0xFF, 0x3F, 0x80, 0xFF, 0xFF, 0x07, 0xE0, 0xFF, 0xFF, 0x01, 0xF8, 0xFD, 0x7F, 0x00,
    0x7E, 0xFE, 0x0F, 0x80, 0x1F, 0xFF, 0x01, 0x00, 0x00, 0x3F, 0x00, 0x03, 0x02, 0x23, 0x3E, 0x25,
    0x00, 0xE0, 0x81, 0x07, 0x00, 0x00, 0x0F, 0xFE, 0x00, 0x00, 0x78, 0xF8, 0x07, 0x00, 0xC0, 0xE7,
    0x7F, 0x00, 0x00, 0xFE, 0xFF, 0x03, 0x00, 0xF0, 0xFF, 0x3F, 0x00, 0x00, 0xFF, 0xF7, 0x01, 0x00,
    0xF8, 0x1F, 0x0F, 0x00, 0xC0, 0x7F, 0x78, 0x00, 0x00, 0xFC, 0xC1, 0x03, 0x00, 0xC0, 0x07, 0x00,
    0x00, 0x00, 0x00, 0x00, 0x00, 0x00, 0x00, 0x00, 0x00, 0x00, 0x00, 0x00, 0x00, 0x7C, 0x00, 0x00,
    0x00, 0xE0, 0x03, 0x00, 0x00, 0x00, 0x1F, 0x7E, 0x00, 0xE0, 0xFF, 0xF0, 0x03, 0x00, 0xFF, 0x87,
    0x1F, 0x00, 0xF8, 0x3F, 0xFC, 0x00, 0xC0, 0xFF, 0xE1, 0x07, 0x00, 0xFE, 0x0F, 0x3F, 0x00, 0xF0,
    0x7F, 0xF8, 0x01, 0x80, 0xFF, 0xC7, 0x0F, 0x00, 0xFC, 0x7E, 0x7E, 0x00, 0xE0, 0xF7, 0xFF, 0x03,
    0x00, 0xBF, 0xFF, 0x1F, 0x00, 0xF8, 0xF9, 0xFF, 0x00, 0xC0, 0x8F, 0xFF, 0x07, 0x00, 0x7E, 0xF0,
    0x3F, 0x00, 0xF0, 0x03, 0xF8, 0x01, 0x80, 0x1F, 0xC0, 0x0F, 0x00, 0xFC, 0x00, 0x7E, 0x00, 0xE0,
    0x07, 0xF0, 0x03, 0x00, 0x3F, 0x80, 0x1F, 0x00, 0xF8, 0x01, 0xFC, 0x00, 0xC0, 0x0F, 0xE0, 0x07,
    0x00, 0x7E, 0x00, 0x3F, 0x00, 0xF0, 0x03, 0xF8, 0x01, 0x80, 0x1F, 0xC0, 0x0F, 0x00, 0xFC, 0x00,
    0x7E, 0x00, 0xE0, 0x07, 0xF0, 0x03, 0x00, 0x3F, 0x80, 0x1F, 0x00, 0xF8, 0x01, 0xFC, 0x00, 0xC0,
    0x0F, 0xE0, 0x07, 0x00, 0x7E, 0x00, 0x3F, 0x00, 0xF0, 0x03, 0xF8, 0x01, 0x80, 0x1F, 0xC0, 0x0F,
    0x00, 0xFC, 0x00, 0xFE, 0x00, 0xF0, 0x07, 0xF0, 0x07, 0x80, 0x3F, 0x00, 0x3F, 0x00, 0xFC, 0x00,
    0xF8, 0x03, 0xF0, 0x07, 0xC0, 0x1F, 0xC0, 0x3F, 0x00, 0xFE, 0x03, 0xFF, 0x01, 0xE0, 0xFF, 0xFF,
    0x07, 0x00, 0xFF, 0xFF, 0x3F, 0x00, 0xF8, 0xFF, 0xFF, 0x01, 0x80, 0xFF, 0xFF, 0x07, 0x00, 0xF8,
    0xFF, 0x1F, 0x00, 0x80, 0xFF, 0x7F, 0x00, 0x00, 0xF8, 0xFF, 0x01, 0x00, 0x00, 0xFE, 0x01, 0x00,
    0x03, 0x0D, 0x1E, 0x33, 0x20, 0x00, 0x3C, 0xE0, 0x01, 0x00, 0x0F, 0xFE, 0x00, 0xC0, 0xC3, 0x7F,
    0x00, 0xF0, 0xF9, 0x3F, 0x00, 0xFC, 0xFF, 0x0F, 0x00, 0xFF, 0xFF, 0x07, 0x80, 0xFF, 0xF3, 0x01,
    0xE0, 0x7F, 0x78, 0x00, 0xF8, 0x0F, 0x1E, 0x00, 0xFC, 0x81, 0x07, 0x00, 0x3E, 0x00, 0x00, 0x00,
    0x00, 0x00, 0x00, 0x00, 0x00, 0x00, 0x00, 0x00, 0x00, 0xF0, 0x01, 0x00, 0x00, 0x7C, 0x00, 0x00,
    0x00, 0x1F, 0x7E, 0x00, 0xFF, 0x87, 0x1F, 0xC0, 0xFF, 0xE1, 0x07, 0xF0, 0x7F, 0xF8, 0x01, 0xFC,
    0x1F, 0x7E, 0x00, 0xFF, 0x8F, 0x1F, 0xC0, 0xEF, 0xE7, 0x07, 0xF0, 0xFB, 0xFF, 0x01, 0xFC, 0xFC,
    0x7F, 0x00, 0x3F, 0xFF, 0x1F, 0xC0, 0x8F, 0xFF, 0x07, 0xF0, 0x83, 0xFF, 0x01, 0xFC, 0x00, 0x7E,
    0x00, 0x3F, 0x80, 0x1F, 0xC0, 0x0F, 0xE0, 0x07, 0xF0, 0x03, 0xF8, 0x01, 0xFC, 0x00, 0x7E, 0x00,
    0x3F, 0x80, 0x1F, 0xC0, 0x0F, 0xE0, 0x07, 0xF0, 0x03, 0xF8, 0x01, 0xFC, 0x00, 0x7E, 0x00, 0x3F,
    0x80, 0x1F, 0xC0, 0x0F, 0xE0, 0x07, 0xF0, 0x03, 0xF8, 0x01, 0xFC, 0x00, 0xFE, 0x00, 0x3F, 0x80,
    0x7F, 0xE0, 0x0F, 0xE0, 0x3F, 0xF8, 0x03, 0xF8, 0x1F, 0xFF, 0x00, 0xFE, 0xFF, 0x3F, 0x80, 0xFF,
    0xFF, 0x07, 0xE0, 0xFF, 0xFF, 0x01, 0xF8, 0xFD, 0x7F, 0x00, 0x7E, 0xFE, 0x0F, 0x80, 0x1F, 0xFF,
    0x01, 0x00, 0x00, 0x3F, 0x00, 0x03, 0x0F, 0x23, 0x3C, 0x25, 0x1F, 0x00, 0x00, 0x00, 0xF8, 0x00,
    0x00, 0x00, 0xC0, 0x87, 0x1F, 0x00, 0xF8, 0x3F, 0xFC, 0x00, 0xC0, 0xFF, 0xE1, 0x07, 0x00, 0xFE,
    0x0F, 0x3F, 0x00, 0xF0, 0x7F, 0xF8, 0x01, 0x80, 0xFF, 0xC3, 0x0F, 0x00, 0xFC, 0x1F, 0x7E, 0x00,
    0xE0, 0xFF, 0xF0, 0x03, 0x00, 0xFF, 0x8F, 0x1F, 0x00, 0xF8, 0xFD, 0xFC, 0x00, 0xC0, 0xEF, 0xFF,
    0x07, 0x00, 0x7E, 0xFE, 0x3F, 0x00, 0xF0, 0xF3, 0xFF, 0x01, 0x80, 0x1F, 0xFF, 0x0F, 0x00, 0xFC,
    0xE0, 0x7F, 0x00, 0xE0, 0x07, 0xF0, 0x03, 0x00, 0x3F, 0x80, 0x1F, 0x00, 0xF8, 0x01, 0xFC, 0x00,
    0xC0, 0x0F, 0xE0, 0x07, 0x00, 0x7E, 0x00, 0x3F, 0x00, 0xF0, 0x03, 0xF8, 0x01, 0x80, 0x1F, 0xC0,
    0x0F, 0x00, 0xFC, 0x00, 0x7E, 0x00, 0xE0, 0x07, 0xF0, 0x03, 0x00, 0x3F, 0x80, 0x1F, 0x00, 0xF8,
    0x01, 0xFC, 0x00, 0xC0, 0x0F, 0xE0, 0x07, 0x00, 0x7E, 0x00, 0x3F, 0x00, 0xF0, 0x03, 0xF8, 0x01,
    0x80, 0x1F, 0xC0, 0x0F, 0x00, 0xFC, 0x00, 0x7E, 0x00, 0xE0, 0x07, 0xF0, 0x03, 0x00, 0x3F, 0x80,
    0x1F, 0x00, 0xF8, 0x01, 0xFC, 0x01, 0xE0, 0x0F, 0xE0, 0x0F, 0x00, 0x7F, 0x00, 0x7E, 0x00, 0xF8,
    0x01, 0xF0, 0x07, 0xE0, 0x0F, 0x80, 0x7F, 0x80, 0x7F, 0x00, 0xFC, 0x07, 0xFE, 0x03, 0xC0, 0xFF,
    0xFF, 0x0F, 0x00, 0xFE, 0xFF, 0x7F, 0x00, 0xF0, 0xFF, 0xFF, 0x01, 0x00, 0xFF, 0xFF, 0x0F, 0x00,
    0xF0, 0xFF, 0x3F, 0x00, 0x00, 0xFF, 0xFF, 0x00, 0x00, 0xF0, 0xFF, 0x03, 0x00, 0x00, 0xFC, 0x03,
    0x00, 0x00, 0x00, 0x00, 0x00, 0x00, 0x00, 0x00, 0x00, 0x00, 0x00, 0x00, 0x00, 0x00, 0x00, 0x00,
    0x0F, 0x00, 0x00, 0x00, 0xFC, 0x00, 0x00, 0x00, 0xE0, 0x07, 0x00, 0x00, 0x00, 0x3F, 0x00, 0x00,
    0x00, 0xF8, 0x01, 0x00, 0x00, 0xC0, 0x0F, 0x00, 0x00, 0x00, 0x7E, 0x00, 0x00, 0x00, 0xE0, 0x01,
    0x00, 0x03, 0x1A, 0x1E, 0x31, 0x20, 0x1F, 0x00, 0x00, 0xC0, 0x07, 0x00, 0x00, 0xF0, 0x01, 0x00,
    0x00, 0x7C, 0xF8, 0x01, 0xFC, 0x1F, 0x7E, 0x00, 0xFF, 0x87, 0x1F, 0xC0, 0xFF, 0xE1, 0x07, 0xF0,
    0x7F, 0xF8, 0x01, 0xFC, 0x3F, 0x7E, 0x00, 0xBF, 0x9F, 0x1F, 0xC0, 0xEF, 0xFF, 0x07, 0xF0, 0xF3,
    0xFF, 0x01, 0xFC, 0xFC, 0x7F, 0x00, 0x3F, 0xFE, 0x1F, 0xC0, 0x0F, 0xFE, 0x07, 0xF0, 0x03, 0xF8,
    0x01, 0xFC, 0x00, 0x7E, 0x00, 0x3F, 0x80, 0x1F, 0xC0, 0x0F, 0xE0, 0x07, 0xF0, 0x03, 0xF8, 0x01,
    0xFC, 0x00, 0x7E, 0x00, 0x3F, 0x80, 0x1F, 0xC0, 0x0F, 0xE0, 0x07, 0xF0, 0x03, 0xF8, 0x01, 0xFC,
    0x00, 0x7E, 0x00, 0x3F, 0x80, 0x1F, 0xC0, 0x0F, 0xE0, 0x07, 0xF0, 0x03, 0xF8, 0x03, 0xFC, 0x00,
    0xFE, 0x81, 0x3F, 0x80, 0xFF, 0xE0, 0x0F, 0xE0, 0x7F, 0xFC, 0x03, 0xF8, 0xFF, 0xFF, 0x00, 0xFE,
    0xFF, 0x1F, 0x80, 0xFF, 0xFF, 0x07, 0xE0, 0xF7, 0xFF, 0x01, 0xF8, 0xF9, 0x3F, 0x00, 0x7E, 0xFC,
    0x07, 0x00, 0x00, 0xFC, 0x00, 0x00, 0x00, 0x00, 0x00, 0x00, 0x00, 0x00, 0x00, 0x00, 0x00, 0x00,
    0x00, 0x00, 0x0F, 0x00, 0x00, 0xE0, 0x07, 0x00, 0x00, 0xF8, 0x01, 0x00, 0x00, 0x7E, 0x00, 0x00,
    0x80, 0x1F, 0x00, 0x00, 0xE0, 0x07, 0x00, 0x00, 0xF8, 0x01, 0x00, 0x00, 0x3C, 0x00, 0x00, 0x02,
    0x19, 0x3E, 0x1A, 0x00, 0xF0, 0x07, 0x00, 0xE0, 0x07, 0x00, 0xE0, 0x0F, 0x00, 0xC0, 0x0F, 0x00,
    0x80, 0x1F, 0x00, 0x80, 0x1F, 0x00, 0x00, 0x1F, 0x00, 0x00, 0x3E, 0x00, 0x00, 0x3E, 0x00, 0x00,
    0x7C, 0x00, 0x00, 0x7C, 0x00, 0x00, 0x00, 0x00, 0x00, 0x00, 0x00, 0x00, 0x00, 0x00, 0x00, 0x00,
    0x00, 0x00, 0x00, 0x00, 0x00, 0x3F, 0x00, 0xFC, 0x7F, 0x00, 0xFC, 0xFF, 0x01, 0xF8, 0xFB, 0x03,
    0xF0, 0xF7, 0x07, 0xE0, 0xCF, 0x1F, 0xE0, 0x8F, 0x3F, 0xC0, 0x1F, 0x7E, 0x80, 0x1F, 0xFC, 0x81,
    0x3F, 0xF8, 0x03, 0x7F, 0xE0, 0x07, 0x7E, 0xC0, 0x0F, 0xFE, 0x80, 0x3F, 0xFC, 0x01, 0x7E, 0xF8,
    0x01, 0xFC, 0xF8, 0x03, 0xF8, 0xF3, 0x07, 0xE0, 0xE7, 0x07, 0xC0, 0xEF, 0x0F, 0x00, 0xFF, 0x1F,
    0x00, 0xFE, 0x1F, 0x00, 0xFC, 0x3F, 0x00, 0xF0, 0x3F, 0x00, 0xE0, 0x7F, 0x00, 0xC0, 0xFF, 0x00,
    0x00, 0xFF, 0x00, 0x00, 0xFE, 0x01, 0x00, 0xFC, 0x03, 0x00, 0xF0, 0x03, 0x00, 0xE0, 0x07, 0x00,
    0xC0, 0x0F, 0x00, 0x80, 0x1F, 0x00, 0x00, 0x3F, 0x00, 0x00, 0x7E, 0x00, 0x00, 0xFC, 0x00, 0x00,
    0xF8, 0x01, 0x00, 0xF0, 0x03, 0x00, 0xE0, 0x07, 0x00, 0xC0, 0x0F, 0x00, 0x80, 0x1F, 0x00, 0x00,
    0x3F, 0x00, 0x00, 0x7E, 0x00, 0x00, 0xFC, 0x00, 0x00, 0xF8, 0x01, 0x00, 0xF0, 0x03, 0x00, 0xE0,
    0x07, 0x00, 0xC0, 0x0F, 0x00, 0x00, 0x0C, 0x17, 0x40, 0x19, 0x00, 0xF8, 0x03, 0x00, 0xFC, 0x01,
    0x00, 0x7F, 0x00, 0x80, 0x1F, 0x00, 0xC0, 0x0F, 0x00, 0xF0, 0x03, 0x00, 0xF8, 0x01, 0x00, 0x7C,
    0x00, 0x00, 0x1F, 0x00, 0x80, 0x0F, 0x00, 0xE0, 0x03, 0x00, 0x00, 0x00, 0x00, 0x00, 0x00, 0x00,
    0x00, 0x00, 0x00, 0x00, 0x00, 0x00, 0x00, 0x00, 0x1F, 0x00, 0xBF, 0x0F, 0x80, 0xDF, 0x07, 0xC0,
    0xEF, 0x07, 0xF0, 0xF7, 0x03, 0xF8, 0xF9, 0x01, 0xFC, 0xF8, 0x01, 0x7E, 0xFC, 0x80, 0x3F, 0x7E,
    0xC0, 0x0F, 0x3F, 0xE0, 0x07, 0x3F, 0xF0, 0x83, 0x1F, 0xFC, 0xC0, 0x0F, 0x7E, 0xC0, 0x07, 0x3F,
    0xE0, 0x87, 0x1F, 0xF0, 0xE3, 0x07, 0xF8, 0xF1, 0x03, 0xF8, 0xF8, 0x01, 0xFC, 0xFC, 0x00, 0x7E,
    0x3F, 0x00, 0xBF, 0x1F, 0x00, 0xDF, 0x0F, 0x80, 0xFF, 0x07, 0xC0, 0xFF, 0x01, 0xC0, 0xFF, 0x00,
    0xE0, 0x7F, 0x00, 0xF0, 0x1F, 0x00, 0xF8, 0x0F, 0x00, 0xF8, 0x07, 0x00, 0xFC, 0x03, 0x00, 0xFE,
    0x00, 0x00, 0x7E, 0x00, 0x00, 0x3F, 0x00, 0x80, 0x1F, 0x00, 0xC0, 0x0F, 0x00, 0xC0, 0x0F, 0x00,
    0xE0, 0x07, 0x00, 0xF0, 0x03, 0x00, 0xF0, 0x03, 0x00, 0xF8, 0x01, 0x00, 0xFC, 0x21, 0x00, 0xFC,
    0x1F, 0x00, 0xFE, 0x1F, 0x00, 0xFF, 0x0F, 0x00, 0xFF, 0x07, 0x00, 0xFF, 0x03, 0x00, 0xFF, 0x01,
    0x00, 0x7F, 0x00, 0x11, 0x19, 0x3A, 0x1A, 0x3F, 0x00, 0xFC, 0x7F, 0x00, 0xF8, 0xFF, 0x01, 0xF8,
    0xFB, 0x03, 0xF0, 0xF7, 0x07, 0xE0, 0xCF, 0x0F, 0xE0, 0x8F, 0x3F, 0xC0, 0x1F, 0x7F, 0x80, 0x3F,
    0xFC, 0x80, 0x3F, 0xF8, 0x03, 0x7F, 0xE0, 0x07, 0x7E, 0xC0, 0x0F, 0xFE, 0x80, 0x3F, 0xFC, 0x01,
    0x7E, 0xF8, 0x01, 0xFC, 0xF8, 0x03, 0xF8, 0xF3, 0x07, 0xE0, 0xE7, 0x07, 0xC0, 0xEF, 0x0F, 0x80,
    0xFF, 0x1F, 0x00, 0xFE, 0x1F, 0x00, 0xFC, 0x3F, 0x00, 0xF8, 0x7F, 0x00, 0xE0, 0x7F, 0x00, 0xC0,
    0xFF, 0x00, 0x00, 0xFF, 0x01, 0x00, 0xFE, 0x01, 0x00, 0xFC, 0x03, 0x00, 0xF0, 0x03, 0x00, 0xE0,
    0x07, 0x00, 0xC0, 0x0F, 0x00, 0x80, 0x1F, 0x00, 0x00, 0x3F, 0x00, 0x00, 0x7E, 0x00, 0x00, 0xFC,
    0x00, 0x00, 0xF8, 0x01, 0x00, 0xF0, 0x03, 0x00, 0xE0, 0x07, 0x00, 0xC0, 0x0F, 0x00, 0x80, 0x1F,
    0x00, 0x00, 0x3F, 0x00, 0x00, 0x7E, 0x00, 0x00, 0xFC, 0x00, 0x00, 0xF8, 0x01, 0x00, 0xF0, 0x03,
    0x00, 0xE0, 0x07, 0x00, 0xC0, 0x0F, 0x00, 0x00, 0x00, 0x00, 0x00, 0x00, 0x00, 0x00, 0x00, 0x00,
    0x00, 0x00, 0x00, 0x00, 0xF0, 0x00, 0x00, 0xF0, 0x03, 0x00, 0xE0, 0x07, 0x00, 0xC0, 0x0F, 0x00,
    0x80, 0x1F, 0x00, 0x00, 0x3F, 0x00, 0x00, 0x7E, 0x00, 0x00, 0x78, 0x00, 0x00, 0x00, 0x1D, 0x17,
    0x2F, 0x18, 0x1F, 0x00, 0xBF, 0x0F, 0x80, 0xDF, 0x0F, 0xC0, 0xEF, 0x07, 0xF0, 0xE3, 0x03, 0xF8,
    0xF1, 0x01, 0xFC, 0xF8, 0x01, 0x7F, 0xFC, 0x80, 0x1F, 0x7C, 0xC0, 0x0F, 0x3E, 0xE0, 0x07, 0x3F,
    0xF8, 0x83, 0x1F, 0xFC, 0x80, 0x0F, 0x7E, 0xC0, 0x0F, 0x3F, 0xE0, 0xC7, 0x0F, 0xE0, 0xE3, 0x07,
    0xF0, 0xF1, 0x03, 0xF8, 0xF9, 0x01, 0xFC, 0x7E, 0x00, 0x7C, 0x3F, 0x00, 0xBE, 0x1F, 0x00, 0xFF,
    0x0F, 0x00, 0xFF, 0x03, 0x80, 0xFF, 0x01, 0xC0, 0xFF, 0x00, 0xE0, 0x3F, 0x00, 0xE0, 0x1F, 0x00,
    0xF0, 0x0F, 0x00, 0xF8, 0x07, 0x00, 0xFC, 0x01, 0x00, 0xFC, 0x00, 0x00, 0x7E, 0x00, 0x00, 0x3F,
    0x00, 0x00, 0x1F, 0x00, 0x80, 0x0F, 0x00, 0xC0, 0x0F, 0x00, 0xE0, 0x07, 0x00, 0xE0, 0x07, 0xE0,
    0xF1, 0x03, 0xF8, 0xF9, 0x43, 0xFC, 0xF8, 0x3F, 0x7E, 0xFC, 0x3F, 0x3F, 0xFC, 0x9F, 0x1F, 0xFE,
    0xCF, 0x0F, 0xFE, 0xC7, 0x03, 0xFE, 0x03, 0x00, 0x7C, 0x00, 0x00, 0x02, 0x19, 0x3D, 0x1A, 0x00,
    0x7C, 0x00, 0x00, 0xFE, 0x01, 0x00, 0xFC, 0x03, 0x00, 0xFC, 0x07, 0x00, 0x78, 0x08, 0x00, 0xF0,
    0x00, 0x00, 0xE0, 0x01, 0x00, 0xC0, 0x07, 0x00, 0x00, 0x3F, 0x00, 0x00, 0x7C, 0x00, 0x00, 0xF0,
    0x00, 0x00, 0xC0, 0x01, 0x00, 0x00, 0x00, 0x00, 0x00, 0x00, 0x00, 0x00, 0x00, 0x00, 0x00, 0x00,
    0x00, 0x3F, 0x00, 0xFC, 0x7F, 0x00, 0xFC, 0xFD, 0x00, 0xF8, 0xFB, 0x03, 0xF0, 0xF7, 0x07, 0xF0,
    0xC7, 0x0F, 0xE0, 0x8F, 0x3F, 0xC0, 0x1F, 0x7E, 0xC0, 0x1F, 0xFC, 0x80, 0x3F, 0xF8, 0x83, 0x7F,
    0xE0, 0x07, 0x7F, 0xC0, 0x0F, 0xFE, 0x80, 0x3F, 0xFE, 0x00, 0x7E, 0xFC, 0x01, 0xFC, 0xF8, 0x03,
    0xF8, 0xF9, 0x03, 0xE0, 0xF7, 0x07, 0xC0, 0xEF, 0x0F, 0x00, 0xFF, 0x0F, 0x00, 0xFE, 0x1F, 0x00,
    0xFC, 0x3F, 0x00, 0xF0, 0x3F, 0x00, 0xE0, 0x7F, 0x00, 0xC0, 0xFF, 0x00, 0x00, 0xFF, 0x00, 0x00,
    0xFE, 0x01, 0x00, 0xF8, 0x01, 0x00, 0xF0, 0x03, 0x00, 0xE0, 0x07, 0x00, 0xC0, 0x0F, 0x00, 0x80,
    0x1F, 0x00, 0x00, 0x3F, 0x00, 0x00, 0x7E, 0x00, 0x00, 0xFC, 0x00, 0x00, 0xF8, 0x01, 0x00, 0xF0,
    0x03, 0x00, 0xE0, 0x07, 0x00, 0xC0, 0x0F, 0x00, 0x80, 0x1F, 0x00, 0x00, 0x3F, 0x00, 0x00, 0x7E,
    0x00, 0x00, 0xFC, 0x00, 0x00, 0xF8, 0x01, 0x00, 0xF0, 0x03, 0x00, 0xE0, 0x07, 0x00, 0x00, 0x0D,
    0x18, 0x3F, 0x19, 0x00, 0x3E, 0x00, 0x80, 0x7F, 0x00, 0x80, 0x7F, 0x00, 0xC0, 0x7F, 0x00, 0xC0,
    0x03, 0x00, 0xC0, 0x03, 0x00, 0xC0, 0x03, 0x00, 0xC0, 0x07, 0x00, 0x80, 0x1F, 0x00, 0x80, 0x1F,
    0x00, 0x00, 0x1E, 0x00, 0x00, 0x1C, 0x00, 0x00, 0x00, 0x00, 0x00, 0x00, 0x00, 0x00, 0x00, 0x00,
    0x00, 0x00, 0x00, 0x1F, 0x00, 0x3F, 0x1F, 0x00, 0x3F, 0x3F, 0x00, 0x3F, 0x3F, 0x80, 0x3F, 0x3F,
    0x80, 0x1F, 0x3E, 0x80, 0x1F, 0x7E, 0x80, 0x1F, 0x7E, 0xC0, 0x1F, 0x7E, 0xC0, 0x0F, 0x7C, 0xC0,
    0x0F, 0xFC, 0xC0, 0x0F, 0xFC, 0xE0, 0x07, 0xF8, 0xE0, 0x07, 0xF8, 0xE0, 0x07, 0xF8, 0xE1, 0x07,
    0xF8, 0xF1, 0x03, 0xF0, 0xF1, 0x03, 0xF0, 0xF3, 0x03, 0xF0, 0xF3, 0x03, 0xF0, 0xFB, 0x01, 0xE0,
    0xFB, 0x01, 0xE0, 0xFF, 0x01, 0xE0, 0xFF, 0x01, 0xC0, 0xFF, 0x00, 0xC0, 0xFF, 0x00, 0xC0, 0xFF,
    0x00, 0xC0, 0x7F, 0x00, 0x80, 0x7F, 0x00, 0x80, 0x7F, 0x00, 0x80, 0x7F, 0x00, 0x00, 0x3F, 0x00,
    0x00, 0x3F, 0x00, 0x00, 0x3F, 0x00, 0x00, 0x3F, 0x00, 0x00, 0x7E, 0x00, 0x00, 0x7E, 0x00, 0x00,
    0x7E, 0x00, 0x00, 0xFC, 0x00, 0x00, 0xFC, 0x00, 0x00, 0xFC, 0x01, 0x00, 0xF8, 0x7F, 0x00, 0xF8,
    0x7F, 0x00, 0xF0, 0x7F, 0x00, 0xF0, 0x7F, 0x00, 0xE0, 0x7F, 0x00, 0xC0, 0xFF, 0x00, 0x00, 0x3F,
    0x00, 0x02, 0x19, 0x3E, 0x1A, 0x78, 0xE0, 0x01, 0xF0, 0xE0, 0x0F, 0xE0, 0xE1, 0x1F, 0xC0, 0xE7,
    0x7F, 0x80, 0xFF, 0xFF, 0x00, 0xFF, 0xFF, 0x03, 0xFC, 0xCF, 0x07, 0xF8, 0x1F, 0x0F, 0xE0, 0x1F,
    0x1E, 0xC0, 0x1F, 0x3C, 0x00, 0x1F, 0x00, 0x00, 0x00, 0x00, 0x00, 0x00, 0x00, 0x00, 0x00, 0x00,
    0x00, 0x00, 0x00, 0x00, 0x00, 0x00, 0x00, 0x3F, 0x00, 0xFC, 0x7F, 0x00, 0xF8, 0xFF, 0x01, 0xF8,
    0xFB, 0x03, 0xF0, 0xE7, 0x07, 0xE0, 0xCF, 0x1F, 0xE0, 0x8F, 0x3F, 0xC0, 0x1F, 0x7E, 0x80, 0x3F,
    0xFC, 0x81, 0x3F, 0xF8, 0x03, 0x7F, 0xE0, 0x07, 0x7E, 0xC0, 0x0F, 0xFE, 0x80, 0x3F, 0xFC, 0x01,
    0x7E, 0xF8, 0x01, 0xFC, 0xF8, 0x03, 0xF8, 0xF3, 0x07, 0xE0, 0xE7, 0x07, 0xC0, 0xEF, 0x0F, 0x00,
    0xFF, 0x1F, 0x00, 0xFE, 0x1F, 0x00, 0xFC, 0x3F, 0x00, 0xF0, 0x3F, 0x00, 0xE0, 0x7F, 0x00, 0xC0,
    0xFF, 0x00, 0x00, 0xFF, 0x00, 0x00, 0xFE, 0x01, 0x00, 0xFC, 0x03, 0x00, 0xF0, 0x03, 0x00, 0xE0,
    0x07, 0x00, 0xC0, 0x0F, 0x00, 0x80, 0x1F, 0x00, 0x00, 0x3F, 0x00, 0x00, 0x7E, 0x00, 0x00, 0xFC,
    0x00, 0x00, 0xF8, 0x01, 0x00, 0xF0, 0x03, 0x00, 0xE0, 0x07, 0x00, 0xC0, 0x0F, 0x00, 0x80, 0x1F,
    0x00, 0x00, 0x3F, 0x00, 0x00, 0x7E, 0x00, 0x00, 0xFC, 0x00, 0x00, 0xF8, 0x01, 0x00, 0xF0, 0x03,
    0x00, 0xE0, 0x07, 0x00, 0xC0, 0x0F, 0x00, 0x00, 0x0D, 0x17, 0x3F, 0x18, 0x3C, 0xF0, 0x00, 0x1E,
    0xFC, 0x01, 0x0F, 0xFF, 0x80, 0xCF, 0xFF, 0xC0, 0xFF, 0x7F, 0xE0, 0xFF, 0x7F, 0xE0, 0x7F, 0x3E,
    0xF0, 0x3F, 0x1E, 0xF8, 0x0F, 0x0F, 0xF8, 0x83, 0x07, 0xF8, 0x00, 0x00, 0x00, 0x00, 0x00, 0x00,
    0x00, 0x00, 0x00, 0x00, 0x00, 0x00, 0x00, 0x00, 0x00, 0x00, 0x1F, 0x00, 0xBF, 0x1F, 0x80, 0xDF,
    0x0F, 0xC0, 0xEF, 0x07, 0xE0, 0xE7, 0x03, 0xF8, 0xF1, 0x03, 0xFC, 0xF8, 0x01, 0x7E, 0xFC, 0x00,
    0x3F, 0x7C, 0xC0, 0x0F, 0x7E, 0xE0, 0x07, 0x3F, 0xF0, 0x03, 0x1F, 0xF8, 0x80, 0x0F, 0x7E, 0xC0,
    0x0F, 0x3F, 0xE0, 0x87, 0x1F, 0xE0, 0xC3, 0x07, 0xF0, 0xF3, 0x03, 0xF8, 0xF9, 0x01, 0xFC, 0xFC,
    0x00, 0x7C, 0x3E, 0x00, 0xFE, 0x1F, 0x00, 0xFF, 0x0F, 0x00, 0xFF, 0x07, 0x80, 0xFF, 0x01, 0xC0,
    0xFF, 0x00, 0xE0, 0x7F, 0x00, 0xE0, 0x1F, 0x00, 0xF0, 0x0F, 0x00, 0xF8, 0x07, 0x00, 0xF8, 0x03,
    0x00, 0xFC, 0x00, 0x00, 0x7E, 0x00, 0x00, 0x3F, 0x00, 0x00, 0x1F, 0x00, 0x80, 0x1F, 0x00, 0xC0,
    0x0F, 0x00, 0xE0, 0x07, 0x00, 0xE0, 0x07, 0x00, 0xF0, 0x03, 0x00, 0xF8, 0x43, 0x00, 0xF8, 0x3F,
    0x00, 0xFC, 0x3F, 0x00, 0xFC, 0x1F, 0x00, 0xFE, 0x0F, 0x00, 0xFE, 0x07, 0x00, 0xFE, 0x03, 0x00,
    0xFC, 0x00, 0x82, 0x40, 0x06, 0x00, 0x3F, 0x01, 0x01, 0x1F, 0x00, 0x00, 0x3F, 0x01, 0x01, 0x27,
    0x00, 0x00, 0x3F, 0x01, 0x01, 0x0D, 0x00, 0x00, 0x3F, 0x01, 0x01, 0x09, 0x00, 0x00, 0x3F, 0x01,
    0x01, 0x06, 0x00, 0x00, 0x3F, 0x01, 0x01, 0x1D, 0x00, 0x90, 0x40, 0x01, 0x02, 0x29, 0x0E, 0x08,
    0x12, 0xFF, 0xFF, 0xFF, 0xFF, 0xFF, 0xFF, 0xFF, 0xFF, 0xFF, 0xFF, 0xFF, 0xFF, 0xFF, 0xFF, 0x93,
    0x40, 0x03, 0x01, 0x2A, 0x16, 0x07, 0x18, 0xFF, 0xFF, 0xFF, 0xFF, 0xFF, 0xFF, 0xFF, 0xFF, 0xFF,
    0xFF, 0xFF, 0xFF, 0xFF, 0xFF, 0xFF, 0xFF, 0xFF, 0xFF, 0xFF, 0x03, 0x01, 0x2A, 0x2E, 0x07, 0x30,
    0xFF, 0xFF, 0xFF, 0xFF, 0xFF, 0xFF, 0xFF, 0xFF, 0xFF, 0xFF, 0xFF, 0xFF, 0xFF, 0xFF, 0xFF, 0xFF,
    0xFF, 0xFF, 0xFF, 0xFF, 0xFF, 0xFF, 0xFF, 0xFF, 0xFF, 0xFF, 0xFF, 0xFF, 0xFF, 0xFF, 0xFF, 0xFF,
    0xFF, 0xFF, 0xFF, 0xFF, 0xFF, 0xFF, 0xFF, 0xFF, 0x03, 0x01, 0x2A, 0x2E, 0x07, 0x30, 0xFF, 0xFF,
    0xFF, 0xFF, 0xFF, 0xFF, 0xFF, 0xFF, 0xFF, 0xFF, 0xFF, 0xFF, 0xFF, 0xFF, 0xFF, 0xFF, 0xFF, 0xFF,
    0xFF, 0xFF, 0xFF, 0xFF, 0xFF, 0xFF, 0xFF, 0xFF, 0xFF, 0xFF, 0xFF, 0xFF, 0xFF, 0xFF, 0xFF, 0xFF,
    0xFF, 0xFF, 0xFF, 0xFF, 0xFF, 0xFF, 0x03, 0x97, 0x40, 0x08, 0x00, 0x43, 0x18, 0x09, 0x18, 0xFF,
    0xFF, 0xFF, 0xFF, 0xFF, 0xFF, 0xFF, 0xFF, 0xFF, 0x00, 0x00, 0x00, 0x00, 0x00, 0x00, 0x00, 0x00,
    0x00, 0xFF, 0xFF, 0xFF, 0xFF, 0xFF, 0xFF, 0xFF, 0xFF, 0xFF, 0x03, 0x12, 0x07, 0x13, 0x0D, 0x0F,
    0x8F, 0xC7, 0xC7, 0xE3, 0xF1, 0x78, 0x78, 0xBF, 0xFF, 0xFF, 0xFF, 0xFF, 0xFF, 0x7F, 0x1F, 0x07,
    0x03, 0x11, 0x07, 0x13, 0x0D, 0x3C, 0xDF, 0xFF, 0xFF, 0xFF, 0xFF, 0xFF, 0xBF, 0xDF, 0xC7, 0xE3,
    0xF1, 0x78, 0x78, 0x3C, 0x1E, 0x1E, 0x03, 0x36, 0x07, 0x13, 0x0D, 0x1C, 0xDF, 0xFF, 0xFF, 0xFF,
    0xFF, 0xFF, 0xBF, 0xDF, 0xC7, 0xE3, 0xF1, 0x78, 0x78, 0x3C, 0x1E, 0x1E, 0x03, 0x11, 0x07, 0x13,
    0x0D, 0x1C, 0xDF, 0xFF, 0xFF, 0xFF, 0xFF, 0xFF, 0x7E, 0x3F, 0x9E, 0xC7, 0xE3, 0xF1, 0x7C, 0x1E,
    0xCF, 0x03, 0x03, 0x12, 0x12, 0x13, 0x18, 0x1F, 0x78, 0xF8, 0xC0, 0xE3, 0x03, 0x0F, 0x0F, 0x7C,
    0x7C, 0xE0, 0xF1, 0x81, 0x87, 0x07, 0x1E, 0x1E, 0x78, 0xF8, 0xC0, 0xF3, 0xC3, 0xEF, 0x0F, 0xFF,
    0x3F, 0xFE, 0xFF, 0xF8, 0xFF, 0xE3, 0xFF, 0x8F, 0xFF, 0x3F, 0xFE, 0xFF, 0xF8, 0xFB, 0xC1, 0xC7,
    0x03, 0x0E, 0x03, 0x11, 0x12, 0x13, 0x18, 0x3C, 0xE0, 0xF9, 0xC1, 0xF7, 0x8F, 0xFF, 0x3F, 0xFE,
    0xFF, 0xF8, 0xFF, 0xE3, 0xFF, 0x8F, 0xFF, 0x3F, 0xFE, 0x7F, 0xF8, 0xFF, 0xE0, 0xF7, 0x81, 0x8F,
    0x07, 0x3C, 0x1E, 0xF0, 0xF8, 0xC0, 0xE3, 0x03, 0x0F, 0x0F, 0x78, 0x7C, 0xE0, 0xE1, 0x81, 0x87,
    0x0F, 0x3C, 0x03, 0x36, 0x12, 0x13, 0x18, 0x3C, 0xE0, 0xF8, 0xC1, 0xF7, 0x8F, 0xFF, 0x3F, 0xFE,
    0xFF, 0xF8, 0xFF, 0xE3, 0xFF, 0x8F, 0xFF, 0x3F, 0xFE, 0x7F, 0xF8, 0xFF, 0xE0, 0xF7, 0x81, 0x8F,
    0x07, 0x3C, 0x1E, 0xF0, 0xF8, 0xC0, 0xC3, 0x03, 0x0F, 0x0F, 0x78, 0x7C, 0xE0, 0xE1, 0x81, 0x87,
    0x0F, 0x3C, 0xA0, 0x40, 0x03, 0x01, 0x0E, 0x17, 0x3E, 0x19, 0x00, 0x3F, 0x00, 0x80, 0x1F, 0x00,
    0xC0, 0x0F, 0x00, 0xE0, 0x07, 0x00, 0xF0, 0x03, 0x00, 0xF8, 0x01, 0x00, 0xFC, 0x00, 0x00, 0x7E,
    0x00, 0x00, 0x3F, 0x00, 0x80, 0x1F, 0x00, 0xC0, 0x0F, 0x00, 0xE0, 0x07, 0x00, 0xF0, 0x03, 0x00,
    0xF8, 0x01, 0x00, 0xFC, 0x00, 0x00, 0x7E, 0x00, 0xFF, 0xFF, 0xFF, 0xFF, 0xFF, 0xFF, 0xFF, 0xFF,
    0xFF, 0xFF, 0xFF, 0xFF, 0xFF, 0xFF, 0xFF, 0xFF, 0xFF, 0xFF, 0xFF, 0xFF, 0x01, 0x7E, 0x00, 0x00,
    0x3F, 0x00, 0x80, 0x1F, 0x00, 0xC0, 0x0F, 0x00, 0xE0, 0x07, 0x00, 0xF0, 0x03, 0x00, 0xF8, 0x01,
    0x00, 0xFC, 0x00, 0x00, 0x7E, 0x00, 0x00, 0x3F, 0x00, 0x80, 0x1F, 0x00, 0xC0, 0x0F, 0x00, 0xE0,
    0x07, 0x00, 0xF0, 0x03, 0x00, 0xF8, 0x01, 0x00, 0xFC, 0x00, 0x00, 0x7E, 0x00, 0x00, 0x3F, 0x00,
    0x80, 0x1F, 0x00, 0xC0, 0x0F, 0x00, 0xE0, 0x07, 0x00, 0xF0, 0x03, 0x00, 0xF8, 0x01, 0x00, 0xFC,
    0x00, 0x00, 0x7E, 0x00, 0x00, 0x3F, 0x00, 0x80, 0x1F, 0x00, 0xC0, 0x0F, 0x00, 0xE0, 0x07, 0x00,
    0xF0, 0x03, 0x00, 0xF8, 0x01, 0x00, 0xFC, 0x00, 0x00, 0x7E, 0x00, 0x00, 0x3F, 0x00, 0x80, 0x1F,
    0x00, 0xC0, 0x0F, 0x00, 0xE0, 0x07, 0x00, 0xF0, 0x03, 0x00, 0xF8, 0x01, 0x00, 0x01, 0x0E, 0x16,
    0x3E, 0x18, 0x00, 0x3E, 0x00, 0x80, 0x0F, 0x00, 0xE0, 0x03, 0x00, 0xF8, 0x00, 0x00, 0x3E, 0x00,
    0x80, 0x0F, 0x00, 0xE0, 0x03, 0x00, 0xF8, 0x00, 0x00, 0x3E, 0x00, 0x80, 0x0F, 0x00, 0xE0, 0x03,
    0x00, 0xF8, 0x00, 0x00, 0x3E, 0x00, 0x80, 0x0F, 0xF0, 0xE3, 0xF3, 0xFF, 0xFF, 0xFF, 0xFF, 0xFF,
    0xFF, 0xFF, 0xFF, 0xFF, 0xFF, 0xFF, 0xFF, 0xFF, 0xFF, 0xFF, 0xFF, 0xFF, 0x83, 0x0F, 0x0E, 0xE0,
    0x03, 0x00, 0xF8, 0x00, 0x00, 0x3E, 0x00, 0x80, 0x0F, 0x00, 0xE0, 0x03, 0x00, 0xF8, 0x00, 0x00,
    0x3E, 0x00, 0x80, 0x0F, 0x00, 0xE0, 0x03, 0x00, 0xF8, 0x00, 0x00, 0x3E, 0x00, 0x80, 0x0F, 0x00,
    0xE0, 0x03, 0x00, 0xF8, 0x00, 0x00, 0x3E, 0x00, 0x80, 0x0F, 0x00, 0xE0, 0x03, 0x00, 0xF8, 0x00,
    0x0F, 0x3E, 0xFC, 0xFF, 0xFF, 0xFF, 0xFF, 0xFF, 0xFF, 0xFF, 0xFF, 0xFF, 0xFF, 0xFF, 0xFF, 0xFF,
    0xFF, 0xFF, 0xFF, 0xFF, 0xF8, 0xF8, 0x00, 0x3E, 0x00, 0x80, 0x0F, 0x00, 0xE0, 0x03, 0x00, 0xF8,
    0x00, 0x00, 0x3E, 0x00, 0x80, 0x0F, 0x00, 0xE0, 0x03, 0x00, 0xF8, 0x00, 0x00, 0x3E, 0x00, 0x80,
    0x0F, 0x00, 0xE0, 0x03, 0x00, 0xF8, 0x00, 0x00, 0x3E, 0x00, 0x80, 0x0F, 0x00, 0x02, 0x1E, 0x0D,
    0x12, 0x11, 0xF0, 0x01, 0x7F, 0xF0, 0x1F, 0xFF, 0xE7, 0xFF, 0xFC, 0xFF, 0xFF, 0xFF, 0xFF, 0xFF,
    0xFF, 0xFF, 0xFF, 0xFF, 0xFF, 0xFF, 0xFF, 0xFD, 0x9F, 0xFF, 0xE3, 0x3F, 0xF8, 0x03, 0x3E, 0x00,
    0xA6, 0x40, 0x01, 0x04, 0x35, 0x26, 0x0A, 0x2E, 0x3C, 0x00, 0x0F, 0x00, 0x9F, 0x0F, 0xC0, 0x07,
    0xC0, 0xF7, 0x07, 0xF8, 0x03, 0xF8, 0xFF, 0x01, 0xFE, 0x00, 0xFE, 0x7F, 0x80, 0x3F, 0x80, 0xFF,
    0x1F, 0xE0, 0x0F, 0xE0, 0xFF, 0x07, 0xF8, 0x03, 0xF8, 0xFF, 0x01, 0xFE, 0x00, 0xFE, 0x3E, 0x00,
    0x1F, 0x00, 0x1F, 0x0F, 0x80, 0x07, 0x80, 0x07, 0xB0, 0x40, 0x01, 0x02, 0x10, 0x40, 0x31, 0x44,
    0x00, 0x00, 0x00, 0x80, 0x1F, 0x00, 0x00, 0x00, 0x00, 0x00, 0x00, 0x80, 0x1F, 0x00, 0xE0, 0x03,
    0x00, 0x00, 0x00, 0x80, 0x1F, 0x00, 0xF8, 0x0F, 0x00, 0x00, 0x00, 0x00, 0x3F, 0x00, 0xFC, 0x1F,
    0x00, 0x00, 0x00, 0x00, 0x3F, 0x00, 0xFE, 0x3F, 0x00, 0x00, 0x00, 0x00, 0x7E, 0x00, 0xFE, 0x3F,
    0x00, 0x00, 0x00, 0x00, 0x7E, 0x00, 0xFF, 0x7F, 0x00, 0x00, 0x00, 0x00, 0x7E, 0x00, 0x3F, 0x7E,
    0x00, 0x00, 0x00, 0x00, 0xFC, 0x00, 0x3F, 0x7E, 0x00, 0x00, 0x00, 0x00, 0xFC, 0x80, 0x1F, 0xFC,
    0x00, 0x00, 0x00, 0x00, 0xFC, 0x80, 0x1F, 0xFC, 0x00, 0x00, 0x00, 0x00, 0xF8, 0x81, 0x1F, 0xFC,
    0x00, 0x00, 0x00, 0x00, 0xF8, 0x81, 0x1F, 0xFC, 0x00, 0x00, 0x00, 0x00, 0xF8, 0x81, 0x1F, 0xFC,
    0x00, 0x00, 0x00, 0x00, 0xF0, 0x83, 0x1F, 0xFC, 0x00, 0x00, 0x00, 0x00, 0xF0, 0x83, 0x1F, 0xFC,
    0x00, 0x00, 0x00, 0x00, 0xE0, 0x83, 0x1F, 0xFC, 0x00, 0x00, 0x00, 0x00, 0xE0, 0x87, 0x1F, 0xFC,
    0x00, 0x00, 0x00, 0x00, 0xE0, 0x87, 0x1F, 0xFC, 0xC0, 0x07, 0x00, 0xFC, 0xC0, 0x8F, 0x1F, 0xFC,
    0xF0, 0x1F, 0x00, 0xFF, 0xC3, 0x8F, 0x1F, 0xFC, 0xF8, 0x3F, 0x80, 0xFF, 0xC7, 0x8F, 0x1F, 0xFC,
    0xFC, 0x7F, 0xC0, 0xFF, 0x8F, 0x1F, 0x3F, 0x7E, 0xFC, 0x7F, 0xC0, 0xFF, 0x8F, 0x1F, 0x3F, 0x7E,
    0xFE, 0xFF, 0xE0, 0xFF, 0x9F, 0x1F, 0xFF, 0x7F, 0x7E, 0xFC, 0xE0, 0xC7, 0x1F, 0x3F, 0xFE, 0x3F,
    0x7E, 0xFC, 0xE0, 0x87, 0x1F, 0x3F, 0xFE, 0x3F, 0x3F, 0xF8, 0xF1, 0x83, 0x3F, 0x3E, 0xFC, 0x1F,
    0x3F, 0xF8, 0xF1, 0x03, 0x3F, 0x7E, 0xF8, 0x0F, 0x3F, 0xF8, 0xF1, 0x03, 0x3F, 0x7E, 0xE0, 0x03,
    0x3F, 0xF8, 0xF1, 0x03, 0x3F, 0x7C, 0x00, 0x00, 0x3F, 0xF8, 0xF1, 0x03, 0x3F, 0xFC, 0x00, 0x00,
    0x3F, 0xF8, 0xF1, 0x03, 0x3F, 0xFC, 0x00, 0x00, 0x3F, 0xF8, 0xF1, 0x03, 0x3F, 0xF8, 0x01, 0x00,
    0x3F, 0xF8, 0xF1, 0x03, 0x3F, 0xF8, 0x01, 0x00, 0x3F, 0xF8, 0xF1, 0x03, 0x3F, 0xF8, 0x01, 0x00,
    0x3F, 0xF8, 0xF1, 0x03, 0x3F, 0xF0, 0x03, 0x00, 0x3F, 0xF8, 0xF1, 0x03, 0x3F, 0xF0, 0x03, 0x00,
    0x3F, 0xF8, 0xF1, 0x03, 0x3F, 0xE0, 0x03, 0x00, 0x3F, 0xF8, 0xE1, 0x03, 0x1F, 0xE0, 0x07, 0x00,
    0x7E, 0xFC, 0xE0, 0x87, 0x1F, 0xE0, 0x07, 0x00, 0x7E, 0xFC, 0xE0, 0xC7, 0x1F, 0xC0, 0x07, 0x00,
    0xFE, 0xFF, 0xE0, 0xFF, 0x1F, 0xC0, 0x0F, 0x00, 0xFC, 0x7F, 0xC0, 0xFF, 0x0F, 0xC0, 0x0F, 0x00,
    0xFC, 0x7F, 0xC0, 0xFF, 0x0F, 0x80, 0x0F, 0x00, 0xF8, 0x3F, 0x80, 0xFF, 0x07, 0x80, 0x1F, 0x00,
    0xF0, 0x1F, 0x00, 0xFF, 0x03, 0x80, 0x1F, 0x00, 0xC0, 0x07, 0x00, 0xFC, 0x00, 0x00, 0x3F, 0x00,
    0x00, 0x00, 0x00, 0x00, 0x00, 0x00, 0x3F, 0x00, 0xB2, 0x40, 0x02, 0x03, 0x12, 0x07, 0x14, 0x0C,
    0xFF, 0xBF, 0xDF, 0xEF, 0xF7, 0xFB, 0xFD, 0x7C, 0x3E, 0x9F, 0xCF, 0xE7, 0xF3, 0xF1, 0x78, 0x3C,
    0x1E, 0x0F, 0x03, 0x12, 0x12, 0x14, 0x17, 0x7F, 0xF8, 0xFB, 0xC1, 0xEF, 0x07, 0xBF, 0x1F, 0xFC,
    0x7E, 0xF0, 0xFB, 0xC1, 0xEF, 0x07, 0xBF, 0x1F, 0xFC, 0x7C, 0xE0, 0xF3, 0x81, 0xCF, 0x07, 0x3E,
    0x1F, 0xF8, 0x7C, 0xE0, 0xF3, 0x81, 0xCF, 0x07, 0x3E, 0x1F, 0xF0, 0x78, 0xC0, 0xE3, 0x01, 0x8F,
    0x07, 0x3C, 0x1E, 0xF0, 0xB9, 0x40, 0x02, 0x01, 0x1F, 0x11, 0x1E, 0x13, 0x7E, 0x00, 0xFC, 0x01,
    0xF0, 0x07, 0xE0, 0x0F, 0x80, 0x3F, 0x00, 0xFE, 0x00, 0xFC, 0x01, 0xF0, 0x07, 0xC0, 0x0F, 0x80,
    0x3F, 0x00, 0xFE, 0x00, 0xF8, 0x01, 0xF0, 0x07, 0xC0, 0x1F, 0x80, 0x3F, 0x00, 0x7F, 0x00, 0xFE,
    0x00, 0xFE, 0x00, 0xFC, 0x00, 0xFC, 0x01, 0xFC, 0x01, 0xF8, 0x01, 0xF8, 0x03, 0xF8, 0x03, 0xF0,
    0x07, 0xF0, 0x07, 0xF0, 0x07, 0xE0, 0x0F, 0xE0, 0x0F, 0xC0, 0x0F, 0x00, 0x01, 0x1F, 0x10, 0x1E,
    0x13, 0x00, 0xFE, 0x00, 0x7F, 0x00, 0x7F, 0x80, 0x3F, 0xC0, 0x1F, 0xC0, 0x1F, 0xE0, 0x0F, 0xE0,
    0x07, 0xF0, 0x07, 0xF8, 0x03, 0xF8, 0x01, 0xFC, 0x01, 0xFE, 0x00, 0x7E, 0x00, 0x7F, 0x00, 0x7F,
    0x00, 0x7E, 0x00, 0xFE, 0x00, 0xFC, 0x01, 0xF8, 0x01, 0xF8, 0x03, 0xF0, 0x07, 0xE0, 0x07, 0xE0,
    0x0F, 0xC0, 0x1F, 0xC0, 0x1F, 0x80, 0x3F, 0x00, 0x7F, 0x00, 0x7F, 0x00, 0xFE, 0xBC, 0x40, 0x03,
    0x03, 0x12, 0x14, 0x2D, 0x1A, 0x3F, 0xE0, 0xF7, 0x03, 0x7E, 0x3F, 0xE0, 0xF7, 0x03, 0x7E, 0x3F,
    0xE0, 0xF7, 0x03, 0x7E, 0x3F, 0xE0, 0xF7, 0x03, 0x7E, 0x3F, 0xE0, 0xF7, 0x03, 0x7E, 0x3F, 0xE0,
    0xF7, 0x03, 0x7E, 0x3F, 0xE0, 0xF7, 0x03, 0x7E, 0x3F, 0xE0, 0xF7, 0x03, 0x7E, 0x3F, 0xE0, 0xF7,
    0x03, 0x7E, 0x3F, 0xE0, 0xF7, 0x03, 0x7E, 0x3F, 0xE0, 0xF7, 0x03, 0x7E, 0x3F, 0xE0, 0xF7, 0x03,
    0x7E, 0x3F, 0xE0, 0xF7, 0x03, 0x7E, 0x3F, 0xE0, 0xF7, 0x03, 0x7E, 0x3F, 0xE0, 0xF7, 0x03, 0x7E,
    0x00, 0x00, 0x00, 0x00, 0x00, 0x00, 0x00, 0x00, 0x00, 0x00, 0x00, 0x00, 0xC0, 0x03, 0x78, 0x3E,
    0xC0, 0xF7, 0x07, 0xFE, 0x7F, 0xE0, 0xFF, 0x07, 0xFE, 0x7F, 0xE0, 0xFF, 0x07, 0xFE, 0x7F, 0xE0,
    0xEF, 0x03, 0xFC, 0x3C, 0xC0, 0x07, 0x00, 0x0D, 0x15, 0x32, 0x17, 0x80, 0x3F, 0x00, 0xFC, 0x1F,
    0xC0, 0xFF, 0x0F, 0xFC, 0xFF, 0xC3, 0xFF, 0x7F, 0xFC, 0xFF, 0x9F, 0xFF, 0xFF, 0xF3, 0xFF, 0xFF,
    0xFF, 0xFE, 0xFF, 0xCF, 0xFF, 0xFD, 0xF8, 0x8F, 0x1F, 0xFF, 0xF0, 0xE3, 0x07, 0x7E, 0xFC, 0xC0,
    0x8F, 0x1F, 0xF8, 0xF1, 0x03, 0x7F, 0x7E, 0xC0, 0xCF, 0x0F, 0xF8, 0xFB, 0x01, 0x7F, 0x3F, 0xC0,
    0xFF, 0x07, 0xF8, 0xFF, 0x00, 0xFE, 0x1F, 0xC0, 0xFF, 0x03, 0xF0, 0x7F, 0x00, 0xFC, 0x0F, 0x00,
    0xFF, 0x01, 0xC0, 0x3F, 0x00, 0xF0, 0x07, 0x00, 0xFE, 0x00, 0xC0, 0x1F, 0x00, 0xF8, 0x03, 0x00,
    0x7F, 0x00, 0xE0, 0x0F, 0x00, 0xFC, 0x01, 0x00, 0x00, 0x00, 0x00, 0x00, 0x00, 0x00, 0x00, 0x00,
    0x00, 0x00, 0x00, 0x00, 0x00, 0x1E, 0x00, 0xC0, 0x07, 0x00, 0xFC, 0x01, 0x80, 0x3F, 0x00, 0xF0,
    0x07, 0x00, 0xFE, 0x00, 0xC0, 0x1F, 0x00, 0xF8, 0x03, 0x00, 0x3E, 0x00, 0xC0, 0x03, 0x00, 0x00,
    0x0A, 0x18, 0x03, 0x18, 0xFF, 0xFF, 0xFF, 0xFF, 0xFF, 0xFF, 0xFF, 0xFF, 0xFF, 0xC4, 0x40, 0x01,
    0x00, 0x10, 0x0D, 0x31, 0x05, 0x00, 0x00, 0x00, 0x00, 0x00, 0x00, 0x00, 0x00, 0x00, 0x00, 0x00,
    0x00, 0x00, 0x00, 0x00, 0x00, 0x00, 0x00, 0x00, 0x00, 0x00, 0x02, 0x40, 0x00, 0x08, 0x00, 0x03,
    0x60, 0x00, 0x0C, 0x80, 0x03, 0x70, 0x00, 0x0E, 0xC0, 0x03, 0x78, 0x00, 0x0F, 0xE0, 0x03, 0x7C,
    0x80, 0x0F, 0xF0, 0x03, 0x7C, 0x80, 0x1F, 0xF0, 0x03, 0x7C, 0x80, 0x1F, 0xE0, 0x03, 0x7C, 0x80,
    0x1F, 0xE0, 0x03, 0x7C, 0x80, 0x1F, 0xE0, 0x03, 0x7C, 0x80, 0x1F, 0xE0, 0x03, 0x7C, 0x80, 0x1F,
    0xE0, 0x03, 0x7C, 0x80, 0x1F, 0xDF, 0x40, 0x01, 0x00, 0x3F, 0x01, 0x01, 0x08, 0x00, 0xF0, 0x40,
    0x01, 0x02, 0x0D, 0x12, 0x1D, 0x16, 0x00, 0x00, 0x80, 0x7F, 0x80, 0xFF, 0x07, 0xFF, 0x3F, 0xFC,
    0xFF, 0xF8, 0xFF, 0xE7, 0xFF, 0x9F, 0x1F, 0x7E, 0x7E, 0xF8, 0xFF, 0xC0, 0xFF, 0x03, 0xFF, 0x0F,
    0xFC, 0x3F, 0xF0, 0xFF, 0xC0, 0xFF, 0x03, 0xFF, 0x0F, 0xFC, 0x3F, 0xF0, 0xFF, 0xC0, 0xFF, 0x03,
    0xFF, 0x0F, 0xFC, 0x7F, 0xF8, 0xFB, 0xE1, 0xE7, 0xCF, 0x9F, 0xFF, 0x7F, 0xFC, 0xFF, 0xF0, 0xFF,
    0x83, 0xFF, 0x07, 0xFC, 0x0F, 0xC0, 0x0F, 0x00, 0xF3, 0x40, 0x07, 0x04, 0x22, 0x31, 0x1D, 0x37,
    0xC0, 0x1F, 0x00, 0x00, 0x00, 0x00, 0xE0, 0xFF, 0xC0, 0x07, 0x00, 0x00, 0xE0, 0xFF, 0x83, 0x0F,
    0x00, 0x00, 0xE0, 0xFF, 0x0F, 0x3F, 0x00, 0x00, 0xC0, 0xFF, 0x1F, 0x7E, 0x00, 0x00, 0xC0, 0xFF,
    0x7F, 0xFC, 0x03, 0x00, 0x80, 0x3F, 0xFE, 0xF8, 0x3F, 0x00, 0x00, 0x3F, 0xF8, 0xF1, 0x7F, 0x00,
    0x00, 0x7F, 0xF0, 0xE7, 0xFF, 0x00, 0x00, 0x7E, 0xC0, 0xCF, 0xFF, 0x01, 0x00, 0xFC, 0x80, 0x9F,
    0xFF, 0x13, 0x00, 0xFA, 0x01, 0x3F, 0x3F, 0x70, 0x00, 0xF6, 0x03, 0x7E, 0x7E, 0xE0, 0x01, 0xFE,
    0x07, 0xFC, 0xFC, 0xC0, 0x03, 0xFE, 0x0F, 0xF8, 0xF9, 0x01, 0x0F, 0xBE, 0x1F, 0xF0, 0xF3, 0x03,
    0x3C, 0x3C, 0x3F, 0xE0, 0xE7, 0x07, 0xF0, 0x3C, 0x7E, 0xC0, 0xCF, 0x0F, 0xC0, 0x3F, 0xFC, 0x80,
    0x9F, 0x1F, 0x00, 0x3F, 0xF8, 0x01, 0x3F, 0x3F, 0x00, 0x3E, 0xF0, 0x07, 0x7F, 0x7E, 0x00, 0xFC,
    0xC0, 0x0F, 0x7E, 0xFC, 0x00, 0xFC, 0x83, 0x3F, 0xFE, 0xF8, 0x01, 0xFC, 0x07, 0xFF, 0xFF, 0xF1,
    0x03, 0x7C, 0x1E, 0xFC, 0xFF, 0xE1, 0x07, 0x7C, 0x78, 0xF8, 0xFF, 0xC3, 0x0F, 0x7C, 0xE0, 0xE1,
    0xFF, 0x83, 0x1F, 0x78, 0x80, 0x87, 0xFF, 0x03, 0x3F, 0x70, 0x00, 0x0E, 0xFC, 0x01, 0x7E, 0x40,
    0x00, 0x08, 0x01, 0x0E, 0x13, 0x1C, 0x15, 0xF8, 0x00, 0xC0, 0x0F, 0x00, 0xFE, 0x00, 0xF0, 0x07,
    0x80, 0x7F, 0x00, 0xFC, 0x07, 0xE0, 0x3F, 0x00, 0xFF, 0x03, 0xF8, 0x1F, 0xC0, 0xF7, 0x01, 0x3E,
    0x1F, 0xF0, 0xF9, 0x80, 0x8F, 0x0F, 0x7C, 0xF8, 0xE0, 0xC3, 0x07, 0x1F, 0x7C, 0xF8, 0xE0, 0xFF,
    0xFF, 0xFF, 0xFF, 0xFF, 0xFF, 0xFF, 0xFF, 0xFF, 0xFF, 0xFF, 0xFF, 0xFF, 0xFF, 0x1F, 0x1F, 0x00,
    0xF8, 0x00, 0xC0, 0x07, 0x00, 0x3E, 0x00, 0xF0, 0x01, 0x00, 0x00, 0x0E, 0x12, 0x1C, 0x15, 0xFE,
    0x7F, 0xF8, 0xFF, 0xE1, 0xFF, 0x87, 0xFF, 0x3F, 0xFE, 0xFF, 0xF8, 0xFF, 0x03, 0xC0, 0x0F, 0x00,
    0x3E, 0x00, 0xF8, 0x80, 0xFF, 0x83, 0xFF, 0x0F, 0xFF, 0x3F, 0xFE, 0xFF, 0xF8, 0xFF, 0xF3, 0xFF,
    0xCF, 0x1F, 0x7E, 0x3F, 0xF0, 0xFD, 0x00, 0xF0, 0x03, 0xC0, 0x0F, 0x08, 0x3F, 0x60, 0xFC, 0xE1,
    0xE7, 0xFF, 0xBF, 0xFF, 0xFF, 0xFC, 0xFF, 0xF1, 0xFF, 0x03, 0xFF, 0x07, 0xF0, 0x07, 0x02, 0x0D,
    0x12, 0x1D, 0x16, 0x00, 0x00, 0xE0, 0x3F, 0xE0, 0xFF, 0x83, 0xFF, 0x1F, 0xFE, 0x7F, 0xF0, 0xFF,
    0x83, 0xFF, 0x0F, 0x02, 0x7F, 0x00, 0xF8, 0x01, 0xC0, 0x07, 0x3F, 0x3F, 0xFE, 0xFF, 0xFC, 0xFF,
    0xFB, 0xFF, 0xEF, 0xFF, 0xFF, 0x1F, 0xFE, 0x7F, 0xF0, 0xFF, 0xC0, 0xFF, 0x03, 0xFF, 0x0F, 0xFC,
    0x3F, 0xF0, 0xFF, 0xE0, 0xF7, 0xC7, 0x9F, 0xFF, 0x7F, 0xFE, 0xFF, 0xF0, 0xFF, 0xC3, 0xFF, 0x07,
    0xFC, 0x0F, 0xC0, 0x0F, 0x00, 0x02, 0x0E, 0x11, 0x1C, 0x15, 0xFF, 0xFF, 0xFF, 0xFF, 0xFF, 0xFF,
    0xFF, 0xFF, 0xFF, 0xFF, 0xFF, 0xFF, 0xBF, 0x0F, 0x00, 0x3F, 0x00, 0x7E, 0x00, 0xF8, 0x00, 0xF0,
    0x03, 0xE0, 0x07, 0x80, 0x0F, 0x00, 0x3F, 0x00, 0x7E, 0x00, 0xF8, 0x01, 0xF0, 0x03, 0xE0, 0x07,
    0x80, 0x1F, 0x00, 0x3F, 0x00, 0xFE, 0x00, 0xF8, 0x01, 0xF0, 0x03, 0xE0, 0x0F, 0x80, 0x1F, 0x00,
    0x3F, 0x00, 0xFC, 0x00, 0xF8, 0x01, 0x02, 0x0D, 0x12, 0x1D, 0x16, 0x00, 0x00, 0x80, 0x7F, 0x80,
    0xFF, 0x07, 0xFF, 0x3F, 0xFC, 0xFF, 0xF8, 0xFF, 0xE7, 0xFF, 0x9F, 0x1F, 0x7C, 0x7E, 0xF0, 0xF9,
    0xC1, 0xE7, 0x07, 0x1F, 0x3F, 0x3F, 0xFC, 0xFF, 0xE0, 0xFF, 0x81, 0xFF, 0x07, 0xFF, 0x3F, 0xFE,
    0xFF, 0xF9, 0xE3, 0xF7, 0x07, 0xFF, 0x0F, 0xFC, 0x3F, 0xF0, 0xFF, 0xC0, 0xFF, 0x87, 0xFF, 0xFF,
    0xFF, 0xFE, 0xFF, 0xF9, 0xFF, 0xC7, 0xFF, 0x0F, 0xFE, 0x1F, 0xE0, 0x1F, 0x00, 0x02, 0x0D, 0x12,
    0x1D, 0x16, 0x00, 0x00, 0x80, 0xFF, 0x00, 0xFF, 0x07, 0xFE, 0x3F, 0xFC, 0xFF, 0xF1, 0xFF, 0xE7,
    0xFF, 0xBF, 0x1F, 0xFE, 0x7E, 0xF0, 0xFF, 0xC0, 0xFF, 0x03, 0xFF, 0x0F, 0xFC, 0x3F, 0xF0, 0xFF,
    0xE1, 0xFF, 0xFF, 0xDF, 0xFF, 0x7F, 0xFF, 0xFF, 0xFC, 0xFF, 0xF1, 0xF3, 0x83, 0x0F, 0x00, 0x7E,
    0x00, 0xF8, 0x01, 0xE1, 0x0F, 0x06, 0xFF, 0x3F, 0xFC, 0xFF, 0xE1, 0xFF, 0x07, 0xFF, 0x1F, 0xF8,
    0x3F, 0x80, 0x3F, 0x00, 0xFB, 0x40, 0x01, 0x02, 0x1A, 0x0E, 0x04, 0x12, 0xFF, 0xFF, 0xFF, 0xFF,
    0xFF, 0xFF, 0xFF, 0xFF, 0x40, 0x0B, 0x03, 0x13, 0x0E, 0x17, 0x13, 0x78, 0x80, 0x3F, 0xEF, 0xDF,
    0xFB, 0xFF, 0xFF, 0xFF, 0xE7, 0xFF, 0xE0, 0x3F, 0xF0, 0x0F, 0xFC, 0x03, 0xFF, 0xC0, 0x3F, 0xF0,
    0x0F, 0xFC, 0x03, 0xFF, 0xC0, 0x3F, 0xF0, 0x0F, 0xFC, 0x03, 0xFF, 0xC0, 0x3F, 0xF0, 0x0F, 0xFC,
    0x03, 0xFF, 0xC0, 0x03, 0x02, 0x2C, 0x12, 0x1E, 0x16, 0x00, 0x00, 0x80, 0x7F, 0x80, 0xFF, 0x07,
    0xFE, 0x3F, 0xFC, 0xFF, 0xF8, 0xFF, 0xE7, 0xFF, 0x9F, 0x1F, 0x7E, 0x7E, 0xF8, 0xFD, 0xC1, 0xFF,
    0x03, 0xFF, 0x0F, 0xFC, 0x3F, 0xF0, 0xFF, 0xC0, 0xFF, 0x03, 0xFF, 0x0F, 0xFC, 0x3F, 0xF0, 0xFF,
    0xC0, 0xFF, 0x03, 0xFF, 0x0F, 0xFC, 0x7F, 0xF0, 0xFB, 0xE1, 0xE7, 0x87, 0x9F, 0xFF, 0x7F, 0xFE,
    0xFF, 0xF1, 0xFF, 0xC3, 0xFF, 0x0F, 0xFE, 0x1F, 0xE0, 0x1F, 0x00, 0x0C, 0x00, 0x04, 0x2D, 0x0B,
    0x1C, 0x15, 0x1F, 0xF8, 0xC0, 0x0F, 0x7E, 0xF0, 0x8F, 0xFF, 0xFF, 0xFF, 0xFF, 0xFF, 0xFF, 0xFF,
    0x0F, 0x7E, 0xF0, 0x83, 0x1F, 0xFC, 0xE0, 0x07, 0x3F, 0xF8, 0xC1, 0x0F, 0x7E, 0xF0, 0x83, 0x1F,
    0xFC, 0xE0, 0x07, 0x3F, 0xF8, 0xC1, 0x0F, 0x7E, 0x00, 0x01, 0x2C, 0x11, 0x1D, 0x15, 0x00, 0x00,
    0xE0, 0x3F, 0xE0, 0xFF, 0xE1, 0xFF, 0xC7, 0xFF, 0xDF, 0xFF, 0xBF, 0xFF, 0x3F, 0x3F, 0x3C, 0x7E,
    0x30, 0xFC, 0x00, 0xF8, 0x01, 0xF0, 0x03, 0xE0, 0x0F, 0x80, 0x3F, 0x00, 0x7F, 0x00, 0xFC, 0x01,
    0xF8, 0x07, 0xE0, 0x1F, 0x80, 0x7F, 0x00, 0xFE, 0x00, 0xF8, 0x03, 0xE0, 0x0F, 0x80, 0xBF, 0xFF,
    0xFF, 0xFF, 0xFF, 0xFF, 0xFF, 0xFF, 0xFF, 0xFF, 0xFF, 0xFF, 0xFF, 0x1F, 0x01, 0x2C, 0x11, 0x1E,
    0x16, 0x80, 0x00, 0xF0, 0x3F, 0xF0, 0xFF, 0xF0, 0xFF, 0xE3, 0xFF, 0xEF, 0xFF, 0xFF, 0xFF, 0x9F,
    0x1F, 0x1C, 0x3F, 0x10, 0x7E, 0x00, 0xFC, 0x01, 0xF0, 0x7F, 0xC0, 0xFF, 0x00, 0xFF, 0x01, 0xFE,
    0x03, 0xFE, 0x07, 0xFE, 0x0F, 0xFE, 0x00, 0xFC, 0x00, 0xF8, 0x01, 0xF0, 0x03, 0xE0, 0x07, 0xC6,
    0x1F, 0x9E, 0xFF, 0xFF, 0xFE, 0xFF, 0xFD, 0xFF, 0xF1, 0xFF, 0xE3, 0xFF, 0x03, 0xFF, 0x01, 0x60,
    0x00, 0x01, 0x2D, 0x13, 0x1C, 0x15, 0xF8, 0x00, 0xC0, 0x0F, 0x00, 0xFE, 0x00, 0xF0, 0x07, 0x80,
    0x7F, 0x00, 0xFC, 0x07, 0xE0, 0x3F, 0x00, 0xFF, 0x03, 0xF8, 0x1F, 0xC0, 0xF7, 0x01, 0x3E, 0x1F,
    0xF0, 0xF9, 0x80, 0x8F, 0x0F, 0x7C, 0xFC, 0xE0, 0xC3, 0x07, 0x1F, 0x7C, 0xF8, 0xE0, 0xFF, 0xFF,
    0xFF, 0xFF, 0xFF, 0xFF, 0xFF, 0xFF, 0xFF, 0xFF, 0xFF, 0xFF, 0xFF, 0xFF, 0x1F, 0x1F, 0x00, 0xF8,
    0x00, 0xC0, 0x07, 0x00, 0x3E, 0x00, 0xF0, 0x01, 0x00, 0x00, 0x2D, 0x12, 0x1D, 0x15, 0xFE, 0x7F,
    0xF8, 0xFF, 0xE1, 0xFF, 0x87, 0xFF, 0x3F, 0xFE, 0xFF, 0xF8, 0xFF, 0x03, 0xC0, 0x0F, 0x00, 0x3E,
    0x00, 0xF8, 0x80, 0xFF, 0x83, 0xFF, 0x0F, 0xFF, 0x3F, 0xFE, 0xFF, 0xF8, 0xFF, 0xE3, 0xFF, 0xCF,
    0x1F, 0x7E, 0x3F, 0xF0, 0xFD, 0x00, 0xF0, 0x03, 0xC0, 0x0F, 0x08, 0x3F, 0x60, 0xFC, 0xC1, 0xE3,
    0xFF, 0x9F, 0xFF, 0xFF, 0xFE, 0xFF, 0xF1, 0xFF, 0x83, 0xFF, 0x07, 0xF8, 0x0F, 0x00, 0x02, 0x00,
    0x02, 0x2C, 0x12, 0x1E, 0x16, 0x00, 0x00, 0xE0, 0x3F, 0xE0, 0xFF, 0x83, 0xFF, 0x1F, 0xFE, 0x7F,
    0xF0, 0xFF, 0xC3, 0xFF, 0x0F, 0x06, 0x7F, 0x08, 0xF8, 0x01, 0xE0, 0x07, 0x00, 0x3F, 0xFC, 0xFC,
    0xF8, 0xFF, 0xF3, 0xFF, 0xEF, 0xFF, 0xBF, 0xFF, 0xFF, 0x7F, 0xF8, 0xFF, 0xC1, 0xFF, 0x03, 0xFF,
    0x0F, 0xFC, 0x3F, 0xF0, 0xFF, 0xE0, 0xF7, 0x87, 0xDF, 0xFF, 0x7F, 0xFE, 0xFF, 0xF9, 0xFF, 0xC3,
    0xFF, 0x07, 0xFE, 0x0F, 0xE0, 0x1F, 0x00, 0x08, 0x00, 0x02, 0x2D, 0x11, 0x1C, 0x15, 0xFF, 0xFF,
    0xFF, 0xFF, 0xFF, 0xFF, 0xFF, 0xFF, 0xFF, 0xFF, 0xFF, 0xFF, 0xBF, 0x0F, 0x00, 0x3F, 0x00, 0x7E,
    0x00, 0xF8, 0x00, 0xF0, 0x03, 0xE0, 0x07, 0x80, 0x0F, 0x00, 0x3F, 0x00, 0x7E, 0x00, 0xF8, 0x01,
    0xF0, 0x03, 0xE0, 0x07, 0x80, 0x1F, 0x00, 0x3F, 0x00, 0xFE, 0x00, 0xF8, 0x01, 0xF0, 0x03, 0xE0,
    0x0F, 0x80, 0x1F, 0x00, 0x3F, 0x00, 0xFC, 0x00, 0xF8, 0x01, 0x02, 0x2C, 0x12, 0x1E, 0x16, 0x00,
    0x02, 0x80, 0xFF, 0x80, 0xFF, 0x0F, 0xFF, 0x7F, 0xFC, 0xFF, 0xF9, 0xFF, 0xEF, 0xFF, 0xBF, 0x1F,
    0xFC, 0x7E, 0xF0, 0xFB, 0xC1, 0xEF, 0x07, 0x3F, 0x3F, 0x7F, 0xFC, 0xFF, 0xE1, 0xFF, 0x03, 0xFF,
    0x07, 0xFF, 0x3F, 0xFE, 0xFF, 0xF9, 0xF3, 0xF7, 0x87, 0xFF, 0x0F, 0xFC, 0x3F, 0xF0, 0xFF, 0xC0,
    0xFF, 0x87, 0xFF, 0xFF, 0xFF, 0xFE, 0xFF, 0xFB, 0xFF, 0xC7, 0xFF, 0x1F, 0xFE, 0x3F, 0xF0, 0x3F,
    0x00, 0x0C, 0x00, 0x02, 0x2C, 0x12, 0x1E, 0x16, 0x00, 0x00, 0x80, 0x7F, 0x00, 0xFF, 0x07, 0xFE,
    0x3F, 0xFC, 0xFF, 0xF1, 0xFF, 0xE7, 0xFF, 0xBF, 0x1F, 0xFE, 0x7E, 0xF0, 0xFF, 0xC0, 0xFF, 0x03,
    0xFF, 0x0F, 0xFC, 0x3F, 0xF0, 0xFF, 0xE0, 0xFF, 0x87, 0xFF, 0xFF, 0x7F, 0xFF, 0xFF, 0xFD, 0xFF,
    0xF3, 0xFF, 0xC7, 0xEF, 0x0F, 0x3E, 0x00, 0xF8, 0x01, 0xE0, 0x0F, 0x04, 0xFF, 0x3F, 0xFC, 0xFF,
    0xE0, 0xFF, 0x87, 0xFF, 0x1F, 0xFC, 0x7F, 0xC0, 0x7F, 0x00, 0x10, 0x00, 0xA3, 0x41, 0x02, 0x02,
    0x12, 0x18, 0x2D, 0x1D, 0xFF, 0xFF, 0x1F, 0xFF, 0xFF, 0x1F, 0xFF, 0xFF, 0x1F, 0xFF, 0xFF, 0x1F,
    0xFF, 0xFF, 0x1F, 0xFF, 0xFF, 0x1F, 0xFF, 0xFF, 0x1F, 0xFF, 0xFF, 0x1F, 0x00, 0x80, 0x1F, 0x00,
    0x80, 0x1F, 0x00, 0x80, 0x1F, 0x00, 0x80, 0x1F, 0x00, 0x80, 0x1F, 0x00, 0x80, 0x1F, 0x00, 0x80,
    0x1F, 0x00, 0x80, 0x1F, 0x00, 0x80, 0x1F, 0x00, 0x80, 0x1F, 0xFC, 0xFF, 0x1F, 0xFC, 0xFF, 0x1F,
    0xFC, 0xFF, 0x1F, 0xFC, 0xFF, 0x1F, 0xFC, 0xFF, 0x1F, 0xFC, 0xFF, 0x1F, 0xFC, 0xFF, 0x1F, 0xFC,
    0xFF, 0x1F, 0x00, 0x80, 0x1F, 0x00, 0x80, 0x1F, 0x00, 0x80, 0x1F, 0x00, 0x80, 0x1F, 0x00, 0x80,
    0x1F, 0x00, 0x80, 0x1F, 0x00, 0x80, 0x1F, 0xC0, 0xFF, 0xFF, 0xC0, 0xFF, 0xFF, 0xC0, 0xFF, 0xFF,
    0xC0, 0xFF, 0xFF, 0xC0, 0xFF, 0xFF, 0xC0, 0xFF, 0xFF, 0x00, 0x80, 0x1F, 0x00, 0x80, 0x1F, 0x00,
    0x80, 0x1F, 0x00, 0x80, 0x1F, 0x00, 0x80, 0x1F, 0x00, 0x80, 0x1F, 0x01, 0x11, 0x19, 0x2E, 0x1C,
    0x80, 0x7F, 0x00, 0xC0, 0xFF, 0x03, 0xC0, 0xFF, 0x0F, 0xC0, 0xFF, 0x3F, 0xC0, 0xFF, 0xFF, 0xC0,
    0xFF, 0xFF, 0x83, 0xFF, 0xFF, 0x07, 0xFF, 0xF0, 0x0F, 0x7C, 0xC0, 0x3F, 0x78, 0x00, 0x7F, 0x60,
    0x00, 0xFC, 0x80, 0x00, 0xF8, 0x01, 0x00, 0xF0, 0x03, 0x00, 0xE0, 0x07, 0x00, 0xC0, 0x0F, 0x00,
    0x80, 0x1F, 0x00, 0x00, 0x3F, 0x00, 0x00, 0x7E, 0x00, 0xFF, 0xFF, 0x07, 0xFE, 0xFF, 0x0F, 0xFC,
    0xFF, 0x1F, 0xF8, 0xFF, 0x3F, 0xF0, 0xFF, 0x7F, 0x00, 0xC0, 0x0F, 0x00, 0x80, 0x1F, 0x00, 0x00,
    0x3F, 0x00, 0x00, 0x3E, 0x00, 0xFE, 0xFF, 0x0F, 0xFC, 0xFF, 0x1F, 0xF8, 0xFF, 0x3F, 0xF0, 0xFF,
    0x7F, 0xE0, 0xFF, 0xFF, 0x00, 0x80, 0x1F, 0x00, 0x00, 0x3F, 0x00, 0x00, 0x7E, 0x00, 0x00, 0xF8,
    0x00, 0x00, 0xF0, 0x03, 0x00, 0xC0, 0xCF, 0xFF, 0xFF, 0xBF, 0xFF, 0xFF, 0xFF, 0xFF, 0xFF, 0xFF,
    0xFF, 0xFF, 0xFF, 0xFF, 0xFF, 0xFF, 0xFF, 0xFF, 0xFF, 0xFF, 0xFF, 0xFF, 0xFF, 0xFF, 0xFF, 0x3F,
    0xA7, 0x41, 0x01, 0x03, 0x12, 0x39, 0x2E, 0x3E, 0x00, 0x00, 0x00, 0x00, 0x00, 0xFC, 0xFF, 0x01,
    0x00, 0x00, 0xF8, 0x01, 0xFE, 0xFF, 0x03, 0x00, 0x00, 0xF0, 0x03, 0xFE, 0xFF, 0x07, 0x00, 0x00,
    0xE0, 0x07, 0xFE, 0xFF, 0x0F, 0x00, 0x00, 0xC0, 0x0F, 0xFE, 0xFF, 0x1F, 0x00, 0x00, 0x80, 0x1F,
    0xFC, 0xFF, 0x3F, 0x00, 0x00, 0x00, 0x3F, 0xFC, 0xFF, 0x7F, 0x00, 0x00, 0x00, 0x7E, 0xF8, 0xFF,
    0xFF, 0x00, 0x00, 0x00, 0xFC, 0xF0, 0x1F, 0xF8, 0x01, 0x00, 0x00, 0xF8, 0xF1, 0x0F, 0xF0, 0x03,
    0xFE, 0x00, 0xF0, 0xE3, 0x0F, 0xE0, 0x87, 0xFF, 0x07, 0xFF, 0xFF, 0x0F, 0xC0, 0x8F, 0xFF, 0x1F,
    0xFE, 0xFF, 0x1F, 0x80, 0x9F, 0xFF, 0x7F, 0xFC, 0xFF, 0x3F, 0x00, 0xBF, 0xFF, 0xFF, 0xF9, 0xFF,
    0x7F, 0x00, 0x7E, 0xFF, 0xFF, 0xF3, 0xFF, 0xFF, 0x00, 0xFC, 0xFE, 0xFF, 0xEF, 0xFF, 0xFF, 0x01,
    0xF8, 0xF9, 0xE1, 0xDF, 0xFF, 0xFF, 0x03, 0xF0, 0xE3, 0x00, 0x3F, 0xF0, 0xE3, 0x07, 0xE0, 0x87,
    0x00, 0x7E, 0xE0, 0xC7, 0x1F, 0xC0, 0x0F, 0x00, 0xFC, 0xC0, 0x8F, 0x3F, 0x80, 0x1F, 0x00, 0xF8,
    0x81, 0x1F, 0xFF, 0x00, 0x3F, 0x00, 0xF8, 0x03, 0x3F, 0xFE, 0x03, 0x7E, 0x00, 0xFC, 0x07, 0x7E,
    0xF8, 0xFF, 0xFF, 0x00, 0xFF, 0x07, 0xFC, 0xF0, 0xFF, 0xFF, 0x81, 0xFF, 0x0F, 0xF8, 0xE1, 0xFF,
    0xFF, 0xC3, 0xFF, 0x1F, 0xF0, 0x83, 0xFF, 0xFF, 0xC7, 0xFF, 0x1F, 0xE0, 0x07, 0xFE, 0xFF, 0xCF,
    0xFF, 0x1F, 0xC0, 0x0F, 0xF8, 0xFF, 0xDF, 0xFF, 0x1F, 0x80, 0x1F, 0xE0, 0xFF, 0xBF, 0xFF, 0x0F,
    0x00, 0x3F, 0x00, 0xFF, 0x7F, 0xFF, 0x03, 0x00, 0x7E, 0x00, 0x00, 0xFC, 0xFF, 0x01, 0x00, 0xFC,
    0x00, 0x00, 0xF8, 0xFF, 0x00, 0x00, 0xF8, 0x01, 0x00, 0xF0, 0xFF, 0x00, 0x00, 0xF0, 0x03, 0x00,
    0xE0, 0xFF, 0x01, 0x00, 0xE0, 0x07, 0x00, 0xC0, 0xFF, 0x03, 0x18, 0xC0, 0x0F, 0x00, 0x80, 0xFF,
    0x0F, 0x70, 0x80, 0x1F, 0x00, 0x00, 0xFF, 0x3F, 0xF8, 0x89, 0x3F, 0x00, 0x00, 0x7E, 0xFF, 0xFF,
    0xF7, 0x7F, 0x00, 0x00, 0xFC, 0xFE, 0xFF, 0xEF, 0x7F, 0x00, 0x00, 0xF8, 0xFD, 0xFF, 0xDF, 0xFF,
    0x00, 0x00, 0xF0, 0xF3, 0xFF, 0x9F, 0xFF, 0x01, 0x00, 0xE0, 0xC7, 0xFF, 0x1F, 0xFF, 0x01, 0x00,
    0xC0, 0x0F, 0xFF, 0x0F, 0xFE, 0x01, 0x00, 0x80, 0x1F, 0xF8, 0x07, 0xF8, 0x01, 0x00, 0x00, 0x00,
    0xAB, 0x41, 0x03, 0x02, 0x12, 0x19, 0x37, 0x1B, 0xF8, 0x01, 0x00, 0xF0, 0x03, 0x00, 0xE0, 0x07,
    0x00, 0xF8, 0xFF, 0x03, 0xF0, 0xFF, 0x07, 0xE0, 0xFF, 0x0F, 0xC0, 0xFF, 0x1F, 0x80, 0xFF, 0x3F,
    0x00, 0xFF, 0x7F, 0x00, 0xF0, 0x03, 0x00, 0xE0, 0x07, 0x00, 0xC0, 0x0F, 0x00, 0x80, 0x1F, 0x00,
    0x00, 0x3F, 0x7C, 0x00, 0x7E, 0xFE, 0x03, 0xFC, 0xFE, 0x0F, 0xF8, 0xFF, 0x3F, 0xF0, 0xFF, 0xFF,
    0xE0, 0xFF, 0xFF, 0xC1, 0xFF, 0xFF, 0x83, 0xFF, 0xF0, 0x0F, 0x7F, 0xC0, 0x1F, 0x7E, 0x00, 0x3F,
    0xFC, 0x00, 0xFE, 0xF8, 0x01, 0xFC, 0xF1, 0x03, 0xF0, 0xE3, 0x07, 0xE0, 0xC7, 0x0F, 0xC0, 0x8F,
    0x1F, 0x80, 0x1F, 0x3F, 0x00, 0x3F, 0x7E, 0x00, 0x7E, 0xFC, 0x00, 0xFC, 0xF8, 0x01, 0xF8, 0xF1,
    0x03, 0xF0, 0xE3, 0x07, 0xE0, 0xC7, 0x0F, 0xE0, 0x8F, 0x3F, 0xC0, 0x0F, 0xFF, 0xC0, 0x1F, 0xFE,
    0xC3, 0x3F, 0xFC, 0xFF, 0x7F, 0xF8, 0xFF, 0x7F, 0xF0, 0xFF, 0xFF, 0xE0, 0xFB, 0xFF, 0xC0, 0xE7,
    0xFF, 0x81, 0x8F, 0xFF, 0x01, 0x00, 0xFC, 0x00, 0x00, 0x00, 0x00, 0x00, 0x00, 0x00, 0x00, 0x00,
    0x00, 0xF0, 0xFF, 0xFF, 0xE1, 0xFF, 0xFF, 0xC3, 0xFF, 0xFF, 0x87, 0xFF, 0xFF, 0x0F, 0xFF, 0xFF,
    0x1F, 0xFE, 0xFF, 0x3F, 0x00, 0x11, 0x1C, 0x2F, 0x1D, 0x00, 0xFE, 0x00, 0x00, 0xFC, 0x3F, 0x00,
    0xE0, 0xFF, 0x0F, 0x00, 0xFF, 0xFF, 0x01, 0xF8, 0xFF, 0x3F, 0xC0, 0xFF, 0xFF, 0x03, 0xFC, 0xFF,
    0x7F, 0xE0, 0xFF, 0xFF, 0x0F, 0xFE, 0x81, 0xFF, 0xC0, 0x0F, 0xE0, 0x0F, 0x78, 0x00, 0xFE, 0x01,
    0x07, 0xC0, 0x1F, 0x20, 0x00, 0xF8, 0x01, 0x00, 0x80, 0x1F, 0x00, 0x00, 0xF8, 0x01, 0xF0, 0xFF,
    0x7F, 0x00, 0xFF, 0xFF, 0x07, 0xF0, 0xFF, 0xFF, 0x00, 0xFF, 0xFF, 0x0F, 0xF0, 0xFF, 0xFF, 0x00,
    0xFF, 0xFF, 0x0F, 0x00, 0x00, 0x3F, 0x00, 0x00, 0xF0, 0x03, 0x00, 0x00, 0x3F, 0x00, 0x00, 0xF0,
    0x03, 0x00, 0x00, 0x3F, 0x00, 0xFE, 0xFF, 0x07, 0xE0, 0xFF, 0xFF, 0x00, 0xFE, 0xFF, 0x0F, 0xE0,
    0xFF, 0xFF, 0x00, 0xFE, 0xFF, 0x0F, 0xC0, 0xFF, 0xFF, 0x00, 0x00, 0xF8, 0x01, 0x00, 0x80, 0x1F,
    0x30, 0x00, 0xF8, 0x81, 0x03, 0xC0, 0x1F, 0x7C, 0x00, 0xFC, 0xE1, 0x0F, 0xE0, 0x0F, 0xFE, 0x83,
    0xFF, 0xE0, 0xFF, 0xFF, 0x0F, 0xFC, 0xFF, 0x7F, 0xC0, 0xFF, 0xFF, 0x03, 0xF8, 0xFF, 0x3F, 0x00,
    0xFF, 0xFF, 0x01, 0xE0, 0xFF, 0x0F, 0x00, 0xFC, 0x3F, 0x00, 0x00, 0xFF, 0x00, 0x00, 0x01, 0x12,
    0x34, 0x2D, 0x1E, 0x00, 0x00, 0x00, 0xFE, 0x01, 0xF8, 0x01, 0x00, 0x00, 0xC0, 0x1F, 0x80, 0x1F,
    0x00, 0x00, 0x00, 0xF8, 0x03, 0xF8, 0x01, 0x00, 0x00, 0x80, 0x7F, 0x80, 0x1F, 0x00, 0x00, 0x00,
    0xF0, 0x07, 0xF8, 0x01, 0x00, 0x00, 0x00, 0xFF, 0x80, 0x1F, 0x00, 0x00, 0x00, 0xE0, 0x0F, 0xF8,
    0x01, 0x00, 0x00, 0x00, 0xFC, 0x81, 0x1F, 0x00, 0x00, 0x00, 0xC0, 0x1F, 0xF8, 0x01, 0x00, 0x00,
    0x00, 0xF8, 0x83, 0x1F, 0x00, 0x00, 0x00, 0x80, 0x7F, 0xF8, 0x01, 0x00, 0x00, 0x00, 0xF0, 0x87,
    0x1F, 0x00, 0x00, 0x00, 0x00, 0xFE, 0xF8, 0x01, 0x00, 0x00, 0x00, 0xE0, 0x8F, 0x1F, 0x00, 0x00,
    0x00, 0x00, 0xFC, 0xF9, 0x01, 0x00, 0x00, 0x00, 0xC0, 0xBF, 0x1F, 0x00, 0x00, 0x00, 0x00, 0xF8,
    0xFB, 0x01, 0x00, 0x00, 0x00, 0x80, 0xFF, 0x1F, 0x00, 0x00, 0x00, 0xFF, 0xFF, 0xFF, 0x0F, 0x00,
    0x00, 0xF0, 0xFF, 0xFF, 0xFF, 0x00, 0x00, 0x00, 0xFF, 0xFF, 0xFF, 0x0F, 0x00, 0x00, 0xF0, 0xFF,
    0xFF, 0xFF, 0x00, 0x00, 0x00, 0xFF, 0xFF, 0xFF, 0x0F, 0x00, 0x00, 0xF0, 0xFF, 0xFF, 0xFF, 0x00,
    0x00, 0x00, 0xFF, 0xFF, 0xFF, 0x0F, 0x00, 0x00, 0xF0, 0xFF, 0xFF, 0xFF, 0x00, 0x00, 0x00, 0x00,
    0xFE, 0xFF, 0x01, 0x00, 0x00, 0x00, 0xE0, 0xDF, 0x1F, 0x00, 0x00, 0x00, 0x00, 0xFF, 0xF8, 0x01,
    0x00, 0x00, 0x00, 0xF0, 0x8F, 0x1F, 0x00, 0x00, 0x00, 0x80, 0x7F, 0xF8, 0x01, 0x00, 0x00, 0x00,
    0xF8, 0x87, 0x1F, 0x00, 0x00, 0x00, 0xC0, 0x3F, 0xF8, 0x01, 0x00, 0x00, 0x00, 0xFC, 0x83, 0x1F,
    0x00, 0x00, 0x00, 0xE0, 0x1F, 0xF8, 0x01, 0x00, 0x00, 0x00, 0xFE, 0x81, 0x1F, 0x00, 0x00, 0x00,
    0xF0, 0x0F, 0xF8, 0x01, 0x00, 0x00, 0x00, 0xFF, 0x80, 0x1F, 0x00, 0x00, 0x00, 0xF8, 0x07, 0xF8,
    0x01, 0x00, 0x00, 0x80, 0x7F, 0x80, 0x1F, 0x00, 0x00, 0x00, 0xFC, 0x03, 0xF8, 0x01, 0x00, 0x00,
    0xC0, 0x3F, 0x80, 0x1F, 0x00, 0x00, 0x00, 0xFE, 0x01, 0xF8, 0x01, 0x00, 0x00, 0xE0, 0x1F, 0x80,
    0x1F, 0x00, 0x00, 0x00, 0xFF, 0x01, 0xF8, 0x01, 0xB9, 0x41, 0x02, 0x03, 0x12, 0x17, 0x2D, 0x1D,
    0xFF, 0xFF, 0x9F, 0xFF, 0xFF, 0x8F, 0xFF, 0xFF, 0xC7, 0xFF, 0xFF, 0xE7, 0xFF, 0xFF, 0xE3, 0xFF,
    0xFF, 0x03, 0x7F, 0x00, 0x80, 0x1F, 0x00, 0xE0, 0x0F, 0x00, 0xF0, 0x03, 0xC0, 0xFF, 0xFF, 0xE3,
    0xFF, 0xFF, 0xE3, 0xFF, 0xFF, 0xF1, 0xFF, 0xFF, 0xF9, 0xFF, 0xFF, 0xF8, 0xFF, 0x7F, 0xE0, 0x07,
    0x00, 0xF0, 0x07, 0x00, 0xF8, 0x03, 0x00, 0xF8, 0x03, 0x00, 0xFC, 0xFF, 0x00, 0xFE, 0x7F, 0x00,
    0xFE, 0x3F, 0x00, 0xFF, 0x1F, 0x00, 0xFF, 0x0F, 0x00, 0xFF, 0x07, 0x00, 0xFF, 0x03, 0x00, 0xFE,
    0x01, 0x00, 0xFE, 0x00, 0x00, 0x7F, 0x00, 0xC0, 0x1F, 0x00, 0xE0, 0x0F, 0x00, 0xF8, 0x03, 0x00,
    0xFC, 0x01, 0x00, 0x7F, 0x00, 0x80, 0x1F, 0x00, 0xE0, 0x0F, 0x00, 0xF0, 0x03, 0x00, 0xFC, 0x01,
    0x00, 0x7E, 0x00, 0x80, 0x3F, 0x00, 0xC0, 0x0F, 0x00, 0xF0, 0x07, 0x00, 0xF8, 0x01, 0x00, 0xFE,
    0x00, 0x00, 0x03, 0x12, 0x18, 0x2E, 0x1E, 0x00, 0xC0, 0x0F, 0x00, 0xC0, 0x0F, 0x00, 0xC0, 0x0F,
    0x00, 0xC0, 0x0F, 0x00, 0xC0, 0x0F, 0x00, 0xC3, 0x0F, 0x00, 0xCF, 0x0F, 0x00, 0xFF, 0x0F, 0x00,
    0xFF, 0x0F, 0x00, 0xFF, 0x0F, 0x00, 0xFF, 0x0F, 0x00, 0xFC, 0x3F, 0x00, 0xF0, 0xFF, 0x00, 0xC0,
    0xFF, 0x00, 0xC0, 0xFF, 0x00, 0xC0, 0xFF, 0x00, 0xC3, 0xFF, 0x00, 0xCF, 0xCF, 0x00, 0xFF, 0x0F,
    0x00, 0xFF, 0x0F, 0x00, 0xFF, 0x0F, 0x00, 0xFF, 0x1F, 0x00, 0xFC, 0x7F, 0x00, 0xF0, 0xFF, 0x3F,
    0xC0, 0xFF, 0x3F, 0xC0, 0xFF, 0x3F, 0xC0, 0xFF, 0x3F, 0xC0, 0xFF, 0x3F, 0xC0, 0xCF, 0x7F, 0xC0,
    0x0F, 0x7F, 0xC0, 0x0F, 0x7E, 0xC0, 0x0F, 0x7E, 0xC0, 0x0F, 0xFE, 0xC0, 0x0F, 0xFE, 0xC0, 0x0F,
    0xFE, 0xC1, 0x0F, 0xFC, 0xC3, 0x0F, 0xFC, 0xC7, 0x0F, 0xF8, 0xFF, 0x0F, 0xF8, 0xFF, 0x0F, 0xF0,
    0xFF, 0x0F, 0xE0, 0xFF, 0x0F, 0xE0, 0xFF, 0x0F, 0x80, 0xFF, 0x0F, 0x00, 0xFF, 0x0F, 0x00, 0xF8,
    0x07, 0xBD, 0x41, 0x01, 0x01, 0x12, 0x19, 0x2D, 0x1B, 0x80, 0xFF, 0x3F, 0xC0, 0xFF, 0x7F, 0xC0,
    0xFF, 0xFF, 0xC0, 0xFF, 0xFF, 0xC1, 0xFF, 0xFF, 0x83, 0xFF, 0xFF, 0x87, 0xFF, 0xFF, 0x0F, 0xFF,
    0xFF, 0x1F, 0xFE, 0x01, 0x3F, 0xFE, 0x01, 0x7E, 0xFC, 0x01, 0xFC, 0xF8, 0x01, 0xF8, 0xF1, 0x03,
    0xF0, 0xE3, 0x07, 0xE0, 0xC7, 0x0F, 0xC0, 0x8F, 0x1F, 0x80, 0x1F, 0x3F, 0x00, 0x3F, 0x7E, 0x00,
    0x7E, 0xFC, 0x00, 0xFC, 0xF8, 0x01, 0xF8, 0xF1, 0x07, 0xF0, 0xC3, 0x0F, 0xE0, 0x87, 0x7F, 0xC0,
    0x0F, 0xFF, 0xFF, 0xFF, 0xFE, 0xFF, 0xFF, 0xF9, 0xFF, 0xFF, 0xF3, 0xFF, 0xFF, 0xC7, 0xFF, 0xFF,
    0x0F, 0xFF, 0xFF, 0x1F, 0xFC, 0xFF, 0x3F, 0xE0, 0xFF, 0x7F, 0x00, 0x80, 0x1F, 0x00, 0x00, 0x3F,
    0x00, 0x00, 0x7E, 0x00, 0x00, 0xFC, 0x00, 0x00, 0xFF, 0x0F, 0x00, 0xFE, 0x1F, 0x00, 0xFC, 0x3F,
    0x00, 0xF8, 0x7F, 0x00, 0xF0, 0xFF, 0x00, 0x00, 0x3F, 0x00, 0x00, 0x7E, 0x00, 0x00, 0xFC, 0x00,
    0x00, 0xF8, 0x01, 0x00, 0xF0, 0x03, 0x82, 0x42, 0x01, 0x02, 0x10, 0x1B, 0x2F, 0x20, 0x00, 0xFF,
    0x01, 0x00, 0xFE, 0x3F, 0x00, 0xF8, 0xFF, 0x03, 0xE0, 0xFF, 0x7F, 0x80, 0xFF, 0xFF, 0x03, 0xFE,
    0xFF, 0x3F, 0xF8, 0xFF, 0xFF, 0xC3, 0xFF, 0xFF, 0x1F, 0xFE, 0xE3, 0xFF, 0xE1, 0x07, 0xFF, 0x0F,
    0x1E, 0xF8, 0x7F, 0xE0, 0xC0, 0xFF, 0x07, 0x02, 0xFE, 0x3F, 0x10, 0xF0, 0xFD, 0x01, 0x80, 0xEF,
    0x0F, 0x00, 0x7C, 0xFF, 0x00, 0xE0, 0xF3, 0x07, 0x00, 0x9F, 0x3F, 0x00, 0xF8, 0xFC, 0x01, 0xC0,
    0xE7, 0x0F, 0x00, 0x3E, 0x7F, 0x00, 0xF0, 0xF9, 0x03, 0x80, 0xCF, 0x1F, 0x00, 0x7C, 0xFE, 0x00,
    0xE0, 0xF3, 0x07, 0x00, 0x9F, 0x3F, 0x00, 0xF8, 0xFC, 0x01, 0xC0, 0xE7, 0x0F, 0x00, 0x3E, 0x7F,
    0x00, 0xF0, 0xF9, 0x03, 0x80, 0xCF, 0x1F, 0x00, 0x7C, 0x7F, 0x00, 0xE0, 0xFB, 0x03, 0x00, 0xDF,
    0x1F, 0x0C, 0xF8, 0xFF, 0xF0, 0xC0, 0xFF, 0xC7, 0x07, 0xFE, 0x1F, 0x7F, 0xF0, 0xFF, 0xF8, 0x8F,
    0xFF, 0xC7, 0xFF, 0xFF, 0x1F, 0xFE, 0xFF, 0xFF, 0xE0, 0xFF, 0xFF, 0x03, 0xFF, 0xFF, 0x0F, 0xF0,
    0xFF, 0x3F, 0x00, 0xFE, 0xFF, 0x00, 0xE0, 0xFF, 0x03, 0x00, 0xF8, 0x03, 0x00, 0x85, 0x42, 0x01,
    0x02, 0x0E, 0x28, 0x32, 0x2C, 0x00, 0x00, 0x00, 0xC0, 0x07, 0x00, 0x3E, 0x00, 0xF0, 0x1F, 0x00,
    0x7C, 0x00, 0xF8, 0x3F, 0x00, 0x7C, 0x00, 0xF8, 0x3F, 0x00, 0xFC, 0x00, 0xFC, 0x7F, 0x00, 0xF8,
    0x00, 0x78, 0x7C, 0x00, 0xF8, 0x00, 0x30, 0x78, 0x00, 0xF8, 0x01, 0x00, 0xF8, 0x00, 0xF0, 0x01,
    0x00, 0xF0, 0x00, 0xF0, 0x01, 0x00, 0xF0, 0x00, 0xF0, 0x03, 0x00, 0xF0, 0x00, 0xE0, 0x03, 0x00,
    0xF0, 0x00, 0xE0, 0x03, 0x00, 0xF0, 0x00, 0xE0, 0x07, 0x00, 0xF0, 0x00, 0xC0, 0x07, 0x00, 0xF0,
    0x00, 0xC0, 0x07, 0x00, 0xF0, 0x00, 0xC0, 0x0F, 0x00, 0xF8, 0x00, 0x80, 0x0F, 0x00, 0x78, 0x00,
    0x80, 0x0F, 0x30, 0x7C, 0x00, 0x80, 0x1F, 0xF0, 0x7F, 0x00, 0x00, 0x1F, 0xF8, 0x3F, 0x00, 0x00,
    0x1F, 0xFC, 0x3F, 0x00, 0x00, 0x3F, 0xF0, 0x1F, 0x00, 0x00, 0x3E, 0xC0, 0x07, 0x00, 0x00, 0x3E,
    0x00, 0x00, 0x00, 0x00, 0x7E, 0x00, 0x00, 0xE0, 0x03, 0x7C, 0x00, 0x00, 0xF8, 0x0F, 0x7C, 0x00,
    0x00, 0xFC, 0x1F, 0xFC, 0x00, 0x00, 0xFC, 0x1F, 0xF8, 0x00, 0x00, 0xFE, 0x3F, 0xF8, 0x00, 0x00,
    0x3E, 0x3E, 0xF0, 0x01, 0x00, 0x1E, 0x7C, 0xF0, 0x01, 0x00, 0x1F, 0x78, 0xF0, 0x01, 0x00, 0x0F,
    0x78, 0xE0, 0x03, 0x00, 0x0F, 0x78, 0xE0, 0x03, 0x00, 0x0F, 0x78, 0xE0, 0x07, 0x00, 0x0F, 0x78,
    0xC0, 0x07, 0x00, 0x0F, 0x78, 0xC0, 0x07, 0x00, 0x0F, 0x78, 0xC0, 0x0F, 0x00, 0x0F, 0x78, 0x80,
    0x0F, 0x00, 0x0F, 0x78, 0x80, 0x0F, 0x00, 0x1F, 0x7C, 0x80, 0x1F, 0x00, 0x1E, 0x3C, 0x00, 0x1F,
    0x00, 0x3E, 0x3E, 0x00, 0x1F, 0x00, 0xFE, 0x3F, 0x00, 0x3F, 0x00, 0xFC, 0x1F, 0x00, 0x3E, 0x00,
    0xFC, 0x1F, 0x00, 0x3E, 0x00, 0xF8, 0x0F, 0x00, 0x7E, 0x00, 0xE0, 0x03, 0x00, 0x7C, 0x00, 0x8A,
    0x42, 0x01, 0x01, 0x0D, 0x14, 0x21, 0x1C, 0x00, 0x3F, 0xF0, 0xFC, 0x0F, 0xEF, 0xFF, 0xF1, 0xFF,
    0x3F, 0xFF, 0xFF, 0xF3, 0x0F, 0x7F, 0x3F, 0xE0, 0xF7, 0x01, 0xFC, 0x1F, 0xC0, 0xFF, 0x01, 0xF8,
    0x1F, 0x80, 0xFF, 0x01, 0xF8, 0x1F, 0x80, 0xFF, 0x01, 0xF8, 0x1F, 0x80, 0xFF, 0x01, 0xF8, 0x1F,
    0xC0, 0xFF, 0x03, 0x7C, 0xFF, 0xF0, 0xF7, 0xFF, 0x7F, 0xFF, 0xFF, 0xF3, 0xFF, 0x1F, 0xDF, 0xFF,
    0xF0, 0xF1, 0x03, 0x1F, 0x00, 0xF0, 0x01, 0x00, 0x3F, 0x00, 0xE2, 0x07, 0x38, 0xFE, 0xFF, 0xE7,
    0xFF, 0x7F, 0xFC, 0xFF, 0x07, 0xFF, 0x3F, 0xC0, 0xFF, 0x00, 0x8E, 0x42, 0x02, 0x01, 0x0E, 0x20,
    0x30, 0x25, 0x00, 0x80, 0x07, 0x00, 0x00, 0x80, 0x7F, 0x00, 0x00, 0x00, 0xFF, 0x1F, 0x00, 0x00,
    0xFF, 0x1F, 0x00, 0x00, 0xFF, 0x07, 0x00, 0x00, 0xFF, 0x00, 0x00, 0x00, 0xFE, 0x00, 0x00, 0x00,
    0xFE, 0x00, 0x00, 0x00, 0xFE, 0x00, 0x00, 0x00, 0xFE, 0x00, 0x00, 0x00, 0xFC, 0x00, 0x00, 0x00,
    0xFC, 0x00, 0x00, 0x00, 0xFC, 0x01, 0x00, 0x00, 0xFC, 0x01, 0x00, 0x00, 0xFC, 0x01, 0x00, 0x00,
    0xF8, 0x01, 0x7C, 0x00, 0xF8, 0x01, 0xFE, 0x01, 0xF8, 0x03, 0xFE, 0x07, 0xF8, 0x03, 0xFE, 0x0F,
    0xF8, 0x03, 0xFE, 0x1F, 0xF0, 0x03, 0xFC, 0x3F, 0xF0, 0x03, 0xFC, 0x71, 0xF0, 0x03, 0xFC, 0xC1,
    0xF0, 0x07, 0xFC, 0x81, 0xF1, 0x07, 0xFC, 0x01, 0xE3, 0x07, 0xF8, 0x03, 0xE6, 0x07, 0xF8, 0x03,
    0xEC, 0x07, 0xF8, 0x03, 0xEC, 0x0F, 0xF0, 0x03, 0xD8, 0x0F, 0xF0, 0x07, 0xF0, 0x0F, 0xF0, 0x07,
    0xF0, 0x0F, 0xF0, 0x07, 0xE0, 0x0F, 0xE0, 0x07, 0xE0, 0x1F, 0xE0, 0x0F, 0xC0, 0x1F, 0xE0, 0x0F,
    0xC0, 0x1F, 0xE0, 0x0F, 0xC0, 0x1F, 0xC0, 0x0F, 0x80, 0x1F, 0xC0, 0x1F, 0x80, 0x3F, 0xC0, 0x1F,
    0x80, 0x3F, 0xC3, 0x1F, 0x00, 0x3F, 0xC7, 0x1F, 0x00, 0x3F, 0xFE, 0x3F, 0x00, 0x7F, 0xF8, 0x3F,
    0x00, 0x7F, 0xF0, 0x3F, 0x00, 0x7F, 0xC0, 0x3F, 0x00, 0x7E, 0x80, 0x3F, 0x00, 0xFE, 0x00, 0x1C,
    0x00, 0x00, 0x00, 0x0E, 0x21, 0x30, 0x25, 0x00, 0x80, 0x07, 0x00, 0x00, 0x00, 0x7F, 0x00, 0x00,
    0x00, 0xFC, 0x7F, 0x00, 0x00, 0xF8, 0xFF, 0x00, 0x00, 0xF0, 0x7F, 0x00, 0x00, 0xE0, 0x1F, 0x00,
    0x00, 0xC0, 0x3F, 0x00, 0x60, 0x00, 0x7F, 0x00, 0xC0, 0x0F, 0xFE, 0x00, 0x80, 0xFF, 0xFC, 0x01,
    0x00, 0xFF, 0xFF, 0x03, 0x00, 0xFE, 0xFF, 0x07, 0x00, 0xFC, 0xFF, 0x3F, 0x00, 0xF8, 0xFF, 0xFF,
    0x07, 0x80, 0xFF, 0xFF, 0x7F, 0x00, 0xF0, 0xFF, 0xFF, 0x7C, 0x00, 0xFE, 0xFF, 0xFD, 0x03, 0xF0,
    0xFF, 0xFB, 0x0F, 0xE0, 0xFF, 0xF7, 0x7F, 0xC0, 0x9F, 0xEF, 0xFF, 0x01, 0x3F, 0xD8, 0xFF, 0x07,
    0x7E, 0x80, 0x7F, 0x1C, 0xFC, 0x00, 0xFE, 0x60, 0xF8, 0x03, 0xFC, 0x81, 0xF1, 0x07, 0xF8, 0x03,
    0xC6, 0x0F, 0xF0, 0x0F, 0x98, 0x1F, 0xC0, 0x1F, 0x70, 0x3F, 0x80, 0x3F, 0xC0, 0xFE, 0x00, 0x7F,
    0x00, 0xFF, 0x01, 0xFC, 0x00, 0xFE, 0x03, 0xF8, 0x03, 0xF8, 0x07, 0xF0, 0x07, 0xE0, 0x0F, 0xE0,
    0x0F, 0xC0, 0x3F, 0x80, 0x3F, 0x80, 0x7F, 0x00, 0x7F, 0x00, 0xFE, 0x00, 0xFE, 0x00, 0xFC, 0x01,
    0xF8, 0x01, 0xF0, 0x03, 0xF0, 0x07, 0xE0, 0x0F, 0xE0, 0x0F, 0xC0, 0x1F, 0xC3, 0x1F, 0x80, 0x3F,
    0x8E, 0x3F, 0x00, 0x7E, 0xF8, 0x7F, 0x00, 0xFC, 0xC1, 0xFF, 0x01, 0xF8, 0x03, 0xFF, 0x03, 0xF0,
    0x07, 0xF8, 0x07, 0xE0, 0x0F, 0xE0, 0x07, 0x80, 0x3F, 0x00, 0x0E, 0x00, 0x00, 0x93, 0x42, 0x01,
    0x02, 0x0F, 0x12, 0x31, 0x19, 0xF0, 0x01, 0xE0, 0x1F, 0xC0, 0x7F, 0x00, 0xFF, 0x03, 0xFC, 0x0F,
    0xF8, 0x7F, 0xE0, 0xFB, 0x81, 0xC7, 0x07, 0x1E, 0x3F, 0x78, 0xFC, 0xE0, 0xF1, 0x83, 0xC7, 0x0F,
    0x1E, 0x3F, 0x78, 0xFC, 0xC0, 0xF3, 0x03, 0xCF, 0x0F, 0x3C, 0x3F, 0xE0, 0xFD, 0x80, 0xF7, 0x03,
    0xDE, 0x0F, 0xF0, 0x3F, 0xC0, 0xFF, 0x00, 0xFE, 0x03, 0xF8, 0x0F, 0xC0, 0x3F, 0x00, 0xFE, 0x00,
    0xF8, 0x03, 0xC0, 0x0F, 0x00, 0x7F, 0x00, 0xFC, 0x03, 0xF0, 0x0F, 0xC0, 0x7F, 0x00, 0xFF, 0x03,
    0xFC, 0x0F, 0xF0, 0x3B, 0xC0, 0x6F, 0x00, 0x3F, 0x00, 0xFC, 0x00, 0xF0, 0x03, 0xC0, 0x0F, 0x00,
    0x3F, 0x18, 0xFE, 0xE0, 0xF8, 0xC3, 0xFF, 0x07, 0xFF, 0x1F, 0xFC, 0x7F, 0xE0, 0xFF, 0x00, 0xFE,
    0x01, 0xE0, 0x03, 0x00, 0x96, 0x42, 0x01, 0x03, 0x11, 0x30, 0x2D, 0x37, 0x00, 0x00, 0xE0, 0x07,
    0x00, 0xFF, 0x00, 0x00, 0xE0, 0x07, 0x80, 0xFF, 0x00, 0x00, 0xE0, 0x07, 0x80, 0xFF, 0xC0, 0x07,
    0xE0, 0x07, 0x80, 0xFF, 0xF0, 0x1F, 0xE0, 0x07, 0xC0, 0xFF, 0xF8, 0x3F, 0xE0, 0x07, 0xC0, 0xFF,
    0xFC, 0x7F, 0xE0, 0x07, 0xE0, 0xFF, 0xFC, 0x7F, 0xE0, 0x07, 0xE0, 0xFF, 0xFE, 0xFF, 0xE0, 0x07,
    0xF0, 0xFF, 0x7E, 0xFC, 0xE0, 0x07, 0xF0, 0xFF, 0x3E, 0xF8, 0xE0, 0x07, 0xF0, 0xFF, 0x3F, 0xF8,
    0xE1, 0x07, 0xF8, 0xFF, 0x1F, 0xF0, 0xE1, 0x07, 0xF8, 0xFF, 0x1F, 0xF0, 0xE1, 0x07, 0xFC, 0xFD,
    0x1F, 0xF0, 0xE1, 0x07, 0xFC, 0xFD, 0x1F, 0xF0, 0xE1, 0x07, 0xFC, 0xFC, 0x1F, 0xF0, 0xE1, 0x07,
    0xFE, 0xFC, 0x1F, 0xF0, 0xE1, 0x07, 0xFE, 0xFC, 0x1F, 0xF0, 0xE1, 0x07, 0x7F, 0xFC, 0x1F, 0xF0,
    0xE1, 0x07, 0x7F, 0xFC, 0x1F, 0xF0, 0xE1, 0x87, 0x3F, 0xFC, 0x3F, 0xF8, 0xE1, 0x87, 0x3F, 0xFC,
    0x3E, 0xF8, 0xE0, 0x87, 0x1F, 0xFC, 0x7E, 0xFC, 0xE0, 0xC7, 0x1F, 0xFC, 0xFE, 0xFF, 0xE0, 0xC7,
    0x1F, 0xFC, 0xFC, 0x7F, 0xE0, 0xE7, 0x0F, 0xFC, 0xFC, 0x7F, 0xE0, 0xE7, 0x0F, 0xFC, 0xF8, 0x3F,
    0xE0, 0xF7, 0x07, 0xFC, 0xF0, 0x1F, 0xE0, 0xF7, 0x07, 0xFC, 0xC0, 0x07, 0xE0, 0xF7, 0x03, 0xFC,
    0x00, 0x00, 0xE0, 0xFF, 0x03, 0xFC, 0x00, 0x00, 0xE0, 0xFF, 0x03, 0xFC, 0x00, 0x00, 0xE0, 0xFF,
    0x01, 0xFC, 0x00, 0x00, 0xE0, 0xFF, 0x01, 0xFC, 0x00, 0x00, 0xE0, 0xFF, 0x00, 0xFC, 0x00, 0x00,
    0xE0, 0xFF, 0x00, 0xFC, 0x00, 0x00, 0xE0, 0x7F, 0x00, 0xFC, 0x00, 0x00, 0xE0, 0x7F, 0x00, 0xFC,
    0xFE, 0xFF, 0xE0, 0x7F, 0x00, 0xFC, 0xFE, 0xFF, 0xE0, 0x3F, 0x00, 0xFC, 0xFE, 0xFF, 0xE0, 0x3F,
    0x00, 0xFC, 0xFE, 0xFF, 0xE0, 0x1F, 0x00, 0xFC, 0xFE, 0xFF, 0xE0, 0x1F, 0x00, 0xFC, 0xFE, 0xFF,
    0xE0, 0x1F, 0x00, 0xFC, 0xFE, 0xFF, 0xE0, 0x0F, 0x00, 0xFC, 0x9A, 0x42, 0x01, 0x02, 0x11, 0x1C,
    0x39, 0x1F, 0x00, 0xFC, 0x03, 0x00, 0xF0, 0xFF, 0x00, 0xC0, 0xFF, 0x3F, 0x00, 0xFE, 0xFF, 0x07,
    0xF0, 0xFF, 0xFF, 0x00, 0xFF, 0xFF, 0x0F, 0xF8, 0xFF, 0xFF, 0x81, 0xFF, 0xFF, 0x1F, 0xFC, 0xCF,
    0xFF, 0xC3, 0x3F, 0xFC, 0x3F, 0xFC, 0xC1, 0xFF, 0xE3, 0x1F, 0xFC, 0x7F, 0xFE, 0xC0, 0xF7, 0xE7,
    0x0F, 0x7C, 0x7F, 0xFE, 0xC0, 0xF7, 0xE7, 0x0F, 0x7C, 0xFF, 0x7F, 0xC0, 0xE7, 0xFF, 0x07, 0x7C,
    0xFE, 0x7F, 0xC0, 0xE7, 0xFF, 0x07, 0x7C, 0xFE, 0x7F, 0xC0, 0xE7, 0xFF, 0x07, 0x7C, 0xFE, 0x7F,
    0xC0, 0xE7, 0xFF, 0x07, 0x7C, 0xFE, 0x7F, 0xC0, 0xE7, 0xFF, 0x07, 0x7C, 0xFE, 0x7F, 0xC0, 0xE7,
    0xFF, 0x07, 0x7C, 0xFE, 0x7F, 0xC0, 0xE7, 0xFF, 0x07, 0x7C, 0xFE, 0x7F, 0xC0, 0xE7, 0xEF, 0x0F,
    0x7C, 0xFF, 0xFE, 0xC0, 0xF7, 0xE7, 0x0F, 0x7C, 0x7F, 0xFE, 0xC0, 0xF7, 0xE7, 0x1F, 0xFC, 0x7F,
    0xFC, 0xC3, 0xFF, 0xC3, 0x3F, 0xFC, 0x3F, 0xFC, 0xCF, 0xFF, 0x83, 0xFF, 0xFF, 0x1F, 0xF8, 0xFF,
    0xFF, 0x01, 0xFF, 0xFF, 0x0F, 0xF0, 0xFF, 0x7F, 0x00, 0xFE, 0xFF, 0x07, 0xC0, 0xFF, 0x1F, 0x00,
    0xF0, 0xFF, 0x00, 0x00, 0xFC, 0x01, 0x00, 0xC0, 0x1F, 0x00, 0x00, 0xFC, 0x01, 0x60, 0xE0, 0x1F,
    0x00, 0xFE, 0xFF, 0x00, 0xE0, 0xFF, 0x0F, 0x00, 0xFE, 0x7F, 0x00, 0xF0, 0xFF, 0x07, 0x00, 0xFF,
    0x3F, 0x00, 0xF0, 0xFF, 0x00, 0x00, 0xFC, 0x03, 0x00, 0x00, 0x9D, 0x42, 0x01, 0x04, 0x12, 0x21,
    0x2D, 0x26, 0x00, 0xFC, 0xFF, 0xFF, 0x01, 0xFF, 0xFF, 0xFF, 0x83, 0xFF, 0xFF, 0xFF, 0x87, 0xFF,
    0xFF, 0xFF, 0x8F, 0xFF, 0xFF, 0xFF, 0x1F, 0xFF, 0xFF, 0xFF, 0x3F, 0xFE, 0xFF, 0x7F, 0x7C, 0xFE,
    0xFF, 0xFF, 0xF8, 0xFC, 0x07, 0xF8, 0xF1, 0xF9, 0x07, 0xF0, 0xE3, 0xF3, 0x07, 0xE0, 0xC7, 0xE7,
    0x0F, 0xC0, 0x8F, 0xCF, 0x1F, 0x80, 0x1F, 0x9F, 0x3F, 0x00, 0x3F, 0x3E, 0x7F, 0x00, 0x7E, 0x7C,
    0xFE, 0x00, 0xFC, 0xF8, 0xFC, 0x01, 0xF8, 0xF1, 0xF9, 0x07, 0xF0, 0xE3, 0xF3, 0x0F, 0xE0, 0xC7,
    0xC7, 0x3F, 0xC0, 0x8F, 0x8F, 0xFF, 0xFF, 0x1F, 0x1F, 0xFF, 0xFF, 0x3F, 0x3E, 0xFC, 0xFF, 0x7F,
    0x7C, 0xF8, 0xFF, 0xFF, 0xF8, 0xE0, 0xFF, 0xFF, 0xF1, 0x81, 0xFF, 0xFF, 0xE3, 0x03, 0xFC, 0xFF,
    0xC7, 0x07, 0xF0, 0xFF, 0x8F, 0x0F, 0xF0, 0x8F, 0x1F, 0x1F, 0xE0, 0x0F, 0x3F, 0x3E, 0xE0, 0x1F,
    0x7E, 0x7C, 0xC0, 0x1F, 0xFC, 0xF8, 0xC0, 0x3F, 0xF8, 0xF1, 0x81, 0x3F, 0xF0, 0xE3, 0x83, 0x7F,
    0xE0, 0xC7, 0x07, 0x7F, 0xC0, 0x8F, 0x0F, 0xFF, 0x80, 0x1F, 0x1F, 0xFE, 0x00, 0x3F, 0x3E, 0xFE,
    0x01, 0x7E, 0x7C, 0xFC, 0x01, 0xFC, 0xFF, 0xFC, 0x03, 0xF8, 0xFF, 0xF9, 0x07, 0xF0, 0xFF, 0xFB,
    0x07, 0xE0, 0xFF, 0xF7, 0x0F, 0xC0, 0xFF, 0xFF, 0x0F, 0x80, 0xFF, 0x1F, 0xA1, 0x42, 0x02, 0x07,
    0x0F, 0x36, 0x34, 0x42, 0xF8, 0x01, 0x00, 0x00, 0x00, 0x00, 0x00, 0x7E, 0x00, 0x00, 0x00, 0x00,
    0x00, 0x80, 0x1F, 0x00, 0x00, 0x00, 0x00, 0x00, 0xE0, 0x07, 0x00, 0xC0, 0xFF, 0xFF, 0xFF, 0xF8,
    0x01, 0x00, 0xF0, 0xFF, 0xFF, 0x3F, 0x7E, 0x00, 0x00, 0xFC, 0xFF, 0xFF, 0x8F, 0x1F, 0x00, 0x00,
    0xFF, 0xFF, 0xFF, 0xE3, 0x07, 0x00, 0xC0, 0xFF, 0xFF, 0xFF, 0xF8, 0x01, 0x00, 0xF0, 0xFF, 0xFF,
    0x3F, 0x7E, 0x00, 0x00, 0xFC, 0xFF, 0xFF, 0x8F, 0x1F, 0x00, 0x00, 0xFF, 0xFF, 0xFF, 0xE3, 0x07,
    0x00, 0xC0, 0xFF, 0xFF, 0xFF, 0xF8, 0x01, 0x00, 0x00, 0xC0, 0x0F, 0x00, 0x7E, 0x00, 0x7C, 0x00,
    0xF0, 0x03, 0x80, 0x1F, 0xE0, 0xFF, 0x00, 0xFC, 0x00, 0xE0, 0x07, 0xFC, 0x7F, 0x00, 0x3F, 0x00,
    0xF8, 0x81, 0xFF, 0x3F, 0xC0, 0x0F, 0x00, 0x7E, 0xE0, 0xFF, 0x1F, 0xF0, 0x03, 0x80, 0x1F, 0xFC,
    0xFF, 0x07, 0xFC, 0x00, 0xE0, 0x07, 0xFF, 0xFF, 0x03, 0x3F, 0x00, 0xF8, 0xE1, 0x0F, 0xFE, 0xC0,
    0x0F, 0x00, 0x7E, 0xF8, 0x01, 0x7F, 0xF0, 0x03, 0x80, 0x1F, 0x7E, 0x80, 0x1F, 0xFC, 0x00, 0xE0,
    0xC7, 0x0F, 0xE0, 0x07, 0x3F, 0x00, 0xF8, 0xF1, 0x03, 0xF8, 0xC1, 0x0F, 0x00, 0x7E, 0xFC, 0x00,
    0xFE, 0xF0, 0x03, 0x80, 0x1F, 0x3F, 0x00, 0x3F, 0xFC, 0x00, 0xE0, 0xC7, 0xFF, 0xFF, 0x0F, 0x3F,
    0x00, 0xF8, 0xF1, 0xFF, 0xFF, 0xC3, 0x0F, 0x00, 0x7E, 0xFC, 0xFF, 0xFF, 0xF0, 0x03, 0x80, 0x1F,
    0xFF, 0xFF, 0x3F, 0xFC, 0x00, 0xE0, 0xC7, 0xFF, 0xFF, 0x0F, 0x3F, 0x00, 0xF8, 0xF1, 0xFF, 0xFF,
    0xC3, 0x0F, 0x00, 0x7E, 0x00, 0x00, 0xFC, 0xF0, 0x03, 0x80, 0x1F, 0x00, 0x00, 0x3F, 0xFC, 0x00,
    0xE0, 0x07, 0x00, 0xC0, 0x0F, 0x3F, 0x00, 0xF8, 0x01, 0x00, 0xF8, 0xC3, 0x0F, 0x00, 0x7E, 0x00,
    0x00, 0x7E, 0xF0, 0x03, 0x80, 0x1F, 0x00, 0x80, 0x1F, 0xFC, 0x00, 0xE0, 0x07, 0x04, 0xF0, 0x07,
    0x3F, 0x00, 0xF8, 0x81, 0x03, 0xFE, 0xC1, 0x0F, 0x00, 0x7E, 0xF0, 0xFF, 0x3F, 0xF0, 0x03, 0x80,
    0x1F, 0xFE, 0xFF, 0x0F, 0xFC, 0x00, 0xE0, 0x87, 0xFF, 0xFF, 0x03, 0x3F, 0x00, 0xF8, 0xE1, 0xFF,
    0x7F, 0xC0, 0x0F, 0xC0, 0x7F, 0xF0, 0xFF, 0x0F, 0xF0, 0x03, 0xF0, 0x1F, 0xF8, 0xFF, 0x01, 0xFC,
    0x00, 0xF8, 0x07, 0xFC, 0x3F, 0x00, 0x3F, 0x00, 0xFE, 0x00, 0xF0, 0x01, 0x00, 0x00, 0x00, 0x3F,
    0x00, 0x00, 0x00, 0x00, 0x00, 0x80, 0x07, 0x00, 0x00, 0x00, 0x00, 0x00, 0xE0, 0x00, 0x00, 0x00,
    0x00, 0x00, 0x00, 0x01, 0x12, 0x23, 0x17, 0x26, 0x1F, 0xF0, 0xF1, 0xFF, 0xFF, 0x80, 0x8F, 0xFF,
    0xFF, 0x0F, 0x7C, 0xFC, 0xFF, 0x7F, 0xF0, 0xE3, 0xFF, 0xFF, 0x83, 0x1F, 0xFF, 0xFF, 0x3F, 0xFE,
    0xF8, 0xFF, 0xFF, 0xF1, 0x07, 0xF8, 0xE0, 0xDF, 0x3F, 0xC0, 0x07, 0xFF, 0xFE, 0x01, 0x3E, 0xF8,
    0xF7, 0x0F, 0xF0, 0xC1, 0xFF, 0x7F, 0x80, 0x0F, 0xFE, 0xFF, 0x03, 0x7C, 0xF0, 0xFE, 0x1E, 0xE0,
    0x83, 0xF7, 0xF7, 0x00, 0x1F, 0x3C, 0x9F, 0x07, 0xF8, 0xE0, 0xF9, 0x3C, 0xC0, 0x07, 0xCF, 0xE7,
    0x01, 0x3E, 0x78, 0x1C, 0x0F, 0xF0, 0xC1, 0x03, 0x78, 0x80, 0x0F, 0x1E, 0xC0, 0x03, 0x7C, 0xF0,
    0x00, 0x1E, 0xE0, 0x83, 0x07, 0xF0, 0x00, 0x1F, 0x3C, 0x80, 0x07, 0xF8, 0x00, 0xA6, 0x42, 0x01,
    0x02, 0x11, 0x1C, 0x2E, 0x1F, 0x00, 0xFC, 0x03, 0x00, 0xF0, 0xFF, 0x00, 0xC0, 0xFF, 0x3F, 0x00,
    0xFE, 0xFF, 0x07, 0xF0, 0xFF, 0xFF, 0x00, 0xFF, 0xFF, 0x1F, 0xF8, 0xFF, 0xFF, 0x81, 0xFF, 0xFF,
    0x3F, 0xFC, 0x0F, 0xFE, 0xC3, 0x3F, 0xC0, 0x3F, 0xFC, 0x01, 0xF8, 0xE7, 0x1F, 0x00, 0x7F, 0xFE,
    0x00, 0xF0, 0xE7, 0x0F, 0x00, 0xFF, 0xFE, 0x00, 0xE0, 0xEF, 0x0F, 0x00, 0xFE, 0x7F, 0x00, 0xE0,
    0xFF, 0x07, 0x00, 0xFE, 0x7F, 0x00, 0xE0, 0xFF, 0x07, 0x00, 0xFE, 0x7F, 0x00, 0xE0, 0xFF, 0x07,
    0x00, 0xFE, 0x7F, 0x00, 0xE0, 0xFF, 0x07, 0x00, 0xFE, 0x7E, 0x00, 0xE0, 0xEF, 0x0F, 0x00, 0xFE,
    0xFE, 0x00, 0xE0, 0xEF, 0x0F, 0x00, 0xFF, 0xFE, 0x00, 0xF0, 0xE7, 0x0F, 0x00, 0x7F, 0xFC, 0x01,
    0xF0, 0xC7, 0x1F, 0x80, 0x7F, 0xFC, 0x07, 0xFC, 0x83, 0xFF, 0xF0, 0x3F, 0xF0, 0x0F, 0xFF, 0x01,
    0xFF, 0xF0, 0x0F, 0xE0, 0x0F, 0x7F, 0x00, 0xFC, 0xF0, 0x03, 0xFE, 0x0F, 0xFF, 0xEF, 0xFF, 0xF0,
    0xFF, 0xFE, 0x0F, 0xFF, 0xEF, 0xFF, 0xF0, 0xFF, 0xFE, 0x0F, 0xFF, 0xEF, 0xFF, 0xF0, 0xFF, 0xFE,
    0x0F, 0xFF, 0xEF, 0xFF, 0xF0, 0xFF, 0xAB, 0x42, 0x01, 0x01, 0x0D, 0x1C, 0x32, 0x1E, 0x00, 0xF0,
    0x00, 0x00, 0xC0, 0x3F, 0x00, 0x00, 0xFC, 0x03, 0x00, 0xE0, 0x79, 0x00, 0x00, 0x0E, 0x07, 0x00,
    0xE0, 0x70, 0x00, 0x00, 0x0E, 0x07, 0x00, 0xE0, 0x79, 0x00, 0x00, 0xFC, 0x03, 0x00, 0xC0, 0x3F,
    0x00, 0x00, 0xF8, 0x00, 0x00, 0x00, 0x00, 0x00, 0x00, 0x00, 0x00, 0x00, 0x00, 0x00, 0x00, 0x00,
    0xFC, 0x03, 0x00, 0xE0, 0x3F, 0x00, 0x00, 0xFE, 0x07, 0x00, 0xE0, 0x7F, 0x00, 0x00, 0xFE, 0x07,
    0x00, 0xF0, 0x7F, 0x00, 0x00, 0xFF, 0x0F, 0x00, 0xF0, 0xFF, 0x00, 0x00, 0xFF, 0x0F, 0x00, 0xF8,
    0xFD, 0x01, 0x80, 0x9F, 0x1F, 0x00, 0xF8, 0xF9, 0x01, 0xC0, 0x9F, 0x1F, 0x00, 0xFC, 0xF8, 0x03,
    0xC0, 0x0F, 0x3F, 0x00, 0xFC, 0xF0, 0x03, 0xE0, 0x0F, 0x3F, 0x00, 0x7E, 0xE0, 0x07, 0xE0, 0x07,
    0x7E, 0x00, 0x7E, 0xE0, 0x07, 0xF0, 0x07, 0x7E, 0x00, 0x3F, 0xC0, 0x0F, 0xF0, 0x03, 0xFC, 0x80,
    0xFF, 0xFF, 0x0F, 0xF8, 0xFF, 0xFF, 0x81, 0xFF, 0xFF, 0x1F, 0xF8, 0xFF, 0xFF, 0xC1, 0xFF, 0xFF,
    0x1F, 0xFC, 0xFF, 0xFF, 0xC3, 0x0F, 0x00, 0x3F, 0xFC, 0x00, 0xF0, 0xE3, 0x0F, 0x00, 0x3F, 0x7E,
    0x00, 0xE0, 0xE7, 0x07, 0x00, 0x7E, 0x7E, 0x00, 0xE0, 0xF7, 0x07, 0x00, 0x7E, 0xAE, 0x42, 0x01,
    0x02, 0x16, 0x1C, 0x2A, 0x20, 0x00, 0xF8, 0x01, 0x00, 0xF0, 0xFF, 0x00, 0x80, 0x07, 0x1E, 0x00,
    0x1C, 0x80, 0x03, 0xE0, 0x00, 0x70, 0x00, 0x07, 0x00, 0x0E, 0x38, 0x00, 0xC0, 0x81, 0x03, 0x00,
    0x1C, 0x3C, 0x00, 0xC0, 0xC3, 0x03, 0x00, 0x3C, 0x3C, 0x00, 0xC0, 0xE3, 0x03, 0x00, 0x7C, 0x3E,
    0x00, 0xC0, 0xE7, 0x03, 0x00, 0x7C, 0x3F, 0x00, 0xC0, 0xF7, 0x03, 0x00, 0xFC, 0x3F, 0x00, 0xC0,
    0xFF, 0x03, 0x00, 0xFC, 0xFF, 0xFF, 0xFF, 0xFF, 0xFF, 0xFF, 0xFF, 0x00, 0x00, 0xC0, 0x0F, 0x00,
    0x00, 0xFC, 0x00, 0x00, 0xC0, 0x0F, 0x00, 0x00, 0xFC, 0x00, 0x00, 0xC0, 0x0F, 0x00, 0x00, 0xFC,
    0x00, 0x00, 0xC0, 0x0F, 0x00, 0x00, 0x7C, 0x00, 0x00, 0xC0, 0x07, 0x00, 0x00, 0x7C, 0x08, 0x00,
    0xC0, 0xC7, 0x00, 0x00, 0x3C, 0x1C, 0x00, 0xC0, 0x83, 0x01, 0x00, 0x1C, 0x38, 0x00, 0xC0, 0x01,
    0x03, 0x00, 0x0C, 0x70, 0x00, 0xE0, 0x00, 0x0E, 0x00, 0x07, 0xC0, 0x01, 0x38, 0x00, 0x78, 0xE0,
    0x01, 0x00, 0xFF, 0x0F, 0x00, 0x80, 0x3F, 0x00, 0xBC, 0x42, 0x01, 0x00, 0x1D, 0x1E, 0x22, 0x20,
    0xFF, 0xFF, 0xFF, 0xC1, 0xFF, 0xFF, 0xFF, 0xF3, 0xFF, 0xFF, 0xFF, 0xFF, 0xFF, 0xFF, 0x7F, 0xFF,
    0xFF, 0xFF, 0xDF, 0xFF, 0xFF, 0xFF, 0x07, 0x7E, 0xE0, 0xF7, 0x80, 0x1F, 0xF8, 0x21, 0xE0, 0x07,
    0x7E, 0x00, 0xF8, 0x81, 0x1F, 0x00, 0x7E, 0xE0, 0x07, 0x80, 0x1F, 0xF8, 0x01, 0xE0, 0x07, 0x7E,
    0x00, 0xF8, 0x81, 0x1F, 0x00, 0x7E, 0xE0, 0x07, 0x80, 0x1F, 0xF8, 0x01, 0xE0, 0x07, 0x7E, 0x00,
    0xF8, 0x81, 0x1F, 0x00, 0x7E, 0xE0, 0x07, 0x80, 0x1F, 0xF8, 0x01, 0xE0, 0x07, 0x7E, 0x00, 0xF8,
    0x81, 0x1F, 0x00, 0x7E, 0xE0, 0x07, 0x80, 0x1F, 0xF8, 0x01, 0xE0, 0x07, 0x7E, 0x00, 0xF8, 0x81,
    0x1F, 0x00, 0x7E, 0xE0, 0x07, 0xC0, 0x1F, 0xF8, 0x01, 0xFF, 0x03, 0x7E, 0xC0, 0xFF, 0x80, 0x3F,
    0xF0, 0x3F, 0xE0, 0x0F, 0xFC, 0x07, 0xF8, 0x03, 0xFF, 0x00, 0xFC, 0x80, 0x1F, 0x00, 0x3F, 0x00,
    0xC8, 0x42, 0x02, 0x00, 0x18, 0x12, 0x28, 0x17, 0x3E, 0x00, 0xFC, 0x01, 0xF0, 0x0F, 0xC0, 0x3F,
    0x00, 0xFF, 0x00, 0xF8, 0x03, 0xC0, 0x07, 0x00, 0x00, 0x00, 0x00, 0x00, 0x00, 0x00, 0x00, 0x00,
    0x00, 0x00, 0x00, 0x70, 0x00, 0xE0, 0x07, 0x80, 0x7F, 0x00, 0xFE, 0x07, 0xF8, 0x7F, 0xC0, 0xFF,
    0x03, 0x7F, 0x3C, 0xFC, 0xC1, 0xF0, 0x0F, 0x80, 0x3F, 0x00, 0xFE, 0x00, 0xF8, 0x03, 0xC0, 0x1F,
    0x00, 0x7F, 0x00, 0xFC, 0x01, 0xE0, 0x07, 0x80, 0x3F, 0x00, 0xFE, 0x00, 0xF8, 0x03, 0xC0, 0x1F,
    0x00, 0x7F, 0x10, 0xFC, 0xC1, 0xF1, 0x07, 0xFE, 0x3F, 0xE0, 0xFF, 0x00, 0xFE, 0x03, 0xE0, 0x0F,
    0x00, 0x1E, 0x00, 0x19, 0x17, 0x33, 0x1C, 0x1E, 0x00, 0x80, 0x1F, 0x00, 0xC0, 0x1F, 0x00, 0xE0,
    0x0F, 0x00, 0xF0, 0x07, 0x00, 0xF0, 0x03, 0x00, 0xF0, 0x00, 0x00, 0x00, 0x00, 0x00, 0x00, 0x00,
    0x00, 0x00, 0x00, 0x00, 0x00, 0x00, 0x00, 0x00, 0x00, 0x80, 0x0F, 0x00, 0xC0, 0x1F, 0x00, 0xE0,
    0x1F, 0x00, 0xF0, 0x3F, 0x00, 0xF8, 0x7F, 0x00, 0xFC, 0x71, 0x00, 0xFC, 0x60, 0x00, 0x7E, 0x00,
    0x00, 0x3F, 0x00, 0x80, 0x3F, 0x00, 0x80, 0x1F, 0x00, 0xC0, 0x0F, 0x00, 0xE0, 0x07, 0x00, 0xF0,
    0x07, 0x00, 0xF0, 0x03, 0x00, 0xF8, 0x01, 0x00, 0xFC, 0x00, 0x00, 0x7E, 0x00, 0x00, 0x7E, 0x00,
    0x00, 0x3F, 0x00, 0x80, 0x1F, 0x00, 0x80, 0x0F, 0x00, 0xC0, 0x0F, 0x00, 0xE0, 0x07, 0x00, 0xF0,
    0x03, 0x00, 0xF0, 0x01, 0x00, 0xF8, 0x00, 0x00, 0xF8, 0x00, 0x00, 0x7C, 0x00, 0x00, 0x3E, 0x00,
    0x00, 0x3E, 0x00, 0x00, 0x1F, 0x00, 0x00, 0x0F, 0x00, 0x00, 0x07, 0x00, 0x00, 0x87, 0x00, 0x00,
    0x63, 0x00, 0x00, 0x3F, 0x00, 0x00, 0x1F, 0x00, 0x00, 0x0E, 0xDB, 0x42, 0x04, 0x02, 0x10, 0x2C,
    0x31, 0x30, 0x00, 0xE0, 0x03, 0x00, 0x00, 0x00, 0x00, 0x7E, 0x00, 0x00, 0x00, 0x00, 0xC0, 0x07,
    0x00, 0x3E, 0x00, 0x00, 0x7C, 0x00, 0xE0, 0x03, 0x00, 0xC0, 0x0F, 0x00, 0x7E, 0x00, 0x00, 0xF8,
    0x00, 0xE0, 0x07, 0x00, 0x80, 0x0F, 0x00, 0xFE, 0x01, 0x00, 0xF8, 0x01, 0xE0, 0xFF, 0x00, 0x00,
    0x1F, 0x00, 0xFE, 0x0F, 0x00, 0xF0, 0x01, 0xE0, 0xFF, 0x00, 0x00, 0x3F, 0x00, 0xFE, 0x0F, 0x00,
    0xE0, 0x03, 0xE0, 0xFF, 0x00, 0x00, 0x3E, 0x00, 0x7E, 0x00, 0x00, 0xE0, 0x07, 0xE0, 0x07, 0x00,
    0x00, 0x7C, 0x00, 0x7E, 0x00, 0x00, 0xC0, 0x07, 0xE0, 0x07, 0x00, 0x00, 0xFC, 0x00, 0x7E, 0x00,
    0x00, 0x80, 0x0F, 0xE0, 0x07, 0x00, 0x00, 0xF8, 0x00, 0x7E, 0x00, 0xFC, 0x81, 0x1F, 0xE0, 0x07,
    0xF0, 0x7F, 0xF0, 0x01, 0x7E, 0x80, 0xFF, 0x0F, 0x1F, 0xE0, 0x07, 0xFC, 0xFF, 0xF1, 0x03, 0x7E,
    0xC0, 0xFF, 0x1F, 0x3E, 0xE0, 0x07, 0xFE, 0xF0, 0xE3, 0x03, 0x7E, 0xE0, 0x07, 0x3E, 0x7E, 0xE0,
    0x07, 0x7E, 0xE0, 0xC3, 0x07, 0x7E, 0xE0, 0x07, 0x3E, 0x7C, 0xE0, 0x07, 0x7E, 0xE0, 0xC3, 0x0F,
    0x7E, 0xE0, 0x0F, 0x3F, 0xF8, 0xE0, 0x07, 0xFC, 0xFF, 0x81, 0x0F, 0x00, 0xC0, 0xFF, 0x1F, 0xF8,
    0x01, 0x00, 0xF8, 0xFF, 0x00, 0x1F, 0x00, 0x80, 0xFF, 0x0F, 0xF0, 0x01, 0x00, 0xFC, 0xFF, 0x01,
    0x3F, 0x00, 0xE0, 0xFF, 0x3F, 0xE0, 0x03, 0x00, 0xFE, 0xF8, 0x03, 0x3E, 0x00, 0xF0, 0x07, 0x7F,
    0xC0, 0x07, 0x00, 0x3F, 0xE0, 0x07, 0x7C, 0x00, 0xF0, 0x03, 0x7E, 0xC0, 0x07, 0x00, 0x3F, 0xE0,
    0x07, 0xF8, 0x00, 0xF0, 0x03, 0x7E, 0x80, 0x0F, 0x00, 0x7F, 0xF0, 0x07, 0xF8, 0x00, 0xE0, 0xFF,
    0x3F, 0x00, 0x1F, 0x00, 0xFE, 0xFF, 0x03, 0xF0, 0x01, 0xC0, 0xFF, 0x1F, 0x00, 0x1F, 0x00, 0xF8,
    0xFF, 0x00, 0xE0, 0x03, 0x00, 0xFC, 0x03, 0x00, 0x3E, 0x00, 0x00, 0x00, 0x00, 0xE0, 0x03, 0x00,
    0x01, 0x10, 0x2D, 0x31, 0x31, 0x00, 0xF0, 0x01, 0x00, 0x00, 0x00, 0x00, 0x7C, 0x00, 0x00, 0x00,
    0x00, 0x80, 0x0F, 0x00, 0xF8, 0x03, 0x00, 0xF0, 0x01, 0xC0, 0xFF, 0x01, 0x00, 0x7C, 0x00, 0xFC,
    0x7F, 0x00, 0x80, 0x0F, 0xC0, 0xFF, 0x1F, 0x00, 0xF0, 0x01, 0xF8, 0xFF, 0x03, 0x00, 0x7E, 0x80,
    0xFF, 0x7F, 0x00, 0x80, 0x0F, 0xF0, 0x87, 0x07, 0x00, 0xF0, 0x01, 0x7E, 0x60, 0x00, 0x00, 0x7E,
    0xC0, 0x0F, 0x00, 0x00, 0x80, 0x0F, 0xF8, 0x01, 0x00, 0x00, 0xF0, 0x03, 0x7F, 0x00, 0x00, 0x00,
    0x7E, 0xC0, 0xFF, 0x01, 0x00, 0x80, 0x0F, 0xF0, 0x3F, 0x00, 0x00, 0xF0, 0x03, 0xF8, 0x07, 0x00,
    0x00, 0x7E, 0xC0, 0xFF, 0x00, 0x00, 0x80, 0x0F, 0xFC, 0x1F, 0x00, 0x00, 0xF0, 0x83, 0x1F, 0x00,
    0xE0, 0x0F, 0x7E, 0xF8, 0x01, 0x00, 0xFF, 0x87, 0x0F, 0x3F, 0x00, 0xF0, 0xFF, 0xF1, 0xE3, 0x07,
    0x00, 0xFF, 0x7F, 0x7E, 0xFC, 0xC0, 0xE0, 0xFF, 0x8F, 0x8F, 0x1F, 0x38, 0xFE, 0xF0, 0xF3, 0xF3,
    0x87, 0xCF, 0x0F, 0x7C, 0x7E, 0xFE, 0xFF, 0xFB, 0x81, 0x8F, 0x8F, 0xFF, 0x7F, 0x3F, 0xF0, 0xF1,
    0xF3, 0xFF, 0xE7, 0x07, 0x3E, 0x7E, 0xFC, 0x7F, 0xFC, 0xE1, 0x87, 0x0F, 0xFF, 0x07, 0x7F, 0x7E,
    0xF0, 0x83, 0x3F, 0xE0, 0xFF, 0x0F, 0x7E, 0x00, 0x00, 0xF8, 0xFF, 0x80, 0x0F, 0x00, 0x00, 0xFF,
    0x1F, 0xF0, 0x03, 0x00, 0xF0, 0xFF, 0x07, 0x7E, 0x00, 0x00, 0xFF, 0xFF, 0x81, 0x1F, 0x00, 0xE0,
    0x8F, 0x3F, 0xF0, 0x03, 0x00, 0xFE, 0xE0, 0x0F, 0x7E, 0x00, 0xC0, 0x0F, 0xF8, 0x81, 0x1F, 0x00,
    0xF8, 0x01, 0x3F, 0xF0, 0x03, 0x00, 0x3F, 0xE0, 0x07, 0x7E, 0x00, 0xE0, 0x07, 0xFC, 0x80, 0x1F,
    0x00, 0xFC, 0xC1, 0x1F, 0xF0, 0x03, 0x00, 0xFF, 0xFF, 0x01, 0x7E, 0x00, 0xE0, 0xFF, 0x3F, 0x80,
    0x1F, 0x00, 0xF8, 0xFF, 0x03, 0xF0, 0x03, 0x00, 0xFE, 0x3F, 0x00, 0x7E, 0x00, 0x00, 0xFE, 0x01,
    0x80, 0x1F, 0x00, 0x00, 0x00, 0x00, 0xF0, 0x03, 0x00, 0x00, 0x10, 0x2D, 0x31, 0x30, 0x00, 0xF8,
    0x00, 0x00, 0x00, 0x00, 0x00, 0x1F, 0x00, 0x00, 0x00, 0x00, 0xC0, 0x07, 0xC0, 0xFF, 0x0F, 0x00,
    0xF8, 0x00, 0xF8, 0xFF, 0x01, 0x00, 0x3E, 0x00, 0xFF, 0x3F, 0x00, 0xC0, 0x07, 0xE0, 0xFF, 0x0F,
    0x00, 0xF8, 0x00, 0xFC, 0xFF, 0x01, 0x00, 0x3E, 0x80, 0xFF, 0x3F, 0x00, 0xC0, 0x07, 0x00, 0xE0,
    0x07, 0x00, 0xF8, 0x00, 0x00, 0xF8, 0x00, 0x00, 0x3E, 0x00, 0x00, 0x1F, 0x00, 0xC0, 0x07, 0x80,
    0xFF, 0x03, 0x00, 0xF8, 0x00, 0xFC, 0x7F, 0x00, 0x00, 0x3E, 0xC0, 0xFF, 0x0F, 0x00, 0xC0, 0x07,
    0xFC, 0xFF, 0x01, 0x00, 0xF8, 0x81, 0xFF, 0x3F, 0x00, 0x00, 0x3E, 0xF0, 0xFF, 0x07, 0x00, 0xC0,
    0x07, 0x7F, 0xF8, 0x01, 0x00, 0xF8, 0xE1, 0x07, 0x3E, 0xE0, 0x07, 0x3E, 0xFC, 0x00, 0x00, 0xFF,
    0xC3, 0x87, 0x1F, 0x00, 0xF0, 0xFF, 0xF0, 0xF1, 0x03, 0x00, 0xFF, 0x3F, 0x3E, 0x7E, 0xC0, 0xE0,
    0xFF, 0xC7, 0xC7, 0x1F, 0x3C, 0xFE, 0xF8, 0xF1, 0xF9, 0xC7, 0xDF, 0x0F, 0x3E, 0x3E, 0xFE, 0xFF,
    0xFB, 0xC1, 0xC7, 0xC7, 0xFF, 0x3F, 0x3F, 0xF8, 0xF0, 0xF1, 0xFF, 0xE3, 0x07, 0x1F, 0x3E, 0xFC,
    0x3F, 0xFC, 0xF1, 0xC3, 0x0F, 0xFF, 0x03, 0x7F, 0x3F, 0xF0, 0x81, 0x1F, 0xE0, 0xFF, 0x07, 0x3E,
    0x00, 0x00, 0xF8, 0x7F, 0xC0, 0x0F, 0x00, 0x00, 0xFF, 0x0F, 0xF0, 0x01, 0x00, 0xF0, 0xFF, 0x03,
    0x3E, 0x00, 0x00, 0xFF, 0xFF, 0xC0, 0x0F, 0x00, 0xE0, 0xCF, 0x1F, 0xF0, 0x01, 0x00, 0xFE, 0xF0,
    0x07, 0x3E, 0x00, 0xC0, 0x0F, 0xFC, 0x80, 0x0F, 0x00, 0xF8, 0x81, 0x1F, 0xF0, 0x01, 0x00, 0x3F,
    0xF0, 0x03, 0x7E, 0x00, 0xE0, 0x07, 0x7E, 0x80, 0x0F, 0x00, 0xFC, 0xE1, 0x0F, 0xF0, 0x01, 0x00,
    0xFF, 0xFF, 0x00, 0x7E, 0x00, 0xE0, 0xFF, 0x1F, 0x80, 0x0F, 0x00, 0xF8, 0xFF, 0x01, 0xF0, 0x01,
    0x00, 0xFE, 0x1F, 0x00, 0x7E, 0x00, 0x00, 0xFF, 0x00, 0x80, 0x0F, 0x00, 0x00, 0x00, 0x00, 0xF0,
    0x01, 0x00, 0x02, 0x10, 0x2C, 0x31, 0x30, 0x00, 0xF0, 0x01, 0x00, 0x00, 0x00, 0x00, 0x1F, 0x00,
    0x00, 0x00, 0x00, 0xF0, 0x03, 0xF8, 0xFF, 0x0F, 0x00, 0x3E, 0x80, 0xFF, 0xFF, 0x00, 0xE0, 0x03,
    0xF8, 0xFF, 0x0F, 0x00, 0x7E, 0x80, 0xFF, 0xFF, 0x00, 0xC0, 0x07, 0xF8, 0xFF, 0x0F, 0x00, 0x7C,
    0x80, 0xFF, 0xFF, 0x00, 0xC0, 0x0F, 0xF0, 0x01, 0x00, 0x00, 0xF8, 0x00, 0x3F, 0x00, 0x00, 0x80,
    0x0F, 0xF0, 0x03, 0x00, 0x00, 0xF0, 0x01, 0x3E, 0x00, 0x00, 0x00, 0x1F, 0xE0, 0x07, 0x00, 0x00,
    0xF0, 0x01, 0x7E, 0x00, 0x00, 0x00, 0x3E, 0xC0, 0x07, 0x00, 0x00, 0xE0, 0x03, 0xFC, 0x00, 0x00,
    0x00, 0x3E, 0xC0, 0x0F, 0x00, 0x00, 0xC0, 0x07, 0xF8, 0x01, 0x00, 0x00, 0x7C, 0x80, 0x1F, 0x00,
    0xFE, 0xC0, 0x0F, 0xF8, 0x01, 0xF8, 0x3F, 0xF8, 0x00, 0x3F, 0xC0, 0xFF, 0x87, 0x0F, 0xF0, 0x03,
    0xFE, 0xFF, 0xF8, 0x01, 0x7F, 0xE0, 0xFF, 0x0F, 0x1F, 0xE0, 0x07, 0x7F, 0xF8, 0xF1, 0x01, 0x7E,
    0xF0, 0x03, 0x1F, 0x3F, 0xC0, 0x0F, 0x3F, 0xF0, 0xE1, 0x03, 0xFC, 0xF0, 0x03, 0x1F, 0x3E, 0xC0,
    0x0F, 0x7F, 0xF0, 0xE1, 0x07, 0xF8, 0xF1, 0xCF, 0x1F, 0x7C, 0x80, 0x1F, 0xFE, 0xFF, 0xC0, 0x07,
    0x00, 0xE0, 0xFF, 0x0F, 0xF8, 0x00, 0x00, 0xFC, 0x3F, 0x80, 0x0F, 0x00, 0xC0, 0xFF, 0x07, 0xF8,
    0x01, 0x00, 0xFE, 0xFF, 0x00, 0x1F, 0x00, 0xE0, 0xFF, 0x1F, 0xF0, 0x01, 0x00, 0x7F, 0xFC, 0x03,
    0x3F, 0x00, 0xF0, 0x87, 0x3F, 0xE0, 0x03, 0x00, 0x3F, 0xF0, 0x03, 0x3E, 0x00, 0xF0, 0x03, 0x3F,
    0xE0, 0x07, 0x00, 0x3F, 0xF0, 0x03, 0x7C, 0x00, 0xF0, 0x03, 0x3F, 0xC0, 0x07, 0x00, 0x7F, 0xF8,
    0x03, 0xFC, 0x00, 0xE0, 0xFF, 0x1F, 0x80, 0x0F, 0x00, 0xFE, 0xFF, 0x01, 0xF8, 0x00, 0xC0, 0xFF,
    0x0F, 0x80, 0x1F, 0x00, 0xF8, 0x7F, 0x00, 0xF0, 0x01, 0x00, 0xFE, 0x01, 0x00, 0x1F, 0x00, 0x00,
    0x00, 0x00, 0xF0, 0x03, 0x00, 0xE0, 0x42, 0x10, 0x04, 0x12, 0x0F, 0x2D, 0x16, 0xFF, 0xFF, 0xFF,
    0xFF, 0xFF, 0xFF, 0xFF, 0xFF, 0xFF, 0xFF, 0xFF, 0xFF, 0xFF, 0xE1, 0x07, 0xF0, 0x03, 0xF8, 0x01,
    0xFC, 0x00, 0x7E, 0x00, 0x3F, 0x80, 0x1F, 0xC0, 0x0F, 0xE0, 0x07, 0xF0, 0x03, 0xF8, 0x01, 0xFC,
    0x00, 0x7E, 0x00, 0x3F, 0x80, 0x1F, 0xC0, 0x0F, 0xE0, 0x07, 0xF0, 0x03, 0xF8, 0x01, 0xFC, 0x00,
    0x7E, 0x00, 0x3F, 0x80, 0x1F, 0xC0, 0x0F, 0xE0, 0x07, 0xF0, 0x03, 0xF8, 0x01, 0xFC, 0x00, 0x7E,
    0x00, 0x3F, 0x80, 0x1F, 0xFC, 0xFF, 0xFF, 0xFF, 0xFF, 0xFF, 0xFF, 0xFF, 0xFF, 0xFF, 0xFF, 0xFF,
    0xFF, 0x07, 0x04, 0x12, 0x1E, 0x2D, 0x25, 0xFF, 0xFF, 0xFF, 0xFF, 0xFF, 0xFF, 0xFF, 0xFF, 0xFF,
    0xFF, 0xFF, 0xFF, 0xFF, 0xFF, 0xFF, 0xFF, 0xFF, 0xFF, 0xFF, 0xFF, 0xFF, 0xFF, 0xFF, 0xFF, 0xFF,
    0xFF, 0xC3, 0x0F, 0xE0, 0x07, 0xF0, 0x03, 0xF8, 0x01, 0xFC, 0x00, 0x7E, 0x00, 0x3F, 0x80, 0x1F,
    0xC0, 0x0F, 0xE0, 0x07, 0xF0, 0x03, 0xF8, 0x01, 0xFC, 0x00, 0x7E, 0x00, 0x3F, 0x80, 0x1F, 0xC0,
    0x0F, 0xE0, 0x07, 0xF0, 0x03, 0xF8, 0x01, 0xFC, 0x00, 0x7E, 0x00, 0x3F, 0x80, 0x1F, 0xC0, 0x0F,
    0xE0, 0x07, 0xF0, 0x03, 0xF8, 0x01, 0xFC, 0x00, 0x7E, 0x00, 0x3F, 0x80, 0x1F, 0xC0, 0x0F, 0xE0,
    0x07, 0xF0, 0x03, 0xF8, 0x01, 0xFC, 0x00, 0x7E, 0x00, 0x3F, 0x80, 0x1F, 0xC0, 0x0F, 0xE0, 0x07,
    0xF0, 0x03, 0xF8, 0x01, 0xFC, 0x00, 0x7E, 0x00, 0x3F, 0x80, 0x1F, 0xC0, 0x0F, 0xE0, 0x07, 0xF0,
    0x03, 0xF8, 0x01, 0xFC, 0x00, 0x7E, 0x00, 0x3F, 0x80, 0x1F, 0xC0, 0x0F, 0xE0, 0x07, 0xF0, 0x03,
    0xF8, 0x01, 0xFC, 0x00, 0x7E, 0xF0, 0xFF, 0xFF, 0xFF, 0xFF, 0xFF, 0xFF, 0xFF, 0xFF, 0xFF, 0xFF,
    0xFF, 0xFF, 0xFF, 0xFF, 0xFF, 0xFF, 0xFF, 0xFF, 0xFF, 0xFF, 0xFF, 0xFF, 0xFF, 0xFF, 0xFF, 0x3F,
    0x04, 0x12, 0x2E, 0x2D, 0x35, 0xFF, 0xFF, 0xFF, 0xFF, 0xFF, 0xFF, 0xFF, 0xFF, 0xFF, 0xFF, 0xFF,
    0xFF, 0xFF, 0xFF, 0xFF, 0xFF, 0xFF, 0xFF, 0xFF, 0xFF, 0xFF, 0xFF, 0xFF, 0xFF, 0xFF, 0xFF, 0xFF,
    0xFF, 0xFF, 0xFF, 0xFF, 0xFF, 0xFF, 0xFF, 0xFF, 0xFF, 0xFF, 0xFF, 0xFF, 0xFF, 0x83, 0x1F, 0xC0,
    0x0F, 0xE0, 0x07, 0xE0, 0x07, 0xF0, 0x03, 0xF8, 0x01, 0xF8, 0x01, 0xFC, 0x00, 0x7E, 0x00, 0x7E,
    0x00, 0x3F, 0x80, 0x1F, 0x80, 0x1F, 0xC0, 0x0F, 0xE0, 0x07, 0xE0, 0x07, 0xF0, 0x03, 0xF8, 0x01,
    0xF8, 0x01, 0xFC, 0x00, 0x7E, 0x00, 0x7E, 0x00, 0x3F, 0x80, 0x1F, 0x80, 0x1F, 0xC0, 0x0F, 0xE0,
    0x07, 0xE0, 0x07, 0xF0, 0x03, 0xF8, 0x01, 0xF8, 0x01, 0xFC, 0x00, 0x7E, 0x00, 0x7E, 0x00, 0x3F,
    0x80, 0x1F, 0x80, 0x1F, 0xC0, 0x0F, 0xE0, 0x07, 0xE0, 0x07, 0xF0, 0x03, 0xF8, 0x01, 0xF8, 0x01,
    0xFC, 0x00, 0x7E, 0x00, 0x7E, 0x00, 0x3F, 0x80, 0x1F, 0x80, 0x1F, 0xC0, 0x0F, 0xE0, 0x07, 0xE0,
    0x07, 0xF0, 0x03, 0xF8, 0x01, 0xF8, 0x01, 0xFC, 0x00, 0x7E, 0x00, 0x7E, 0x00, 0x3F, 0x80, 0x1F,
    0x80, 0x1F, 0xC0, 0x0F, 0xE0, 0x07, 0xE0, 0x07, 0xF0, 0x03, 0xF8, 0x01, 0xF8, 0x01, 0xFC, 0x00,
    0x7E, 0x00, 0x7E, 0x00, 0x3F, 0x80, 0x1F, 0x80, 0x1F, 0xC0, 0x0F, 0xE0, 0x07, 0xE0, 0x07, 0xF0,
    0x03, 0xF8, 0x01, 0xF8, 0x01, 0xFC, 0x00, 0x7E, 0x00, 0x7E, 0x00, 0x3F, 0x80, 0x1F, 0x80, 0x1F,
    0xC0, 0x0F, 0xE0, 0x07, 0xE0, 0x07, 0xF0, 0x03, 0xF8, 0x01, 0xF8, 0x01, 0xFC, 0x00, 0x7E, 0xF0,
    0xFF, 0xFF, 0xFF, 0xFF, 0xFF, 0xFF, 0xFF, 0xFF, 0xFF, 0xFF, 0xFF, 0xFF, 0xFF, 0xFF, 0xFF, 0xFF,
    0xFF, 0xFF, 0xFF, 0xFF, 0xFF, 0xFF, 0xFF, 0xFF, 0xFF, 0xFF, 0xFF, 0xFF, 0xFF, 0xFF, 0xFF, 0xFF,
    0xFF, 0xFF, 0xFF, 0xFF, 0xFF, 0xFF, 0xFF, 0x3F, 0x03, 0x12, 0x2A, 0x2D, 0x30, 0x3F, 0x00, 0xF0,
    0xFF, 0xFF, 0xFF, 0x01, 0xC0, 0xFF, 0xFF, 0xFF, 0x07, 0x00, 0xFF, 0xFF, 0xBF, 0x1F, 0x00, 0xFC,
    0xFF, 0xFF, 0x7E, 0x00, 0xF8, 0xFF, 0xFF, 0xFB, 0x01, 0xE0, 0xFF, 0xFF, 0xEF, 0x0F, 0x80, 0xFF,
    0xFF, 0x3F, 0x3F, 0x00, 0x7E, 0xE0, 0x07, 0xFC, 0x00, 0xF8, 0x81, 0x1F, 0xF0, 0x03, 0xF0, 0x07,
    0x7E, 0xC0, 0x1F, 0xC0, 0x1F, 0xF8, 0x01, 0x7F, 0x00, 0x3F, 0xE0, 0x07, 0xF8, 0x01, 0xFC, 0x80,
    0x1F, 0xE0, 0x07, 0xF0, 0x03, 0x7E, 0x80, 0x1F, 0xE0, 0x0F, 0xF8, 0x01, 0xFE, 0x80, 0x3F, 0xE0,
    0x07, 0xF8, 0x03, 0x7E, 0x80, 0x1F, 0xC0, 0x0F, 0xF8, 0x01, 0x7E, 0x00, 0x3F, 0xF0, 0x07, 0xF8,
    0x01, 0xFC, 0xC0, 0x1F, 0xE0, 0x07, 0xF0, 0x07, 0x7F, 0x80, 0x1F, 0x80, 0x1F, 0xFC, 0x00, 0x7E,
    0x00, 0x7E, 0xF0, 0x03, 0xF8, 0x01, 0xF8, 0xE1, 0x0F, 0xE0, 0x07, 0xE0, 0x87, 0x3F, 0x80, 0x1F,
    0x80, 0x3F, 0x7E, 0x00, 0x7E, 0x00, 0xFC, 0xF8, 0x01, 0xF8, 0x01, 0xF0, 0xE3, 0x07, 0xE0, 0x07,
    0xC0, 0xCF, 0x1F, 0x80, 0x1F, 0x00, 0x3F, 0x7F, 0x00, 0x7E, 0x00, 0xF8, 0xFD, 0x00, 0xF8, 0x01,
    0xE0, 0xF7, 0x03, 0xE0, 0x07, 0x80, 0xDF, 0x0F, 0x80, 0x1F, 0x00, 0xFE, 0x3F, 0x00, 0x7E, 0x00,
    0xF8, 0xFF, 0x00, 0xF8, 0x01, 0xC0, 0xFF, 0x01, 0xE0, 0x07, 0x00, 0xFF, 0x07, 0x80, 0x1F, 0x00,
    0xFC, 0x1F, 0x00, 0x7E, 0x00, 0xF0, 0x7F, 0x80, 0xFF, 0x3F, 0xC0, 0xFF, 0x00, 0xFE, 0xFF, 0x00,
    0xFE, 0x03, 0xF8, 0xFF, 0x03, 0xF8, 0x0F, 0xE0, 0xFF, 0x0F, 0xE0, 0x3F, 0x80, 0xFF, 0x3F, 0x80,
    0xFF, 0x00, 0xFE, 0xFF, 0x00, 0xFC, 0x01, 0xF8, 0xFF, 0x03, 0x00, 0x12, 0x1B, 0x2D, 0x1C, 0x7F,
    0x00, 0xE0, 0xF7, 0x03, 0x00, 0xBF, 0x1F, 0x00, 0xFC, 0xFD, 0x00, 0xE0, 0xEF, 0x0F, 0x00, 0x3F,
    0x7E, 0x00, 0xF8, 0xF1, 0x03, 0xC0, 0x8F, 0x1F, 0x00, 0x7F, 0xFC, 0x00, 0xF8, 0xE3, 0x0F, 0xC0,
    0x0F, 0x7E, 0x00, 0x7E, 0xF0, 0x03, 0xF8, 0x83, 0x1F, 0xC0, 0x1F, 0xFC, 0x01, 0xFE, 0xC0, 0x0F,
    0xF0, 0x03, 0x7E, 0x80, 0x1F, 0xF0, 0x03, 0xFE, 0x80, 0x1F, 0xF0, 0x07, 0xFC, 0x81, 0x1F, 0xC0,
    0x0F, 0xFC, 0x00, 0x7E, 0xE0, 0x07, 0xF0, 0x83, 0x3F, 0x80, 0x1F, 0xFC, 0x01, 0xFC, 0xE1, 0x07,
    0xC0, 0x0F, 0x3F, 0x00, 0x7E, 0xFC, 0x01, 0xF0, 0xE3, 0x0F, 0x80, 0x1F, 0x3F, 0x00, 0xF8, 0xF9,
    0x01, 0xC0, 0xCF, 0x0F, 0x00, 0x7E, 0x7F, 0x00, 0xF0, 0xFB, 0x03, 0x80, 0xFF, 0x0F, 0x00, 0xF8,
    0x7F, 0x00, 0xC0, 0xFF, 0x03, 0x00, 0xFE, 0x1F, 0x00, 0xF0, 0xFF, 0x00, 0x80, 0xFF, 0x03, 0x00,
    0xF8, 0x1F, 0x00, 0xC0, 0xFF, 0x00, 0x00, 0xFE, 0x07, 0x00, 0xF0, 0x1F, 0x00, 0x00, 0xFF, 0x00,
    0x00, 0xF8, 0x07, 0x00, 0xC0, 0x3F, 0x00, 0x02, 0x12, 0x2A, 0x2D, 0x30, 0xFF, 0xFF, 0x3F, 0x00,
    0xF0, 0xFF, 0xFF, 0xFF, 0x00, 0xE0, 0xFF, 0xFF, 0xFF, 0x03, 0x80, 0xFF, 0xFF, 0xFF, 0x0F, 0x00,
    0x7E, 0xFF, 0xFF, 0x3F, 0x00, 0xF8, 0xFD, 0xFF, 0xFF, 0x01, 0xE0, 0xF7, 0xFF, 0xFF, 0x07, 0xC0,
    0x1F, 0xFC, 0x80, 0x1F, 0x00, 0x7F, 0xF0, 0x03, 0x7E, 0x00, 0xFC, 0xC0, 0x0F, 0xF8, 0x01, 0xF0,
    0x03, 0x3F, 0xE0, 0x0F, 0xE0, 0x0F, 0xFC, 0x80, 0x3F, 0x80, 0x3F, 0xF0, 0x03, 0xFC, 0x00, 0x7E,
    0xC0, 0x0F, 0xF0, 0x03, 0xF8, 0x01, 0x3F, 0xC0, 0x1F, 0xE0, 0x07, 0xFC, 0x00, 0x7F, 0xC0, 0x1F,
    0xF0, 0x03, 0xF8, 0x01, 0x7F, 0xC0, 0x0F, 0xE0, 0x07, 0xFC, 0x00, 0x3F, 0x80, 0x1F, 0xF0, 0x03,
    0xFC, 0x00, 0xFE, 0xC0, 0x0F, 0xF0, 0x03, 0xF8, 0x83, 0x3F, 0xC0, 0x0F, 0xC0, 0x0F, 0x7E, 0x00,
    0x3F, 0x00, 0x3F, 0xF8, 0x01, 0xFC, 0x00, 0xFC, 0xE1, 0x07, 0xF0, 0x03, 0xF0, 0x87, 0x1F, 0xC0,
    0x0F, 0xC0, 0x1F, 0x7F, 0x00, 0x3F, 0x00, 0x7E, 0xFC, 0x00, 0xFC, 0x00, 0xF8, 0xF1, 0x03, 0xF0,
    0x03, 0xE0, 0xCF, 0x0F, 0xC0, 0x0F, 0x80, 0x3F, 0x3F, 0x00, 0x3F, 0x00, 0xFC, 0xFE, 0x00, 0xFC,
    0x00, 0xF0, 0xFB, 0x01, 0xF0, 0x03, 0xC0, 0xEF, 0x07, 0xC0, 0x0F, 0x00, 0xFF, 0x1F, 0x00, 0x3F,
    0x00, 0xFC, 0x7F, 0x00, 0xFC, 0x00, 0xE0, 0xFF, 0x00, 0xF0, 0x03, 0x80, 0xFF, 0x03, 0xC0, 0x0F,
    0x00, 0xFE, 0x0F, 0xF0, 0xFF, 0x07, 0xF8, 0x3F, 0xC0, 0xFF, 0x1F, 0xE0, 0xFF, 0x00, 0xFF, 0x7F,
    0x00, 0xFF, 0x01, 0xFC, 0xFF, 0x01, 0xFC, 0x07, 0xF0, 0xFF, 0x07, 0xF0, 0x1F, 0xC0, 0xFF, 0x1F,
    0xC0, 0x7F, 0x00, 0xFF, 0x7F, 0x00, 0xFE, 0x00, 0x00, 0x02, 0x12, 0x39, 0x2D, 0x3F, 0xFF, 0xFF,
    0xFF, 0xFF, 0x1F, 0x00, 0xF8, 0xFF, 0xFF, 0xFF, 0xFF, 0x3F, 0x00, 0xF8, 0xFF, 0xFF, 0xFF, 0xFF,
    0x7F, 0x00, 0xF0, 0xFF, 0xFF, 0xFF, 0xFF, 0xFF, 0x00, 0xE0, 0xF7, 0xFF, 0xFF, 0xFF, 0xFF, 0x01,
    0xC0, 0xEF, 0xFF, 0xFF, 0xFF, 0xFF, 0x07, 0x80, 0xDF, 0xFF, 0xFF, 0xFF, 0xFF, 0x0F, 0x80, 0x3F,
    0xF8, 0x01, 0xFC, 0x80, 0x1F, 0x00, 0x3F, 0xF0, 0x03, 0xF8, 0x01, 0x3F, 0x00, 0x7E, 0xE0, 0x07,
    0xF0, 0x03, 0xFE, 0x00, 0xFC, 0xC0, 0x0F, 0xE0, 0x07, 0xFC, 0x01, 0xF8, 0x81, 0x1F, 0xC0, 0x0F,
    0xF0, 0x03, 0xF8, 0x03, 0x3F, 0x80, 0x1F, 0xE0, 0x07, 0xF0, 0x03, 0x7E, 0x00, 0x3F, 0xC0, 0x0F,
    0xE0, 0x07, 0xFC, 0x00, 0x7E, 0x80, 0x3F, 0xC0, 0x0F, 0xF8, 0x01, 0xFC, 0x00, 0x7F, 0x80, 0x1F,
    0xF0, 0x03, 0xF8, 0x01, 0xFC, 0x80, 0x1F, 0xE0, 0x07, 0xF0, 0x03, 0xF8, 0x01, 0x3F, 0xC0, 0x0F,
    0xE0, 0x07, 0xF0, 0x03, 0x7E, 0x80, 0x1F, 0xC0, 0x0F, 0xE0, 0x0F, 0xFC, 0x00, 0x3F, 0x80, 0x1F,
    0x80, 0x1F, 0xFC, 0x01, 0x7E, 0x00, 0x3F, 0x00, 0x3F, 0xF8, 0x01, 0xFC, 0x00, 0x7E, 0x00, 0x7E,
    0xF0, 0x03, 0xF8, 0x01, 0xFC, 0x00, 0xFC, 0xE1, 0x07, 0xF0, 0x03, 0xF8, 0x01, 0xF8, 0xC3, 0x0F,
    0xE0, 0x07, 0xF0, 0x03, 0xE0, 0xC7, 0x1F, 0xC0, 0x0F, 0xE0, 0x07, 0xC0, 0x8F, 0x1F, 0x80, 0x1F,
    0xC0, 0x0F, 0x80, 0x1F, 0x3F, 0x00, 0x3F, 0x80, 0x1F, 0x00, 0x7F, 0x7E, 0x00, 0x7E, 0x00, 0x3F,
    0x00, 0xFE, 0xFC, 0x00, 0xFC, 0x00, 0x7E, 0x00, 0xF8, 0xFD, 0x00, 0xF8, 0x01, 0xFC, 0x00, 0xF0,
    0xFB, 0x01, 0xF0, 0x03, 0xF8, 0x01, 0xE0, 0xF7, 0x03, 0xE0, 0x07, 0xF0, 0x03, 0xC0, 0xFF, 0x07,
    0xC0, 0x0F, 0xE0, 0x07, 0x80, 0xFF, 0x0F, 0x80, 0x1F, 0xC0, 0x0F, 0x00, 0xFE, 0x0F, 0x00, 0x3F,
    0x80, 0x1F, 0x00, 0xFC, 0x1F, 0x00, 0x7E, 0x00, 0x3F, 0x00, 0xF8, 0x3F, 0xC0, 0xFF, 0xFF, 0xFF,
    0x0F, 0xF0, 0x7F, 0x80, 0xFF, 0xFF, 0xFF, 0x1F, 0xC0, 0x7F, 0x00, 0xFF, 0xFF, 0xFF, 0x3F, 0x80,
    0xFF, 0x00, 0xFE, 0xFF, 0xFF, 0x7F, 0x00, 0xFF, 0x01, 0xFC, 0xFF, 0xFF, 0xFF, 0x00, 0xFE, 0x03,
    0xF8, 0xFF, 0xFF, 0xFF, 0x01, 0xFC, 0x07, 0xF0, 0xFF, 0xFF, 0xFF, 0x03, 0xF0, 0x07, 0x00, 0x02,
    0x12, 0x49, 0x2D, 0x4F, 0xFF, 0xFF, 0xFF, 0xFF, 0xFF, 0xFF, 0x1F, 0x00, 0xF8, 0xFF, 0xFF, 0xFF,
    0xFF, 0xFF, 0xFF, 0x3F, 0x00, 0xF8, 0xFF, 0xFF, 0xFF, 0xFF, 0xFF, 0xFF, 0x7F, 0x00, 0xF0, 0xFF,
    0xFF, 0xFF, 0xFF, 0xFF, 0xFF, 0xFF, 0x00, 0xE0, 0xF7, 0xFF, 0xFF, 0xFF, 0xFF, 0xFF, 0xFF, 0x01,
    0xC0, 0xEF, 0xFF, 0xFF, 0xFF, 0xFF, 0xFF, 0xFF, 0x07, 0x80, 0xDF, 0xFF, 0xFF, 0xFF, 0xFF, 0xFF,
    0xFF, 0x0F, 0x80, 0x3F, 0xF0, 0x03, 0xF8, 0x01, 0xFC, 0x80, 0x1F, 0x00, 0x3F, 0xE0, 0x07, 0xF0,
    0x03, 0xF8, 0x01, 0x3F, 0x00, 0x7E, 0xC0, 0x0F, 0xE0, 0x07, 0xF0, 0x03, 0xFE, 0x00, 0xFC, 0x80,
    0x1F, 0xC0, 0x0F, 0xE0, 0x07, 0xFC, 0x01, 0xF8, 0x01, 0x3F, 0x80, 0x1F, 0xC0, 0x0F, 0xF0, 0x03,
    0xF8, 0x03, 0x7E, 0x00, 0x3F, 0x80, 0x1F, 0xE0, 0x07, 0xF0, 0x03, 0xFC, 0x00, 0x7E, 0x00, 0x3F,
    0xC0, 0x0F, 0xE0, 0x07, 0xF8, 0x01, 0xFC, 0x00, 0x7E, 0x80, 0x3F, 0xC0, 0x0F, 0xF0, 0x03, 0xF8,
    0x01, 0xFC, 0x00, 0x7F, 0x80, 0x1F, 0xE0, 0x07, 0xF0, 0x03, 0xF8, 0x01, 0xFC, 0x80, 0x1F, 0xC0,
    0x0F, 0xE0, 0x07, 0xF0, 0x03, 0xF8, 0x01, 0x3F, 0x80, 0x1F, 0xC0, 0x0F, 0xE0, 0x07, 0xF0, 0x03,
    0x7E, 0x00, 0x3F, 0x80, 0x1F, 0xC0, 0x0F, 0xE0, 0x0F, 0xFC, 0x00, 0x7E, 0x00, 0x3F, 0x80, 0x1F,
    0x80, 0x1F, 0xFC, 0x01, 0xFC, 0x00, 0x7E, 0x00, 0x3F, 0x00, 0x3F, 0xF8, 0x01, 0xF8, 0x01, 0xFC,
    0x00, 0x7E, 0x00, 0x7E, 0xF0, 0x03, 0xF0, 0x03, 0xF8, 0x01, 0xFC, 0x00, 0xFC, 0xE1, 0x07, 0xE0,
    0x07, 0xF0, 0x03, 0xF8, 0x01, 0xF8, 0xC3, 0x0F, 0xC0, 0x0F, 0xE0, 0x07, 0xF0, 0x03, 0xE0, 0xC7,
    0x1F, 0x80, 0x1F, 0xC0, 0x0F, 0xE0, 0x07, 0xC0, 0x8F, 0x1F, 0x00, 0x3F, 0x80, 0x1F, 0xC0, 0x0F,
    0x80, 0x1F, 0x3F, 0x00, 0x7E, 0x00, 0x3F, 0x80, 0x1F, 0x00, 0x7F, 0x7E, 0x00, 0xFC, 0x00, 0x7E,
    0x00, 0x3F, 0x00, 0xFE, 0xFC, 0x00, 0xF8, 0x01, 0xFC, 0x00, 0x7E, 0x00, 0xF8, 0xFD, 0x00, 0xF0,
    0x03, 0xF8, 0x01, 0xFC, 0x00, 0xF0, 0xFB, 0x01, 0xE0, 0x07, 0xF0, 0x03, 0xF8, 0x01, 0xE0, 0xF7,
    0x03, 0xC0, 0x0F, 0xE0, 0x07, 0xF0, 0x03, 0xC0, 0xFF, 0x07, 0x80, 0x1F, 0xC0, 0x0F, 0xE0, 0x07,
    0x80, 0xFF, 0x0F, 0x00, 0x3F, 0x80, 0x1F, 0xC0, 0x0F, 0x00, 0xFE, 0x0F, 0x00, 0x7E, 0x00, 0x3F,
    0x80, 0x1F, 0x00, 0xFC, 0x1F, 0x00, 0xFC, 0x00, 0x7E, 0x00, 0x3F, 0x00, 0xF8, 0x3F, 0xC0, 0xFF,
    0xFF, 0xFF, 0xFF, 0xFF, 0x0F, 0xF0, 0x7F, 0x80, 0xFF, 0xFF, 0xFF, 0xFF, 0xFF, 0x1F, 0xC0, 0x7F,
    0x00, 0xFF, 0xFF, 0xFF, 0xFF, 0xFF, 0x3F, 0x80, 0xFF, 0x00, 0xFE, 0xFF, 0xFF, 0xFF, 0xFF, 0x7F,
    0x00, 0xFF, 0x01, 0xFC, 0xFF, 0xFF, 0xFF, 0xFF, 0xFF, 0x00, 0xFE, 0x03, 0xF8, 0xFF, 0xFF, 0xFF,
    0xFF, 0xFF, 0x01, 0xFC, 0x07, 0xF0, 0xFF, 0xFF, 0xFF, 0xFF, 0xFF, 0x03, 0xF0, 0x07, 0x00, 0x03,
    0x12, 0x2B, 0x2D, 0x31, 0x7F, 0x00, 0xF0, 0xFF, 0xFF, 0xF7, 0x07, 0x80, 0xFF, 0xFF, 0xBF, 0x3F,
    0x00, 0xFE, 0xFF, 0xFF, 0xF9, 0x03, 0xF0, 0xFF, 0xFF, 0xCF, 0x1F, 0xC0, 0xFF, 0xFF, 0x7F, 0xFC,
    0x01, 0xFE, 0xFF, 0xFF, 0xE3, 0x0F, 0xF0, 0xFF, 0xFF, 0x1F, 0x7F, 0xC0, 0x1F, 0xE0, 0x07, 0xF0,
    0x07, 0xFE, 0x00, 0x3F, 0x80, 0x3F, 0xF8, 0x03, 0xF8, 0x01, 0xF8, 0xC3, 0x1F, 0xC0, 0x0F, 0xC0,
    0x1F, 0x7F, 0x00, 0x7E, 0x00, 0xFC, 0xF9, 0x03, 0xF0, 0x03, 0xE0, 0xEF, 0x0F, 0x80, 0x1F, 0x00,
    0xFE, 0x7F, 0x00, 0xFC, 0x00, 0xF0, 0xFF, 0x03, 0xE0, 0x07, 0x00, 0xFF, 0x0F, 0x00, 0x3F, 0x00,
    0xF8, 0x7F, 0x00, 0xF8, 0x01, 0x80, 0xFF, 0x01, 0xC0, 0x0F, 0x00, 0xFC, 0x0F, 0x00, 0x7E, 0x00,
    0xC0, 0x3F, 0x00, 0xF0, 0x03, 0x00, 0xFE, 0x01, 0x80, 0x1F, 0x00, 0xF0, 0x07, 0x00, 0xFC, 0x00,
    0x80, 0x7F, 0x00, 0xE0, 0x07, 0x00, 0xFE, 0x03, 0x00, 0x3F, 0x00, 0xF0, 0x3F, 0x00, 0xF8, 0x01,
    0xC0, 0xFF, 0x01, 0xC0, 0x0F, 0x00, 0xFE, 0x1F, 0x00, 0x7E, 0x00, 0xF8, 0xFF, 0x00, 0xF0, 0x03,
    0xC0, 0xFF, 0x0F, 0x80, 0x1F, 0x00, 0xFE, 0x7F, 0x00, 0xFC, 0x00, 0xF8, 0xF3, 0x07, 0xE0, 0x07,
    0xC0, 0x9F, 0x3F, 0x00, 0x3F, 0x00, 0x7F, 0xF8, 0x03, 0xF8, 0x01, 0xF8, 0xC3, 0x1F, 0xC0, 0x0F,
    0xE0, 0x0F, 0xFC, 0x01, 0x7E, 0x00, 0x7F, 0xE0, 0x0F, 0xF0, 0x03, 0xFC, 0x01, 0x7F, 0x80, 0x1F,
    0xE0, 0x0F, 0xF0, 0xFF, 0xFF, 0x9F, 0x7F, 0x80, 0xFF, 0xFF, 0xFF, 0xFC, 0x01, 0xF8, 0xFF, 0xFF,
    0xE7, 0x0F, 0xC0, 0xFF, 0xFF, 0xBF, 0x3F, 0x00, 0xFC, 0xFF, 0xFF, 0xFD, 0x01, 0xE0, 0xFF, 0xFF,
    0xFF, 0x07, 0x00, 0xFE, 0xFF, 0x7F, 0x02, 0x12, 0x1C, 0x2D, 0x21, 0xFF, 0x00, 0xF0, 0xEF, 0x0F,
    0x00, 0x7F, 0xFE, 0x00, 0xF8, 0xC7, 0x1F, 0x80, 0x3F, 0xFC, 0x01, 0xF8, 0x83, 0x3F, 0xC0, 0x1F,
    0xF8, 0x03, 0xFC, 0x01, 0x7F, 0xE0, 0x0F, 0xF0, 0x07, 0xFE, 0x00, 0xFE, 0xF0, 0x0F, 0xE0, 0x0F,
    0x7F, 0x00, 0xFC, 0xF0, 0x07, 0xC0, 0x9F, 0x3F, 0x00, 0xFC, 0xF9, 0x03, 0x80, 0xFF, 0x1F, 0x00,
    0xF8, 0xFF, 0x01, 0x00, 0xFF, 0x0F, 0x00, 0xF0, 0xFF, 0x00, 0x00, 0xFE, 0x07, 0x00, 0xE0, 0x7F,
    0x00, 0x00, 0xFC, 0x03, 0x00, 0xC0, 0x3F, 0x00, 0x00, 0xFC, 0x03, 0x00, 0xC0, 0x3F, 0x00, 0x00,
    0xFE, 0x07, 0x00, 0xE0, 0x7F, 0x00, 0x00, 0xFE, 0x0F, 0x00, 0xF0, 0xFF, 0x00, 0x00, 0xFF, 0x0F,
    0x00, 0xF8, 0xFF, 0x01, 0x80, 0xBF, 0x1F, 0x00, 0xFC, 0xF9, 0x03, 0xC0, 0x1F, 0x3F, 0x00, 0xFE,
    0xF0, 0x07, 0xE0, 0x0F, 0x7F, 0x00, 0x7E, 0xE0, 0x0F, 0xF0, 0x07, 0xFE, 0x00, 0x7F, 0xC0, 0x1F,
    0xF8, 0x03, 0xFC, 0x81, 0x3F, 0x80, 0x3F, 0xFC, 0x01, 0xF8, 0xC3, 0x1F, 0x00, 0x3F, 0xFE, 0x00,
    0xF0, 0xE7, 0x0F, 0x00, 0x7F, 0xFF, 0x00, 0xE0, 0x0F, 0x02, 0x12, 0x2B, 0x2D, 0x31, 0xFF, 0xFF,
    0x7F, 0x00, 0xF0, 0xFF, 0xFF, 0xFF, 0x03, 0xC0, 0xDF, 0xFF, 0xFF, 0x3F, 0x00, 0xFE, 0xFE, 0xFF,
    0xFF, 0x01, 0xF8, 0xF3, 0xFF, 0xFF, 0x1F, 0xC0, 0x9F, 0xFF, 0xFF, 0xFF, 0x00, 0xFE, 0xFC, 0xFF,
    0xFF, 0x07, 0xF8, 0x03, 0xFC, 0x00, 0x7F, 0xC0, 0x1F, 0xE0, 0x07, 0xF8, 0x03, 0x7F, 0x00, 0x3F,
    0x80, 0x3F, 0xF8, 0x03, 0xF8, 0x01, 0xFC, 0xE1, 0x0F, 0xC0, 0x0F, 0xC0, 0x1F, 0x7F, 0x00, 0x7E,
    0x00, 0xFE, 0xFC, 0x01, 0xF0, 0x03, 0xE0, 0xEF, 0x0F, 0x80, 0x1F, 0x00, 0x7F, 0x3F, 0x00, 0xFC,
    0x00, 0xF0, 0xFF, 0x01, 0xE0, 0x07, 0x80, 0xFF, 0x07, 0x00, 0x3F, 0x00, 0xFC, 0x3F, 0x00, 0xF8,
    0x01, 0xC0, 0xFF, 0x00, 0xC0, 0x0F, 0x00, 0xFE, 0x07, 0x00, 0x7E, 0x00, 0xE0, 0x1F, 0x00, 0xF0,
    0x03, 0x00, 0xFF, 0x00, 0x80, 0x1F, 0x00, 0xF0, 0x07, 0x00, 0xFC, 0x00, 0xC0, 0x3F, 0x00, 0xE0,
    0x07, 0x00, 0xFE, 0x03, 0x00, 0x3F, 0x00, 0xF8, 0x1F, 0x00, 0xF8, 0x01, 0xC0, 0xFF, 0x01, 0xC0,
    0x0F, 0x00, 0xFF, 0x0F, 0x00, 0x7E, 0x00, 0xF8, 0xFF, 0x00, 0xF0, 0x03, 0xE0, 0xFF, 0x07, 0x80,
    0x1F, 0x00, 0xFF, 0x3F, 0x00, 0xFC, 0x00, 0xFC, 0xF9, 0x03, 0xE0, 0x07, 0xE0, 0xCF, 0x1F, 0x00,
    0x3F, 0x80, 0x3F, 0xFC, 0x01, 0xF8, 0x01, 0xFC, 0xE1, 0x0F, 0xC0, 0x0F, 0xE0, 0x07, 0xFE, 0x00,
    0x7E, 0x80, 0x3F, 0xF0, 0x07, 0xF0, 0x03, 0xFC, 0x00, 0x7F, 0xFC, 0xFF, 0xFF, 0x07, 0xF8, 0xE3,
    0xFF, 0xFF, 0x3F, 0xC0, 0x3F, 0xFF, 0xFF, 0xFF, 0x00, 0xFC, 0xF9, 0xFF, 0xFF, 0x07, 0xE0, 0xCF,
    0xFF, 0xFF, 0x1F, 0x00, 0xFE, 0xFE, 0xFF, 0xFF, 0x00, 0xF0, 0xF7, 0xFF, 0xFF, 0x03, 0x00, 0x7F,
    0x02, 0x12, 0x3A, 0x2D, 0x40, 0xFF, 0xFF, 0xFF, 0xFF, 0x3F, 0x00, 0xF8, 0xFF, 0xFF, 0xFF, 0xFF,
    0xFF, 0x00, 0xE0, 0xF7, 0xFF, 0xFF, 0xFF, 0xFF, 0x07, 0xC0, 0xDF, 0xFF, 0xFF, 0xFF, 0xFF, 0x1F,
    0x00, 0x3F, 0xFF, 0xFF, 0xFF, 0xFF, 0xFF, 0x00, 0xFE, 0xFC, 0xFF, 0xFF, 0xFF, 0xFF, 0x03, 0xF8,
    0xF3, 0xFF, 0xFF, 0xFF, 0xFF, 0x1F, 0xF0, 0x07, 0xF8, 0x01, 0xFC, 0x00, 0x7F, 0xC0, 0x1F, 0xE0,
    0x07, 0xF0, 0x03, 0xFC, 0x81, 0x3F, 0x80, 0x1F, 0xC0, 0x0F, 0xE0, 0x0F, 0xFE, 0x00, 0x7E, 0x00,
    0x3F, 0x80, 0x3F, 0xFC, 0x01, 0xF8, 0x01, 0xFC, 0x00, 0xFC, 0xF1, 0x07, 0xE0, 0x07, 0xF0, 0x03,
    0xF0, 0xC7, 0x0F, 0x80, 0x1F, 0xC0, 0x0F, 0x80, 0xBF, 0x3F, 0x00, 0x7E, 0x00, 0x3F, 0x00, 0xFE,
    0x7E, 0x00, 0xF8, 0x01, 0xFC, 0x00, 0xF0, 0xFF, 0x01, 0xE0, 0x07, 0xF0, 0x03, 0xC0, 0xFF, 0x03,
    0x80, 0x1F, 0xC0, 0x0F, 0x00, 0xFF, 0x0F, 0x00, 0x7E, 0x00, 0x3F, 0x00, 0xF8, 0x3F, 0x00, 0xF8,
    0x01, 0xFC, 0x00, 0xE0, 0x7F, 0x00, 0xE0, 0x07, 0xF0, 0x03, 0x00, 0xFF, 0x01, 0x80, 0x1F, 0xC0,
    0x0F, 0x00, 0xFC, 0x03, 0x00, 0x7E, 0x00, 0x3F, 0x00, 0xE0, 0x0F, 0x00, 0xF8, 0x01, 0xFC, 0x00,
    0xC0, 0x3F, 0x00, 0xE0, 0x07, 0xF0, 0x03, 0x00, 0xFF, 0x01, 0x80, 0x1F, 0xC0, 0x0F, 0x00, 0xFE,
    0x07, 0x00, 0x7E, 0x00, 0x3F, 0x00, 0xF8, 0x3F, 0x00, 0xF8, 0x01, 0xFC, 0x00, 0xF0, 0xFF, 0x00,
    0xE0, 0x07, 0xF0, 0x03, 0xC0, 0xFF, 0x07, 0x80, 0x1F, 0xC0, 0x0F, 0x80, 0xFF, 0x1F, 0x00, 0x7E,
    0x00, 0x3F, 0x00, 0xFE, 0xFE, 0x00, 0xF8, 0x01, 0xFC, 0x00, 0xFC, 0xF9, 0x03, 0xE0, 0x07, 0xF0,
    0x03, 0xF0, 0xE7, 0x0F, 0x80, 0x1F, 0xC0, 0x0F, 0xC0, 0x0F, 0x7F, 0x00, 0x7E, 0x00, 0x3F, 0x80,
    0x3F, 0xFC, 0x01, 0xF8, 0x01, 0xFC, 0x00, 0x7E, 0xE0, 0x0F, 0xE0, 0x07, 0xF0, 0x03, 0xFC, 0x81,
    0x3F, 0x80, 0x1F, 0xC0, 0x0F, 0xF0, 0x07, 0xFC, 0xF1, 0xFF, 0xFF, 0xFF, 0xFF, 0x0F, 0xF0, 0xC7,
    0xFF, 0xFF, 0xFF, 0xFF, 0x3F, 0xC0, 0x3F, 0xFF, 0xFF, 0xFF, 0xFF, 0x7F, 0x00, 0xFE, 0xFC, 0xFF,
    0xFF, 0xFF, 0xFF, 0x01, 0xF8, 0xF7, 0xFF, 0xFF, 0xFF, 0xFF, 0x03, 0xC0, 0xDF, 0xFF, 0xFF, 0xFF,
    0xFF, 0x0F, 0x00, 0x7F, 0xFF, 0xFF, 0xFF, 0xFF, 0x3F, 0x00, 0xF8, 0x03, 0x02, 0x12, 0x14, 0x2D,
    0x1A, 0x00, 0xC0, 0x0F, 0x00, 0xFC, 0x00, 0xC0, 0x0F, 0x00, 0xFC, 0x00, 0xC0, 0x0F, 0x00, 0xFC,
    0x00, 0xC0, 0x0F, 0x00, 0xFC, 0x00, 0xC0, 0x0F, 0x00, 0xFC, 0x00, 0xC0, 0x0F, 0x00, 0xFC, 0x00,
    0xC0, 0x0F, 0x00, 0xFC, 0x00, 0xC0, 0x0F, 0x00, 0xFC, 0x00, 0xC0, 0x0F, 0x00, 0xFC, 0x00, 0xC0,
    0x0F, 0x00, 0xFC, 0x00, 0xC0, 0x0F, 0x00, 0xFC, 0x00, 0xC0, 0x0F, 0x00, 0xFC, 0x00, 0xC0, 0x0F,
    0x00, 0xFC, 0x00, 0xC0, 0x0F, 0x00, 0xFC, 0x00, 0xC0, 0x0F, 0x00, 0xFC, 0x00, 0xC0, 0x0F, 0x00,
    0xFC, 0x00, 0xC0, 0x0F, 0x00, 0xFC, 0x00, 0xC0, 0x0F, 0x00, 0xFC, 0x00, 0xC0, 0xFF, 0xFF, 0xFF,
    0xFF, 0xFF, 0xFF, 0xFF, 0xFF, 0xFF, 0xFF, 0xFF, 0xFF, 0xFF, 0xFF, 0xFF, 0xFF, 0xFF, 0xFF, 0xFF,
    0xFF, 0x0F, 0x03, 0x11, 0x1A, 0x2F, 0x20, 0x00, 0xFF, 0x00, 0x00, 0xFF, 0x0F, 0x00, 0xFF, 0xFF,
    0x00, 0xFE, 0xFF, 0x07, 0xFC, 0xFF, 0x3F, 0xF8, 0xFF, 0xFF, 0xE0, 0xFF, 0xFF, 0xC7, 0xFF, 0xFF,
    0x1F, 0xFE, 0x81, 0xFF, 0xF0, 0x03, 0xFC, 0xC3, 0x07, 0xE0, 0x0F, 0x0E, 0x00, 0x7F, 0x30, 0x00,
    0xFC, 0x01, 0x00, 0xE0, 0x07, 0x00, 0x80, 0x1F, 0x00, 0x00, 0xFE, 0x00, 0x00, 0xF0, 0x03, 0x00,
    0xC0, 0x0F, 0x00, 0x00, 0x3F, 0x00, 0x00, 0xFC, 0x00, 0x00, 0xF0, 0x03, 0x00, 0xC0, 0x0F, 0x00,
    0x00, 0x3F, 0x00, 0x00, 0xFC, 0x00, 0x00, 0xF0, 0x03, 0x00, 0xC0, 0x0F, 0x00, 0x00, 0x3F, 0x00,
    0x00, 0xFC, 0x00, 0x00, 0xF0, 0x03, 0x00, 0xC0, 0x0F, 0x00, 0x80, 0x3F, 0x00, 0x00, 0xFE, 0x00,
    0x00, 0xF8, 0x01, 0x00, 0xE0, 0x07, 0x01, 0xC0, 0x1F, 0x0E, 0x00, 0x7F, 0x7C, 0x00, 0xFE, 0xF8,
    0x03, 0xFC, 0xF3, 0x1F, 0xF8, 0xCF, 0xFF, 0xFF, 0x1F, 0xFE, 0xFF, 0x7F, 0xF8, 0xFF, 0xFF, 0xC0,
    0xFF, 0xFF, 0x01, 0xFE, 0xFF, 0x07, 0xF0, 0xFF, 0x0F, 0x80, 0xFF, 0x0F, 0x00, 0xF0, 0x0F, 0x00,
    0x03, 0x12, 0x19, 0x2D, 0x1F, 0x00, 0xF8, 0xFF, 0x01, 0xFE, 0xFF, 0x03, 0xFF, 0xFF, 0x07, 0xFF,
    0xFF, 0x0F, 0xFF, 0xFF, 0x1F, 0xFE, 0xFF, 0x3F, 0xFE, 0xFF, 0x7F, 0xFE, 0xFF, 0xFF, 0xFC, 0x0F,
    0xF8, 0xF9, 0x07, 0xF0, 0xFB, 0x03, 0xE0, 0xF7, 0x07, 0xC0, 0xEF, 0x07, 0x80, 0xDF, 0x0F, 0x00,
    0xBF, 0x1F, 0x00, 0xFE, 0x1F, 0x00, 0xFC, 0x3F, 0x00, 0xF8, 0x7F, 0x00, 0xF0, 0xFF, 0x00, 0xE0,
    0xFF, 0x01, 0xC0, 0xFF, 0x03, 0x80, 0xFF, 0x07, 0x00, 0xFF, 0x0F, 0x00, 0xFE, 0x1F, 0x00, 0xFC,
    0x3F, 0x00, 0xF8, 0x7F, 0x00, 0xF0, 0xFF, 0x00, 0xE0, 0xFF, 0x01, 0xC0, 0xFF, 0x03, 0x80, 0xFF,
    0x0F, 0x00, 0xBF, 0x1F, 0x00, 0x7E, 0x3F, 0x00, 0xFC, 0x7E, 0x00, 0xF8, 0xFD, 0x01, 0xF0, 0xFB,
    0x03, 0xE0, 0xE7, 0x1F, 0xC0, 0xCF, 0xFF, 0x80, 0x9F, 0xFF, 0xFF, 0x3F, 0xFE, 0xFF, 0x7F, 0xFC,
    0xFF, 0xFF, 0xF0, 0xFF, 0xFF, 0xC1, 0xFF, 0xFF, 0x03, 0xFF, 0xFF, 0x07, 0xF8, 0xFF, 0x0F, 0x80,
    0xFF, 0x1F, 0x03, 0x12, 0x1F, 0x2D, 0x25, 0x7F, 0x00, 0x80, 0xFF, 0x7F, 0x00, 0xC0, 0xFF, 0x3F,
    0x00, 0xE0, 0xFF, 0x1F, 0x00, 0xF8, 0xFF, 0x1F, 0x00, 0xFC, 0xFF, 0x0F, 0x00, 0xFF, 0xFF, 0x0F,
    0x80, 0xFF, 0xFF, 0x07, 0xC0, 0xFF, 0xFF, 0x03, 0xF0, 0xFF, 0xFF, 0x03, 0xF8, 0xFF, 0xFF, 0x01,
    0xFC, 0xFF, 0xFF, 0x01, 0xFF, 0xFF, 0xFF, 0x80, 0xFF, 0xFF, 0x7F, 0xE0, 0xFF, 0xFF, 0x7F, 0xF0,
    0xFF, 0xFF, 0x3F, 0xF8, 0xFF, 0xBF, 0x3F, 0xFE, 0xFE, 0xDF, 0x1F, 0x7F, 0xFF, 0xEF, 0xCF, 0x9F,
    0xFF, 0xE7, 0xEF, 0xCF, 0xFF, 0xF3, 0xF7, 0xE7, 0xFF, 0xF1, 0xFF, 0xF1, 0xFF, 0xF8, 0xFF, 0xF8,
    0x7F, 0xFC, 0x3F, 0xFC, 0x3F, 0xFC, 0x1F, 0xFE, 0x1F, 0xFE, 0x0F, 0xFF, 0x0F, 0xFE, 0x83, 0xFF,
    0x07, 0xFF, 0xC1, 0xFF, 0x83, 0x7F, 0xE0, 0xFF, 0x81, 0x3F, 0xF0, 0xFF, 0xC0, 0x1F, 0xF8, 0x7F,
    0xC0, 0x07, 0xFC, 0x3F, 0xE0, 0x03, 0xFE, 0x1F, 0xF0, 0x00, 0xFF, 0x0F, 0x00, 0x80, 0xFF, 0x07,
    0x00, 0xC0, 0xFF, 0x03, 0x00, 0xE0, 0xFF, 0x01, 0x00, 0xF0, 0xFF, 0x00, 0x00, 0xF8, 0x7F, 0x00,
    0x00, 0xFC, 0x3F, 0x00, 0x00, 0xFE, 0x1F, 0x00, 0x00, 0xFF, 0x0F, 0x00, 0x80, 0xFF, 0x07, 0x00,
    0xC0, 0xFF, 0x03, 0x00, 0xE0, 0x07, 0x90, 0x43, 0x06, 0x04, 0x22, 0x26, 0x18, 0x2F, 0x00, 0x00,
    0x00, 0x18, 0x00, 0x00, 0x00, 0x00, 0x06, 0x00, 0x00, 0x00, 0x00, 0x03, 0x00, 0x00, 0x00, 0xC0,
    0x01, 0x00, 0x00, 0x00, 0x70, 0x00, 0x00, 0x00, 0x00, 0x38, 0x00, 0x00, 0x00, 0x00, 0x1E, 0x00,
    0x00, 0x00, 0x00, 0x0F, 0x00, 0x00, 0x00, 0xC0, 0xC7, 0xFF, 0xFF, 0xFF, 0xFF, 0xF3, 0xFF, 0xFF,
    0xFF, 0xFF, 0xFD, 0xFF, 0xFF, 0xFF, 0xFF, 0xFF, 0xFF, 0xFF, 0xFF, 0xFF, 0xFF, 0xFF, 0xFF, 0xFF,
    0xF7, 0xFF, 0xFF, 0xFF, 0xFF, 0x00, 0x00, 0x00, 0x00, 0x1F, 0x00, 0x00, 0x00, 0xC0, 0x03, 0x00,
    0x00, 0x00, 0x78, 0x00, 0x00, 0x00, 0x00, 0x0E, 0x00, 0x00, 0x00, 0x80, 0x01, 0x00, 0x00, 0x00,
    0x70, 0x00, 0x00, 0x00, 0x00, 0x0C, 0x00, 0x00, 0x00, 0x80, 0x01, 0x00, 0x00, 0x00, 0x60, 0x00,
    0x03, 0x09, 0x10, 0x36, 0x17, 0x80, 0x01, 0x80, 0x01, 0xC0, 0x03, 0xC0, 0x03, 0xE0, 0x03, 0xE0,
    0x07, 0xF0, 0x07, 0xF0, 0x0F, 0xF8, 0x1F, 0xF8, 0x1F, 0xFC, 0x3F, 0xDE, 0x7B, 0xCF, 0xF3, 0xC7,
    0xE3, 0xC3, 0xC3, 0xC0, 0x03, 0xC0, 0x03, 0xC0, 0x03, 0xC0, 0x03, 0xC0, 0x03, 0xC0, 0x03, 0xC0,
    0x03, 0xC0, 0x03, 0xC0, 0x03, 0xC0, 0x03, 0xC0, 0x03, 0xC0, 0x03, 0xC0, 0x03, 0xC0, 0x03, 0xC0,
    0x03, 0xC0, 0x03, 0xC0, 0x03, 0xC0, 0x03, 0xC0, 0x03, 0xC0, 0x03, 0xC0, 0x03, 0xC0, 0x03, 0xC0,
    0x03, 0xC0, 0x03, 0xC0, 0x03, 0xC0, 0x03, 0xC0, 0x03, 0xC0, 0x03, 0xC0, 0x03, 0xC0, 0x03, 0xC0,
    0x03, 0xC0, 0x03, 0xC0, 0x03, 0xC0, 0x03, 0xC0, 0x03, 0xC0, 0x03, 0xC0, 0x03, 0xC0, 0x03, 0xC0,
    0x03, 0x04, 0x22, 0x26, 0x18, 0x2F, 0x00, 0x06, 0x00, 0x00, 0x00, 0xC0, 0x01, 0x00, 0x00, 0x00,
    0x30, 0x00, 0x00, 0x00, 0x00, 0x0E, 0x00, 0x00, 0x00, 0xC0, 0x03, 0x00, 0x00, 0x00, 0x70, 0x00,
    0x00, 0x00, 0x00, 0x1E, 0x00, 0x00, 0x00, 0xC0, 0x03, 0x00, 0x00, 0x00, 0xF8, 0x00, 0x00, 0x00,
    0x00, 0xFF, 0xFF, 0xFF, 0xFF, 0xEF, 0xFF, 0xFF, 0xFF, 0xFF, 0xFF, 0xFF, 0xFF, 0xFF, 0xFF, 0xFF,
    0xFF, 0xFF, 0xFF, 0xBF, 0xFF, 0xFF, 0xFF, 0xFF, 0xCF, 0xFF, 0xFF, 0xFF, 0xFF, 0xE3, 0x03, 0x00,
    0x00, 0x00, 0xF0, 0x00, 0x00, 0x00, 0x00, 0x78, 0x00, 0x00, 0x00, 0x00, 0x1C, 0x00, 0x00, 0x00,
    0x00, 0x0F, 0x00, 0x00, 0x00, 0x80, 0x03, 0x00, 0x00, 0x00, 0xC0, 0x00, 0x00, 0x00, 0x00, 0x60,
    0x00, 0x00, 0x00, 0x00, 0x18, 0x00, 0x00, 0x00, 0x03, 0x09, 0x10, 0x36, 0x17, 0xC0, 0x03, 0xC0,
    0x03, 0xC0, 0x03, 0xC0, 0x03, 0xC0, 0x03, 0xC0, 0x03, 0xC0, 0x03, 0xC0, 0x03, 0xC0, 0x03, 0xC0,
    0x03, 0xC0, 0x03, 0xC0, 0x03, 0xC0, 0x03, 0xC0, 0x03, 0xC0, 0x03, 0xC0, 0x03, 0xC0, 0x03, 0xC0,
    0x03, 0xC0, 0x03, 0xC0, 0x03, 0xC0, 0x03, 0xC0, 0x03, 0xC0, 0x03, 0xC0, 0x03, 0xC0, 0x03, 0xC0,
    0x03, 0xC0, 0x03, 0xC0, 0x03, 0xC0, 0x03, 0xC0, 0x03, 0xC0, 0x03, 0xC0, 0x03, 0xC0, 0x03, 0xC0,
    0x03, 0xC0, 0x03, 0xC0, 0x03, 0xC0, 0x03, 0xC0, 0x03, 0xC0, 0x03, 0xC3, 0xC3, 0xC7, 0xE3, 0xCE,
    0x73, 0xDE, 0x7B, 0xFC, 0x3F, 0xF8, 0x1F, 0xF8, 0x1F, 0xF0, 0x0F, 0xE0, 0x0F, 0xE0, 0x07, 0xC0,
    0x07, 0xC0, 0x03, 0xC0, 0x03, 0x80, 0x01, 0x80, 0x01, 0x04, 0x22, 0x26, 0x18, 0x2F, 0x00, 0x06,
    0x00, 0x18, 0x00, 0xC0, 0x01, 0x00, 0x06, 0x00, 0x30, 0x00, 0x00, 0x03, 0x00, 0x0E, 0x00, 0xC0,
    0x01, 0xC0, 0x03, 0x00, 0x70, 0x00, 0x70, 0x00, 0x00, 0x38, 0x00, 0x1E, 0x00, 0x00, 0x1E, 0xC0,
    0x03, 0x00, 0x00, 0x0F, 0xF8, 0x00, 0x00, 0xC0, 0x07, 0xFF, 0xFF, 0xFF, 0xFF, 0xE3, 0xFF, 0xFF,
    0xFF, 0xFF, 0xFD, 0xFF, 0xFF, 0xFF, 0xFF, 0xFF, 0xFF, 0xFF, 0xFF, 0xBF, 0xFF, 0xFF, 0xFF, 0xFF,
    0xC7, 0xFF, 0xFF, 0xFF, 0xFF, 0xE0, 0x03, 0x00, 0x00, 0x1F, 0xF0, 0x00, 0x00, 0xC0, 0x03, 0x78,
    0x00, 0x00, 0x78, 0x00, 0x1C, 0x00, 0x00, 0x0E, 0x00, 0x0F, 0x00, 0x80, 0x01, 0x80, 0x03, 0x00,
    0x70, 0x00, 0xC0, 0x00, 0x00, 0x0C, 0x00, 0x60, 0x00, 0x80, 0x01, 0x00, 0x18, 0x00, 0x60, 0x00,
    0x03, 0x09, 0x10, 0x36, 0x17, 0x80, 0x01, 0x80, 0x01, 0xC0, 0x03, 0xC0, 0x03, 0xC0, 0x03, 0xE0,
    0x07, 0xE0, 0x07, 0xF0, 0x0F, 0xF8, 0x1F, 0xF8, 0x1F, 0xFC, 0x3F, 0xDE, 0x7B, 0xCE, 0x73, 0xC7,
    0xE3, 0xC3, 0xC3, 0xC0, 0x03, 0xC0, 0x03, 0xC0, 0x03, 0xC0, 0x03, 0xC0, 0x03, 0xC0, 0x03, 0xC0,
    0x03, 0xC0, 0x03, 0xC0, 0x03, 0xC0, 0x03, 0xC0, 0x03, 0xC0, 0x03, 0xC0, 0x03, 0xC0, 0x03, 0xC0,
    0x03, 0xC0, 0x03, 0xC0, 0x03, 0xC0, 0x03, 0xC0, 0x03, 0xC0, 0x03, 0xC0, 0x03, 0xC0, 0x03, 0xC0,
    0x03, 0xC0, 0x03, 0xC3, 0xC3, 0xC7, 0xE3, 0xCE, 0x73, 0xDE, 0x7B, 0xFC, 0x3F, 0xF8, 0x1F, 0xF0,
    0x1F, 0xF0, 0x0F, 0xE0, 0x0F, 0xE0, 0x07, 0xC0, 0x07, 0xC0, 0x03, 0x80, 0x03, 0x80, 0x01, 0x80,
    0x01, 0xA8, 0x43, 0x01, 0x04, 0x09, 0x10, 0x3E, 0x17, 0x80, 0x01, 0x80, 0x01, 0xC0, 0x03, 0xC0,
    0x03, 0xC0, 0x03, 0xE0, 0x07, 0xE0, 0x07, 0xF0, 0x0F, 0xF8, 0x1F, 0xF8, 0x1F, 0xFC, 0x3F, 0xDE,
    0x7B, 0xCE, 0x73, 0xC7, 0xE3, 0xC3, 0xC3, 0xC1, 0x83, 0xC0, 0x03, 0xC0, 0x03, 0xC0, 0x03, 0xC0,
    0x03, 0xC0, 0x03, 0xC0, 0x03, 0xC0, 0x03, 0xC0, 0x03, 0xC0, 0x03, 0xC0, 0x03, 0xC0, 0x03, 0xC0,
    0x03, 0xC0, 0x03, 0xC0, 0x03, 0xC0, 0x03, 0xC0, 0x03, 0xC0, 0x03, 0xC0, 0x03, 0xC0, 0x03, 0xC0,
    0x03, 0xC0, 0x03, 0xC0, 0x03, 0xC1, 0x83, 0xC3, 0xC3, 0xC7, 0xE3, 0xCE, 0x73, 0xDC, 0x7B, 0xFC,
    0x3F, 0xF8, 0x1F, 0xF8, 0x1F, 0xF0, 0x0F, 0xE0, 0x0F, 0xE0, 0x07, 0xC0, 0x07, 0xC0, 0x03, 0x80,
    0x03, 0x80, 0x01, 0x80, 0x01, 0x00, 0x00, 0x00, 0x00, 0x00, 0x00, 0xFF, 0xFF, 0xFF, 0xFF, 0xFF,
    0xFF, 0xFF, 0xFF, 0xFF, 0xFF, 0xC4, 0x43, 0x01, 0x04, 0x12, 0x27, 0x28, 0x2F, 0x00, 0x06, 0x00,
    0x00, 0x00, 0x80, 0x03, 0x00, 0x00, 0x00, 0xC0, 0x00, 0x00, 0x00, 0x00, 0x70, 0x00, 0x00, 0x00,
    0x00, 0x1C, 0x00, 0x00, 0x00, 0x00, 0x0E, 0x00, 0x00, 0x00, 0x80, 0x03, 0x00, 0x00, 0x00, 0xE0,
    0x01, 0x00, 0x00, 0x00, 0x78, 0x00, 0x00, 0x00, 0x00, 0xFE, 0xFF, 0xFF, 0xFF, 0x9F, 0xFF, 0xFF,
    0xFF, 0xFF, 0xEF, 0xFF, 0xFF, 0xFF, 0xFF, 0xF7, 0xFF, 0xFF, 0xFF, 0xFF, 0xF3, 0xFF, 0xFF, 0xFF,
    0xFF, 0xF1, 0xFF, 0xFF, 0xFF, 0xFF, 0xF0, 0x00, 0x00, 0x00, 0x00, 0xF0, 0x00, 0x00, 0x30, 0x00,
    0xF0, 0x00, 0x00, 0x18, 0x00, 0x70, 0x00, 0x00, 0x18, 0x00, 0x38, 0x00, 0x00, 0x1C, 0x00, 0x38,
    0x00, 0x00, 0x0E, 0x00, 0x18, 0x00, 0x00, 0x0E, 0x00, 0x1C, 0x00, 0x00, 0x0F, 0x00, 0x0C, 0x00,
    0x00, 0x0F, 0x00, 0x00, 0x00, 0x80, 0x0F, 0xFF, 0xFF, 0xFF, 0xFF, 0x8F, 0xFF, 0xFF, 0xFF, 0xFF,
    0xCF, 0xFF, 0xFF, 0xFF, 0xFF, 0xEF, 0xFF, 0xFF, 0xFF, 0xFF, 0xF7, 0xFF, 0xFF, 0xFF, 0xFF, 0xF9,
    0xFF, 0xFF, 0xFF, 0x7F, 0x00, 0x00, 0x00, 0x00, 0x1F, 0x00, 0x00, 0x00, 0x80, 0x07, 0x00, 0x00,
    0x00, 0xE0, 0x01, 0x00, 0x00, 0x00, 0x70, 0x00, 0x00, 0x00, 0x00, 0x18, 0x00, 0x00, 0x00, 0x00,
    0x0E, 0x00, 0x00, 0x00, 0x00, 0x03, 0x00, 0x00, 0x00, 0xC0, 0x00, 0x00, 0x00, 0x00, 0x60, 0x00,
    0xC6, 0x43, 0x01, 0x03, 0x11, 0x29, 0x29, 0x2F, 0x00, 0x00, 0x00, 0xC0, 0x00, 0x00, 0x00, 0x00,
    0x80, 0x01, 0x00, 0x00, 0x00, 0x00, 0x06, 0x00, 0x00, 0x00, 0x00, 0x1C, 0x00, 0x00, 0x00, 0x00,
    0x38, 0x00, 0x00, 0x00, 0x00, 0xE0, 0x00, 0x00, 0x00, 0x00, 0xC0, 0x03, 0x00, 0x00, 0x00, 0x00,
    0x0F, 0x00, 0x00, 0x00, 0x00, 0x3E, 0xF0, 0xFF, 0xFF, 0xFF, 0xFF, 0xE0, 0xFF, 0xFF, 0xFF, 0xFF,
    0xC3, 0xFF, 0xFF, 0xFF, 0xFF, 0x8F, 0xFF, 0xFF, 0xFF, 0xFF, 0x1F, 0xFF, 0xFF, 0xFF, 0xFF, 0x1F,
    0xFE, 0xFF, 0xFF, 0xFF, 0x1F, 0x00, 0x00, 0x00, 0x00, 0x1F, 0x00, 0x00, 0x00, 0x00, 0x1E, 0x00,
    0x0C, 0x00, 0x00, 0x1E, 0x00, 0x18, 0x00, 0x00, 0x1C, 0x00, 0x38, 0x00, 0x00, 0x18, 0x00, 0x38,
    0x00, 0x00, 0x38, 0x00, 0x70, 0x00, 0x00, 0x30, 0x00, 0x70, 0x00, 0x00, 0x30, 0x00, 0xF0, 0x00,
    0x00, 0x60, 0x00, 0xF0, 0x00, 0x00, 0x00, 0x00, 0xF0, 0x01, 0x00, 0x00, 0x00, 0xF0, 0xFF, 0xFF,
    0xFF, 0xFF, 0xF0, 0xFF, 0xFF, 0xFF, 0xFF, 0xF1, 0xFF, 0xFF, 0xFF, 0xFF, 0xE3, 0xFF, 0xFF, 0xFF,
    0xFF, 0x87, 0xFF, 0xFF, 0xFF, 0xFF, 0x0F, 0xFE, 0xFF, 0xFF, 0xFF, 0x1F, 0xF8, 0x00, 0x00, 0x00,
    0x00, 0xE0, 0x03, 0x00, 0x00, 0x00, 0x80, 0x07, 0x00, 0x00, 0x00, 0x00, 0x1E, 0x00, 0x00, 0x00,
    0x00, 0x38, 0x00, 0x00, 0x00, 0x00, 0x60, 0x00, 0x00, 0x00, 0x00, 0xC0, 0x01, 0x00, 0x00, 0x00,
    0x00, 0x03, 0x00, 0x00, 0x00, 0x00, 0x06, 0x00, 0x00, 0x00, 0x00, 0x82, 0x44, 0x01, 0x02, 0x0E,
    0x19, 0x32, 0x1D, 0x00, 0x7F, 0x00, 0x80, 0xFF, 0x03, 0x80, 0xFF, 0x1F, 0x80, 0xFF, 0x3F, 0x80,
    0xFF, 0x7F, 0x00, 0xFF, 0x7F, 0x00, 0xFF, 0xFF, 0x00, 0xFE, 0xC1, 0x01, 0xFE, 0x01, 0x02, 0xFC,
    0x01, 0x00, 0xF8, 0x01, 0x00, 0xF0, 0x03, 0x00, 0xF0, 0x07, 0x00, 0xE0, 0x07, 0x00, 0xC0, 0x0F,
    0x00, 0x80, 0x1F, 0x00, 0x00, 0x3F, 0x7C, 0x00, 0x7E, 0xFE, 0x03, 0xFC, 0xFE, 0x1F, 0xF8, 0xFD,
    0x7F, 0xF0, 0xFF, 0xFF, 0xE1, 0xFF, 0xFF, 0xC3, 0xFF, 0xF0, 0x8F, 0xFF, 0xC0, 0x1F, 0xFF, 0x00,
    0x7F, 0xFE, 0x01, 0xFE, 0xFC, 0x03, 0xF8, 0xF3, 0x07, 0xF0, 0xE7, 0x0F, 0xC0, 0xCF, 0x1F, 0x80,
    0x9F, 0x3F, 0x00, 0x7F, 0x7F, 0x00, 0xFC, 0xFC, 0x00, 0xF8, 0xF9, 0x03, 0xF0, 0xF3, 0x07, 0xE0,
    0xE7, 0x0F, 0xC0, 0x8F, 0x3F, 0x80, 0x1F, 0x7F, 0x00, 0x3F, 0xFE, 0x00, 0x7E, 0xF8, 0x03, 0xFC,
    0xF0, 0x07, 0xFC, 0xC1, 0x1F, 0xF8, 0x81, 0x7F, 0xF8, 0x03, 0xFE, 0xFF, 0x07, 0xFC, 0xFF, 0x07,
    0xF0, 0xFF, 0x0F, 0xC0, 0xFF, 0x0F, 0x00, 0xFF, 0x0F, 0x00, 0xFC, 0x0F, 0x00, 0xE0, 0x07, 0x00,
    0x86, 0x44, 0x01, 0x01, 0x11, 0x1C, 0x2D, 0x1D, 0x00, 0xFC, 0x03, 0x00, 0xC0, 0x3F, 0x00, 0x00,
    0xFE, 0x07, 0x00, 0xE0, 0x7F, 0x00, 0x00, 0xFE, 0x07, 0x00, 0xE0, 0x7F, 0x00, 0x00, 0xFF, 0x0F,
    0x00, 0xF0, 0xFF, 0x00, 0x00, 0xFF, 0x0F, 0x00, 0xF0, 0xFF, 0x00, 0x80, 0xBF, 0x1F, 0x00, 0xF8,
    0xFB, 0x01, 0x80, 0x9F, 0x1F, 0x00, 0xF8, 0xF9, 0x01, 0xC0, 0x9F, 0x1F, 0x00, 0xFC, 0xF1, 0x03,
    0xC0, 0x0F, 0x3F, 0x00, 0xFC, 0xF0, 0x03, 0xE0, 0x0F, 0x3F, 0x00, 0xFE, 0xE0, 0x07, 0xE0, 0x0F,
    0x7E, 0x00, 0x7E, 0xE0, 0x07, 0xE0, 0x07, 0x7E, 0x00, 0x7F, 0xC0, 0x0F, 0xF0, 0x07, 0xFC, 0x00,
    0x3F, 0xC0, 0x0F, 0xF0, 0x03, 0xFC, 0x80, 0x3F, 0x80, 0x1F, 0xF8, 0x03, 0xF8, 0x81, 0x1F, 0x80,
    0x1F, 0xF8, 0x01, 0xF8, 0xC1, 0x1F, 0x00, 0x3F, 0xFC, 0x01, 0xF0, 0xC3, 0x0F, 0x00, 0x3F, 0xFC,
    0x00, 0xF0, 0xE3, 0x0F, 0x00, 0x7E, 0xFE, 0x00, 0xE0, 0xE7, 0xFF, 0xFF, 0x7F, 0xFE, 0xFF, 0xFF,
    0xF7, 0xFF, 0xFF, 0xFF, 0xFF, 0xFF, 0xFF, 0xFF, 0xFF, 0xFF, 0xFF, 0xFF, 0xFF, 0xFF, 0xFF, 0xFF,
    0xFF, 0xFF, 0xFF, 0xFF, 0xFF, 0x0F, 0x8F, 0x44, 0x01, 0x03, 0x13, 0x1E, 0x31, 0x25, 0xFF, 0xFF,
    0xFF, 0xFF, 0xFF, 0xFF, 0xFF, 0xFF, 0xFF, 0xFF, 0xFF, 0xFF, 0xFF, 0xFF, 0xFF, 0xFF, 0xFF, 0xFF,
    0xFF, 0xFF, 0xFF, 0xFF, 0xFF, 0x07, 0x00, 0xF8, 0xFF, 0x01, 0x00, 0xFE, 0x7F, 0x00, 0x80, 0xFF,
    0x1F, 0x00, 0xE0, 0xFF, 0x07, 0x00, 0xF8, 0xFF, 0x01, 0x00, 0xFE, 0x7F, 0x00, 0x80, 0xFF, 0x1F,
    0x00, 0xE0, 0xFF, 0x07, 0x00, 0xF8, 0xFF, 0x01, 0x00, 0xFE, 0x7F, 0x00, 0x80, 0xFF, 0x1F, 0x00,
    0xE0, 0xFF, 0x07, 0x00, 0xF8, 0xFF, 0x01, 0x00, 0xFE, 0x7F, 0x00, 0x80, 0xFF, 0x1F, 0x00, 0xE0,
    0xFF, 0x07, 0x00, 0xF8, 0xFF, 0x01, 0x00, 0xFE, 0x7F, 0x00, 0x80, 0xFF, 0x1F, 0x00, 0xE0, 0xFF,
    0x07, 0x00, 0xF8, 0xFF, 0x01, 0x00, 0xFE, 0x7F, 0x00, 0x80, 0xFF, 0x1F, 0x00, 0xE0, 0xFF, 0x07,
    0x00, 0xF8, 0xFF, 0x01, 0x00, 0xFE, 0x7F, 0x00, 0x80, 0xFF, 0x1F, 0x00, 0xE0, 0xFF, 0x07, 0x00,
    0xF8, 0xFF, 0x01, 0x00, 0xFE, 0x7F, 0x00, 0x80, 0xFF, 0x1F, 0x00, 0xE0, 0xFF, 0x07, 0x00, 0xF8,
    0xFF, 0x01, 0x00, 0xFE, 0x7F, 0x00, 0x80, 0xFF, 0x1F, 0x00, 0xE0, 0xFF, 0x07, 0x00, 0xF8, 0xFF,
    0x01, 0x00, 0xFE, 0x7F, 0x00, 0x80, 0xFF, 0x1F, 0x00, 0xE0, 0xFF, 0x07, 0x00, 0xF8, 0xFF, 0x01,
    0x00, 0xFE, 0x7F, 0x00, 0x80, 0x3F, 0x91, 0x44, 0x02, 0x01, 0x13, 0x1D, 0x32, 0x20, 0xFE, 0xFF,
    0xFF, 0xCF, 0xFF, 0xFF, 0xFF, 0xF9, 0xFF, 0xFF, 0x3F, 0xFF, 0xFF, 0xFF, 0xE7, 0xFF, 0xFF, 0xFF,
    0xFC, 0xFF, 0xFF, 0x0F, 0x00, 0x00, 0xFE, 0x01, 0x00, 0xC0, 0x1F, 0x00, 0x00, 0xFC, 0x01, 0x00,
    0xC0, 0x3F, 0x00, 0x00, 0xF8, 0x03, 0x00, 0x80, 0x3F, 0x00, 0x00, 0xF8, 0x07, 0x00, 0x00, 0x7F,
    0x00, 0x00, 0xF0, 0x07, 0x00, 0x00, 0xFF, 0x00, 0x00, 0xE0, 0x0F, 0x00, 0x00, 0xFE, 0x00, 0x00,
    0xE0, 0x1F, 0x00, 0x00, 0xFC, 0x01, 0x00, 0xC0, 0x1F, 0x00, 0x00, 0xFC, 0x01, 0x00, 0x80, 0x3F,
    0x00, 0x00, 0xF8, 0x03, 0x00, 0x80, 0x3F, 0x00, 0x00, 0xE0, 0x0F, 0x00, 0x00, 0xFC, 0x01, 0x00,
    0x00, 0x7F, 0x00, 0x00, 0xC0, 0x1F, 0x00, 0x00, 0xF8, 0x07, 0x00, 0x00, 0xFE, 0x00, 0x00, 0x80,
    0x3F, 0x00, 0x00, 0xE0, 0x0F, 0x00, 0x00, 0xFC, 0x01, 0x00, 0x00, 0x7F, 0x00, 0x00, 0xC0, 0x1F,
    0x00, 0x00, 0xF8, 0x03, 0x00, 0x00, 0xFE, 0x00, 0x00, 0x80, 0x3F, 0x00, 0x00, 0xF0, 0x07, 0x00,
    0x00, 0xFC, 0x01, 0x00, 0x00, 0x7F, 0x00, 0x00, 0xE0, 0x1F, 0x00, 0x00, 0xF8, 0xF3, 0xFF, 0xFF,
    0xFF, 0xFE, 0xFF, 0xFF, 0xFF, 0xFF, 0xFF, 0xFF, 0xFF, 0xFF, 0xFF, 0xFF, 0xFF, 0xFF, 0xFF, 0xFF,
    0xFF, 0xFF, 0xFF, 0x03, 0x03, 0x29, 0x1A, 0x06, 0x20, 0xFF, 0xFF, 0xFF, 0xFF, 0xFF, 0xFF, 0xFF,
    0xFF, 0xFF, 0xFF, 0xFF, 0xFF, 0xFF, 0xFF, 0xFF, 0xFF, 0xFF, 0xFF, 0xFF, 0x0F, 0x95, 0x44, 0x01,
    0x00, 0x10, 0x14, 0x2F, 0x17, 0x1F, 0x00, 0xF0, 0x01, 0x00, 0x1F, 0x00, 0xF0, 0x03, 0x00, 0x3F,
    0x00, 0xE0, 0x03, 0x00, 0x7E, 0x00, 0xE0, 0x07, 0x00, 0x7C, 0x00, 0xC0, 0x0F, 0x00, 0xFC, 0x00,
    0x80, 0x0F, 0x00, 0xF8, 0x01, 0x80, 0x1F, 0x00, 0xF0, 0x01, 0x00, 0x3F, 0x00, 0xF0, 0x03, 0x00,
    0x3E, 0x00, 0xE0, 0x07, 0x00, 0x7E, 0x00, 0xC0, 0x07, 0x00, 0xFC, 0x00, 0xC0, 0x0F, 0x00, 0xF8,
    0x00, 0x80, 0x1F, 0x00, 0xF8, 0x01, 0x80, 0x1F, 0x00, 0xF0, 0x03, 0x00, 0x3F, 0x00, 0xF0, 0x03,
    0x00, 0x7E, 0x00, 0xE0, 0x07, 0x00, 0x7E, 0x00, 0xC0, 0x0F, 0x00, 0xFC, 0x00, 0xC0, 0x0F, 0x00,
    0xF8, 0x01, 0x80, 0x1F, 0x00, 0xF8, 0x01, 0x00, 0x3F, 0x00, 0xF0, 0x03, 0x00, 0x3F, 0x00, 0xE0,
    0x07, 0x00, 0x7E, 0x00, 0xE0, 0x07, 0x00, 0xFC, 0x00, 0xC0, 0x0F, 0x99, 0x44, 0x04, 0x03, 0x27,
    0x07, 0x0A, 0x0C, 0x1C, 0xDF, 0xFF, 0xFF, 0xFF, 0xFF, 0xFF, 0x3E, 0x0E, 0x00, 0x0E, 0x19, 0x32,
    0x1B, 0x0F, 0x00, 0x00, 0x1E, 0x00, 0x00, 0x3C, 0x00, 0x00, 0x78, 0x00, 0x00, 0xE0, 0x01, 0x00,
    0xC0, 0x03, 0x00, 0x80, 0x07, 0x00, 0x00, 0x0F, 0x00, 0x00, 0x1E, 0x00, 0x00, 0x78, 0x00, 0x00,
    0xF0, 0x00, 0x00, 0xE0, 0x01, 0x00, 0xC0, 0x03, 0x00, 0x80, 0x07, 0x00, 0x00, 0x1E, 0x00, 0x00,
    0x3C, 0x00, 0x00, 0x78, 0x00, 0x00, 0xF0, 0x00, 0x00, 0xE0, 0x01, 0x00, 0x80, 0x07, 0x00, 0x00,
    0x0F, 0x00, 0x00, 0x1E, 0x80, 0x00, 0x3C, 0x80, 0x03, 0x78, 0x00, 0x0F, 0xE0, 0x01, 0x3E, 0xC0,
    0x03, 0xFE, 0x80, 0x07, 0xFC, 0x03, 0x0F, 0xF8, 0x0F, 0x1E, 0xF0, 0x1F, 0x78, 0xF0, 0x1F, 0xF0,
    0xE0, 0x33, 0xE0, 0xC1, 0x07, 0xC0, 0xC3, 0x0F, 0x80, 0x87, 0x0F, 0x00, 0x1E, 0x1F, 0x00, 0x3C,
    0x3F, 0x00, 0x78, 0x3E, 0x00, 0xF0, 0x7C, 0x00, 0xE0, 0xF9, 0x00, 0xC0, 0xFF, 0x00, 0x00, 0xFF,
    0x01, 0x00, 0xFE, 0x03, 0x00, 0xFC, 0x07, 0x00, 0xF8, 0x07, 0x00, 0xF0, 0x0F, 0x00, 0xC0, 0x1F,
    0x00, 0x80, 0x1F, 0x00, 0x00, 0x3F, 0x00, 0x00, 0x7E, 0x00, 0x00, 0x7C, 0x00, 0x00, 0x00, 0x0E,
    0x1A, 0x32, 0x1B, 0x00, 0x80, 0x3F, 0x3C, 0x00, 0xFF, 0xF1, 0x00, 0xFE, 0xDF, 0x07, 0xF8, 0x7F,
    0x1E, 0xF0, 0x61, 0x78, 0xC0, 0x07, 0xE0, 0x01, 0x1F, 0x80, 0x07, 0xF8, 0x0F, 0x3E, 0xC0, 0x3F,
    0xF0, 0x00, 0xFE, 0xC0, 0x03, 0xFE, 0x03, 0x0F, 0xFC, 0x00, 0x3C, 0xF0, 0x01, 0xF0, 0xC1, 0x07,
    0x80, 0x07, 0x1F, 0x04, 0x1E, 0xFC, 0x38, 0x78, 0xF0, 0xFF, 0xE3, 0x81, 0xFF, 0x87, 0x0F, 0xFC,
    0x0F, 0x3C, 0xC0, 0x0F, 0xF0, 0x00, 0x00, 0xC0, 0x03, 0x10, 0x00, 0x0F, 0xC0, 0x01, 0x7C, 0x00,
    0x0F, 0xE0, 0x01, 0x7E, 0x80, 0x07, 0xF8, 0x03, 0x1E, 0xE0, 0x1F, 0x78, 0xC0, 0xFF, 0xE0, 0x03,
    0xFF, 0x01, 0x0F, 0x7C, 0x07, 0x3C, 0xF8, 0x09, 0xF0, 0xE0, 0x07, 0xC0, 0x83, 0x0F, 0x00, 0x1F,
    0x3F, 0x00, 0x78, 0xFC, 0x00, 0xE0, 0xF1, 0x01, 0x80, 0xE7, 0x07, 0x00, 0x9E, 0x1F, 0x00, 0xF8,
    0x3E, 0x00, 0xC0, 0xFF, 0x00, 0x00, 0xFF, 0x03, 0x00, 0xFC, 0x07, 0x00, 0xF0, 0x1F, 0x00, 0xC0,
    0x7F, 0x00, 0x00, 0xFE, 0x00, 0x00, 0xF8, 0x03, 0x00, 0xE0, 0x0F, 0x00, 0x80, 0x1F, 0x00, 0x00,
    0x7E, 0x00, 0x00, 0xF0, 0x01, 0x00, 0x00, 0x0E, 0x1A, 0x31, 0x1B, 0x0F, 0x3E, 0xF0, 0x3D, 0xF8,
    0xE0, 0xF3, 0xC0, 0x87, 0xCF, 0x07, 0x3E, 0x1F, 0x1E, 0xF0, 0x3E, 0x78, 0x80, 0x7F, 0xE0, 0x01,
    0xFE, 0x81, 0x07, 0xF0, 0x03, 0x3E, 0xC0, 0x0F, 0xF0, 0x80, 0x7F, 0xC0, 0x03, 0xFF, 0x01, 0x0F,
    0xFC, 0x0F, 0x3C, 0xF8, 0x7C, 0xF0, 0xF1, 0xE1, 0x83, 0xE7, 0x03, 0x1F, 0x9E, 0x0F, 0x7C, 0x78,
    0x00, 0x00, 0xE0, 0x01, 0x00, 0x80, 0x0F, 0x00, 0x00, 0x3C, 0x00, 0x00, 0xF0, 0x00, 0x00, 0xC0,
    0x03, 0x18, 0x00, 0x0F, 0xE0, 0x01, 0x7C, 0x80, 0x0F, 0xE0, 0x01, 0x7E, 0x80, 0x07, 0xFC, 0x03,
    0x1E, 0xF0, 0x1F, 0x78, 0xC0, 0x7F, 0xE0, 0x83, 0xFF, 0x00, 0x0F, 0x3E, 0x03, 0x3C, 0xF8, 0x08,
    0xF0, 0xF0, 0x03, 0xC0, 0xC3, 0x07, 0x00, 0x1F, 0x1F, 0x00, 0x78, 0x7C, 0x00, 0xE0, 0xF9, 0x01,
    0x80, 0xE7, 0x03, 0x00, 0x9E, 0x0F, 0x00, 0xF8, 0x3F, 0x00, 0xC0, 0x7F, 0x00, 0x00, 0xFF, 0x01,
    0x00, 0xFC, 0x07, 0x00, 0xF0, 0x0F, 0x00, 0xC0, 0x3F, 0x00, 0x00, 0xFE, 0x00, 0x00, 0xF8, 0x01,
    0x00, 0xE0, 0x07, 0x00, 0x80, 0x1F, 0x00, 0x00, 0x7E, 0x00, 0x00, 0x9E, 0x44, 0x04, 0x02, 0x1F,
    0x24, 0x19, 0x28, 0xC0, 0x0F, 0x00, 0x3F, 0x00, 0xFF, 0x01, 0xF8, 0x0F, 0xF8, 0x7F, 0xE0, 0xFF,
    0x81, 0xFF, 0x0F, 0xFF, 0x3F, 0xFC, 0xFF, 0xF0, 0xFF, 0xE3, 0xFF, 0x9F, 0xFF, 0x7F, 0x7E, 0xF8,
    0xFD, 0xF1, 0xE7, 0x03, 0xFE, 0x0F, 0x7C, 0x3F, 0xE0, 0x7F, 0xC0, 0xFF, 0x01, 0xFC, 0x03, 0xF8,
    0x1F, 0x80, 0x1F, 0x80, 0xFF, 0x01, 0xF8, 0x01, 0xF8, 0x1F, 0x00, 0x0F, 0x80, 0xFF, 0x01, 0xF8,
    0x01, 0xF8, 0x1F, 0x80, 0x1F, 0x80, 0xFF, 0x01, 0xFC, 0x03, 0xF8, 0x3F, 0xE0, 0x7F, 0xC0, 0xEF,
    0x03, 0xFE, 0x07, 0x7E, 0x7E, 0xF8, 0xFD, 0xF1, 0xE7, 0xFF, 0x9F, 0xFF, 0x7F, 0xFC, 0xFF, 0xF0,
    0xFF, 0x83, 0xFF, 0x0F, 0xFE, 0x3F, 0xF8, 0x7F, 0xE0, 0xFF, 0x01, 0xFF, 0x01, 0xF8, 0x0F, 0xC0,
    0x0F, 0x00, 0x3F, 0x00, 0x03, 0x09, 0x29, 0x36, 0x2F, 0x00, 0x00, 0x00, 0x00, 0xC0, 0x01, 0x00,
    0x00, 0x00, 0x80, 0x03, 0x00, 0x00, 0x00, 0x00, 0x07, 0x00, 0x00, 0x00, 0x00, 0x0E, 0x00, 0x00,
    0x00, 0x00, 0x1C, 0x00, 0x00, 0x00, 0x00, 0x38, 0x00, 0x00, 0x00, 0x00, 0x70, 0x00, 0x00, 0x00,
    0x00, 0xE0, 0x00, 0x00, 0x00, 0x00, 0xC0, 0x01, 0x00, 0x00, 0x00, 0x80, 0x03, 0x00, 0x00, 0x00,
    0x00, 0x07, 0x00, 0x00, 0x00, 0x00, 0x0E, 0x00, 0x00, 0x00, 0x00, 0x1C, 0x00, 0x00, 0x00, 0x00,
    0x38, 0x00, 0x00, 0x00, 0x00, 0x70, 0x00, 0x00, 0x00, 0x00, 0xE0, 0x00, 0x00, 0x00, 0x00, 0xC0,
    0x01, 0x00, 0x00, 0x00, 0x80, 0x03, 0x00, 0x00, 0x00, 0x00, 0x07, 0x00, 0x00, 0x00, 0x00, 0x0E,
    0x00, 0x00, 0x00, 0x00, 0x1C, 0x00, 0x00, 0x00, 0x00, 0x38, 0x00, 0x00, 0x00, 0x00, 0x70, 0x00,
    0x00, 0x00, 0x00, 0xE0, 0x00, 0x00, 0x00, 0x00, 0xC0, 0x01, 0x00, 0x00, 0x00, 0x80, 0x03, 0x00,
    0x00, 0x00, 0x00, 0x07, 0x00, 0x00, 0x00, 0x00, 0x0E, 0x00, 0x00, 0x00, 0x00, 0x1C, 0x00, 0x00,
    0x00, 0x00, 0x38, 0x00, 0x00, 0x00, 0x00, 0x70, 0x00, 0x00, 0x00, 0x00, 0xE0, 0x00, 0x00, 0x00,
    0x00, 0xC0, 0x01, 0x00, 0x00, 0x00, 0x80, 0x03, 0x00, 0x00, 0x00, 0x00, 0x07, 0x00, 0x00, 0x00,
    0x00, 0x0E, 0x00, 0x00, 0x00, 0x00, 0x1C, 0x00, 0x00, 0x00, 0x00, 0x38, 0x00, 0x00, 0x00, 0x00,
    0x70, 0x00, 0x00, 0x00, 0x00, 0xE0, 0x00, 0x00, 0x00, 0x00, 0xC0, 0x01, 0x00, 0x00, 0x00, 0x80,
    0x03, 0x00, 0x00, 0x00, 0x00, 0x07, 0x00, 0x00, 0x00, 0x00, 0x0E, 0x00, 0x00, 0x00, 0x00, 0x1C,
    0x00, 0x00, 0x00, 0x00, 0x38, 0x00, 0x00, 0x00, 0x00, 0x70, 0x00, 0x00, 0x00, 0x00, 0xE0, 0x00,
    0x00, 0x00, 0x00, 0xC0, 0x01, 0x00, 0x00, 0x00, 0x80, 0xFF, 0xFF, 0xFF, 0xFF, 0xFF, 0xFF, 0xFF,
    0xFF, 0xFF, 0xFF, 0xFF, 0xFF, 0xFF, 0xFF, 0xFF, 0xFF, 0xFF, 0xFF, 0xFF, 0xFF, 0x3F, 0x01, 0x10,
    0x30, 0x2E, 0x37, 0x01, 0x00, 0x00, 0x00, 0x00, 0x00, 0x03, 0x00, 0x00, 0x00, 0x00, 0x00, 0x07,
    0x00, 0x00, 0x00, 0x00, 0x00, 0x0F, 0x00, 0x00, 0x00, 0x00, 0x00, 0x1F, 0x00, 0x00, 0x00, 0x00,
    0x00, 0x3F, 0x00, 0x00, 0x00, 0x00, 0x00, 0x7F, 0x00, 0x00, 0x00, 0x00, 0x00, 0xFF, 0x00, 0x00,
    0x00, 0x00, 0x00, 0xFF, 0x01, 0x00, 0x00, 0x00, 0x00, 0xFF, 0x03, 0x00, 0x00, 0x00, 0x00, 0xFE,
    0x07, 0x00, 0x00, 0x00, 0x00, 0xFC, 0x1F, 0x00, 0x00, 0x00, 0x00, 0xF8, 0x3F, 0x00, 0x00, 0x00,
    0x00, 0xF0, 0x7F, 0x00, 0x00, 0x00, 0x00, 0xE0, 0xFF, 0x00, 0x00, 0x00, 0x00, 0xC0, 0xFF, 0x01,
    0x00, 0x00, 0x00, 0x80, 0xFF, 0x03, 0x00, 0x00, 0x00, 0x00, 0xFF, 0x07, 0x00, 0x00, 0x00, 0x00,
    0xFE, 0x0F, 0x00, 0x00, 0x00, 0x00, 0xFC, 0x1F, 0x00, 0x00, 0x00, 0x00, 0xF8, 0x3F, 0x00, 0x00,
    0x00, 0x00, 0xF0, 0x7F, 0x00, 0x00, 0x00, 0x00, 0xE0, 0xFF, 0x00, 0x00, 0x00, 0x00, 0xC0, 0xFF,
    0x01, 0x00, 0x00, 0x00, 0x80, 0xFF, 0x03, 0x00, 0x00, 0x00, 0x00, 0xFF, 0x07, 0x00, 0x00, 0x00,
    0x00, 0xFE, 0x0F, 0x00, 0x00, 0x00, 0x00, 0xFC, 0x1F, 0x00, 0x00, 0x00, 0x00, 0xF8, 0x3F, 0x00,
    0x00, 0x00, 0x00, 0xF0, 0x7F, 0x00, 0x00, 0x00, 0x00, 0xE0, 0xFF, 0x00, 0x00, 0x00, 0x00, 0xC0,
    0xFF, 0x01, 0x00, 0x00, 0x00, 0x00, 0xFF, 0x03, 0x00, 0x00, 0x00, 0x00, 0xFE, 0x07, 0x00, 0x00,
    0x00, 0x00, 0xFC, 0x0F, 0x00, 0x00, 0x00, 0x00, 0xF8, 0x1F, 0x00, 0x00, 0x00, 0x00, 0xF0, 0x3F,
    0x00, 0x00, 0x00, 0x00, 0xE0, 0x7F, 0x00, 0xFF, 0xFF, 0xFF, 0xFF, 0xFF, 0x00, 0xFF, 0xFF, 0xFF,
    0xFF, 0xFF, 0x01, 0xFF, 0xFF, 0xFF, 0xFF, 0xFF, 0x03, 0xFF, 0xFF, 0xFF, 0xFF, 0xFF, 0x07, 0xFF,
    0xFF, 0xFF, 0xFF, 0xFF, 0x0F, 0xFF, 0xFF, 0xFF, 0xFF, 0xFF, 0x1F, 0xFF, 0xFF, 0xFF, 0xFF, 0xFF,
    0x3F, 0xFF, 0xFF, 0xFF, 0xFF, 0xFF, 0x7F, 0x01, 0x0C, 0x2C, 0x33, 0x31, 0x00, 0x00, 0x00, 0x00,
    0x00, 0x10, 0x00, 0x00, 0x00, 0x00, 0x00, 0x03, 0x00, 0x00, 0x00, 0x00, 0x70, 0x00, 0x00, 0x00,
    0x00, 0x00, 0x0F, 0x00, 0x00, 0x00, 0x00, 0xF0, 0x01, 0x00, 0x00, 0x00, 0x00, 0x1F, 0x00, 0x00,
    0x00, 0x00, 0xF0, 0x03, 0x00, 0x00, 0x00, 0x00, 0x7F, 0x00, 0x00, 0x00, 0x00, 0xF0, 0x0F, 0x00,
    0x00, 0x00, 0x00, 0xFF, 0x01, 0x00, 0x00, 0x00, 0xF0, 0x3F, 0x00, 0x00, 0x00, 0x00, 0xFE, 0x07,
    0x00, 0x00, 0x00, 0xC0, 0x7F, 0x00, 0x00, 0x00, 0x00, 0xFC, 0x0F, 0x00, 0x00, 0x00, 0x80, 0xFF,
    0x01, 0x00, 0x00, 0x00, 0xF0, 0x3F, 0x00, 0x00, 0x00, 0x00, 0xFE, 0x07, 0x00, 0x00, 0x00, 0xC0,
    0xFF, 0x00, 0x00, 0x00, 0x00, 0xF8, 0x1F, 0x00, 0x00, 0x00, 0x00, 0xFF, 0x03, 0x00, 0x00, 0x00,
    0xE0, 0x3F, 0x00, 0x00, 0x00, 0x00, 0xFE, 0x07, 0x00, 0x00, 0x00, 0xC0, 0xFF, 0x00, 0x00, 0x00,
    0x00, 0xF8, 0x1F, 0x00, 0x00, 0x00, 0x00, 0xFF, 0x03, 0x00, 0x00, 0x00, 0xE0, 0x7F, 0x00, 0x00,
    0x00, 0x00, 0xFC, 0x0F, 0x00, 0x00, 0x00, 0xE0, 0xFF, 0x00, 0x00, 0x00, 0x00, 0xFF, 0x1F, 0x00,
    0x00, 0x00, 0xF0, 0xFF, 0x03, 0x00, 0x00, 0x80, 0xFF, 0x7F, 0x00, 0x00, 0x00, 0xF8, 0xFF, 0x0F,
    0x00, 0x00, 0x80, 0xBF, 0xFF, 0x01, 0x00, 0x00, 0xFC, 0xF3, 0x3F, 0x00, 0x00, 0xC0, 0x1F, 0xFE,
    0x07, 0x00, 0x00, 0xFC, 0xC1, 0x7F, 0x00, 0x00, 0xC0, 0x1F, 0xFC, 0x0F, 0x00, 0x00, 0xFC, 0x81,
    0xFF, 0x01, 0x00, 0xC0, 0x1F, 0xF0, 0x3F, 0x00, 0x00, 0xFC, 0x01, 0xFE, 0x07, 0x00, 0xC0, 0x3F,
    0xC0, 0xFF, 0x00, 0x00, 0xF8, 0x03, 0xF8, 0x1F, 0xF0, 0xFF, 0xFF, 0xFF, 0xFF, 0x01, 0xFF, 0xFF,
    0xFF, 0xFF, 0x3F, 0xF0, 0xFF, 0xFF, 0xFF, 0xFF, 0x07, 0xFF, 0xFF, 0xFF, 0xFF, 0xFF, 0xF0, 0xFF,
    0xFF, 0xFF, 0xFF, 0x1F, 0xFF, 0xFF, 0xFF, 0xFF, 0xFF, 0xF3, 0xFF, 0xFF, 0xFF, 0xFF, 0x7F, 0xFF,
    0xFF, 0xFF, 0xFF, 0xFF, 0x0F, 0xA9, 0x44, 0x03, 0x04, 0x0F, 0x1A, 0x30, 0x21, 0x00, 0xFC, 0x00,
    0x00, 0xFE, 0x0F, 0x00, 0xFC, 0xFF, 0x00, 0xF8, 0xFF, 0x07, 0xF0, 0xFF, 0x3F, 0xE0, 0x0F, 0xFC,
    0x80, 0x0F, 0xC0, 0x07, 0x1F, 0x00, 0x3E, 0x3C, 0x00, 0xF0, 0xF0, 0x00, 0x80, 0xE7, 0x01, 0x00,
    0x9E, 0x07, 0x00, 0x70, 0x0E, 0x00, 0xC0, 0x3D, 0x00, 0x00, 0xFF, 0x00, 0x00, 0xF8, 0x03, 0x00,
    0xE0, 0x0F, 0x00, 0x80, 0x3F, 0x00, 0x00, 0xFE, 0x00, 0x00, 0xF8, 0x01, 0x00, 0xE0, 0x07, 0x00,
    0x80, 0x1F, 0x00, 0x00, 0x7E, 0x00, 0x00, 0xF8, 0x01, 0x00, 0xE0, 0x07, 0x00, 0x80, 0x1F, 0x00,
    0x00, 0x7E, 0x00, 0x00, 0xF8, 0x01, 0x00, 0xE0, 0x07, 0x00, 0x80, 0x1F, 0x00, 0x00, 0x7E, 0x00,
    0x00, 0xF8, 0x01, 0x00, 0xE0, 0x07, 0x00, 0x80, 0x1F, 0x00, 0x00, 0x7E, 0x00, 0x00, 0xF8, 0x01,
    0x00, 0xE0, 0x07, 0x00, 0x80, 0x1F, 0x00, 0x00, 0x7E, 0x00, 0x00, 0xF8, 0x01, 0x00, 0xE0, 0x07,
    0x00, 0x80, 0x1F, 0x00, 0x00, 0x7E, 0x00, 0x00, 0xF8, 0x01, 0x00, 0xE0, 0x07, 0x00, 0x80, 0x1F,
    0x00, 0x00, 0x7E, 0x00, 0x00, 0xF8, 0x01, 0x00, 0xE0, 0x04, 0x10, 0x1A, 0x2F, 0x21, 0x07, 0x00,
    0x80, 0x1F, 0x00, 0x00, 0x7E, 0x00, 0x00, 0xF8, 0x01, 0x00, 0xE0, 0x07, 0x00, 0x80, 0x1F, 0x00,
    0x00, 0x7E, 0x00, 0x00, 0xF8, 0x01, 0x00, 0xE0, 0x07, 0x00, 0x80, 0x1F, 0x00, 0x00, 0x7E, 0x00,
    0x00, 0xF8, 0x01, 0x00, 0xE0, 0x07, 0x00, 0x80, 0x1F, 0x00, 0x00, 0x7E, 0x00, 0x00, 0xF8, 0x01,
    0x00, 0xE0, 0x07, 0x00, 0x80, 0x1F, 0x00, 0x00, 0x7E, 0x00, 0x00, 0xF8, 0x01, 0x00, 0xE0, 0x07,
    0x00, 0x80, 0x1F, 0x00, 0x00, 0x7E, 0x00, 0x00, 0xF8, 0x01, 0x00, 0xE0, 0x07, 0x00, 0x80, 0x1F,
    0x00, 0x00, 0x7E, 0x00, 0x00, 0xF8, 0x01, 0x00, 0xE0, 0x07, 0x00, 0x80, 0x3F, 0x00, 0x00, 0xFE,
    0x00, 0x00, 0xF8, 0x03, 0x00, 0xE0, 0x0F, 0x00, 0x80, 0x3F, 0x00, 0x00, 0xEE, 0x00, 0x00, 0x9C,
    0x03, 0x00, 0x70, 0x1E, 0x00, 0xC0, 0x79, 0x00, 0x80, 0xC7, 0x03, 0x00, 0x0E, 0x0F, 0x00, 0x3C,
    0x78, 0x00, 0x78, 0xE0, 0x03, 0xF0, 0x01, 0x3F, 0xF0, 0x03, 0xF8, 0xFF, 0x07, 0xC0, 0xFF, 0x0F,
    0x00, 0xFE, 0x0F, 0x00, 0xC0, 0x0F, 0x00, 0x02, 0x11, 0x15, 0x34, 0x18, 0xFE, 0x00, 0xE0, 0x7F,
    0x00, 0xF8, 0x1F, 0x00, 0xFF, 0x07, 0xE0, 0xFF, 0x01, 0xC4, 0x3F, 0x00, 0xF0, 0x0F, 0x00, 0xFC,
    0x01, 0x80, 0x3F, 0x00, 0xF0, 0x07, 0x00, 0xFE, 0x00, 0xC0, 0x1F, 0x00, 0xF8, 0x03, 0x00, 0x7F,
    0x00, 0xE0, 0x0F, 0x00, 0xFC, 0x01, 0x80, 0x3F, 0x00, 0xF0, 0x07, 0x00, 0xFE, 0x00, 0xC0, 0x1F,
    0x00, 0xF8, 0x03, 0x00, 0x7F, 0x00, 0xE0, 0x0F, 0x00, 0xFC, 0x01, 0x80, 0x3F, 0x00, 0xF0, 0x07,
    0x00, 0xFE, 0x00, 0xC0, 0x1F, 0x00, 0xF8, 0x03, 0x00, 0x7F, 0x00, 0xE0, 0x0F, 0x00, 0xFC, 0x01,
    0x80, 0x3F, 0x00, 0xF0, 0x07, 0x00, 0xFE, 0x00, 0xC0, 0x1F, 0x00, 0xF8, 0x03, 0x00, 0x7F, 0x00,
    0xE0, 0x0F, 0x00, 0xFC, 0x01, 0x80, 0x3F, 0x00, 0xF0, 0x07, 0x00, 0xFE, 0x00, 0xC0, 0x1F, 0x00,
    0xF8, 0x03, 0x00, 0xFE, 0x00, 0xC0, 0x3F, 0x02, 0xF8, 0x7F, 0x00, 0xFE, 0x0F, 0x80, 0xFF, 0x01,
    0xE0, 0x7F, 0x00, 0xF0, 0x07, 0xC8, 0x44, 0x01, 0x03, 0x1F, 0x1A, 0x1C, 0x20, 0x00, 0x00, 0x0E,
    0x04, 0x00, 0xFF, 0x30, 0x00, 0xFE, 0xC7, 0x01, 0xFE, 0x7F, 0x1F, 0xFE, 0xFF, 0xFF, 0xFF, 0xFF,
    0xFF, 0xFF, 0xFF, 0xFF, 0xFF, 0xFF, 0xFF, 0xFE, 0xFF, 0xC0, 0xF3, 0xFF, 0x00, 0x0E, 0xFF, 0x00,
    0x20, 0xF8, 0x00, 0x00, 0x00, 0x00, 0x00, 0x00, 0x00, 0x00, 0x00, 0x00, 0x00, 0x00, 0x00, 0x00,
    0x00, 0x00, 0x80, 0x1F, 0x04, 0x00, 0xFF, 0x30, 0x00, 0xFF, 0xCF, 0x03, 0xFE, 0x7F, 0x1F, 0xFE,
    0xFF, 0xFF, 0xFF, 0xFF, 0xFF, 0xFF, 0xFF, 0xFF, 0xFF, 0xFF, 0xFF, 0xFE, 0xFF, 0xC0, 0xF3, 0xFF,
    0x00, 0x0E, 0xFF, 0x00, 0x20, 0xF8, 0x00, 0x00, 0xE0, 0x44, 0x02, 0x03, 0x14, 0x1A, 0x2C, 0x20,
    0xF8, 0x00, 0x00, 0xE0, 0x03, 0x00, 0x80, 0x1F, 0x00, 0x00, 0x7C, 0x00, 0x00, 0xF0, 0x01, 0x00,
    0xC0, 0x0F, 0x00, 0x00, 0x3E, 0x00, 0x00, 0xF8, 0x00, 0x00, 0xE0, 0x07, 0x00, 0x00, 0x1F, 0x00,
    0x00, 0x7C, 0x00, 0x00, 0xF0, 0x03, 0x00, 0xFF, 0xFF, 0xFF, 0xFF, 0xFF, 0xFF, 0xFF, 0xFF, 0xFF,
    0xFF, 0xFF, 0xFF, 0xFF, 0xFF, 0xFF, 0xFF, 0xFF, 0xFF, 0xFF, 0x0F, 0xE0, 0x03, 0x00, 0x80, 0x1F,
    0x00, 0x00, 0x7C, 0x00, 0x00, 0xF0, 0x01, 0x00, 0xC0, 0x0F, 0x00, 0x00, 0x3E, 0x00, 0x00, 0xF8,
    0x00, 0x00, 0xE0, 0x07, 0x00, 0x00, 0x1F, 0x00, 0x00, 0x7C, 0x00, 0xFF, 0xFF, 0xFF, 0xFF, 0xFF,
    0xFF, 0xFF, 0xFF, 0xFF, 0xFF, 0xFF, 0xFF, 0xFF, 0xFF, 0xFF, 0xFF, 0xFF, 0xFF, 0xFF, 0x0F, 0x00,
    0xF8, 0x00, 0x00, 0xE0, 0x03, 0x00, 0x80, 0x1F, 0x00, 0x00, 0x7C, 0x00, 0x00, 0xF0, 0x01, 0x00,
    0xC0, 0x0F, 0x00, 0x00, 0x3E, 0x00, 0x00, 0xF8, 0x00, 0x00, 0xE0, 0x07, 0x00, 0x00, 0x1F, 0x03,
    0x1C, 0x1A, 0x23, 0x20, 0xFF, 0xFF, 0xFF, 0xFF, 0xFF, 0xFF, 0xFF, 0xFF, 0xFF, 0xFF, 0xFF, 0xFF,
    0xFF, 0xFF, 0xFF, 0xFF, 0xFF, 0xFF, 0xFF, 0x0F, 0x00, 0x00, 0x00, 0x00, 0x00, 0x00, 0x00, 0x00,
    0x00, 0x00, 0x00, 0x00, 0x00, 0x00, 0x00, 0x00, 0x00, 0x00, 0x00, 0x00, 0x00, 0x00, 0x00, 0x00,
    0x00, 0x00, 0x00, 0x00, 0xC0, 0xFF, 0xFF, 0xFF, 0xFF, 0xFF, 0xFF, 0xFF, 0xFF, 0xFF, 0xFF, 0xFF,
    0xFF, 0xFF, 0xFF, 0xFF, 0xFF, 0xFF, 0xFF, 0xFF, 0x03, 0x00, 0x00, 0x00, 0x00, 0x00, 0x00, 0x00,
    0x00, 0x00, 0x00, 0x00, 0x00, 0x00, 0x00, 0x00, 0x00, 0x00, 0x00, 0x00, 0x00, 0x00, 0x00, 0x00,
    0x00, 0x00, 0xFC, 0xFF, 0xFF, 0xFF, 0xFF, 0xFF, 0xFF, 0xFF, 0xFF, 0xFF, 0xFF, 0xFF, 0xFF, 0xFF,
    0xFF, 0xFF, 0xFF, 0xFF, 0xFF, 0x3F, 0xE4, 0x44, 0x02, 0x03, 0x12, 0x1A, 0x2C, 0x20, 0x01, 0x00,
    0x00, 0x1C, 0x00, 0x00, 0xF0, 0x01, 0x00, 0xC0, 0x1F, 0x00, 0x00, 0xFF, 0x01, 0x00, 0xFC, 0x0F,
    0x00, 0xF0, 0xFF, 0x00, 0x80, 0xFF, 0x0F, 0x00, 0xF8, 0xFF, 0x00, 0x80, 0xFF, 0x0F, 0x00, 0xFC,
    0xFF, 0x00, 0xC0, 0xFF, 0x07, 0x00, 0xFC, 0x7F, 0x00, 0xC0, 0xFF, 0x07, 0x00, 0xFC, 0x3F, 0x00,
    0xC0, 0xFF, 0x00, 0x00, 0xFC, 0x03, 0x00, 0xE0, 0x0F, 0x00, 0xE0, 0x3F, 0x00, 0xE0, 0xFF, 0x00,
    0xF0, 0xFF, 0x03, 0xF0, 0xFF, 0x03, 0xF0, 0xFF, 0x03, 0xF0, 0xFF, 0x03, 0xF8, 0xFF, 0x03, 0xF8,
    0xFF, 0x03, 0xF0, 0xFF, 0x03, 0xC0, 0xFF, 0x03, 0x00, 0xFF, 0x03, 0x00, 0xFC, 0x03, 0x00, 0xF0,
    0x03, 0x00, 0xC0, 0x03, 0x00, 0x00, 0x03, 0x00, 0x00, 0x00, 0x00, 0x00, 0x00, 0x00, 0x00, 0x00,
    0x00, 0x00, 0x00, 0x00, 0x00, 0x00, 0xFC, 0xFF, 0xFF, 0xFF, 0xFF, 0xFF, 0xFF, 0xFF, 0xFF, 0xFF,
    0xFF, 0xFF, 0xFF, 0xFF, 0xFF, 0xFF, 0xFF, 0xFF, 0xFF, 0xFF, 0xFF, 0xFF, 0xFF, 0x03, 0x12, 0x1A,
    0x2C, 0x20, 0x00, 0x00, 0x00, 0x02, 0x00, 0x00, 0x0E, 0x00, 0x00, 0x3E, 0x00, 0x00, 0xFE, 0x00,
    0x00, 0xFE, 0x03, 0x00, 0xFC, 0x0F, 0x00, 0xFC, 0x3F, 0x00, 0xFC, 0x7F, 0x00, 0xFC, 0x7F, 0x00,
    0xFC, 0x7F, 0x00, 0xFC, 0xFF, 0x00, 0xFC, 0xFF, 0x00, 0xF8, 0xFF, 0x00, 0xF8, 0xFF, 0x00, 0xF0,
    0xFF, 0x00, 0xC0, 0xFF, 0x00, 0x00, 0xFF, 0x00, 0x00, 0xFC, 0x01, 0x00, 0xF0, 0x1F, 0x00, 0xC0,
    0xFF, 0x01, 0x00, 0xFF, 0x1F, 0x00, 0xF0, 0xFF, 0x03, 0x00, 0xFF, 0x3F, 0x00, 0xF0, 0xFF, 0x03,
    0x00, 0xFF, 0x7F, 0x00, 0xF0, 0xFF, 0x07, 0x00, 0xFF, 0x3F, 0x00, 0xF0, 0xFF, 0x00, 0x00, 0xFF,
    0x03, 0x00, 0xF0, 0x0F, 0x00, 0x00, 0x3F, 0x00, 0x00, 0xF0, 0x00, 0x00, 0x00, 0x03, 0x00, 0x00,
    0x00, 0x00, 0x00, 0x00, 0x00, 0x00, 0x00, 0x00, 0x00, 0x00, 0xFC, 0xFF, 0xFF, 0xFF, 0xFF, 0xFF,
    0xFF, 0xFF, 0xFF, 0xFF, 0xFF, 0xFF, 0xFF, 0xFF, 0xFF, 0xFF, 0xFF, 0xFF, 0xFF, 0xFF, 0xFF, 0xFF,
    0xFF, 0x95, 0x45, 0x02, 0x03, 0x19, 0x1A, 0x26, 0x20, 0x00, 0x78, 0x00, 0x00, 0xE0, 0x01, 0x00,
    0x80, 0x07, 0x00, 0x00, 0x1E, 0x00, 0x00, 0x78, 0x00, 0x00, 0xE0, 0x01, 0x00, 0x80, 0x07, 0x00,
    0x00, 0x1E, 0x00, 0x00, 0x78, 0x00, 0x00, 0xE0, 0x01, 0x00, 0x80, 0x07, 0x00, 0x00, 0x1E, 0x00,
    0x00, 0x78, 0x00, 0x00, 0xE0, 0x01, 0x00, 0x80, 0x07, 0x00, 0x00, 0x1E, 0x00, 0xFF, 0xFF, 0xFF,
    0xFF, 0xFF, 0xFF, 0xFF, 0xFF, 0xFF, 0xFF, 0xFF, 0xFF, 0xFF, 0xFF, 0xFF, 0xFF, 0xFF, 0xFF, 0xFF,
    0x0F, 0x80, 0x07, 0x00, 0x00, 0x1E, 0x00, 0x00, 0x78, 0x00, 0x00, 0xE0, 0x01, 0x00, 0x80, 0x07,
    0x00, 0x00, 0x1E, 0x00, 0x00, 0x78, 0x00, 0x00, 0xE0, 0x01, 0x00, 0x80, 0x07, 0x00, 0x00, 0x1E,
    0x00, 0x00, 0x78, 0x00, 0x00, 0xE0, 0x01, 0x00, 0x80, 0x07, 0x00, 0x00, 0x1E, 0x00, 0x00, 0x78,
    0x00, 0x00, 0xE0, 0x01, 0x00, 0x02, 0x29, 0x0E, 0x08, 0x12, 0xFF, 0xFF, 0xFF, 0xFF, 0xFF, 0xFF,
    0xFF, 0xFF, 0xFF, 0xFF, 0xFF, 0xFF, 0xFF, 0xFF, 0xBF, 0x45, 0x01, 0x01, 0x0D, 0x30, 0x31, 0x34,
    0x00, 0x00, 0x00, 0x00, 0x00, 0x00, 0x01, 0x00, 0x00, 0x00, 0x00, 0x00, 0x03, 0x00, 0x00, 0x00,
    0x00, 0x00, 0x07, 0x00, 0x00, 0x00, 0x00, 0x00, 0x0F, 0x00, 0x00, 0x00, 0x00, 0x00, 0x1F, 0x00,
    0x00, 0x00, 0x00, 0x00, 0x3F, 0x00, 0x00, 0x00, 0x00, 0x00, 0x7F, 0x00, 0x00, 0x00, 0x00, 0x00,
    0xFF, 0x00, 0x00, 0x00, 0x00, 0x00, 0xFF, 0x01, 0x00, 0x00, 0x00, 0x00, 0xFF, 0x03, 0x00, 0x00,
    0x00, 0x00, 0xFF, 0x07, 0x00, 0x00, 0x00, 0x00, 0xFF, 0x0F, 0x00, 0x00, 0x00, 0x00, 0xFF, 0x1F,
    0x00, 0x00, 0x00, 0x00, 0xFF, 0x3F, 0x00, 0x00, 0x00, 0x00, 0xFF, 0x7F, 0x00, 0x00, 0x00, 0x00,
    0xFF, 0xFF, 0x00, 0x00, 0x00, 0x00, 0xFF, 0xFF, 0x01, 0x00, 0x00, 0x00, 0xFF, 0xFF, 0x03, 0x00,
    0x00, 0x00, 0xFF, 0xFE, 0x07, 0x00, 0x00, 0x00, 0xFF, 0xFC, 0x0F, 0x00, 0x00, 0x00, 0xFF, 0xFC,
    0x1F, 0x00, 0x00, 0x00, 0xFF, 0xF8, 0x3F, 0x00, 0x00, 0x00, 0xFF, 0xF0, 0x7F, 0x00, 0x00, 0x00,
    0xFF, 0xE0, 0xFF, 0x00, 0x00, 0x00, 0xFF, 0xC0, 0xFF, 0x01, 0x00, 0x00, 0xFF, 0x80, 0xFF, 0x03,
    0x00, 0x00, 0xFF, 0x00, 0xFF, 0x07, 0x00, 0x00, 0xFF, 0x00, 0xFE, 0x0F, 0x00, 0x00, 0xFF, 0x00,
    0xFC, 0x1F, 0x00, 0x00, 0xFF, 0x00, 0xF8, 0x3F, 0x00, 0x00, 0xFF, 0x00, 0xF0, 0x7F, 0x00, 0x00,
    0xFF, 0x00, 0xE0, 0xFF, 0x00, 0x00, 0xFF, 0x00, 0xC0, 0xFF, 0x01, 0x00, 0xFF, 0x00, 0x80, 0xFF,
    0x03, 0x00, 0xFF, 0x00, 0x00, 0xFF, 0x07, 0x00, 0xFF, 0x00, 0x00, 0xFE, 0x0F, 0x00, 0xFF, 0x00,
    0x00, 0xFC, 0x1F, 0x00, 0xFF, 0x00, 0x00, 0xF8, 0x3F, 0x00, 0xFF, 0x00, 0x00, 0xF0, 0x7F, 0x00,
    0xFF, 0x00, 0x00, 0xE0, 0xFF, 0x00, 0xFF, 0xFF, 0xFF, 0xFF, 0xFF, 0x01, 0xFF, 0xFF, 0xFF, 0xFF,
    0xFF, 0x03, 0xFF, 0xFF, 0xFF, 0xFF, 0xFF, 0x07, 0xFF, 0xFF, 0xFF, 0xFF, 0xFF, 0x0F, 0xFF, 0xFF,
    0xFF, 0xFF, 0xFF, 0x1F, 0xFF, 0xFF, 0xFF, 0xFF, 0xFF, 0x3F, 0xFF, 0xFF, 0xFF, 0xFF, 0xFF, 0x7F,
    0xFF, 0xFF, 0xFF, 0xFF, 0xFF, 0xFF, 0xC5, 0x45, 0x01, 0x03, 0x21, 0x0A, 0x0B, 0x0F, 0xFC, 0xF8,
    0xF7, 0xFF, 0xFF, 0xFF, 0xFF, 0xFF, 0xFF, 0xFF, 0xFF, 0xFB, 0xC7, 0x0F, 0x82, 0x46, 0x01, 0x03,
    0x1A, 0x15, 0x25, 0x1C, 0x00, 0x04, 0x00, 0x80, 0x00, 0x00, 0x38, 0x00, 0x80, 0x0F, 0x00, 0xB0,
    0x01, 0x00, 0x77, 0x00, 0x70, 0x0C, 0x00, 0x86, 0x03, 0xE0, 0xE0, 0x00, 0x0C, 0x18, 0xC0, 0x01,
    0x07, 0x1C, 0xC0, 0x81, 0x01, 0x30, 0x38, 0x00, 0x0E, 0x03, 0x80, 0x71, 0x00, 0x70, 0x07, 0x00,
    0x7C, 0x00, 0x00, 0x0F, 0x00, 0xE0, 0x01, 0x00, 0x3C, 0x00, 0x80, 0x07, 0x00, 0xF0, 0x00, 0x00,
    0x1E, 0x00, 0xC0, 0x03, 0x00, 0x78, 0x00, 0x00, 0x0F, 0x00, 0xE0, 0x01, 0x00, 0x3C, 0x00, 0x80,
    0x07, 0x00, 0xF0, 0x00, 0x00, 0x1E, 0x00, 0xC0, 0x03, 0x00, 0x78, 0x00, 0x00, 0x0F, 0x00, 0xE0,
    0xFF, 0xFF, 0xFF, 0xFF, 0xFF, 0x01, 0x90, 0x46, 0x01, 0x03, 0x1F, 0x1B, 0x15, 0x20, 0xFF, 0xFF,
    0xFF, 0xFF, 0xFF, 0xFF, 0xFF, 0xFF, 0xFF, 0xFF, 0xFF, 0xFF, 0xFF, 0xFF, 0xFF, 0xFF, 0xFF, 0xFF,
    0xFF, 0xFF, 0x03, 0x00, 0x00, 0x1F, 0x00, 0x00, 0xF8, 0x00, 0x00, 0xC0, 0x07, 0x00, 0x00, 0x3E,
    0x00, 0x00, 0xF0, 0x01, 0x00, 0x80, 0x0F, 0x00, 0x00, 0x7C, 0x00, 0x00, 0xE0, 0x03, 0x00, 0x00,
    0x1F, 0x00, 0x00, 0xF8, 0x00, 0x00, 0xC0, 0x07, 0x00, 0x00, 0x3E, 0x00, 0x00, 0xF0, 0x01, 0x00,
    0x80, 0x0F, 0x00, 0x00, 0x7C, 0xA0, 0x46, 0x02, 0x0D, 0x10, 0x0A, 0x35, 0x1C, 0x3C, 0xF8, 0xF1,
    0x8D, 0x23, 0x84, 0x01, 0x06, 0x38, 0xE0, 0x80, 0x03, 0x0E, 0x38, 0xE0, 0x80, 0x03, 0x0E, 0x38,
    0xE0, 0x80, 0x03, 0x0E, 0x38, 0xE0, 0x80, 0x03, 0x0E, 0x38, 0xE0, 0x80, 0x03, 0x0E, 0x38, 0xE0,
    0x80, 0x03, 0x0E, 0x38, 0xE0, 0x80, 0x03, 0x0E, 0x38, 0xE0, 0x80, 0x03, 0x0E, 0x38, 0xE0, 0x80,
    0x03, 0x0E, 0x38, 0xE0, 0x80, 0x03, 0x0E, 0x38, 0xE0, 0x80, 0x03, 0x0E, 0x38, 0xE0, 0x80, 0x03,
    0x06, 0x08, 0x09, 0x42, 0x1C, 0x07, 0x0E, 0x1C, 0x38, 0x70, 0xE0, 0xC0, 0x81, 0x03, 0x07, 0x0E,
    0x1C, 0x38, 0x70, 0xE0, 0xC0, 0x81, 0x03, 0x07, 0x0E, 0x1C, 0x38, 0x70, 0xE0, 0xC0, 0x81, 0x03,
    0x07, 0x0E, 0x1C, 0x38, 0x70, 0xE0, 0xC0, 0x81, 0x03, 0x07, 0x0E, 0x1C, 0x38, 0x70, 0xE0, 0xC0,
    0x81, 0x03, 0x07, 0x0E, 0x1C, 0x38, 0x70, 0xE0, 0xC0, 0x81, 0x03, 0x07, 0x0E, 0x1C, 0x38, 0x70,
    0xE0, 0xC0, 0x81, 0x03, 0x07, 0x0E, 0x18, 0x30, 0x60, 0x9C, 0x3C, 0x79, 0xFC, 0xF8, 0xC1, 0x01,
    0xB8, 0x49, 0x03, 0x02, 0x0C, 0x41, 0x40, 0x46, 0xF8, 0xFF, 0xFF, 0xFF, 0xFF, 0xFF, 0xFF, 0x3F,
    0xF8, 0xFF, 0xFF, 0xFF, 0xFF, 0xFF, 0xFF, 0xFF, 0xF8, 0xFF, 0xFF, 0xFF, 0xFF, 0xFF, 0xFF, 0xFF,
    0xFB, 0xFF, 0xFF, 0xFF, 0xFF, 0xFF, 0xFF, 0xFF, 0xFF, 0xFF, 0xFF, 0xFF, 0xFF, 0xFF, 0xFF, 0xFF,
    0xFF, 0xFF, 0xFF, 0xFF, 0xFF, 0xFF, 0xFF, 0xFF, 0xFF, 0xFF, 0xC1, 0xFF, 0xFF, 0xFF, 0xFF, 0xFF,
    0xFF, 0xFF, 0x83, 0xFF, 0xFF, 0xFF, 0xFF, 0xFF, 0xFF, 0xFF, 0x07, 0xFF, 0xFF, 0xFF, 0xFF, 0xFF,
    0xFF, 0xFF, 0x0F, 0xFE, 0xFF, 0xFF, 0xFF, 0xFF, 0xFF, 0xFF, 0x1F, 0xFC, 0xFF, 0xFF, 0xFF, 0xFF,
    0xFF, 0xFF, 0x3F, 0xF8, 0xFF, 0xFF, 0xFF, 0xFF, 0xFF, 0xFF, 0x7F, 0xF0, 0xFF, 0xFF, 0xFF, 0xFF,
    0xFF, 0xFF, 0xFF, 0xE0, 0xFF, 0xFF, 0xFF, 0xFF, 0xFF, 0xFF, 0xFF, 0xC1, 0xFF, 0xFF, 0xFF, 0x7F,
    0xFE, 0xFF, 0xFF, 0x83, 0xFF, 0x83, 0xFF, 0x0F, 0xC0, 0xFF, 0x1F, 0x00, 0xF8, 0x00, 0xF8, 0x0F,
    0x00, 0xFE, 0x3F, 0x00, 0xF0, 0x00, 0xE0, 0x0F, 0x00, 0xF8, 0x7F, 0x00, 0xE0, 0x00, 0x80, 0x0F,
    0x00, 0xE0, 0xFF, 0x00, 0xC0, 0x00, 0x00, 0x1E, 0x00, 0xC0, 0xFF, 0x01, 0x80, 0x01, 0x00, 0x3C,
    0x00, 0x00, 0xFF, 0x03, 0x00, 0x03, 0x00, 0xF0, 0x00, 0x00, 0xFE, 0xFF, 0xC1, 0x0F, 0x3E, 0xE0,
    0xE3, 0x07, 0xF8, 0xFF, 0x83, 0x3F, 0xFE, 0xC0, 0xEF, 0x1F, 0xF0, 0xFF, 0x07, 0xFF, 0xFE, 0x81,
    0xFF, 0x7F, 0xE0, 0xFF, 0x0F, 0xFE, 0xFF, 0x03, 0xFF, 0xFF, 0xC0, 0xFF, 0x1F, 0xFC, 0xFF, 0x07,
    0xFE, 0xFF, 0x01, 0xFF, 0x3F, 0xF8, 0xFF, 0x07, 0xFC, 0xFF, 0x07, 0xFE, 0x7F, 0xF0, 0xFF, 0x07,
    0xF8, 0xFF, 0x0F, 0xFC, 0xFF, 0xE0, 0xFF, 0x01, 0xF8, 0xFF, 0x1F, 0xF8, 0xFF, 0xC1, 0xFF, 0x00,
    0xF0, 0xFF, 0x3F, 0xF0, 0xFF, 0x83, 0x7F, 0x00, 0xE0, 0xFF, 0x7F, 0xE0, 0xFF, 0x07, 0x7F, 0x00,
    0xE0, 0xFF, 0xFF, 0xC0, 0xFF, 0x0F, 0x7E, 0x00, 0xE0, 0xFF, 0xFF, 0x81, 0xFF, 0x1F, 0xFC, 0x00,
    0xE0, 0xFF, 0xFF, 0x03, 0xFF, 0x3F, 0xF8, 0x00, 0xF0, 0xFF, 0xFF, 0x07, 0xFE, 0x7F, 0xF0, 0x01,
    0xF8, 0xFF, 0xFF, 0x0F, 0xFC, 0xFF, 0xE0, 0x01, 0xFE, 0xFF, 0xFF, 0x1F, 0xF8, 0xFF, 0xC1, 0x03,
    0xFE, 0xFF, 0xFF, 0x1F, 0xF0, 0xFF, 0x83, 0x07, 0xFE, 0xFF, 0xFF, 0x3F, 0xF0, 0xFF, 0x03, 0x0F,
    0xFC, 0xFF, 0xDF, 0x3F, 0xE0, 0xFF, 0x07, 0x1E, 0xF8, 0xEF, 0x1F, 0x7F, 0xC0, 0xFF, 0x0F, 0x3C,
    0xF0, 0x8F, 0x1F, 0x3C, 0x80, 0xFF, 0x00, 0x78, 0xC0, 0x07, 0x1E, 0x00, 0x00, 0xFF, 0x00, 0xF0,
    0x00, 0x00, 0x18, 0x00, 0x00, 0xFF, 0x01, 0xF0, 0x03, 0x00, 0x70, 0x00, 0x00, 0xFE, 0x03, 0xE0,
    0x07, 0x00, 0xE0, 0x00, 0x00, 0xFE, 0x07, 0xC0, 0x0F, 0x00, 0xE0, 0x03, 0x00, 0xFE, 0x0F, 0xC0,
    0x3F, 0x00, 0xC0, 0x0F, 0x00, 0xFE, 0x1F, 0x80, 0xFF, 0x00, 0xC0, 0x3F, 0x00, 0xFE, 0x3F, 0xC0,
    0xFF, 0x03, 0xE0, 0xFF, 0x01, 0xFF, 0xFF, 0xFF, 0xFF, 0x1F, 0xF0, 0xFF, 0xFF, 0xFF, 0xFF, 0xFF,
    0xFF, 0xFF, 0xFF, 0xFF, 0xFF, 0xFF, 0xFF, 0xFF, 0xFF, 0xFF, 0xFF, 0xFF, 0xFF, 0xFF, 0xFF, 0xFF,
    0xFF, 0xFF, 0xFF, 0xFF, 0xFF, 0xFF, 0xFF, 0xFF, 0xFF, 0xFF, 0xFF, 0xFF, 0xFF, 0xFF, 0xFF, 0xFF,
    0xFF, 0xFF, 0xFF, 0xFF, 0xFF, 0xFF, 0xFF, 0xFF, 0xFF, 0xFF, 0xFF, 0xFF, 0xFF, 0xFF, 0xFF, 0xFF,
    0xFF, 0xFF, 0xFF, 0xFF, 0xFF, 0xFF, 0xFF, 0xFF, 0xFF, 0xFF, 0xFF, 0xFF, 0xFF, 0xFF, 0xFF, 0xFF,
    0xFF, 0xFF, 0xFF, 0xFF, 0xFF, 0xFF, 0xFF, 0xDF, 0xFF, 0xFF, 0xFF, 0xFF, 0xFF, 0xFF, 0xFF, 0x1F,
    0xFF, 0xFF, 0xFF, 0xFF, 0xFF, 0xFF, 0xFF, 0x1F, 0xFC, 0xFF, 0xFF, 0xFF, 0xFF, 0xFF, 0xFF, 0x1F,
    0x02, 0x0C, 0x47, 0x40, 0x4B, 0xF8, 0xFF, 0xFF, 0xFF, 0xFF, 0xFF, 0xFF, 0xFF, 0x0F, 0xFE, 0xFF,
    0xFF, 0xFF, 0xFF, 0xFF, 0xFF, 0xFF, 0x8F, 0xFF, 0xFF, 0xFF, 0xFF, 0xFF, 0xFF, 0xFF, 0xFF, 0xEF,
    0xFF, 0xFF, 0xFF, 0xFF, 0xFF, 0xFF, 0xFF, 0xFF, 0xFF, 0xFF, 0xFF, 0xFF, 0xFF, 0xFF, 0xFF, 0xFF,
    0xFF, 0xFF, 0xFF, 0xFF, 0xFF, 0xFF, 0xFF, 0xFF, 0xFF, 0xFF, 0xFF, 0xFF, 0xFF, 0xFF, 0xFF, 0xFF,
    0xFF, 0xFF, 0xFF, 0xFF, 0xFF, 0xFF, 0xFF, 0xFF, 0xFF, 0xFF, 0xFF, 0xFF, 0xFF, 0xFF, 0xFF, 0xFF,
    0xFF, 0xFF, 0xFF, 0xFF, 0xFF, 0xFF, 0xFF, 0xFF, 0xFF, 0xFF, 0xFF, 0xFF, 0xFF, 0xFF, 0xFF, 0xFF,
    0xFF, 0xFF, 0xFF, 0xFF, 0xFF, 0xFF, 0xFF, 0xFF, 0xFF, 0xFF, 0xFF, 0xFF, 0xFF, 0xFF, 0xFF, 0xFF,
    0xFF, 0xFF, 0xFF, 0xFF, 0xFF, 0xFF, 0xFF, 0xFF, 0xFF, 0xFF, 0xFF, 0xFF, 0xFF, 0xFF, 0xFF, 0xFF,
    0xFF, 0xFF, 0xFF, 0xFF, 0xFF, 0xFF, 0xFF, 0xFF, 0xFD, 0xFF, 0xFF, 0x03, 0xFE, 0xFF, 0x00, 0xFF,
    0x0F, 0xC0, 0xFF, 0x7F, 0x00, 0xFC, 0x1F, 0x00, 0xFE, 0x03, 0x80, 0xFF, 0x0F, 0x00, 0xFC, 0x07,
    0x00, 0xFC, 0x00, 0x80, 0xFF, 0x03, 0x00, 0xFC, 0x01, 0x00, 0x3E, 0x00, 0x80, 0xFF, 0x01, 0x00,
    0x7C, 0x00, 0x00, 0x0E, 0x00, 0xC0, 0x7F, 0x00, 0x00, 0x3E, 0x00, 0x00, 0x0E, 0x00, 0xC0, 0x7F,
    0xC0, 0x01, 0x1E, 0xF0, 0x81, 0x0F, 0x1E, 0xE0, 0x7F, 0xF8, 0x03, 0x07, 0xFC, 0xE3, 0x8F, 0x3F,
    0xE0, 0x7F, 0xFE, 0x81, 0x03, 0xFF, 0xF9, 0xEF, 0x3F, 0xF0, 0x7F, 0xFF, 0xC1, 0x81, 0xFF, 0xFF,
    0xFF, 0x1F, 0xF8, 0xFF, 0xFF, 0xE0, 0xC0, 0xFF, 0xFF, 0xFF, 0x0F, 0xFC, 0xFF, 0x3F, 0x70, 0xE0,
    0xFF, 0xFF, 0xFF, 0x0F, 0xFC, 0xFF, 0x0F, 0x38, 0xF0, 0xFF, 0xFF, 0xFF, 0x07, 0xFE, 0xFF, 0x00,
    0x1C, 0x00, 0xFE, 0xFF, 0xFF, 0x03, 0xFF, 0x1F, 0x00, 0x0F, 0x00, 0xF8, 0xFF, 0xFF, 0x81, 0xFF,
    0x03, 0x80, 0x07, 0x00, 0xF8, 0xFF, 0xFF, 0xC0, 0xFF, 0x00, 0xC0, 0x03, 0x00, 0xF0, 0xFF, 0x7F,
    0xE0, 0x3F, 0x00, 0xF0, 0x01, 0x00, 0xF8, 0xFF, 0x3F, 0xF0, 0x0F, 0x00, 0xFC, 0x00, 0x00, 0xF8,
    0xFF, 0x1F, 0xF8, 0x03, 0x00, 0x7F, 0xE0, 0x03, 0xFC, 0xFF, 0x0F, 0xFC, 0x01, 0xE0, 0x3F, 0xF0,
    0x07, 0xFC, 0xFF, 0x07, 0xFE, 0x00, 0xFE, 0x1F, 0xF8, 0x07, 0xFE, 0xFF, 0x03, 0x3F, 0xC0, 0xFF,
    0x0F, 0xFC, 0x07, 0xFF, 0xFF, 0x81, 0x1F, 0xF8, 0xFF, 0x07, 0xFE, 0x83, 0xFF, 0x7F, 0xC0, 0x0F,
    0xFC, 0xFF, 0x03, 0xFF, 0xC1, 0xFF, 0x3F, 0xE0, 0x07, 0xFF, 0xFB, 0x81, 0xFF, 0xE0, 0xF7, 0x0F,
    0xF8, 0x03, 0xFF, 0xFD, 0x80, 0x7F, 0xF0, 0xF1, 0x07, 0xFC, 0x81, 0x7F, 0x7C, 0x80, 0x1F, 0x78,
    0xF0, 0x00, 0xFE, 0x00, 0x0F, 0x3C, 0x00, 0x0F, 0x1C, 0x00, 0x00, 0x7F, 0x00, 0x00, 0x1C, 0x00,
    0x00, 0x06, 0x00, 0xC0, 0x7F, 0x00, 0x00, 0x0E, 0x00, 0x80, 0x03, 0x00, 0xE0, 0x3F, 0x00, 0x00,
    0x07, 0x00, 0xC0, 0x03, 0x00, 0xF8, 0x3F, 0x00, 0xC0, 0x83, 0x00, 0xE0, 0x03, 0x00, 0xFE, 0x1F,
    0x00, 0xF0, 0x41, 0x00, 0xF8, 0x03, 0x80, 0xFF, 0x1F, 0x00, 0xFC, 0x60, 0x00, 0xFE, 0x03, 0xE0,
    0xFF, 0x3F, 0x00, 0x7F, 0xF0, 0x80, 0xFF, 0x07, 0xFC, 0xFF, 0xFF, 0xFC, 0xFF, 0xFF, 0xF9, 0xFF,
    0xFF, 0xFF, 0xFF, 0xFF, 0xFF, 0xFF, 0xFF, 0xFF, 0xFF, 0xFF, 0xFF, 0xFF, 0xFF, 0xFF, 0xFF, 0xFF,
    0xFF, 0xFF, 0xFF, 0xFF, 0xFF, 0xFF, 0xFF, 0xFF, 0xFF, 0xFF, 0xFF, 0xFF, 0xFF, 0xFF, 0xFF, 0xFF,
    0xFF, 0xFF, 0xFF, 0xFF, 0xFF, 0xFF, 0xFF, 0xFF, 0xFF, 0xFF, 0xFF, 0xFF, 0xFF, 0xFF, 0xFF, 0xFF,
    0xFF, 0xFF, 0xFF, 0xFF, 0xFF, 0xFF, 0xFF, 0xFF, 0xFF, 0xFF, 0xFF, 0xFF, 0xFF, 0xFF, 0xFF, 0xFF,
    0xFF, 0xFF, 0xFF, 0xFF, 0xFF, 0xFF, 0xFF, 0xFF, 0xFF, 0xFF, 0xFF, 0xFF, 0xFF, 0xFF, 0xFF, 0xFF,
    0xFF, 0xFF, 0xF7, 0xFF, 0xFF, 0xFF, 0xFF, 0xFF, 0xFF, 0xFF, 0xFF, 0xF1, 0xFF, 0xFF, 0xFF, 0xFF,
    0xFF, 0xFF, 0xFF, 0x7F, 0xF0, 0xFF, 0xFF, 0xFF, 0xFF, 0xFF, 0xFF, 0xFF, 0x1F, 0x04, 0x0C, 0x39,
    0x40, 0x41, 0xF8, 0xFF, 0xFF, 0xFF, 0xFF, 0xFF, 0x3F, 0xF8, 0xFF, 0xFF, 0xFF, 0xFF, 0xFF, 0xFF,
    0xF8, 0xFF, 0xFF, 0xFF, 0xFF, 0xFF, 0xFF, 0xFB, 0xFF, 0xFF, 0xFF, 0xFF, 0xFF, 0xFF, 0xFF, 0xFF,
    0xFF, 0xFF, 0xFF, 0xFF, 0xFF, 0xFF, 0xFF, 0xFF, 0xFF, 0xFF, 0xFF, 0xFF, 0xFF, 0xFF, 0xFF, 0xFF,
    0xFF, 0xFF, 0xFF, 0xFF, 0xFF, 0xFF, 0xFF, 0xFF, 0xFF, 0xFF, 0xFF, 0xFF, 0xFF, 0xFF, 0xFF, 0xFF,
    0xFF, 0xFF, 0xFF, 0xFF, 0xFF, 0xFF, 0xFF, 0xFF, 0xFF, 0xFF, 0xFF, 0xFF, 0xFF, 0xFF, 0xFF, 0xFF,
    0xFF, 0xFF, 0x0F, 0xFE, 0xFF, 0xFF, 0xFF, 0xFF, 0x07, 0x07, 0xF0, 0xFF, 0x07, 0xFC, 0xFF, 0x0F,
    0x06, 0xC0, 0xFF, 0x03, 0xE0, 0xFF, 0x1F, 0x04, 0x00, 0xFF, 0x03, 0x80, 0xFF, 0x3F, 0x00, 0x00,
    0xFE, 0x03, 0x00, 0xFE, 0x7F, 0x00, 0x00, 0xF8, 0x07, 0x00, 0xF8, 0xFF, 0x00, 0x00, 0xF0, 0x07,
    0x00, 0xE0, 0xFF, 0x01, 0x00, 0xE0, 0x0F, 0x00, 0xC0, 0xFF, 0x03, 0x78, 0x80, 0x0F, 0xF8, 0x80,
    0xFF, 0x07, 0xFC, 0x01, 0x1F, 0xF8, 0x03, 0xFE, 0x0F, 0xFC, 0x07, 0x3E, 0xF0, 0x0F, 0xFC, 0x1F,
    0xF8, 0x0F, 0x7C, 0xF0, 0x1F, 0xF8, 0x3F, 0xF0, 0x1F, 0x70, 0xE0, 0x3F, 0xF0, 0x7F, 0xE0, 0x7F,
    0xE0, 0xC0, 0x7F, 0xC0, 0xFF, 0xC0, 0xFF, 0xC0, 0x81, 0xFF, 0x81, 0xFF, 0x81, 0xFF, 0x81, 0x03,
    0xFF, 0x03, 0xFF, 0x03, 0xFF, 0x03, 0x07, 0x00, 0x00, 0xFE, 0x07, 0xFE, 0x07, 0x0E, 0x00, 0x00,
    0xFC, 0x0F, 0xFC, 0x0F, 0x1C, 0x00, 0x00, 0xF8, 0x1F, 0xF8, 0x1F, 0x38, 0x00, 0x00, 0xF0, 0x3F,
    0xF0, 0x3F, 0x70, 0x00, 0x00, 0xE0, 0x7F, 0xE0, 0x7F, 0xE0, 0x00, 0x00, 0xC0, 0xFF, 0xC0, 0xFF,
    0xC0, 0xFF, 0xFF, 0x81, 0xFF, 0x81, 0xFF, 0x81, 0xFF, 0xFF, 0x03, 0xFF, 0x03, 0xFF, 0x03, 0xFF,
    0xFF, 0x07, 0xFE, 0x07, 0xFE, 0x03, 0xFE, 0xFF, 0x0F, 0xFC, 0x0F, 0xFC, 0x07, 0xFE, 0xFF, 0x0F,
    0xF8, 0x1F, 0xF0, 0x07, 0xFC, 0xFB, 0x1F, 0xF8, 0x3F, 0x80, 0x07, 0xF8, 0xE3, 0x1F, 0xF0, 0x7F,
    0x00, 0x00, 0xF0, 0x83, 0x1F, 0xE0, 0xFF, 0x00, 0x00, 0xF0, 0x03, 0x00, 0xE0, 0xFF, 0x01, 0x00,
    0xE0, 0x03, 0x00, 0xC0, 0xFF, 0x03, 0x00, 0xC0, 0x0F, 0x00, 0x80, 0xFF, 0x07, 0x00, 0xC0, 0x1F,
    0x00, 0x80, 0xFF, 0x0F, 0x04, 0xC0, 0x7F, 0x00, 0x80, 0xFF, 0x1F, 0x18, 0x80, 0xFF, 0x01, 0x80,
    0xFF, 0x3F, 0xF0, 0xC0, 0xFF, 0x07, 0x80, 0xFF, 0x7F, 0xE0, 0xFF, 0xFF, 0x7F, 0xC0, 0xFF, 0xFF,
    0xC0, 0xFF, 0xFF, 0xFF, 0xFF, 0xFF, 0xFF, 0x81, 0xFF, 0xFF, 0xFF, 0xFF, 0xFF, 0xFF, 0x03, 0xFF,
    0xFF, 0xFF, 0xFF, 0xFF, 0xFF, 0x07, 0xFE, 0xFF, 0xFF, 0xFF, 0xFF, 0xFF, 0x0F, 0xFC, 0xFF, 0xFF,
    0xFF, 0xFF, 0xFF, 0x1F, 0xF8, 0xFF, 0xFF, 0xFF, 0xFF, 0xFF, 0x3F, 0xF0, 0xFF, 0xFF, 0xFF, 0xFF,
    0xFF, 0x7F, 0xE0, 0xFF, 0xFF, 0xFF, 0xFF, 0xFF, 0xFF, 0xC0, 0xFF, 0xFF, 0xFF, 0xFF, 0xFF, 0xFF,
    0x81, 0xFF, 0xFF, 0xFF, 0xFF, 0xFF, 0xFF, 0x03, 0xFF, 0xFF, 0xFF, 0xFF, 0xFF, 0xFF, 0xFF, 0xFF,
    0xFF, 0xFF, 0xFF, 0xFF, 0xDF, 0xFF, 0xFF, 0xFF, 0xFF, 0xFF, 0xFF, 0x1F, 0xFF, 0xFF, 0xFF, 0xFF,
    0xFF, 0xFF, 0x1F, 0xFC, 0xFF, 0xFF, 0xFF, 0xFF, 0xFF, 0x1F, 0xC1, 0x49, 0x01, 0x02, 0x0C, 0x38,
    0x40, 0x3E, 0xF8, 0xFF, 0xFF, 0xFF, 0xFF, 0xFF, 0x1F, 0xFC, 0xFF, 0xFF, 0xFF, 0xFF, 0xFF, 0x3F,
    0xFE, 0xFF, 0x1F, 0xF8, 0xFF, 0x07, 0x7E, 0xFF, 0xFF, 0x1F, 0xF8, 0xF0, 0x07, 0xFE, 0xFF, 0xFF,
    0x1F, 0x78, 0xE0, 0x07, 0xFE, 0xFF, 0xFF, 0x1F, 0x78, 0xE0, 0x07, 0xFE, 0xFF, 0xFF, 0x1F, 0x78,
    0xE0, 0x07, 0xFE, 0xFF, 0xFF, 0x1F, 0x78, 0xE0, 0x07, 0xFE, 0xFF, 0xFF, 0x1F, 0x78, 0xE0, 0x07,
    0xFE, 0xFF, 0xFF, 0x1F, 0x78, 0xE0, 0x07, 0xFE, 0xFF, 0xFF, 0x1F, 0x78, 0xE0, 0x07, 0xFE, 0xFF,
    0xFF, 0x1F, 0xF8, 0xF0, 0x07, 0xFE, 0xFF, 0xFF, 0x1F, 0xF8, 0xFF, 0x07, 0xFE, 0xFF, 0xFF, 0x1F,
    0xF8, 0xFF, 0x07, 0xFE, 0xFF, 0xFF, 0x1F, 0xF8, 0xFF, 0x07, 0xFE, 0xFF, 0x9F, 0x1F, 0xF8, 0xFF,
    0x07, 0xFE, 0xFF, 0x03, 0x1C, 0xF8, 0xFF, 0x07, 0xFE, 0xFF, 0x01, 0x18, 0x78, 0xE0, 0x07, 0xFE,
    0xFF, 0x00, 0x10, 0x78, 0xE0, 0x07, 0xFE, 0x7F, 0x00, 0x00, 0x78, 0xE0, 0x07, 0xFE, 0x7F, 0x00,
    0x00, 0x78, 0xE0, 0x07, 0xFE, 0x7F, 0x00, 0x00, 0x78, 0xE0, 0x07, 0xFE, 0x3F, 0x00, 0x00, 0x78,
    0xE0, 0x07, 0xFE, 0x3F, 0xC0, 0x03, 0x78, 0xE0, 0x07, 0xFE, 0x3F, 0xE0, 0x07, 0x78, 0xE0, 0x07,
    0xFE, 0x3F, 0xF0, 0x0F, 0x78, 0xE0, 0x07, 0xFE, 0x1F, 0xF0, 0x1F, 0x78, 0xE0, 0x07, 0xFE, 0x1F,
    0xF0, 0x1F, 0x78, 0xE0, 0x07, 0xFE, 0x1F, 0xF8, 0x1F, 0x78, 0xE0, 0x07, 0xFE, 0x1F, 0xF8, 0x1F,
    0x78, 0xE0, 0x07, 0xFE, 0x1F, 0xF8, 0x1F, 0x78, 0xE0, 0x07, 0xFE, 0x1F, 0xF8, 0x1F, 0x78, 0xE0,
    0x07, 0xFE, 0x1F, 0xF8, 0x1F, 0x78, 0xE0, 0x07, 0xFE, 0x1F, 0xF8, 0x1F, 0x78, 0xE0, 0x07, 0xFE,
    0x1F, 0xF8, 0x1F, 0x78, 0xE0, 0x07, 0xFE, 0x1F, 0xF8, 0x1F, 0x78, 0xE0, 0x07, 0xFE, 0x1F, 0xF8,
    0x1F, 0x78, 0xE0, 0x07, 0xFE, 0x1F, 0xF8, 0x1F, 0x78, 0xE0, 0x07, 0xFE, 0x1F, 0xF8, 0x1F, 0x78,
    0xE0, 0x07, 0xFE, 0x1F, 0xF0, 0x1F, 0x78, 0xE0, 0x07, 0xFE, 0x3F, 0xF0, 0x1F, 0x78, 0xE0, 0x07,
    0xFE, 0x3F, 0xF0, 0x1F, 0x78, 0xE0, 0x07, 0xFE, 0x3F, 0xE0, 0x0F, 0x78, 0xE0, 0x07, 0xFE, 0x3F,
    0xC0, 0x03, 0x78, 0xE0, 0x03, 0xFE, 0x3F, 0x00, 0x00, 0x78, 0xE0, 0x00, 0xFE, 0x7F, 0x00, 0x00,
    0x78, 0xE0, 0x01, 0xFE, 0x7F, 0x00, 0x00, 0x78, 0xE0, 0x01, 0xFE, 0xFF, 0x00, 0x00, 0x78, 0xE0,
    0x01, 0xFF, 0xFF, 0x00, 0x20, 0x78, 0xE0, 0x03, 0xFF, 0xFF, 0x01, 0x30, 0x78, 0xE0, 0x83, 0xFF,
    0xFF, 0x03, 0x38, 0x78, 0xE0, 0xC7, 0xFF, 0xFF, 0x0F, 0xFE, 0xFF, 0xFF, 0xFF, 0xFF, 0xFF, 0xFF,
    0xFF, 0xFF, 0xFF, 0xFF, 0xFF, 0xFF, 0xFF, 0xFF, 0xFF, 0xFF, 0xFF, 0xFF, 0xFF, 0xFF, 0xFF, 0xFF,
    0xFF, 0xFF, 0xFF, 0xFF, 0xFF, 0xFF, 0xFF, 0xFF, 0xFF, 0xFF, 0xFF, 0xFF, 0xFF, 0xFF, 0xFF, 0xFF,
    0xFF, 0xFF, 0xFF, 0xFF, 0xFF, 0xFF, 0xFF, 0xFF, 0xFF, 0xFF, 0xFF, 0xFF, 0xFF, 0xFF, 0xFF, 0xFF,
    0xFF, 0xFF, 0xFF, 0xFF, 0xFF, 0xFF, 0xFF, 0xFF, 0xFF, 0xFF, 0xFF, 0xFF, 0xFF, 0xFE, 0xFF, 0xFF,
    0xFF, 0xFF, 0xFF, 0x7F, 0xFC, 0xFF, 0xFF, 0xFF, 0xFF, 0xFF, 0x3F, 0xF8, 0xFF, 0xFF, 0xFF, 0xFF,
    0xFF, 0x1F, 0xC5, 0x49, 0x01, 0x02, 0x0C, 0x5B, 0x40, 0x63, 0xF8, 0xFF, 0xFF, 0xFF, 0xFF, 0xFF,
    0xFF, 0xFF, 0xFF, 0xFF, 0xFF, 0xE0, 0xFF, 0xFF, 0xFF, 0xFF, 0xFF, 0xFF, 0xFF, 0xFF, 0xFF, 0xFF,
    0x8F, 0xFF, 0xFF, 0xFF, 0xFF, 0xFF, 0xFF, 0xFF, 0xFF, 0xFF, 0xFF, 0xFF, 0xFE, 0xFF, 0xFF, 0x7F,
    0xF0, 0xFF, 0xFF, 0xFF, 0xFF, 0xFF, 0xFF, 0xFF, 0xFF, 0xFF, 0xFF, 0x83, 0xFF, 0xFF, 0xFF, 0xFF,
    0xFF, 0xFF, 0xFF, 0xFF, 0xFF, 0xFF, 0x1F, 0xFC, 0xFF, 0xFF, 0xFF, 0xFF, 0xFF, 0xFF, 0xFF, 0xFF,
    0xFF, 0xFF, 0xE0, 0xFF, 0xFF, 0xFF, 0xFF, 0xFF, 0xFF, 0xFF, 0xFF, 0xFF, 0xFF, 0x07, 0xFF, 0xFF,
    0xFF, 0xFF, 0xFF, 0xFF, 0xFF, 0xFF, 0xFF, 0xFF, 0x3F, 0xF8, 0xFF, 0xFF, 0xFF, 0xFF, 0xFF, 0xFF,
    0xFF, 0xFF, 0xFF, 0xFF, 0xC1, 0xFF, 0xFF, 0xFF, 0xFF, 0xFF, 0xFF, 0xFF, 0xFF, 0xFF, 0xFF, 0x0F,
    0xFE, 0xFF, 0xFF, 0xFF, 0xFF, 0xFF, 0xFF, 0xFF, 0xFF, 0xFF, 0x7F, 0xF0, 0xFF, 0xFF, 0xFF, 0xFF,
    0xFF, 0xFF, 0xFF, 0xFF, 0xFF, 0xFF, 0x83, 0xFF, 0xFF, 0xFF, 0xFF, 0xFF, 0xFF, 0xFF, 0xFF, 0xFF,
    0xFF, 0x1F, 0xFC, 0xFF, 0xFF, 0xFF, 0xFF, 0xFF, 0xFF, 0xFF, 0xFF, 0xFF, 0xFF, 0xE0, 0xFF, 0xFF,
    0xFF, 0xFF, 0xFF, 0xFF, 0xFF, 0x81, 0xFF, 0x03, 0x07, 0xFF, 0x1F, 0xFF, 0xFF, 0x8F, 0xFF, 0xFF,
    0x0F, 0xFC, 0x1F, 0x38, 0xF8, 0x0F, 0x80, 0xFF, 0x0F, 0xE0, 0xE0, 0x7F, 0xE0, 0xFF, 0xC0, 0xC1,
    0x3F, 0x00, 0xF8, 0x3F, 0x00, 0x06, 0xFF, 0x07, 0xFE, 0x03, 0x0F, 0xFE, 0x00, 0x80, 0xFF, 0x00,
    0x20, 0xF8, 0x3F, 0xF0, 0x1F, 0x78, 0xF0, 0x03, 0x00, 0xF8, 0x03, 0x00, 0xC0, 0xFF, 0x81, 0xFF,
    0xC0, 0x83, 0x0F, 0x00, 0x80, 0x1F, 0x00, 0x00, 0xFE, 0x0F, 0xFC, 0x03, 0x1E, 0x7C, 0x00, 0x00,
    0xFC, 0x00, 0x00, 0xF0, 0xFF, 0xC0, 0x1F, 0xF8, 0xE0, 0x03, 0x3E, 0xE0, 0x03, 0x3C, 0x80, 0xFF,
    0x07, 0xFE, 0xC0, 0x07, 0x0F, 0xF8, 0x03, 0x1E, 0xF0, 0x03, 0xFC, 0x3F, 0xF0, 0x07, 0x3E, 0x78,
    0xE0, 0x3F, 0xF0, 0xC0, 0x3F, 0xE0, 0xFF, 0x83, 0x1F, 0xF8, 0xC1, 0x03, 0xFF, 0x81, 0x07, 0xFE,
    0x03, 0xFF, 0x1F, 0xF8, 0xC0, 0x0F, 0x1E, 0xF8, 0x0F, 0x18, 0xF0, 0x1F, 0xF8, 0xFF, 0xC0, 0x07,
    0x7E, 0x70, 0xE0, 0xFF, 0xC0, 0xC0, 0xFF, 0xC0, 0xFF, 0x07, 0x3E, 0xF0, 0x83, 0x03, 0xFF, 0x07,
    0x06, 0xFE, 0x07, 0xFE, 0x7F, 0xE0, 0xC0, 0x1F, 0x1C, 0xF8, 0x3F, 0x30, 0xF0, 0x3F, 0xF0, 0xFF,
    0x03, 0x07, 0xFE, 0xE0, 0xC0, 0xFF, 0x81, 0x81, 0xFF, 0x81, 0xFF, 0x1F, 0x38, 0xF0, 0x07, 0x07,
    0xFE, 0x0F, 0x0C, 0xFC, 0x0F, 0xFC, 0xFF, 0xC1, 0xC0, 0x3F, 0x38, 0xF0, 0x7F, 0x60, 0xE0, 0x7F,
    0xE0, 0xFF, 0x0F, 0x04, 0xFE, 0xC1, 0x81, 0xFF, 0x03, 0x03, 0xFF, 0x03, 0xFF, 0x7F, 0x20, 0xF0,
    0x0F, 0x0E, 0xFC, 0x1F, 0x18, 0xF8, 0x1F, 0xF8, 0xFF, 0x03, 0x81, 0x7F, 0x70, 0xE0, 0xFF, 0xC0,
    0xC0, 0xFF, 0xC0, 0xFF, 0x3F, 0x00, 0xFE, 0x83, 0x03, 0xFF, 0x07, 0x06, 0xFE, 0x07, 0xFE, 0xFF,
    0x01, 0xF0, 0x1F, 0x1C, 0xF8, 0x3F, 0x30, 0xE0, 0x3F, 0xF0, 0xFF, 0x0F, 0x80, 0xFF, 0xE0, 0x80,
    0xFF, 0x80, 0x01, 0xFF, 0x81, 0xFF, 0xFF, 0x00, 0xFE, 0x07, 0x07, 0xFC, 0x07, 0x1C, 0xF8, 0x0F,
    0xFC, 0xFF, 0x07, 0xF0, 0x3F, 0x78, 0xE0, 0x3F, 0xF0, 0x80, 0x7F, 0xE0, 0xFF, 0x3F, 0x80, 0xFF,
    0xC1, 0x03, 0xFE, 0x80, 0x07, 0xFC, 0x01, 0xFF, 0xFF, 0x01, 0xFC, 0x0F, 0x1E, 0xE0, 0x03, 0x3C,
    0xC0, 0x03, 0xF8, 0xFF, 0x1F, 0xF0, 0x1F, 0xF0, 0x00, 0x00, 0xE0, 0x01, 0x00, 0xC0, 0xFF, 0xFF,
    0x80, 0x7F, 0x80, 0x0F, 0x00, 0x80, 0x1F, 0x00, 0x00, 0xFE, 0xFF, 0x07, 0xFC, 0x03, 0x7C, 0x00,
    0x00, 0xFC, 0x00, 0x00, 0xF0, 0xFF, 0x7F, 0xE0, 0x3F, 0xE0, 0x07, 0x00, 0xF0, 0x0F, 0x00, 0x80,
    0xFF, 0xFF, 0x03, 0xFF, 0x81, 0x3F, 0x00, 0x80, 0x7F, 0x00, 0x00, 0xFC, 0xFF, 0x1F, 0xF8, 0x1F,
    0xFC, 0x03, 0x00, 0xFE, 0x07, 0x40, 0xE0, 0xFF, 0xFF, 0xC0, 0xFF, 0xE0, 0x7F, 0x00, 0xFC, 0x7F,
    0x00, 0x03, 0xFF, 0xFF, 0x0F, 0xFC, 0x8F, 0xFF, 0x07, 0xF0, 0xFF, 0x07, 0x1E, 0xF8, 0xFF, 0x7F,
    0xE0, 0xFF, 0xFF, 0xFF, 0xFF, 0xFF, 0xFF, 0xFF, 0xC0, 0xFF, 0xFF, 0x03, 0xFE, 0xFF, 0xFF, 0xFF,
    0xFF, 0xFF, 0xFF, 0x07, 0xFE, 0xFF, 0x3F, 0xF0, 0xFF, 0xFF, 0xFF, 0xFF, 0xFF, 0xFF, 0x3F, 0xF0,
    0xFF, 0xFF, 0x01, 0xEF, 0xFF, 0xFF, 0xFF, 0xFF, 0xFF, 0xFF, 0x81, 0xFF, 0xFF, 0x0F, 0x00, 0xFF,
    0xFF, 0xFF, 0xFF, 0xFF, 0xFF, 0x0F, 0xFC, 0xFF, 0xFF, 0x00, 0xF0, 0xFF, 0xFF, 0xFF, 0xFF, 0xFF,
    0x7F, 0xE0, 0xFF, 0xFF, 0x07, 0x80, 0xFF, 0xFF, 0xFF, 0xFF, 0xFF, 0xFF, 0x03, 0xFF, 0xFF, 0x7F,
    0x00, 0xFC, 0xFF, 0xFF, 0xFF, 0xFF, 0xFF, 0x1F, 0xF8, 0xFF, 0xFF, 0x07, 0xE0, 0xFF, 0xFF, 0xFF,
    0xFF, 0xFF, 0xFF, 0xC0, 0xFF, 0xFF, 0x7F, 0x00, 0xFF, 0xFF, 0xFF, 0xFF, 0xFF, 0xFF, 0x07, 0x7E,
    0xFF, 0xFF, 0x07, 0xFC, 0xFF, 0xFF, 0xFF, 0xFF, 0xFF, 0xFF, 0xFF, 0xF1, 0xFF, 0xFF, 0xFF, 0xFF,
    0xFF, 0xFF, 0xFF, 0xFF, 0xFF, 0xFF, 0x07, 0xFF, 0xFF, 0xFF, 0xFF, 0xFF, 0xFF, 0xFF, 0xFF, 0xFF,
    0xFF, 0x1F, 0xC7, 0x49, 0x02, 0x02, 0x0C, 0x31, 0x3F, 0x35, 0xF8, 0xFF, 0xFF, 0xFF, 0xFF, 0x3F,
    0xF8, 0xFF, 0xFF, 0xFF, 0xFF, 0xFF, 0xF8, 0xFF, 0xFF, 0xFF, 0xFF, 0xFF, 0xFB, 0xFF, 0xFF, 0xFF,
    0xFF, 0xFF, 0xFF, 0xFF, 0xFF, 0xFF, 0xFF, 0xFF, 0xFF, 0xFF, 0xFF, 0xFF, 0xFF, 0xFF, 0xFF, 0xFF,
    0xFF, 0x03, 0xFF, 0x1F, 0xF0, 0xFF, 0xFF, 0x07, 0xFE, 0x3F, 0xE0, 0xFF, 0xFF, 0x0F, 0xFC, 0x7F,
    0xC0, 0xFF, 0xFF, 0x1F, 0xF8, 0xFF, 0x80, 0xFF, 0xFF, 0x3F, 0xF0, 0xFF, 0x01, 0xFF, 0xFF, 0x7F,
    0xE0, 0xFF, 0x03, 0xFE, 0xFF, 0xFF, 0xC0, 0xFF, 0x07, 0xFC, 0xFF, 0xFF, 0x81, 0xFF, 0x0F, 0xF8,
    0xFF, 0xFF, 0x03, 0xFF, 0x1F, 0xF0, 0xFF, 0xFF, 0x07, 0xFE, 0x3F, 0xE0, 0xFF, 0xFF, 0x0F, 0xFC,
    0x7F, 0xC0, 0x07, 0x1F, 0x18, 0xF8, 0xFF, 0x80, 0x0F, 0x38, 0x30, 0xF0, 0xFF, 0x01, 0x1F, 0x60,
    0x60, 0xE0, 0xFF, 0x03, 0x3E, 0x80, 0xC0, 0xC0, 0xFF, 0x07, 0xFC, 0x00, 0x81, 0x81, 0xFF, 0x0F,
    0xF8, 0x01, 0x00, 0x03, 0xFF, 0x1F, 0xF0, 0x03, 0x00, 0x06, 0xFE, 0x3F, 0xE0, 0x07, 0x00, 0x0C,
    0xFC, 0x7F, 0xC0, 0xFF, 0x01, 0x18, 0xF8, 0xFF, 0x80, 0xFF, 0x07, 0x30, 0xF0, 0xFF, 0x01, 0xFF,
    0x1F, 0x60, 0xE0, 0xFF, 0x03, 0xFE, 0x7F, 0xC0, 0xC0, 0xFF, 0x07, 0xFC, 0xFF, 0x81, 0x81, 0xFF,
    0x0F, 0xF8, 0xFF, 0x03, 0x03, 0xFF, 0x1F, 0xF0, 0xFF, 0x07, 0x06, 0xFE, 0x3F, 0xE0, 0xFF, 0x0F,
    0x0C, 0xFC, 0x7F, 0xC0, 0xFF, 0x1F, 0x18, 0xF8, 0xFF, 0x80, 0xFF, 0x3F, 0x30, 0xF0, 0xFF, 0x01,
    0xFF, 0x7F, 0x60, 0xE0, 0xFF, 0x03, 0xFE, 0xFF, 0xC0, 0xC0, 0xFF, 0x07, 0xFC, 0xFF, 0x81, 0x81,
    0xFF, 0x0F, 0xF8, 0xFF, 0x03, 0x03, 0xFE, 0x0F, 0xF0, 0xFF, 0x07, 0x06, 0xFC, 0x1F, 0xE0, 0xFF,
    0x0F, 0x1C, 0xF8, 0x3F, 0xE0, 0xFF, 0x1F, 0x38, 0xE0, 0x3F, 0xC0, 0xFF, 0x3F, 0x70, 0xC0, 0x7F,
    0x80, 0xFF, 0x7F, 0xE0, 0x00, 0x3E, 0x00, 0xFF, 0xFF, 0xC0, 0x03, 0x00, 0x00, 0xFF, 0xFF, 0x81,
    0x07, 0x00, 0x00, 0xFE, 0xFF, 0x03, 0x0F, 0x00, 0x00, 0xFC, 0xFF, 0x07, 0x3E, 0x00, 0x00, 0xFC,
    0xFF, 0x0F, 0xFC, 0x00, 0x00, 0xFC, 0xFF, 0x1F, 0xF8, 0x03, 0x00, 0xFC, 0xFF, 0x3F, 0xF0, 0x0F,
    0x00, 0xFC, 0xFF, 0x7F, 0xE0, 0xFF, 0x00, 0xFF, 0xFF, 0xFF, 0xFF, 0xFF, 0xFF, 0xFF, 0xFF, 0xFF,
    0xFF, 0xFF, 0xFF, 0xFF, 0xFF, 0xFF, 0xFF, 0xFF, 0xFF, 0xFF, 0xFF, 0xFF, 0xFF, 0xFF, 0xFF, 0xFF,
    0xFF, 0xFF, 0xFF, 0xFF, 0xFF, 0xFF, 0xFF, 0xFF, 0xFF, 0xFF, 0xFF, 0xFF, 0xFF, 0xFF, 0xFF, 0xFF,
    0xFF, 0xFF, 0xFF, 0xFF, 0xFF, 0xFF, 0xFF, 0xFF, 0xFF, 0xEF, 0xFF, 0xFF, 0xFF, 0xFF, 0xFF, 0x8F,
    0xFF, 0xFF, 0xFF, 0xFF, 0xFF, 0x0F, 0xFE, 0xFF, 0xFF, 0xFF, 0xFF, 0x0F, 0x02, 0x0C, 0x35, 0x3F,
    0x3A, 0xF8, 0xFF, 0xFF, 0xFF, 0xFF, 0xFF, 0x83, 0xFF, 0xFF, 0xFF, 0xFF, 0xFF, 0xFF, 0xF8, 0xFF,
    0xFF, 0xFF, 0xFF, 0xFF, 0xBF, 0xFF, 0xFF, 0xFF, 0xFF, 0xFF, 0xFF, 0xFF, 0xFF, 0xFF, 0xFF, 0xFF,
    0xFF, 0xFF, 0xFF, 0xFF, 0xFF, 0xFF, 0xFF, 0xFF, 0xFF, 0xFF, 0xFF, 0x3F, 0xF0, 0xFF, 0x01, 0xFF,
    0xFF, 0xFF, 0x07, 0xFE, 0x3F, 0xE0, 0xFF, 0xFF, 0xFF, 0xC0, 0xFF, 0x07, 0xFC, 0xFF, 0xFF, 0x1F,
    0xF8, 0xFF, 0x80, 0xFF, 0xFF, 0xFF, 0x03, 0xFF, 0x1F, 0xF0, 0xFF, 0xFF, 0x7F, 0xE0, 0xFF, 0x03,
    0xFE, 0xFF, 0xFF, 0x0F, 0xFC, 0x7F, 0xC0, 0xFF, 0xFF, 0xFF, 0x81, 0xFF, 0x0F, 0xF8, 0xFF, 0xFF,
    0x3F, 0xF0, 0xFF, 0x01, 0xFF, 0xFF, 0xFF, 0x07, 0xFE, 0x3F, 0xE0, 0xFF, 0x01, 0xFF, 0xC0, 0xFF,
    0x07, 0xFC, 0x0F, 0x80, 0x1F, 0xF8, 0xFF, 0x80, 0xFF, 0x00, 0xE0, 0x03, 0xFF, 0x1F, 0xF0, 0x0F,
    0x00, 0x78, 0xE0, 0xFF, 0x03, 0xFE, 0x00, 0x00, 0x0E, 0xFC, 0x7F, 0xC0, 0x1F, 0x00, 0xC0, 0x81,
    0xFF, 0x0F, 0xF8, 0x03, 0x00, 0x30, 0xF0, 0xFF, 0x01, 0xFF, 0xE0, 0x03, 0x06, 0xFE, 0x3F, 0xE0,
    0x3F, 0xFE, 0xC0, 0xC0, 0xFF, 0x07, 0xFC, 0xEF, 0x3F, 0x18, 0xF8, 0xFF, 0x80, 0xFF, 0xFF, 0x07,
    0x03, 0xFF, 0x1F, 0xF0, 0xFF, 0x7F, 0x60, 0xE0, 0xFF, 0x03, 0xFE, 0xFF, 0x07, 0x0C, 0xFC, 0x7F,
    0xC0, 0xFF, 0x7F, 0x80, 0x81, 0xFF, 0x0F, 0xF8, 0xFF, 0x01, 0x38, 0xF0, 0xFF, 0x01, 0xFF, 0x0F,
    0x00, 0x07, 0xFE, 0x3F, 0xE0, 0x7F, 0x00, 0xE0, 0xC0, 0xFF, 0x07, 0xFC, 0x07, 0x00, 0x1E, 0xF8,
    0xFF, 0x80, 0x7F, 0x00, 0xE0, 0x03, 0xFF, 0x1F, 0xF0, 0x07, 0x00, 0x7E, 0xE0, 0xFF, 0x03, 0xFE,
    0x00, 0xF0, 0x0F, 0xFC, 0x7F, 0xC0, 0x1F, 0xC0, 0xFF, 0x81, 0xFF, 0x0F, 0xF8, 0x01, 0xFE, 0x3F,
    0xE0, 0xFF, 0x00, 0x3F, 0xF0, 0xFF, 0x07, 0xFC, 0x1F, 0xE0, 0x07, 0xFE, 0xFF, 0x81, 0xFF, 0x03,
    0xFE, 0xE0, 0xFF, 0x3F, 0xE0, 0x3F, 0xC0, 0x1F, 0xFC, 0xEF, 0x07, 0xF8, 0x03, 0xF8, 0x03, 0xFF,
    0xF8, 0x00, 0x3E, 0x00, 0x7F, 0xC0, 0x07, 0x3E, 0x00, 0x00, 0xF0, 0x1F, 0x00, 0x80, 0x07, 0x00,
    0x00, 0xFE, 0x03, 0x00, 0xF0, 0x00, 0x00, 0xC0, 0x7F, 0x00, 0x00, 0x3E, 0x00, 0x00, 0xFC, 0x1F,
    0x00, 0xE0, 0x0F, 0x00, 0xC0, 0xFF, 0x07, 0x00, 0xFE, 0x03, 0x00, 0xFC, 0xFF, 0x01, 0xE0, 0xFF,
    0x00, 0xC0, 0xFF, 0xFF, 0x80, 0xFF, 0xFF, 0x00, 0xFF, 0xFF, 0xFF, 0xFF, 0xFF, 0xFF, 0xFF, 0xFF,
    0xFF, 0xFF, 0xFF, 0xFF, 0xFF, 0xFF, 0xFF, 0xFF, 0xFF, 0xFF, 0xFF, 0xFF, 0xFF, 0xFF, 0xFF, 0xFF,
    0xFF, 0xFF, 0xFF, 0xFF, 0xFF, 0xFF, 0xFF, 0xFF, 0xFF, 0xFF, 0xFF, 0xFF, 0xFF, 0xFF, 0xFF, 0xFF,
    0xFF, 0xFF, 0xFF, 0xFF, 0xFF, 0xFF, 0xFF, 0xFF, 0xFF, 0xFF, 0xFF, 0xFF, 0xFF, 0xFF, 0xEF, 0xFF,
    0xFF, 0xFF, 0xFF, 0xFF, 0xFF, 0xF8, 0xFF, 0xFF, 0xFF, 0xFF, 0xFF, 0x0F, 0xFE, 0xFF, 0xFF, 0xFF,
    0xFF, 0xFF, 0x00, 0xE7, 0x49, 0x01, 0x00, 0x14, 0x25, 0x2A, 0x28, 0x1F, 0x00, 0xE0, 0x07, 0xE0,
    0x07, 0x00, 0xFE, 0x03, 0xF8, 0x01, 0xE0, 0xFF, 0x00, 0x7F, 0x00, 0xFE, 0x1F, 0xE0, 0x1F, 0xC0,
    0xFF, 0x07, 0xFC, 0x07, 0xFC, 0xFF, 0x80, 0xFF, 0x81, 0xFF, 0x3F, 0xF0, 0x3E, 0xF0, 0xFF, 0x07,
    0x0C, 0x0F, 0xFF, 0xC1, 0x81, 0xC0, 0xE1, 0x1F, 0x30, 0x00, 0x70, 0xFC, 0x03, 0x06, 0x00, 0x9C,
    0x3F, 0x00, 0x00, 0x00, 0xF3, 0x07, 0x00, 0x00, 0xE0, 0xFE, 0x00, 0x00, 0x00, 0xF8, 0x1F, 0x00,
    0x00, 0x00, 0xFF, 0x01, 0x00, 0x00, 0xC0, 0x3F, 0x00, 0x00, 0x00, 0xF0, 0x07, 0x00, 0x00, 0x00,
    0xFE, 0x00, 0x00, 0x00, 0xC0, 0x1F, 0x00, 0x00, 0x00, 0xFC, 0x03, 0x00, 0x00, 0x80, 0x7F, 0x00,
    0x00, 0x00, 0xF0, 0x07, 0x00, 0x00, 0x00, 0xFE, 0x00, 0x00, 0x00, 0xC0, 0x3F, 0x00, 0x00, 0x00,
    0xF8, 0x0F, 0x00, 0x00, 0x80, 0xFF, 0x01, 0x00, 0x00, 0xF0, 0x7F, 0x00, 0x00, 0x00, 0xFE, 0x1C,
    0x00, 0x00, 0xC0, 0x1F, 0x03, 0x00, 0x00, 0xF8, 0xE3, 0x00, 0xC0, 0x80, 0x7F, 0x38, 0x00, 0x38,
    0xF0, 0x0F, 0x0F, 0x0C, 0x0F, 0xFF, 0xC1, 0x83, 0xC1, 0xF3, 0x1F, 0xF0, 0x39, 0xF0, 0xFF, 0x03,
    0xFE, 0x07, 0xFC, 0x7F, 0x80, 0xFF, 0x00, 0xFF, 0x0F, 0xE0, 0x1F, 0xC0, 0xFF, 0x00, 0xF8, 0x07,
    0xE0, 0x1F, 0x00, 0xFE, 0x00, 0xF8, 0x01, 0x80, 0x1F, 0x00, 0x0C, 0x00, 0xC0, 0x00, 0x80, 0x4A,
    0x01, 0x00, 0x28, 0x21, 0x05, 0x21, 0xFF, 0xFF, 0xFF, 0xFF, 0xFF, 0xFF, 0xFF, 0xFF, 0xFF, 0xFF,
    0xFF, 0xFF, 0xFF, 0xFF, 0xFF, 0xFF, 0xFF, 0xFF, 0xFF, 0xFF, 0x1F, 0x82, 0x4A, 0x01, 0x0E, 0x03,
    0x04, 0x50, 0x21, 0xFF, 0xFF, 0xFF, 0xFF, 0xFF, 0xFF, 0xFF, 0xFF, 0xFF, 0xFF, 0xFF, 0xFF, 0xFF,
    0xFF, 0xFF, 0xFF, 0xFF, 0xFF, 0xFF, 0xFF, 0xFF, 0xFF, 0xFF, 0xFF, 0xFF, 0xFF, 0xFF, 0xFF, 0xFF,
    0xFF, 0xFF, 0xFF, 0xFF, 0xFF, 0xFF, 0xFF, 0xFF, 0xFF, 0xFF, 0xFF, 0x8C, 0x4A, 0x01, 0x0E, 0x28,
    0x13, 0x2B, 0x21, 0xFF, 0xFF, 0xFF, 0xFF, 0xFF, 0xFF, 0xFF, 0xFF, 0xFF, 0xFF, 0xFF, 0x7F, 0x00,
    0xC0, 0x03, 0x00, 0x1E, 0x00, 0xF0, 0x00, 0x80, 0x07, 0x00, 0x3C, 0x00, 0xE0, 0x01, 0x00, 0x0F,
    0x00, 0x78, 0x00, 0xC0, 0x03, 0x00, 0x1E, 0x00, 0xF0, 0x00, 0x80, 0x07, 0x00, 0x3C, 0x00, 0xE0,
    0x01, 0x00, 0x0F, 0x00, 0x78, 0x00, 0xC0, 0x03, 0x00, 0x1E, 0x00, 0xF0, 0x00, 0x80, 0x07, 0x00,
    0x3C, 0x00, 0xE0, 0x01, 0x00, 0x0F, 0x00, 0x78, 0x00, 0xC0, 0x03, 0x00, 0x1E, 0x00, 0xF0, 0x00,
    0x80, 0x07, 0x00, 0x3C, 0x00, 0xE0, 0x01, 0x00, 0x0F, 0x00, 0x78, 0x00, 0xC0, 0x03, 0x00, 0x1E,
    0x00, 0xF0, 0x00, 0x80, 0x07, 0x00, 0x3C, 0x00, 0xE0, 0x01, 0x90, 0x4A, 0x01, 0x00, 0x28, 0x11,
    0x2B, 0x21, 0xFF, 0xFF, 0xFF, 0xFF, 0xFF, 0xFF, 0xFF, 0xFF, 0xFF, 0xFF, 0x7F, 0x00, 0xC0, 0x00,
    0x80, 0x01, 0x00, 0x03, 0x00, 0x06, 0x00, 0x0C, 0x00, 0x18, 0x00, 0x30, 0x00, 0x60, 0x00, 0xC0,
    0x00, 0x80, 0x01, 0x00, 0x03, 0x00, 0x06, 0x00, 0x0C, 0x00, 0x18, 0x00, 0x30, 0x00, 0x60, 0x00,
    0xC0, 0x00, 0x80, 0x01, 0x00, 0x03, 0x00, 0x06, 0x00, 0x0C, 0x00, 0x18, 0x00, 0x30, 0x00, 0x60,
    0x00, 0xC0, 0x00, 0x80, 0x01, 0x00, 0x03, 0x00, 0x06, 0x00, 0x0C, 0x00, 0x18, 0x00, 0x30, 0x00,
    0x60, 0x00, 0xC0, 0x00, 0x80, 0x01, 0x00, 0x03, 0x00, 0x06, 0x00, 0x0C, 0x00, 0x00, 0x94, 0x4A,
    0x01, 0x0E, 0x02, 0x13, 0x2A, 0x21, 0x00, 0x80, 0x07, 0x00, 0x3C, 0x00, 0xE0, 0x01, 0x00, 0x0F,
    0x00, 0x78, 0x00, 0xC0, 0x03, 0x00, 0x1E, 0x00, 0xF0, 0x00, 0x80, 0x07, 0x00, 0x3C, 0x00, 0xE0,
    0x01, 0x00, 0x0F, 0x00, 0x78, 0x00, 0xC0, 0x03, 0x00, 0x1E, 0x00, 0xF0, 0x00, 0x80, 0x07, 0x00,
    0x3C, 0x00, 0xE0, 0x01, 0x00, 0x0F, 0x00, 0x78, 0x00, 0xC0, 0x03, 0x00, 0x1E, 0x00, 0xF0, 0x00,
    0x80, 0x07, 0x00, 0x3C, 0x00, 0xE0, 0x01, 0x00, 0x0F, 0x00, 0x78, 0x00, 0xC0, 0x03, 0x00, 0x1E,
    0x00, 0xF0, 0x00, 0x80, 0x07, 0x00, 0x3C, 0x00, 0xE0, 0x01, 0x00, 0x0F, 0x00, 0xF8, 0xFF, 0xFF,
    0xFF, 0xFF, 0xFF, 0xFF, 0xFF, 0xFF, 0xFF, 0xFF, 0xFF, 0x3F, 0x98, 0x4A, 0x01, 0x00, 0x02, 0x11,
    0x2A, 0x21, 0x03, 0x00, 0x06, 0x00, 0x0C, 0x00, 0x18, 0x00, 0x30, 0x00, 0x60, 0x00, 0xC0, 0x00,
    0x80, 0x01, 0x00, 0x03, 0x00, 0x06, 0x00, 0x0C, 0x00, 0x18, 0x00, 0x30, 0x00, 0x60, 0x00, 0xC0,
    0x00, 0x80, 0x01, 0x00, 0x03, 0x00, 0x06, 0x00, 0x0C, 0x00, 0x18, 0x00, 0x30, 0x00, 0x60, 0x00,
    0xC0, 0x00, 0x80, 0x01, 0x00, 0x03, 0x00, 0x06, 0x00, 0x0C, 0x00, 0x18, 0x00, 0x30, 0x00, 0x60,
    0x00, 0xC0, 0x00, 0x80, 0x01, 0x00, 0x03, 0x00, 0x06, 0x00, 0x0C, 0x00, 0x18, 0x00, 0x30, 0x00,
    0xE0, 0xFF, 0xFF, 0xFF, 0xFF, 0xFF, 0xFF, 0xFF, 0xFF, 0xFF, 0xFF, 0x03, 0x9C, 0x4A, 0x01, 0x0E,
    0x03, 0x13, 0x50, 0x21, 0x00, 0x80, 0x07, 0x00, 0x3C, 0x00, 0xE0, 0x01, 0x00, 0x0F, 0x00, 0x78,
    0x00, 0xC0, 0x03, 0x00, 0x1E, 0x00, 0xF0, 0x00, 0x80, 0x07, 0x00, 0x3C, 0x00, 0xE0, 0x01, 0x00,
    0x0F, 0x00, 0x78, 0x00, 0xC0, 0x03, 0x00, 0x1E, 0x00, 0xF0, 0x00, 0x80, 0x07, 0x00, 0x3C, 0x00,
    0xE0, 0x01, 0x00, 0x0F, 0x00, 0x78, 0x00, 0xC0, 0x03, 0x00, 0x1E, 0x00, 0xF0, 0x00, 0x80, 0x07,
    0x00, 0x3C, 0x00, 0xE0, 0x01, 0x00, 0x0F, 0x00, 0x78, 0x00, 0xC0, 0x03, 0x00, 0x1E, 0x00, 0xF0,
    0x00, 0x80, 0x07, 0x00, 0x3C, 0x00, 0xE0, 0x01, 0x00, 0x0F, 0x00, 0xF8, 0xFF, 0xFF, 0xFF, 0xFF,
    0xFF, 0xFF, 0xFF, 0xFF, 0xFF, 0xFF, 0xFF, 0xFF, 0xFF, 0xFF, 0x01, 0x00, 0x0F, 0x00, 0x78, 0x00,
    0xC0, 0x03, 0x00, 0x1E, 0x00, 0xF0, 0x00, 0x80, 0x07, 0x00, 0x3C, 0x00, 0xE0, 0x01, 0x00, 0x0F,
    0x00, 0x78, 0x00, 0xC0, 0x03, 0x00, 0x1E, 0x00, 0xF0, 0x00, 0x80, 0x07, 0x00, 0x3C, 0x00, 0xE0,
    0x01, 0x00, 0x0F, 0x00, 0x78, 0x00, 0xC0, 0x03, 0x00, 0x1E, 0x00, 0xF0, 0x00, 0x80, 0x07, 0x00,
    0x3C, 0x00, 0xE0, 0x01, 0x00, 0x0F, 0x00, 0x78, 0x00, 0xC0, 0x03, 0x00, 0x1E, 0x00, 0xF0, 0x00,
    0x80, 0x07, 0x00, 0x3C, 0x00, 0xE0, 0x01, 0x00, 0x0F, 0x00, 0x78, 0x00, 0xC0, 0x03, 0x00, 0x1E,
    0x00, 0xF0, 0xA4, 0x4A, 0x01, 0x00, 0x03, 0x11, 0x50, 0x21, 0x03, 0x00, 0x06, 0x00, 0x0C, 0x00,
    0x18, 0x00, 0x30, 0x00, 0x60, 0x00, 0xC0, 0x00, 0x80, 0x01, 0x00, 0x03, 0x00, 0x06, 0x00, 0x0C,
    0x00, 0x18, 0x00, 0x30, 0x00, 0x60, 0x00, 0xC0, 0x00, 0x80, 0x01, 0x00, 0x03, 0x00, 0x06, 0x00,
    0x0C, 0x00, 0x18, 0x00, 0x30, 0x00, 0x60, 0x00, 0xC0, 0x00, 0x80, 0x01, 0x00, 0x03, 0x00, 0x06,
    0x00, 0x0C, 0x00, 0x18, 0x00, 0x30, 0x00, 0x60, 0x00, 0xC0, 0x00, 0x80, 0x01, 0x00, 0x03, 0x00,
    0x06, 0x00, 0x0C, 0x00, 0x18, 0x00, 0x30, 0x00, 0xE0, 0xFF, 0xFF, 0xFF, 0xFF, 0xFF, 0xFF, 0xFF,
    0xFF, 0xFF, 0xFF, 0xFF, 0xFF, 0x1F, 0x00, 0x30, 0x00, 0x60, 0x00, 0xC0, 0x00, 0x80, 0x01, 0x00,
    0x03, 0x00, 0x06, 0x00, 0x0C, 0x00, 0x18, 0x00, 0x30, 0x00, 0x60, 0x00, 0xC0, 0x00, 0x80, 0x01,
    0x00, 0x03, 0x00, 0x06, 0x00, 0x0C, 0x00, 0x18, 0x00, 0x30, 0x00, 0x60, 0x00, 0xC0, 0x00, 0x80,
    0x01, 0x00, 0x03, 0x00, 0x06, 0x00, 0x0C, 0x00, 0x18, 0x00, 0x30, 0x00, 0x60, 0x00, 0xC0, 0x00,
    0x80, 0x01, 0x00, 0x03, 0x00, 0x06, 0x00, 0x0C, 0x00, 0x18, 0x00, 0x30, 0x00, 0x60, 0x00, 0xC0,
    0x00, 0x80, 0x01, 0x00, 0xAC, 0x4A, 0x01, 0x00, 0x28, 0x21, 0x2B, 0x21, 0xFF, 0xFF, 0xFF, 0xFF,
    0xFF, 0xFF, 0xFF, 0xFF, 0xFF, 0xFF, 0xFF, 0xFF, 0xFF, 0xFF, 0xFF, 0xFF, 0xFF, 0xFF, 0xFF, 0xFF,
    0x1F, 0x00, 0x78, 0x00, 0x00, 0x00, 0xF0, 0x00, 0x00, 0x00, 0xE0, 0x01, 0x00, 0x00, 0xC0, 0x03,
    0x00, 0x00, 0x80, 0x07, 0x00, 0x00, 0x00, 0x0F, 0x00, 0x00, 0x00, 0x1E, 0x00, 0x00, 0x00, 0x3C,
    0x00, 0x00, 0x00, 0x78, 0x00, 0x00, 0x00, 0xF0, 0x00, 0x00, 0x00, 0xE0, 0x01, 0x00, 0x00, 0xC0,
    0x03, 0x00, 0x00, 0x80, 0x07, 0x00, 0x00, 0x00, 0x0F, 0x00, 0x00, 0x00, 0x1E, 0x00, 0x00, 0x00,
    0x3C, 0x00, 0x00, 0x00, 0x78, 0x00, 0x00, 0x00, 0xF0, 0x00, 0x00, 0x00, 0xE0, 0x01, 0x00, 0x00,
    0xC0, 0x03, 0x00, 0x00, 0x80, 0x07, 0x00, 0x00, 0x00, 0x0F, 0x00, 0x00, 0x00, 0x1E, 0x00, 0x00,
    0x00, 0x3C, 0x00, 0x00, 0x00, 0x78, 0x00, 0x00, 0x00, 0xF0, 0x00, 0x00, 0x00, 0xE0, 0x01, 0x00,
    0x00, 0xC0, 0x03, 0x00, 0x00, 0x80, 0x07, 0x00, 0x00, 0x00, 0x0F, 0x00, 0x00, 0x00, 0x1E, 0x00,
    0x00, 0x00, 0x3C, 0x00, 0x00, 0x00, 0x78, 0x00, 0x00, 0x00, 0xF0, 0x00, 0x00, 0x00, 0xE0, 0x01,
    0x00, 0x00, 0xC0, 0x03, 0x00, 0x00, 0x80, 0x07, 0x00, 0x00, 0x00, 0x0F, 0x00, 0x00, 0xB4, 0x4A,
    0x01, 0x00, 0x02, 0x21, 0x2A, 0x21, 0x00, 0xC0, 0x03, 0x00, 0x00, 0x80, 0x07, 0x00, 0x00, 0x00,
    0x0F, 0x00, 0x00, 0x00, 0x1E, 0x00, 0x00, 0x00, 0x3C, 0x00, 0x00, 0x00, 0x78, 0x00, 0x00, 0x00,
    0xF0, 0x00, 0x00, 0x00, 0xE0, 0x01, 0x00, 0x00, 0xC0, 0x03, 0x00, 0x00, 0x80, 0x07, 0x00, 0x00,
    0x00, 0x0F, 0x00, 0x00, 0x00, 0x1E, 0x00, 0x00, 0x00, 0x3C, 0x00, 0x00, 0x00, 0x78, 0x00, 0x00,
    0x00, 0xF0, 0x00, 0x00, 0x00, 0xE0, 0x01, 0x00, 0x00, 0xC0, 0x03, 0x00, 0x00, 0x80, 0x07, 0x00,
    0x00, 0x00, 0x0F, 0x00, 0x00, 0x00, 0x1E, 0x00, 0x00, 0x00, 0x3C, 0x00, 0x00, 0x00, 0x78, 0x00,
    0x00, 0x00, 0xF0, 0x00, 0x00, 0x00, 0xE0, 0x01, 0x00, 0x00, 0xC0, 0x03, 0x00, 0x00, 0x80, 0x07,
    0x00, 0x00, 0x00, 0x0F, 0x00, 0x00, 0x00, 0x1E, 0x00, 0x00, 0x00, 0x3C, 0x00, 0x00, 0x00, 0x78,
    0x00, 0x00, 0x00, 0xF0, 0x00, 0x00, 0x00, 0xE0, 0x01, 0x00, 0x00, 0xC0, 0x03, 0x00, 0x00, 0x80,
    0x07, 0x00, 0x00, 0x00, 0x0F, 0x00, 0x00, 0x00, 0x1E, 0x00, 0x00, 0x00, 0x3C, 0x00, 0xE0, 0xFF,
    0xFF, 0xFF, 0xFF, 0xFF, 0xFF, 0xFF, 0xFF, 0xFF, 0xFF, 0xFF, 0xFF, 0xFF, 0xFF, 0xFF, 0xFF, 0xFF,
    0xFF, 0xFF, 0xFF, 0x03, 0xBC, 0x4A, 0x01, 0x00, 0x03, 0x21, 0x50, 0x21, 0x00, 0xC0, 0x03, 0x00,
    0x00, 0x80, 0x07, 0x00, 0x00, 0x00, 0x0F, 0x00, 0x00, 0x00, 0x1E, 0x00, 0x00, 0x00, 0x3C, 0x00,
    0x00, 0x00, 0x78, 0x00, 0x00, 0x00, 0xF0, 0x00, 0x00, 0x00, 0xE0, 0x01, 0x00, 0x00, 0xC0, 0x03,
    0x00, 0x00, 0x80, 0x07, 0x00, 0x00, 0x00, 0x0F, 0x00, 0x00, 0x00, 0x1E, 0x00, 0x00, 0x00, 0x3C,
    0x00, 0x00, 0x00, 0x78, 0x00, 0x00, 0x00, 0xF0, 0x00, 0x00, 0x00, 0xE0, 0x01, 0x00, 0x00, 0xC0,
    0x03, 0x00, 0x00, 0x80, 0x07, 0x00, 0x00, 0x00, 0x0F, 0x00, 0x00, 0x00, 0x1E, 0x00, 0x00, 0x00,
    0x3C, 0x00, 0x00, 0x00, 0x78, 0x00, 0x00, 0x00, 0xF0, 0x00, 0x00, 0x00, 0xE0, 0x01, 0x00, 0x00,
    0xC0, 0x03, 0x00, 0x00, 0x80, 0x07, 0x00, 0x00, 0x00, 0x0F, 0x00, 0x00, 0x00, 0x1E, 0x00, 0x00,
    0x00, 0x3C, 0x00, 0x00, 0x00, 0x78, 0x00, 0x00, 0x00, 0xF0, 0x00, 0x00, 0x00, 0xE0, 0x01, 0x00,
    0x00, 0xC0, 0x03, 0x00, 0x00, 0x80, 0x07, 0x00, 0x00, 0x00, 0x0F, 0x00, 0x00, 0x00, 0x1E, 0x00,
    0x00, 0x00, 0x3C, 0x00, 0xE0, 0xFF, 0xFF, 0xFF, 0xFF, 0xFF, 0xFF, 0xFF, 0xFF, 0xFF, 0xFF, 0xFF,
    0xFF, 0xFF, 0xFF, 0xFF, 0xFF, 0xFF, 0xFF, 0xFF, 0xFF, 0xFF, 0xFF, 0xFF, 0xFF, 0x07, 0x00, 0x1E,
    0x00, 0x00, 0x00, 0x3C, 0x00, 0x00, 0x00, 0x78, 0x00, 0x00, 0x00, 0xF0, 0x00, 0x00, 0x00, 0xE0,
    0x01, 0x00, 0x00, 0xC0, 0x03, 0x00, 0x00, 0x80, 0x07, 0x00, 0x00, 0x00, 0x0F, 0x00, 0x00, 0x00,
    0x1E, 0x00, 0x00, 0x00, 0x3C, 0x00, 0x00, 0x00, 0x78, 0x00, 0x00, 0x00, 0xF0, 0x00, 0x00, 0x00,
    0xE0, 0x01, 0x00, 0x00, 0xC0, 0x03, 0x00, 0x00, 0x80, 0x07, 0x00, 0x00, 0x00, 0x0F, 0x00, 0x00,
    0x00, 0x1E, 0x00, 0x00, 0x00, 0x3C, 0x00, 0x00, 0x00, 0x78, 0x00, 0x00, 0x00, 0xF0, 0x00, 0x00,
    0x00, 0xE0, 0x01, 0x00, 0x00, 0xC0, 0x03, 0x00, 0x00, 0x80, 0x07, 0x00, 0x00, 0x00, 0x0F, 0x00,
    0x00, 0x00, 0x1E, 0x00, 0x00, 0x00, 0x3C, 0x00, 0x00, 0x00, 0x78, 0x00, 0x00, 0x00, 0xF0, 0x00,
    0x00, 0x00, 0xE0, 0x01, 0x00, 0x00, 0xC0, 0x03, 0x00, 0x00, 0x80, 0x07, 0x00, 0x00, 0x00, 0x0F,
    0x00, 0x00, 0x00, 0x1E, 0x00, 0x00, 0x00, 0x3C, 0x00, 0x00, 0x00, 0x78, 0x00, 0x00, 0x00, 0xF0,
    0x00, 0x00, 0x00, 0xE0, 0x01, 0x00, 0xD0, 0x4A, 0x1D, 0x00, 0x22, 0x21, 0x12, 0x21, 0xFF, 0xFF,
    0xFF, 0xFF, 0xFF, 0xFF, 0xFF, 0xFF, 0xFF, 0xFF, 0xFF, 0xFF, 0xFF, 0xFF, 0xFF, 0xFF, 0xFF, 0xFF,
    0xFF, 0xFF, 0x1F, 0x00, 0x00, 0x00, 0x00, 0x00, 0x00, 0x00, 0x00, 0x00, 0x00, 0x00, 0x00, 0x00,
    0x00, 0x00, 0x00, 0x00, 0x00, 0x00, 0x00, 0x00, 0x00, 0x00, 0x00, 0x00, 0x00, 0x00, 0x00, 0x00,
    0x00, 0x00, 0x00, 0xE0, 0xFF, 0xFF, 0xFF, 0xFF, 0xFF, 0xFF, 0xFF, 0xFF, 0xFF, 0xFF, 0xFF, 0xFF,
    0xFF, 0xFF, 0xFF, 0xFF, 0xFF, 0xFF, 0xFF, 0xFF, 0x03, 0x0A, 0x03, 0x0D, 0x50, 0x21, 0x0F, 0xFE,
    0xC1, 0x3F, 0xF8, 0x07, 0xFF, 0xE0, 0x1F, 0xFC, 0x83, 0x7F, 0xF0, 0x0F, 0xFE, 0xC1, 0x3F, 0xF8,
    0x07, 0xFF, 0xE0, 0x1F, 0xFC, 0x83, 0x7F, 0xF0, 0x0F, 0xFE, 0xC1, 0x3F, 0xF8, 0x07, 0xFF, 0xE0,
    0x1F, 0xFC, 0x83, 0x7F, 0xF0, 0x0F, 0xFE, 0xC1, 0x3F, 0xF8, 0x07, 0xFF, 0xE0, 0x1F, 0xFC, 0x83,
    0x7F, 0xF0, 0x0F, 0xFE, 0xC1, 0x3F, 0xF8, 0x07, 0xFF, 0xE0, 0x1F, 0xFC, 0x83, 0x7F, 0xF0, 0x0F,
    0xFE, 0xC1, 0x3F, 0xF8, 0x07, 0xFF, 0xE0, 0x1F, 0xFC, 0x83, 0x7F, 0xF0, 0x0F, 0xFE, 0xC1, 0x3F,
    0xF8, 0x07, 0xFF, 0xE0, 0x1F, 0xFC, 0x83, 0x7F, 0xF0, 0x0F, 0xFE, 0xC1, 0x3F, 0xF8, 0x07, 0xFF,
    0xE0, 0x1F, 0xFC, 0x83, 0x7F, 0xF0, 0x0F, 0xFE, 0xC1, 0x3F, 0xF8, 0x07, 0xFF, 0xE0, 0x1F, 0xFC,
    0x83, 0x7F, 0xF0, 0x0F, 0xFE, 0xC1, 0x3F, 0xF8, 0x07, 0xFF, 0xE0, 0x1F, 0xFC, 0x83, 0x7F, 0xF0,
    0x0E, 0x22, 0x13, 0x31, 0x21, 0xFF, 0xFF, 0xFF, 0xFF, 0xFF, 0xFF, 0xFF, 0xFF, 0xFF, 0xFF, 0xFF,
    0x7F, 0x00, 0xC0, 0x03, 0x00, 0x1E, 0x00, 0xF0, 0x00, 0x80, 0x07, 0x00, 0x3C, 0x00, 0xE0, 0x01,
    0x00, 0x0F, 0x00, 0xF8, 0xFF, 0xFF, 0xFF, 0xFF, 0xFF, 0xFF, 0xFF, 0xFF, 0xFF, 0xFF, 0xFF, 0x3F,
    0x00, 0xE0, 0x01, 0x00, 0x0F, 0x00, 0x78, 0x00, 0xC0, 0x03, 0x00, 0x1E, 0x00, 0xF0, 0x00, 0x80,
    0x07, 0x00, 0x3C, 0x00, 0xE0, 0x01, 0x00, 0x0F, 0x00, 0x78, 0x00, 0xC0, 0x03, 0x00, 0x1E, 0x00,
    0xF0, 0x00, 0x80, 0x07, 0x00, 0x3C, 0x00, 0xE0, 0x01, 0x00, 0x0F, 0x00, 0x78, 0x00, 0xC0, 0x03,
    0x00, 0x1E, 0x00, 0xF0, 0x00, 0x80, 0x07, 0x00, 0x3C, 0x00, 0xE0, 0x01, 0x00, 0x0F, 0x00, 0x78,
    0x00, 0xC0, 0x03, 0x00, 0x1E, 0x00, 0xF0, 0x00, 0x80, 0x07, 0x0A, 0x28, 0x18, 0x2B, 0x21, 0xFF,
    0xFF, 0xFF, 0xFF, 0xFF, 0xFF, 0xFF, 0xFF, 0xFF, 0xFF, 0xFF, 0xFF, 0xFF, 0xFF, 0xFF, 0x00, 0x78,
    0xF0, 0x00, 0x78, 0xF0, 0x00, 0x78, 0xF0, 0x00, 0x78, 0xF0, 0x00, 0x78, 0xF0, 0x00, 0x78, 0xF0,
    0x00, 0x78, 0xF0, 0x00, 0x78, 0xF0, 0x00, 0x78, 0xF0, 0x00, 0x78, 0xF0, 0x00, 0x78, 0xF0, 0x00,
    0x78, 0xF0, 0x00, 0x78, 0xF0, 0x00, 0x78, 0xF0, 0x00, 0x78, 0xF0, 0x00, 0x78, 0xF0, 0x00, 0x78,
    0xF0, 0x00, 0x78, 0xF0, 0x00, 0x78, 0xF0, 0x00, 0x78, 0xF0, 0x00, 0x78, 0xF0, 0x00, 0x78, 0xF0,
    0x00, 0x78, 0xF0, 0x00, 0x78, 0xF0, 0x00, 0x78, 0xF0, 0x00, 0x78, 0xF0, 0x00, 0x78, 0xF0, 0x00,
    0x78, 0xF0, 0x00, 0x78, 0xF0, 0x00, 0x78, 0xF0, 0x00, 0x78, 0xF0, 0x00, 0x78, 0xF0, 0x00, 0x78,
    0xF0, 0x00, 0x78, 0xF0, 0x00, 0x78, 0xF0, 0x00, 0x78, 0xF0, 0x00, 0x78, 0xF0, 0x00, 0x78, 0xF0,
    0x0A, 0x22, 0x18, 0x31, 0x21, 0xFF, 0xFF, 0xFF, 0xFF, 0xFF, 0xFF, 0xFF, 0xFF, 0xFF, 0xFF, 0xFF,
    0xFF, 0xFF, 0xFF, 0xFF, 0x00, 0x00, 0xF0, 0x00, 0x00, 0xF0, 0x00, 0x00, 0xF0, 0x00, 0x00, 0xF0,
    0x00, 0x00, 0xF0, 0x00, 0x00, 0xF0, 0x00, 0x00, 0xF0, 0x00, 0x00, 0xF0, 0xFF, 0x7F, 0xF0, 0xFF,
    0x7F, 0xF0, 0xFF, 0x7F, 0xF0, 0xFF, 0x7F, 0xF0, 0xFF, 0x7F, 0xF0, 0x00, 0x78, 0xF0, 0x00, 0x78,
    0xF0, 0x00, 0x78, 0xF0, 0x00, 0x78, 0xF0, 0x00, 0x78, 0xF0, 0x00, 0x78, 0xF0, 0x00, 0x78, 0xF0,
    0x00, 0x78, 0xF0, 0x00, 0x78, 0xF0, 0x00, 0x78, 0xF0, 0x00, 0x78, 0xF0, 0x00, 0x78, 0xF0, 0x00,
    0x78, 0xF0, 0x00, 0x78, 0xF0, 0x00, 0x78, 0xF0, 0x00, 0x78, 0xF0, 0x00, 0x78, 0xF0, 0x00, 0x78,
    0xF0, 0x00, 0x78, 0xF0, 0x00, 0x78, 0xF0, 0x00, 0x78, 0xF0, 0x00, 0x78, 0xF0, 0x00, 0x78, 0xF0,
    0x00, 0x78, 0xF0, 0x00, 0x78, 0xF0, 0x00, 0x78, 0xF0, 0x00, 0x78, 0xF0, 0x00, 0x78, 0xF0, 0x00,
    0x78, 0xF0, 0x00, 0x78, 0xF0, 0x00, 0x78, 0xF0, 0x00, 0x22, 0x11, 0x31, 0x21, 0xFF, 0xFF, 0xFF,
    0xFF, 0xFF, 0xFF, 0xFF, 0xFF, 0xFF, 0xFF, 0x7F, 0x00, 0xC0, 0x00, 0x80, 0x01, 0x00, 0x03, 0x00,
    0x06, 0x00, 0x0C, 0x00, 0x18, 0x00, 0x30, 0x00, 0xE0, 0xFF, 0xFF, 0xFF, 0xFF, 0xFF, 0xFF, 0xFF,
    0xFF, 0xFF, 0xFF, 0x0F, 0x00, 0x18, 0x00, 0x30, 0x00, 0x60, 0x00, 0xC0, 0x00, 0x80, 0x01, 0x00,
    0x03, 0x00, 0x06, 0x00, 0x0C, 0x00, 0x18, 0x00, 0x30, 0x00, 0x60, 0x00, 0xC0, 0x00, 0x80, 0x01,
    0x00, 0x03, 0x00, 0x06, 0x00, 0x0C, 0x00, 0x18, 0x00, 0x30, 0x00, 0x60, 0x00, 0xC0, 0x00, 0x80,
    0x01, 0x00, 0x03, 0x00, 0x06, 0x00, 0x0C, 0x00, 0x18, 0x00, 0x30, 0x00, 0x60, 0x00, 0xC0, 0x00,
    0x80, 0x01, 0x00, 0x03, 0x00, 0x00, 0x00, 0x28, 0x17, 0x2B, 0x21, 0xFF, 0xFF, 0xFF, 0xFF, 0xFF,
    0xFF, 0xFF, 0xFF, 0xFF, 0xFF, 0xFF, 0xFF, 0xFF, 0xFF, 0x3F, 0x78, 0x00, 0x1C, 0x3C, 0x00, 0x0E,
    0x1E, 0x00, 0x07, 0x0F, 0x80, 0x83, 0x07, 0xC0, 0xC1, 0x03, 0xE0, 0xE0, 0x01, 0x70, 0xF0, 0x00,
    0x38, 0x78, 0x00, 0x1C, 0x3C, 0x00, 0x0E, 0x1E, 0x00, 0x07, 0x0F, 0x80, 0x83, 0x07, 0xC0, 0xC1,
    0x03, 0xE0, 0xE0, 0x01, 0x70, 0xF0, 0x00, 0x38, 0x78, 0x00, 0x1C, 0x3C, 0x00, 0x0E, 0x1E, 0x00,
    0x07, 0x0F, 0x80, 0x83, 0x07, 0xC0, 0xC1, 0x03, 0xE0, 0xE0, 0x01, 0x70, 0xF0, 0x00, 0x38, 0x78,
    0x00, 0x1C, 0x3C, 0x00, 0x0E, 0x1E, 0x00, 0x07, 0x0F, 0x80, 0x83, 0x07, 0xC0, 0xC1, 0x03, 0xE0,
    0xE0, 0x01, 0x70, 0xF0, 0x00, 0x38, 0x78, 0x00, 0x1C, 0x3C, 0x00, 0x0E, 0x1E, 0x00, 0x07, 0x0F,
    0x80, 0x83, 0x07, 0xC0, 0xC1, 0x03, 0x00, 0x00, 0x22, 0x17, 0x31, 0x21, 0xFF, 0xFF, 0xFF, 0xFF,
    0xFF, 0xFF, 0xFF, 0xFF, 0xFF, 0xFF, 0xFF, 0xFF, 0xFF, 0xFF, 0x3F, 0x00, 0x00, 0x1C, 0x00, 0x00,
    0x0E, 0x00, 0x00, 0x07, 0x00, 0x80, 0x03, 0x00, 0xC0, 0x01, 0x00, 0xE0, 0x00, 0x00, 0x70, 0x00,
    0x00, 0x38, 0xF8, 0xFF, 0x1F, 0xFC, 0xFF, 0x0F, 0xFE, 0xFF, 0x07, 0xFF, 0xFF, 0x83, 0xFF, 0xFF,
    0xC1, 0x03, 0xE0, 0xE0, 0x01, 0x70, 0xF0, 0x00, 0x38, 0x78, 0x00, 0x1C, 0x3C, 0x00, 0x0E, 0x1E,
    0x00, 0x07, 0x0F, 0x80, 0x83, 0x07, 0xC0, 0xC1, 0x03, 0xE0, 0xE0, 0x01, 0x70, 0xF0, 0x00, 0x38,
    0x78, 0x00, 0x1C, 0x3C, 0x00, 0x0E, 0x1E, 0x00, 0x07, 0x0F, 0x80, 0x83, 0x07, 0xC0, 0xC1, 0x03,
    0xE0, 0xE0, 0x01, 0x70, 0xF0, 0x00, 0x38, 0x78, 0x00, 0x1C, 0x3C, 0x00, 0x0E, 0x1E, 0x00, 0x07,
    0x0F, 0x80, 0x83, 0x07, 0xC0, 0xC1, 0x03, 0xE0, 0xE0, 0x01, 0x70, 0xF0, 0x00, 0x38, 0x78, 0x00,
    0x1C, 0x3C, 0x00, 0x0E, 0x1E, 0x00, 0x07, 0x0F, 0x00, 0x0E, 0x02, 0x13, 0x31, 0x21, 0x00, 0x80,
    0x07, 0x00, 0x3C, 0x00, 0xE0, 0x01, 0x00, 0x0F, 0x00, 0x78, 0x00, 0xC0, 0x03, 0x00, 0x1E, 0x00,
    0xF0, 0x00, 0x80, 0x07, 0x00, 0x3C, 0x00, 0xE0, 0x01, 0x00, 0x0F, 0x00, 0x78, 0x00, 0xC0, 0x03,
    0x00, 0x1E, 0x00, 0xF0, 0x00, 0x80, 0x07, 0x00, 0x3C, 0x00, 0xE0, 0x01, 0x00, 0x0F, 0x00, 0x78,
    0x00, 0xC0, 0x03, 0x00, 0x1E, 0x00, 0xF0, 0x00, 0x80, 0x07, 0x00, 0x3C, 0x00, 0xE0, 0x01, 0x00,
    0x0F, 0x00, 0x78, 0x00, 0xC0, 0x03, 0x00, 0xFE, 0xFF, 0xFF, 0xFF, 0xFF, 0xFF, 0xFF, 0xFF, 0xFF,
    0xFF, 0xFF, 0xFF, 0x0F, 0x00, 0x78, 0x00, 0xC0, 0x03, 0x00, 0x1E, 0x00, 0xF0, 0x00, 0x80, 0x07,
    0x00, 0x3C, 0x00, 0xE0, 0x01, 0x00, 0xFF, 0xFF, 0xFF, 0xFF, 0xFF, 0xFF, 0xFF, 0xFF, 0xFF, 0xFF,
    0xFF, 0xFF, 0x07, 0x0A, 0x02, 0x18, 0x2A, 0x21, 0x00, 0x78, 0xF0, 0x00, 0x78, 0xF0, 0x00, 0x78,
    0xF0, 0x00, 0x78, 0xF0, 0x00, 0x78, 0xF0, 0x00, 0x78, 0xF0, 0x00, 0x78, 0xF0, 0x00, 0x78, 0xF0,
    0x00, 0x78, 0xF0, 0x00, 0x78, 0xF0, 0x00, 0x78, 0xF0, 0x00, 0x78, 0xF0, 0x00, 0x78, 0xF0, 0x00,
    0x78, 0xF0, 0x00, 0x78, 0xF0, 0x00, 0x78, 0xF0, 0x00, 0x78, 0xF0, 0x00, 0x78, 0xF0, 0x00, 0x78,
    0xF0, 0x00, 0x78, 0xF0, 0x00, 0x78, 0xF0, 0x00, 0x78, 0xF0, 0x00, 0x78, 0xF0, 0x00, 0x78, 0xF0,
    0x00, 0x78, 0xF0, 0x00, 0x78, 0xF0, 0x00, 0x78, 0xF0, 0x00, 0x78, 0xF0, 0x00, 0x78, 0xF0, 0x00,
    0x78, 0xF0, 0x00, 0x78, 0xF0, 0x00, 0x78, 0xF0, 0x00, 0x78, 0xF0, 0x00, 0x78, 0xF0, 0x00, 0x78,
    0xF0, 0x00, 0x78, 0xF0, 0x00, 0x78, 0xF0, 0xFF, 0xFF, 0xFF, 0xFF, 0xFF, 0xFF, 0xFF, 0xFF, 0xFF,
    0xFF, 0xFF, 0xFF, 0xFF, 0xFF, 0xFF, 0x0A, 0x02, 0x18, 0x31, 0x21, 0x00, 0x78, 0xF0, 0x00, 0x78,
    0xF0, 0x00, 0x78, 0xF0, 0x00, 0x78, 0xF0, 0x00, 0x78, 0xF0, 0x00, 0x78, 0xF0, 0x00, 0x78, 0xF0,
    0x00, 0x78, 0xF0, 0x00, 0x78, 0xF0, 0x00, 0x78, 0xF0, 0x00, 0x78, 0xF0, 0x00, 0x78, 0xF0, 0x00,
    0x78, 0xF0, 0x00, 0x78, 0xF0, 0x00, 0x78, 0xF0, 0x00, 0x78, 0xF0, 0x00, 0x78, 0xF0, 0x00, 0x78,
    0xF0, 0x00, 0x78, 0xF0, 0x00, 0x78, 0xF0, 0x00, 0x78, 0xF0, 0x00, 0x78, 0xF0, 0x00, 0x78, 0xF0,
    0x00, 0x78, 0xF0, 0x00, 0x78, 0xF0, 0x00, 0x78, 0xF0, 0x00, 0x78, 0xF0, 0x00, 0x78, 0xF0, 0x00,
    0x78, 0xF0, 0x00, 0x78, 0xF0, 0x00, 0x78, 0xF0, 0xFF, 0x7F, 0xF0, 0xFF, 0x7F, 0xF0, 0xFF, 0x7F,
    0xF0, 0xFF, 0x7F, 0xF0, 0xFF, 0x7F, 0xF0, 0x00, 0x00, 0xF0, 0x00, 0x00, 0xF0, 0x00, 0x00, 0xF0,
    0x00, 0x00, 0xF0, 0x00, 0x00, 0xF0, 0x00, 0x00, 0xF0, 0x00, 0x00, 0xF0, 0x00, 0x00, 0xF0, 0xFF,
    0xFF, 0xFF, 0xFF, 0xFF, 0xFF, 0xFF, 0xFF, 0xFF, 0xFF, 0xFF, 0xFF, 0xFF, 0xFF, 0xFF, 0x00, 0x02,
    0x11, 0x31, 0x21, 0x03, 0x00, 0x06, 0x00, 0x0C, 0x00, 0x18, 0x00, 0x30, 0x00, 0x60, 0x00, 0xC0,
    0x00, 0x80, 0x01, 0x00, 0x03, 0x00, 0x06, 0x00, 0x0C, 0x00, 0x18, 0x00, 0x30, 0x00, 0x60, 0x00,
    0xC0, 0x00, 0x80, 0x01, 0x00, 0x03, 0x00, 0x06, 0x00, 0x0C, 0x00, 0x18, 0x00, 0x30, 0x00, 0x60,
    0x00, 0xC0, 0x00, 0x80, 0x01, 0x00, 0x03, 0x00, 0x06, 0x00, 0x0C, 0x00, 0x18, 0x00, 0x30, 0x00,
    0x60, 0x00, 0xC0, 0x00, 0x80, 0xFF, 0xFF, 0xFF, 0xFF, 0xFF, 0xFF, 0xFF, 0xFF, 0xFF, 0xFF, 0x3F,
    0x00, 0x60, 0x00, 0xC0, 0x00, 0x80, 0x01, 0x00, 0x03, 0x00, 0x06, 0x00, 0x0C, 0x00, 0x18, 0x00,
    0xF0, 0xFF, 0xFF, 0xFF, 0xFF, 0xFF, 0xFF, 0xFF, 0xFF, 0xFF, 0xFF, 0x01, 0x00, 0x02, 0x17, 0x2A,
    0x21, 0x07, 0x0F, 0x80, 0x83, 0x07, 0xC0, 0xC1, 0x03, 0xE0, 0xE0, 0x01, 0x70, 0xF0, 0x00, 0x38,
    0x78, 0x00, 0x1C, 0x3C, 0x00, 0x0E, 0x1E, 0x00, 0x07, 0x0F, 0x80, 0x83, 0x07, 0xC0, 0xC1, 0x03,
    0xE0, 0xE0, 0x01, 0x70, 0xF0, 0x00, 0x38, 0x78, 0x00, 0x1C, 0x3C, 0x00, 0x0E, 0x1E, 0x00, 0x07,
    0x0F, 0x80, 0x83, 0x07, 0xC0, 0xC1, 0x03, 0xE0, 0xE0, 0x01, 0x70, 0xF0, 0x00, 0x38, 0x78, 0x00,
    0x1C, 0x3C, 0x00, 0x0E, 0x1E, 0x00, 0x07, 0x0F, 0x80, 0x83, 0x07, 0xC0, 0xC1, 0x03, 0xE0, 0xE0,
    0x01, 0x70, 0xF0, 0x00, 0x38, 0x78, 0x00, 0x1C, 0x3C, 0x00, 0x0E, 0x1E, 0x00, 0x07, 0x0F, 0x80,
    0x83, 0x07, 0xC0, 0xC1, 0x03, 0xE0, 0xE0, 0x01, 0x70, 0xF0, 0x00, 0xF8, 0xFF, 0xFF, 0xFF, 0xFF,
    0xFF, 0xFF, 0xFF, 0xFF, 0xFF, 0xFF, 0xFF, 0xFF, 0xFF, 0x3F, 0x00, 0x02, 0x17, 0x31, 0x21, 0x07,
    0x0F, 0x80, 0x83, 0x07, 0xC0, 0xC1, 0x03, 0xE0, 0xE0, 0x01, 0x70, 0xF0, 0x00, 0x38, 0x78, 0x00,
    0x1C, 0x3C, 0x00, 0x0E, 0x1E, 0x00, 0x07, 0x0F, 0x80, 0x83, 0x07, 0xC0, 0xC1, 0x03, 0xE0, 0xE0,
    0x01, 0x70, 0xF0, 0x00, 0x38, 0x78, 0x00, 0x1C, 0x3C, 0x00, 0x0E, 0x1E, 0x00, 0x07, 0x0F, 0x80,
    0x83, 0x07, 0xC0, 0xC1, 0x03, 0xE0, 0xE0, 0x01, 0x70, 0xF0, 0x00, 0x38, 0x78, 0x00, 0x1C, 0x3C,
    0x00, 0x0E, 0x1E, 0x00, 0x07, 0x0F, 0x80, 0x83, 0x07, 0xC0, 0xC1, 0x03, 0xE0, 0xE0, 0x01, 0x70,
    0xF0, 0x00, 0x38, 0x78, 0x00, 0x1C, 0x3C, 0x00, 0x0E, 0xFE, 0xFF, 0x07, 0xFF, 0xFF, 0x83, 0xFF,
    0xFF, 0xC1, 0xFF, 0xFF, 0xE0, 0xFF, 0x7F, 0x00, 0x00, 0x38, 0x00, 0x00, 0x1C, 0x00, 0x00, 0x0E,
    0x00, 0x00, 0x07, 0x00, 0x80, 0x03, 0x00, 0xC0, 0x01, 0x00, 0xE0, 0x00, 0x00, 0xF0, 0xFF, 0xFF,
    0xFF, 0xFF, 0xFF, 0xFF, 0xFF, 0xFF, 0xFF, 0xFF, 0xFF, 0xFF, 0xFF, 0x7F, 0x0E, 0x03, 0x13, 0x50,
    0x21, 0x00, 0x80, 0x07, 0x00, 0x3C, 0x00, 0xE0, 0x01, 0x00, 0x0F, 0x00, 0x78, 0x00, 0xC0, 0x03,
    0x00, 0x1E, 0x00, 0xF0, 0x00, 0x80, 0x07, 0x00, 0x3C, 0x00, 0xE0, 0x01, 0x00, 0x0F, 0x00, 0x78,
    0x00, 0xC0, 0x03, 0x00, 0x1E, 0x00, 0xF0, 0x00, 0x80, 0x07, 0x00, 0x3C, 0x00, 0xE0, 0x01, 0x00,
    0x0F, 0x00, 0x78, 0x00, 0xC0, 0x03, 0x00, 0x1E, 0x00, 0xF0, 0x00, 0x80, 0x07, 0x00, 0x3C, 0x00,
    0xE0, 0x01, 0x00, 0x0F, 0x00, 0x78, 0x00, 0xC0, 0x03, 0x00, 0xFE, 0xFF, 0xFF, 0xFF, 0xFF, 0xFF,
    0xFF, 0xFF, 0xFF, 0xFF, 0xFF, 0xFF, 0xFF, 0xFF, 0x7F, 0x00, 0xC0, 0x03, 0x00, 0x1E, 0x00, 0xF0,
    0x00, 0x80, 0x07, 0x00, 0x3C, 0x00, 0xE0, 0xFF, 0xFF, 0xFF, 0xFF, 0xFF, 0xFF, 0xFF, 0xFF, 0xFF,
    0xFF, 0xFF, 0xFF, 0xFF, 0xFF, 0x07, 0x00, 0x3C, 0x00, 0xE0, 0x01, 0x00, 0x0F, 0x00, 0x78, 0x00,
    0xC0, 0x03, 0x00, 0x1E, 0x00, 0xF0, 0x00, 0x80, 0x07, 0x00, 0x3C, 0x00, 0xE0, 0x01, 0x00, 0x0F,
    0x00, 0x78, 0x00, 0xC0, 0x03, 0x00, 0x1E, 0x00, 0xF0, 0x00, 0x80, 0x07, 0x00, 0x3C, 0x00, 0xE0,
    0x01, 0x00, 0x0F, 0x00, 0x78, 0x00, 0xC0, 0x03, 0x00, 0x1E, 0x00, 0xF0, 0x00, 0x80, 0x07, 0x00,
    0x3C, 0x00, 0xE0, 0x01, 0x00, 0x0F, 0x00, 0x78, 0x00, 0xC0, 0x03, 0x00, 0x1E, 0x00, 0xF0, 0x0A,
    0x03, 0x18, 0x50, 0x21, 0x00, 0x78, 0xF0, 0x00, 0x78, 0xF0, 0x00, 0x78, 0xF0, 0x00, 0x78, 0xF0,
    0x00, 0x78, 0xF0, 0x00, 0x78, 0xF0, 0x00, 0x78, 0xF0, 0x00, 0x78, 0xF0, 0x00, 0x78, 0xF0, 0x00,
    0x78, 0xF0, 0x00, 0x78, 0xF0, 0x00, 0x78, 0xF0, 0x00, 0x78, 0xF0, 0x00, 0x78, 0xF0, 0x00, 0x78,
    0xF0, 0x00, 0x78, 0xF0, 0x00, 0x78, 0xF0, 0x00, 0x78, 0xF0, 0x00, 0x78, 0xF0, 0x00, 0x78, 0xF0,
    0x00, 0x78, 0xF0, 0x00, 0x78, 0xF0, 0x00, 0x78, 0xF0, 0x00, 0x78, 0xF0, 0x00, 0x78, 0xF0, 0x00,
    0x78, 0xF0, 0x00, 0x78, 0xF0, 0x00, 0x78, 0xF0, 0x00, 0x78, 0xF0, 0x00, 0x78, 0xF0, 0x00, 0x78,
    0xF0, 0x00, 0x78, 0xF0, 0x00, 0x78, 0xF0, 0x00, 0x78, 0xF0, 0x00, 0x78, 0xF0, 0x00, 0x78, 0xF0,
    0x00, 0x78, 0xF0, 0xFF, 0x7F, 0xF0, 0xFF, 0x7F, 0xF0, 0xFF, 0x7F, 0xF0, 0xFF, 0x7F, 0xF0, 0xFF,
    0x7F, 0xF0, 0xFF, 0x7F, 0xF0, 0x00, 0x78, 0xF0, 0x00, 0x78, 0xF0, 0x00, 0x78, 0xF0, 0x00, 0x78,
    0xF0, 0x00, 0x78, 0xF0, 0x00, 0x78, 0xF0, 0x00, 0x78, 0xF0, 0x00, 0x78, 0xF0, 0x00, 0x78, 0xF0,
    0x00, 0x78, 0xF0, 0x00, 0x78, 0xF0, 0x00, 0x78, 0xF0, 0x00, 0x78, 0xF0, 0x00, 0x78, 0xF0, 0x00,
    0x78, 0xF0, 0x00, 0x78, 0xF0, 0x00, 0x78, 0xF0, 0x00, 0x78, 0xF0, 0x00, 0x78, 0xF0, 0x00, 0x78,
    0xF0, 0x00, 0x78, 0xF0, 0x00, 0x78, 0xF0, 0x00, 0x78, 0xF0, 0x00, 0x78, 0xF0, 0x00, 0x78, 0xF0,
    0x00, 0x78, 0xF0, 0x00, 0x78, 0xF0, 0x00, 0x78, 0xF0, 0x00, 0x78, 0xF0, 0x00, 0x78, 0xF0, 0x00,
    0x78, 0xF0, 0x00, 0x78, 0xF0, 0x00, 0x78, 0xF0, 0x00, 0x78, 0xF0, 0x00, 0x78, 0xF0, 0x00, 0x78,
    0xF0, 0x00, 0x78, 0xF0, 0x0A, 0x03, 0x18, 0x50, 0x21, 0x00, 0x78, 0xF0, 0x00, 0x78, 0xF0, 0x00,
    0x78, 0xF0, 0x00, 0x78, 0xF0, 0x00, 0x78, 0xF0, 0x00, 0x78, 0xF0, 0x00, 0x78, 0xF0, 0x00, 0x78,
    0xF0, 0x00, 0x78, 0xF0, 0x00, 0x78, 0xF0, 0x00, 0x78, 0xF0, 0x00, 0x78, 0xF0, 0x00, 0x78, 0xF0,
    0x00, 0x78, 0xF0, 0x00, 0x78, 0xF0, 0x00, 0x78, 0xF0, 0x00, 0x78, 0xF0, 0x00, 0x78, 0xF0, 0x00,
    0x78, 0xF0, 0x00, 0x78, 0xF0, 0x00, 0x78, 0xF0, 0x00, 0x78, 0xF0, 0x00, 0x78, 0xF0, 0x00, 0x78,
    0xF0, 0x00, 0x78, 0xF0, 0x00, 0x78, 0xF0, 0x00, 0x78, 0xF0, 0x00, 0x78, 0xF0, 0x00, 0x78, 0xF0,
    0x00, 0x78, 0xF0, 0x00, 0x78, 0xF0, 0xFF, 0x7F, 0xF0, 0xFF, 0x7F, 0xF0, 0xFF, 0x7F, 0xF0, 0xFF,
    0x7F, 0xF0, 0xFF, 0x7F, 0xF0, 0xFF, 0x7F, 0xF0, 0x00, 0x00, 0xF0, 0x00, 0x00, 0xF0, 0x00, 0x00,
    0xF0, 0x00, 0x00, 0xF0, 0x00, 0x00, 0xF0, 0x00, 0x00, 0xF0, 0xFF, 0x7F, 0xF0, 0xFF, 0x7F, 0xF0,
    0xFF, 0x7F, 0xF0, 0xFF, 0x7F, 0xF0, 0xFF, 0x7F, 0xF0, 0xFF, 0x7F, 0xF0, 0x00, 0x78, 0xF0, 0x00,
    0x78, 0xF0, 0x00, 0x78, 0xF0, 0x00, 0x78, 0xF0, 0x00, 0x78, 0xF0, 0x00, 0x78, 0xF0, 0x00, 0x78,
    0xF0, 0x00, 0x78, 0xF0, 0x00, 0x78, 0xF0, 0x00, 0x78, 0xF0, 0x00, 0x78, 0xF0, 0x00, 0x78, 0xF0,
    0x00, 0x78, 0xF0, 0x00, 0x78, 0xF0, 0x00, 0x78, 0xF0, 0x00, 0x78, 0xF0, 0x00, 0x78, 0xF0, 0x00,
    0x78, 0xF0, 0x00, 0x78, 0xF0, 0x00, 0x78, 0xF0, 0x00, 0x78, 0xF0, 0x00, 0x78, 0xF0, 0x00, 0x78,
    0xF0, 0x00, 0x78, 0xF0, 0x00, 0x78, 0xF0, 0x00, 0x78, 0xF0, 0x00, 0x78, 0xF0, 0x00, 0x78, 0xF0,
    0x00, 0x78, 0xF0, 0x00, 0x78, 0xF0, 0x00, 0x78, 0xF0, 0x00, 0x03, 0x11, 0x50, 0x21, 0x03, 0x00,
    0x06, 0x00, 0x0C, 0x00, 0x18, 0x00, 0x30, 0x00, 0x60, 0x00, 0xC0, 0x00, 0x80, 0x01, 0x00, 0x03,
    0x00, 0x06, 0x00, 0x0C, 0x00, 0x18, 0x00, 0x30, 0x00, 0x60, 0x00, 0xC0, 0x00, 0x80, 0x01, 0x00,
    0x03, 0x00, 0x06, 0x00, 0x0C, 0x00, 0x18, 0x00, 0x30, 0x00, 0x60, 0x00, 0xC0, 0x00, 0x80, 0x01,
    0x00, 0x03, 0x00, 0x06, 0x00, 0x0C, 0x00, 0x18, 0x00, 0x30, 0x00, 0x60, 0x00, 0xC0, 0x00, 0x80,
    0xFF, 0xFF, 0xFF, 0xFF, 0xFF, 0xFF, 0xFF, 0xFF, 0xFF, 0xFF, 0xFF, 0xFF, 0x7F, 0x00, 0xC0, 0x00,
    0x80, 0x01, 0x00, 0x03, 0x00, 0x06, 0x00, 0x0C, 0x00, 0xF8, 0xFF, 0xFF, 0xFF, 0xFF, 0xFF, 0xFF,
    0xFF, 0xFF, 0xFF, 0xFF, 0xFF, 0xFF, 0x07, 0x00, 0x0C, 0x00, 0x18, 0x00, 0x30, 0x00, 0x60, 0x00,
    0xC0, 0x00, 0x80, 0x01, 0x00, 0x03, 0x00, 0x06, 0x00, 0x0C, 0x00, 0x18, 0x00, 0x30, 0x00, 0x60,
    0x00, 0xC0, 0x00, 0x80, 0x01, 0x00, 0x03, 0x00, 0x06, 0x00, 0x0C, 0x00, 0x18, 0x00, 0x30, 0x00,
    0x60, 0x00, 0xC0, 0x00, 0x80, 0x01, 0x00, 0x03, 0x00, 0x06, 0x00, 0x0C, 0x00, 0x18, 0x00, 0x30,
    0x00, 0x60, 0x00, 0xC0, 0x00, 0x80, 0x01, 0x00, 0x00, 0x03, 0x17, 0x50, 0x21, 0x07, 0x0F, 0x80,
    0x83, 0x07, 0xC0, 0xC1, 0x03, 0xE0, 0xE0, 0x01, 0x70, 0xF0, 0x00, 0x38, 0x78, 0x00, 0x1C, 0x3C,
    0x00, 0x0E, 0x1E, 0x00, 0x07, 0x0F, 0x80, 0x83, 0x07, 0xC0, 0xC1, 0x03, 0xE0, 0xE0, 0x01, 0x70,
    0xF0, 0x00, 0x38, 0x78, 0x00, 0x1C, 0x3C, 0x00, 0x0E, 0x1E, 0x00, 0x07, 0x0F, 0x80, 0x83, 0x07,
    0xC0, 0xC1, 0x03, 0xE0, 0xE0, 0x01, 0x70, 0xF0, 0x00, 0x38, 0x78, 0x00, 0x1C, 0x3C, 0x00, 0x0E,
    0x1E, 0x00, 0x07, 0x0F, 0x80, 0x83, 0x07, 0xC0, 0xC1, 0x03, 0xE0, 0xE0, 0x01, 0x70, 0xF0, 0x00,
    0x38, 0x78, 0x00, 0x1C, 0x3C, 0x00, 0x0E, 0x1E, 0x00, 0x07, 0x0F, 0x80, 0x83, 0x07, 0xC0, 0xC1,
    0x03, 0xE0, 0xE0, 0x01, 0x70, 0xF0, 0x00, 0x38, 0xF8, 0xFF, 0x1F, 0xFC, 0xFF, 0x0F, 0xFE, 0xFF,
    0x07, 0xFF, 0xFF, 0x83, 0xFF, 0xFF, 0xC1, 0xFF, 0xFF, 0xE0, 0x01, 0x70, 0xF0, 0x00, 0x38, 0x78,
    0x00, 0x1C, 0x3C, 0x00, 0x0E, 0x1E, 0x00, 0x07, 0x0F, 0x80, 0x83, 0x07, 0xC0, 0xC1, 0x03, 0xE0,
    0xE0, 0x01, 0x70, 0xF0, 0x00, 0x38, 0x78, 0x00, 0x1C, 0x3C, 0x00, 0x0E, 0x1E, 0x00, 0x07, 0x0F,
    0x80, 0x83, 0x07, 0xC0, 0xC1, 0x03, 0xE0, 0xE0, 0x01, 0x70, 0xF0, 0x00, 0x38, 0x78, 0x00, 0x1C,
    0x3C, 0x00, 0x0E, 0x1E, 0x00, 0x07, 0x0F, 0x80, 0x83, 0x07, 0xC0, 0xC1, 0x03, 0xE0, 0xE0, 0x01,
    0x70, 0xF0, 0x00, 0x38, 0x78, 0x00, 0x1C, 0x3C, 0x00, 0x0E, 0x1E, 0x00, 0x07, 0x0F, 0x80, 0x83,
    0x07, 0xC0, 0xC1, 0x03, 0xE0, 0xE0, 0x01, 0x70, 0xF0, 0x00, 0x38, 0x78, 0x00, 0x1C, 0x3C, 0x00,
    0x0E, 0x1E, 0x00, 0x00, 0x03, 0x17, 0x50, 0x21, 0x07, 0x0F, 0x80, 0x83, 0x07, 0xC0, 0xC1, 0x03,
    0xE0, 0xE0, 0x01, 0x70, 0xF0, 0x00, 0x38, 0x78, 0x00, 0x1C, 0x3C, 0x00, 0x0E, 0x1E, 0x00, 0x07,
    0x0F, 0x80, 0x83, 0x07, 0xC0, 0xC1, 0x03, 0xE0, 0xE0, 0x01, 0x70, 0xF0, 0x00, 0x38, 0x78, 0x00,
    0x1C, 0x3C, 0x00, 0x0E, 0x1E, 0x00, 0x07, 0x0F, 0x80, 0x83, 0x07, 0xC0, 0xC1, 0x03, 0xE0, 0xE0,
    0x01, 0x70, 0xF0, 0x00, 0x38, 0x78, 0x00, 0x1C, 0x3C, 0x00, 0x0E, 0x1E, 0x00, 0x07, 0x0F, 0x80,
    0x83, 0x07, 0xC0, 0xC1, 0x03, 0xE0, 0xE0, 0x01, 0x70, 0xF0, 0x00, 0x38, 0x78, 0x00, 0x1C, 0x3C,
    0x00, 0x0E, 0xFE, 0xFF, 0x07, 0xFF, 0xFF, 0x83, 0xFF, 0xFF, 0xC1, 0xFF, 0xFF, 0xE0, 0xFF, 0x7F,
    0xF0, 0xFF, 0x3F, 0x00, 0x00, 0x1C, 0x00, 0x00, 0x0E, 0x00, 0x00, 0x07, 0x00, 0x80, 0x03, 0x00,
    0xC0, 0x01, 0x00, 0xE0, 0xE0, 0xFF, 0x7F, 0xF0, 0xFF, 0x3F, 0xF8, 0xFF, 0x1F, 0xFC, 0xFF, 0x0F,
    0xFE, 0xFF, 0x07, 0xFF, 0xFF, 0x83, 0x07, 0xC0, 0xC1, 0x03, 0xE0, 0xE0, 0x01, 0x70, 0xF0, 0x00,
    0x38, 0x78, 0x00, 0x1C, 0x3C, 0x00, 0x0E, 0x1E, 0x00, 0x07, 0x0F, 0x80, 0x83, 0x07, 0xC0, 0xC1,
    0x03, 0xE0, 0xE0, 0x01, 0x70, 0xF0, 0x00, 0x38, 0x78, 0x00, 0x1C, 0x3C, 0x00, 0x0E, 0x1E, 0x00,
    0x07, 0x0F, 0x80, 0x83, 0x07, 0xC0, 0xC1, 0x03, 0xE0, 0xE0, 0x01, 0x70, 0xF0, 0x00, 0x38, 0x78,
    0x00, 0x1C, 0x3C, 0x00, 0x0E, 0x1E, 0x00, 0x07, 0x0F, 0x80, 0x83, 0x07, 0xC0, 0xC1, 0x03, 0xE0,
    0xE0, 0x01, 0x70, 0xF0, 0x00, 0x38, 0x78, 0x00, 0x1C, 0x3C, 0x00, 0x0E, 0x1E, 0x00, 0x00, 0x22,
    0x21, 0x31, 0x21, 0xFF, 0xFF, 0xFF, 0xFF, 0xFF, 0xFF, 0xFF, 0xFF, 0xFF, 0xFF, 0xFF, 0xFF, 0xFF,
    0xFF, 0xFF, 0xFF, 0xFF, 0xFF, 0xFF, 0xFF, 0x1F, 0x00, 0x00, 0x00, 0x00, 0x00, 0x00, 0x00, 0x00,
    0x00, 0x00, 0x00, 0x00, 0x00, 0x00, 0x00, 0x00, 0x00, 0x00, 0x00, 0x00, 0x00, 0x00, 0x00, 0x00,
    0x00, 0x00, 0x00, 0x00, 0x00, 0x00, 0x00, 0x00, 0xE0, 0xFF, 0xFF, 0xFF, 0xFF, 0xFF, 0xFF, 0xFF,
    0xFF, 0xFF, 0xFF, 0xFF, 0xFF, 0xFF, 0xFF, 0xFF, 0xFF, 0xFF, 0xFF, 0xFF, 0xFF, 0x03, 0x00, 0x0F,
    0x00, 0x00, 0x00, 0x1E, 0x00, 0x00, 0x00, 0x3C, 0x00, 0x00, 0x00, 0x78, 0x00, 0x00, 0x00, 0xF0,
    0x00, 0x00, 0x00, 0xE0, 0x01, 0x00, 0x00, 0xC0, 0x03, 0x00, 0x00, 0x80, 0x07, 0x00, 0x00, 0x00,
    0x0F, 0x00, 0x00, 0x00, 0x1E, 0x00, 0x00, 0x00, 0x3C, 0x00, 0x00, 0x00, 0x78, 0x00, 0x00, 0x00,
    0xF0, 0x00, 0x00, 0x00, 0xE0, 0x01, 0x00, 0x00, 0xC0, 0x03, 0x00, 0x00, 0x80, 0x07, 0x00, 0x00,
    0x00, 0x0F, 0x00, 0x00, 0x00, 0x1E, 0x00, 0x00, 0x00, 0x3C, 0x00, 0x00, 0x00, 0x78, 0x00, 0x00,
    0x00, 0xF0, 0x00, 0x00, 0x00, 0xE0, 0x01, 0x00, 0x00, 0xC0, 0x03, 0x00, 0x00, 0x80, 0x07, 0x00,
    0x00, 0x00, 0x0F, 0x00, 0x00, 0x00, 0x1E, 0x00, 0x00, 0x00, 0x3C, 0x00, 0x00, 0x00, 0x78, 0x00,
    0x00, 0x00, 0xF0, 0x00, 0x00, 0x00, 0xE0, 0x01, 0x00, 0x00, 0xC0, 0x03, 0x00, 0x00, 0x00, 0x28,
    0x21, 0x2B, 0x21, 0xFF, 0xFF, 0xFF, 0xFF, 0xFF, 0xFF, 0xFF, 0xFF, 0xFF, 0xFF, 0xFF, 0xFF, 0xFF,
    0xFF, 0xFF, 0xFF, 0xFF, 0xFF, 0xFF, 0xFF, 0x1F, 0x80, 0x87, 0x07, 0x00, 0x00, 0x0F, 0x0F, 0x00,
    0x00, 0x1E, 0x1E, 0x00, 0x00, 0x3C, 0x3C, 0x00, 0x00, 0x78, 0x78, 0x00, 0x00, 0xF0, 0xF0, 0x00,
    0x00, 0xE0, 0xE1, 0x01, 0x00, 0xC0, 0xC3, 0x03, 0x00, 0x80, 0x87, 0x07, 0x00, 0x00, 0x0F, 0x0F,
    0x00, 0x00, 0x1E, 0x1E, 0x00, 0x00, 0x3C, 0x3C, 0x00, 0x00, 0x78, 0x78, 0x00, 0x00, 0xF0, 0xF0,
    0x00, 0x00, 0xE0, 0xE1, 0x01, 0x00, 0xC0, 0xC3, 0x03, 0x00, 0x80, 0x87, 0x07, 0x00, 0x00, 0x0F,
    0x0F, 0x00, 0x00, 0x1E, 0x1E, 0x00, 0x00, 0x3C, 0x3C, 0x00, 0x00, 0x78, 0x78, 0x00, 0x00, 0xF0,
    0xF0, 0x00, 0x00, 0xE0, 0xE1, 0x01, 0x00, 0xC0, 0xC3, 0x03, 0x00, 0x80, 0x87, 0x07, 0x00, 0x00,
    0x0F, 0x0F, 0x00, 0x00, 0x1E, 0x1E, 0x00, 0x00, 0x3C, 0x3C, 0x00, 0x00, 0x78, 0x78, 0x00, 0x00,
    0xF0, 0xF0, 0x00, 0x00, 0xE0, 0xE1, 0x01, 0x00, 0xC0, 0xC3, 0x03, 0x00, 0x80, 0x87, 0x07, 0x00,
    0x00, 0x0F, 0x0F, 0x00, 0x00, 0x1E, 0x1E, 0x00, 0x00, 0x3C, 0x3C, 0x00, 0x00, 0x78, 0x78, 0x00,
    0x00, 0xF0, 0xF0, 0x00, 0x00, 0x00, 0x22, 0x21, 0x31, 0x21, 0xFF, 0xFF, 0xFF, 0xFF, 0xFF, 0xFF,
    0xFF, 0xFF, 0xFF, 0xFF, 0xFF, 0xFF, 0xFF, 0xFF, 0xFF, 0xFF, 0xFF, 0xFF, 0xFF, 0xFF, 0x1F, 0x00,
    0x00, 0x00, 0x00, 0x00, 0x00, 0x00, 0x00, 0x00, 0x00, 0x00, 0x00, 0x00, 0x00, 0x00, 0x00, 0x00,
    0x00, 0x00, 0x00, 0x00, 0x00, 0x00, 0x00, 0x00, 0x00, 0x00, 0x00, 0x00, 0x00, 0x00, 0x00, 0xE0,
    0xFF, 0x87, 0xFF, 0xFF, 0xFF, 0x0F, 0xFF, 0xFF, 0xFF, 0x1F, 0xFE, 0xFF, 0xFF, 0x3F, 0xFC, 0xFF,
    0xFF, 0x7F, 0xF8, 0xFF, 0x03, 0xF0, 0xF0, 0x00, 0x00, 0xE0, 0xE1, 0x01, 0x00, 0xC0, 0xC3, 0x03,
    0x00, 0x80, 0x87, 0x07, 0x00, 0x00, 0x0F, 0x0F, 0x00, 0x00, 0x1E, 0x1E, 0x00, 0x00, 0x3C, 0x3C,
    0x00, 0x00, 0x78, 0x78, 0x00, 0x00, 0xF0, 0xF0, 0x00, 0x00, 0xE0, 0xE1, 0x01, 0x00, 0xC0, 0xC3,
    0x03, 0x00, 0x80, 0x87, 0x07, 0x00, 0x00, 0x0F, 0x0F, 0x00, 0x00, 0x1E, 0x1E, 0x00, 0x00, 0x3C,
    0x3C, 0x00, 0x00, 0x78, 0x78, 0x00, 0x00, 0xF0, 0xF0, 0x00, 0x00, 0xE0, 0xE1, 0x01, 0x00, 0xC0,
    0xC3, 0x03, 0x00, 0x80, 0x87, 0x07, 0x00, 0x00, 0x0F, 0x0F, 0x00, 0x00, 0x1E, 0x1E, 0x00, 0x00,
    0x3C, 0x3C, 0x00, 0x00, 0x78, 0x78, 0x00, 0x00, 0xF0, 0xF0, 0x00, 0x00, 0xE0, 0xE1, 0x01, 0x00,
    0xC0, 0xC3, 0x03, 0x00, 0x80, 0x87, 0x07, 0x00, 0x00, 0x0F, 0x0F, 0x00, 0x00, 0x1E, 0x1E, 0x00,
    0x00, 0x3C, 0x3C, 0x00, 0x00, 0x00, 0x02, 0x21, 0x31, 0x21, 0x00, 0xC0, 0x03, 0x00, 0x00, 0x80,
    0x07, 0x00, 0x00, 0x00, 0x0F, 0x00, 0x00, 0x00, 0x1E, 0x00, 0x00, 0x00, 0x3C, 0x00, 0x00, 0x00,
    0x78, 0x00, 0x00, 0x00, 0xF0, 0x00, 0x00, 0x00, 0xE0, 0x01, 0x00, 0x00, 0xC0, 0x03, 0x00, 0x00,
    0x80, 0x07, 0x00, 0x00, 0x00, 0x0F, 0x00, 0x00, 0x00, 0x1E, 0x00, 0x00, 0x00, 0x3C, 0x00, 0x00,
    0x00, 0x78, 0x00, 0x00, 0x00, 0xF0, 0x00, 0x00, 0x00, 0xE0, 0x01, 0x00, 0x00, 0xC0, 0x03, 0x00,
    0x00, 0x80, 0x07, 0x00, 0x00, 0x00, 0x0F, 0x00, 0x00, 0x00, 0x1E, 0x00, 0x00, 0x00, 0x3C, 0x00,
    0x00, 0x00, 0x78, 0x00, 0x00, 0x00, 0xF0, 0x00, 0x00, 0x00, 0xE0, 0x01, 0x00, 0x00, 0xC0, 0x03,
    0x00, 0x00, 0x80, 0x07, 0x00, 0x00, 0x00, 0x0F, 0x00, 0x00, 0x00, 0x1E, 0x00, 0x00, 0x00, 0x3C,
    0x00, 0x00, 0x00, 0x78, 0x00, 0x00, 0x00, 0xF0, 0x00, 0x80, 0xFF, 0xFF, 0xFF, 0xFF, 0xFF, 0xFF,
    0xFF, 0xFF, 0xFF, 0xFF, 0xFF, 0xFF, 0xFF, 0xFF, 0xFF, 0xFF, 0xFF, 0xFF, 0xFF, 0xFF, 0x0F, 0x00,
    0x00, 0x00, 0x00, 0x00, 0x00, 0x00, 0x00, 0x00, 0x00, 0x00, 0x00, 0x00, 0x00, 0x00, 0x00, 0x00,
    0x00, 0x00, 0x00, 0x00, 0x00, 0x00, 0x00, 0x00, 0x00, 0x00, 0x00, 0x00, 0x00, 0x00, 0x00, 0xF0,
    0xFF, 0xFF, 0xFF, 0xFF, 0xFF, 0xFF, 0xFF, 0xFF, 0xFF, 0xFF, 0xFF, 0xFF, 0xFF, 0xFF, 0xFF, 0xFF,
    0xFF, 0xFF, 0xFF, 0xFF, 0x01, 0x00, 0x02, 0x21, 0x2A, 0x21, 0x00, 0x3C, 0x3C, 0x00, 0x00, 0x78,
    0x78, 0x00, 0x00, 0xF0, 0xF0, 0x00, 0x00, 0xE0, 0xE1, 0x01, 0x00, 0xC0, 0xC3, 0x03, 0x00, 0x80,
    0x87, 0x07, 0x00, 0x00, 0x0F, 0x0F, 0x00, 0x00, 0x1E, 0x1E, 0x00, 0x00, 0x3C, 0x3C, 0x00, 0x00,
    0x78, 0x78, 0x00, 0x00, 0xF0, 0xF0, 0x00, 0x00, 0xE0, 0xE1, 0x01, 0x00, 0xC0, 0xC3, 0x03, 0x00,
    0x80, 0x87, 0x07, 0x00, 0x00, 0x0F, 0x0F, 0x00, 0x00, 0x1E, 0x1E, 0x00, 0x00, 0x3C, 0x3C, 0x00,
    0x00, 0x78, 0x78, 0x00, 0x00, 0xF0, 0xF0, 0x00, 0x00, 0xE0, 0xE1, 0x01, 0x00, 0xC0, 0xC3, 0x03,
    0x00, 0x80, 0x87, 0x07, 0x00, 0x00, 0x0F, 0x0F, 0x00, 0x00, 0x1E, 0x1E, 0x00, 0x00, 0x3C, 0x3C,
    0x00, 0x00, 0x78, 0x78, 0x00, 0x00, 0xF0, 0xF0, 0x00, 0x00, 0xE0, 0xE1, 0x01, 0x00, 0xC0, 0xC3,
    0x03, 0x00, 0x80, 0x87, 0x07, 0x00, 0x00, 0x0F, 0x0F, 0x00, 0x00, 0x1E, 0x1E, 0x00, 0x00, 0x3C,
    0x3C, 0x00, 0x00, 0x78, 0x78, 0x00, 0x00, 0xF0, 0xF0, 0x00, 0x00, 0xE0, 0xE1, 0x01, 0x00, 0xC0,
    0xC3, 0x03, 0xE0, 0xFF, 0xFF, 0xFF, 0xFF, 0xFF, 0xFF, 0xFF, 0xFF, 0xFF, 0xFF, 0xFF, 0xFF, 0xFF,
    0xFF, 0xFF, 0xFF, 0xFF, 0xFF, 0xFF, 0xFF, 0x03, 0x00, 0x02, 0x21, 0x31, 0x21, 0x00, 0x3C, 0x3C,
    0x00, 0x00, 0x78, 0x78, 0x00, 0x00, 0xF0, 0xF0, 0x00, 0x00, 0xE0, 0xE1, 0x01, 0x00, 0xC0, 0xC3,
    0x03, 0x00, 0x80, 0x87, 0x07, 0x00, 0x00, 0x0F, 0x0F, 0x00, 0x00, 0x1E, 0x1E, 0x00, 0x00, 0x3C,
    0x3C, 0x00, 0x00, 0x78, 0x78, 0x00, 0x00, 0xF0, 0xF0, 0x00, 0x00, 0xE0, 0xE1, 0x01, 0x00, 0xC0,
    0xC3, 0x03, 0x00, 0x80, 0x87, 0x07, 0x00, 0x00, 0x0F, 0x0F, 0x00, 0x00, 0x1E, 0x1E, 0x00, 0x00,
    0x3C, 0x3C, 0x00, 0x00, 0x78, 0x78, 0x00, 0x00, 0xF0, 0xF0, 0x00, 0x00, 0xE0, 0xE1, 0x01, 0x00,
    0xC0, 0xC3, 0x03, 0x00, 0x80, 0x87, 0x07, 0x00, 0x00, 0x0F, 0x0F, 0x00, 0x00, 0x1E, 0x1E, 0x00,
    0x00, 0x3C, 0x3C, 0x00, 0x00, 0x78, 0x78, 0x00, 0x00, 0xF0, 0xF0, 0x00, 0x00, 0xE0, 0xE1, 0x01,
    0x00, 0xC0, 0xC3, 0x03, 0x00, 0x80, 0x87, 0x07, 0x00, 0x00, 0x0F, 0x0F, 0x80, 0xFF, 0x1F, 0xFE,
    0xFF, 0xFF, 0x3F, 0xFC, 0xFF, 0xFF, 0x7F, 0xF8, 0xFF, 0xFF, 0xFF, 0xF0, 0xFF, 0xFF, 0xFF, 0xE1,
    0xFF, 0x0F, 0x00, 0x00, 0x00, 0x00, 0x00, 0x00, 0x00, 0x00, 0x00, 0x00, 0x00, 0x00, 0x00, 0x00,
    0x00, 0x00, 0x00, 0x00, 0x00, 0x00, 0x00, 0x00, 0x00, 0x00, 0x00, 0x00, 0x00, 0x00, 0x00, 0x00,
    0x00, 0x00, 0xF0, 0xFF, 0xFF, 0xFF, 0xFF, 0xFF, 0xFF, 0xFF, 0xFF, 0xFF, 0xFF, 0xFF, 0xFF, 0xFF,
    0xFF, 0xFF, 0xFF, 0xFF, 0xFF, 0xFF, 0xFF, 0x01, 0x00, 0x03, 0x21, 0x50, 0x21, 0x00, 0xC0, 0x03,
    0x00, 0x00, 0x80, 0x07, 0x00, 0x00, 0x00, 0x0F, 0x00, 0x00, 0x00, 0x1E, 0x00, 0x00, 0x00, 0x3C,
    0x00, 0x00, 0x00, 0x78, 0x00, 0x00, 0x00, 0xF0, 0x00, 0x00, 0x00, 0xE0, 0x01, 0x00, 0x00, 0xC0,
    0x03, 0x00, 0x00, 0x80, 0x07, 0x00, 0x00, 0x00, 0x0F, 0x00, 0x00, 0x00, 0x1E, 0x00, 0x00, 0x00,
    0x3C, 0x00, 0x00, 0x00, 0x78, 0x00, 0x00, 0x00, 0xF0, 0x00, 0x00, 0x00, 0xE0, 0x01, 0x00, 0x00,
    0xC0, 0x03, 0x00, 0x00, 0x80, 0x07, 0x00, 0x00, 0x00, 0x0F, 0x00, 0x00, 0x00, 0x1E, 0x00, 0x00,
    0x00, 0x3C, 0x00, 0x00, 0x00, 0x78, 0x00, 0x00, 0x00, 0xF0, 0x00, 0x00, 0x00, 0xE0, 0x01, 0x00,
    0x00, 0xC0, 0x03, 0x00, 0x00, 0x80, 0x07, 0x00, 0x00, 0x00, 0x0F, 0x00, 0x00, 0x00, 0x1E, 0x00,
    0x00, 0x00, 0x3C, 0x00, 0x00, 0x00, 0x78, 0x00, 0x00, 0x00, 0xF0, 0x00, 0x80, 0xFF, 0xFF, 0xFF,
    0xFF, 0xFF, 0xFF, 0xFF, 0xFF, 0xFF, 0xFF, 0xFF, 0xFF, 0xFF, 0xFF, 0xFF, 0xFF, 0xFF, 0xFF, 0xFF,
    0xFF, 0xFF, 0xFF, 0xFF, 0xFF, 0x1F, 0x00, 0x78, 0x00, 0x00, 0x00, 0xF0, 0x00, 0x00, 0x00, 0xE0,
    0x01, 0x00, 0x00, 0xC0, 0x03, 0x00, 0x00, 0x80, 0x07, 0x00, 0x00, 0x00, 0x0F, 0x00, 0xF8, 0xFF,
    0xFF, 0xFF, 0xFF, 0xFF, 0xFF, 0xFF, 0xFF, 0xFF, 0xFF, 0xFF, 0xFF, 0xFF, 0xFF, 0xFF, 0xFF, 0xFF,
    0xFF, 0xFF, 0xFF, 0xFF, 0xFF, 0xFF, 0xFF, 0x01, 0x80, 0x07, 0x00, 0x00, 0x00, 0x0F, 0x00, 0x00,
    0x00, 0x1E, 0x00, 0x00, 0x00, 0x3C, 0x00, 0x00, 0x00, 0x78, 0x00, 0x00, 0x00, 0xF0, 0x00, 0x00,
    0x00, 0xE0, 0x01, 0x00, 0x00, 0xC0, 0x03, 0x00, 0x00, 0x80, 0x07, 0x00, 0x00, 0x00, 0x0F, 0x00,
    0x00, 0x00, 0x1E, 0x00, 0x00, 0x00, 0x3C, 0x00, 0x00, 0x00, 0x78, 0x00, 0x00, 0x00, 0xF0, 0x00,
    0x00, 0x00, 0xE0, 0x01, 0x00, 0x00, 0xC0, 0x03, 0x00, 0x00, 0x80, 0x07, 0x00, 0x00, 0x00, 0x0F,
    0x00, 0x00, 0x00, 0x1E, 0x00, 0x00, 0x00, 0x3C, 0x00, 0x00, 0x00, 0x78, 0x00, 0x00, 0x00, 0xF0,
    0x00, 0x00, 0x00, 0xE0, 0x01, 0x00, 0x00, 0xC0, 0x03, 0x00, 0x00, 0x80, 0x07, 0x00, 0x00, 0x00,
    0x0F, 0x00, 0x00, 0x00, 0x1E, 0x00, 0x00, 0x00, 0x3C, 0x00, 0x00, 0x00, 0x78, 0x00, 0x00, 0x00,
    0xF0, 0x00, 0x00, 0x00, 0xE0, 0x01, 0x00, 0x00, 0x03, 0x21, 0x50, 0x21, 0x00, 0x3C, 0x3C, 0x00,
    0x00, 0x78, 0x78, 0x00, 0x00, 0xF0, 0xF0, 0x00, 0x00, 0xE0, 0xE1, 0x01, 0x00, 0xC0, 0xC3, 0x03,
    0x00, 0x80, 0x87, 0x07, 0x00, 0x00, 0x0F, 0x0F, 0x00, 0x00, 0x1E, 0x1E, 0x00, 0x00, 0x3C, 0x3C,
    0x00, 0x00, 0x78, 0x78, 0x00, 0x00, 0xF0, 0xF0, 0x00, 0x00, 0xE0, 0xE1, 0x01, 0x00, 0xC0, 0xC3,
    0x03, 0x00, 0x80, 0x87, 0x07, 0x00, 0x00, 0x0F, 0x0F, 0x00, 0x00, 0x1E, 0x1E, 0x00, 0x00, 0x3C,
    0x3C, 0x00, 0x00, 0x78, 0x78, 0x00, 0x00, 0xF0, 0xF0, 0x00, 0x00, 0xE0, 0xE1, 0x01, 0x00, 0xC0,
    0xC3, 0x03, 0x00, 0x80, 0x87, 0x07, 0x00, 0x00, 0x0F, 0x0F, 0x00, 0x00, 0x1E, 0x1E, 0x00, 0x00,
    0x3C, 0x3C, 0x00, 0x00, 0x78, 0x78, 0x00, 0x00, 0xF0, 0xF0, 0x00, 0x00, 0xE0, 0xE1, 0x01, 0x00,
    0xC0, 0xC3, 0x03, 0x00, 0x80, 0x87, 0x07, 0x00, 0x00, 0x0F, 0x0F, 0x00, 0x00, 0x1E, 0x1E, 0x00,
    0x00, 0x3C, 0x3C, 0x00, 0x00, 0x78, 0x78, 0x00, 0x00, 0xF0, 0xF0, 0x00, 0x00, 0xE0, 0xE1, 0x01,
    0x00, 0xC0, 0xC3, 0x03, 0xE0, 0xFF, 0xFF, 0xFF, 0xFF, 0xFF, 0xFF, 0xFF, 0xFF, 0xFF, 0xFF, 0xFF,
    0xFF, 0xFF, 0xFF, 0xFF, 0xFF, 0xFF, 0xFF, 0xFF, 0xFF, 0xFF, 0xFF, 0xFF, 0xFF, 0x07, 0xE0, 0xE1,
    0x01, 0x00, 0xC0, 0xC3, 0x03, 0x00, 0x80, 0x87, 0x07, 0x00, 0x00, 0x0F, 0x0F, 0x00, 0x00, 0x1E,
    0x1E, 0x00, 0x00, 0x3C, 0x3C, 0x00, 0x00, 0x78, 0x78, 0x00, 0x00, 0xF0, 0xF0, 0x00, 0x00, 0xE0,
    0xE1, 0x01, 0x00, 0xC0, 0xC3, 0x03, 0x00, 0x80, 0x87, 0x07, 0x00, 0x00, 0x0F, 0x0F, 0x00, 0x00,
    0x1E, 0x1E, 0x00, 0x00, 0x3C, 0x3C, 0x00, 0x00, 0x78, 0x78, 0x00, 0x00, 0xF0, 0xF0, 0x00, 0x00,
    0xE0, 0xE1, 0x01, 0x00, 0xC0, 0xC3, 0x03, 0x00, 0x80, 0x87, 0x07, 0x00, 0x00, 0x0F, 0x0F, 0x00,
    0x00, 0x1E, 0x1E, 0x00, 0x00, 0x3C, 0x3C, 0x00, 0x00, 0x78, 0x78, 0x00, 0x00, 0xF0, 0xF0, 0x00,
    0x00, 0xE0, 0xE1, 0x01, 0x00, 0xC0, 0xC3, 0x03, 0x00, 0x80, 0x87, 0x07, 0x00, 0x00, 0x0F, 0x0F,
    0x00, 0x00, 0x1E, 0x1E, 0x00, 0x00, 0x3C, 0x3C, 0x00, 0x00, 0x78, 0x78, 0x00, 0x00, 0xF0, 0xF0,
    0x00, 0x00, 0xE0, 0xE1, 0x01, 0x00, 0xC0, 0xC3, 0x03, 0x00, 0x80, 0x87, 0x07, 0x00, 0x00, 0x0F,
    0x0F, 0x00, 0x00, 0x1E, 0x1E, 0x00, 0x00, 0x02, 0x22, 0x50, 0x21, 0x00, 0x3C, 0x78, 0x00, 0x00,
    0xF0, 0xE0, 0x01, 0x00, 0xC0, 0x83, 0x07, 0x00, 0x00, 0x0F, 0x1E, 0x00, 0x00, 0x3C, 0x78, 0x00,
    0x00, 0xF0, 0xE0, 0x01, 0x00, 0xC0, 0x83, 0x07, 0x00, 0x00, 0x0F, 0x1E, 0x00, 0x00, 0x3C, 0x78,
    0x00, 0x00, 0xF0, 0xE0, 0x01, 0x00, 0xC0, 0x83, 0x07, 0x00, 0x00, 0x0F, 0x1E, 0x00, 0x00, 0x3C,
    0x78, 0x00, 0x00, 0xF0, 0xE0, 0x01, 0x00, 0xC0, 0x83, 0x07, 0x00, 0x00, 0x0F, 0x1E, 0x00, 0x00,
    0x3C, 0x78, 0x00, 0x00, 0xF0, 0xE0, 0x01, 0x00, 0xC0, 0x83, 0x07, 0x00, 0x00, 0x0F, 0x1E, 0x00,
    0x00, 0x3C, 0x78, 0x00, 0x00, 0xF0, 0xE0, 0x01, 0x00, 0xC0, 0x83, 0x07, 0x00, 0x00, 0x0F, 0x1E,
    0x00, 0x00, 0x3C, 0x78, 0x00, 0x00, 0xF0, 0xE0, 0x01, 0x00, 0xC0, 0x83, 0x07, 0x00, 0x00, 0x0F,
    0x1E, 0x00, 0x00, 0x3C, 0x78, 0x00, 0x00, 0xF0, 0xE0, 0x01, 0x00, 0xC0, 0x83, 0x07, 0xC0, 0xFF,
    0x0F, 0xFE, 0xFF, 0xFF, 0x3F, 0xF8, 0xFF, 0xFF, 0xFF, 0xE0, 0xFF, 0xFF, 0xFF, 0x83, 0xFF, 0xFF,
    0xFF, 0x0F, 0xFE, 0xFF, 0x00, 0x00, 0x00, 0x00, 0x00, 0x00, 0x00, 0x00, 0x00, 0x00, 0x00, 0x00,
    0x00, 0x00, 0x00, 0x00, 0x00, 0x00, 0x00, 0x00, 0x00, 0x00, 0x00, 0x00, 0x00, 0x00, 0x00, 0x00,
    0x00, 0x00, 0x00, 0x00, 0x00, 0x00, 0xFF, 0x3F, 0xF8, 0xFF, 0xFF, 0xFF, 0xE0, 0xFF, 0xFF, 0xFF,
    0x83, 0xFF, 0xFF, 0xFF, 0x0F, 0xFE, 0xFF, 0xFF, 0x3F, 0xF8, 0xFF, 0x03, 0xF0, 0xE0, 0x01, 0x00,
    0xC0, 0x83, 0x07, 0x00, 0x00, 0x0F, 0x1E, 0x00, 0x00, 0x3C, 0x78, 0x00, 0x00, 0xF0, 0xE0, 0x01,
    0x00, 0xC0, 0x83, 0x07, 0x00, 0x00, 0x0F, 0x1E, 0x00, 0x00, 0x3C, 0x78, 0x00, 0x00, 0xF0, 0xE0,
    0x01, 0x00, 0xC0, 0x83, 0x07, 0x00, 0x00, 0x0F, 0x1E, 0x00, 0x00, 0x3C, 0x78, 0x00, 0x00, 0xF0,
    0xE0, 0x01, 0x00, 0xC0, 0x83, 0x07, 0x00, 0x00, 0x0F, 0x1E, 0x00, 0x00, 0x3C, 0x78, 0x00, 0x00,
    0xF0, 0xE0, 0x01, 0x00, 0xC0, 0x83, 0x07, 0x00, 0x00, 0x0F, 0x1E, 0x00, 0x00, 0x3C, 0x78, 0x00,
    0x00, 0xF0, 0xE0, 0x01, 0x00, 0xC0, 0x83, 0x07, 0x00, 0x00, 0x0F, 0x1E, 0x00, 0x00, 0x3C, 0x78,
    0x00, 0x00, 0xF0, 0xE0, 0x01, 0x00, 0xC0, 0x83, 0x07, 0x00, 0x00, 0x0F, 0x1E, 0x00, 0x00, 0x3C,
    0x78, 0x00, 0x00, 0xF0, 0xE0, 0x01, 0x00, 0xC0, 0x83, 0x07, 0x00, 0x00, 0x0F, 0x1E, 0x00, 0x80,
    0x4B, 0x01, 0x00, 0x03, 0x21, 0x28, 0x21, 0xFF, 0xFF, 0xFF, 0xFF, 0xFF, 0xFF, 0xFF, 0xFF, 0xFF,
    0xFF, 0xFF, 0xFF, 0xFF, 0xFF, 0xFF, 0xFF, 0xFF, 0xFF, 0xFF, 0xFF, 0xFF, 0xFF, 0xFF, 0xFF, 0xFF,
    0xFF, 0xFF, 0xFF, 0xFF, 0xFF, 0xFF, 0xFF, 0xFF, 0xFF, 0xFF, 0xFF, 0xFF, 0xFF, 0xFF, 0xFF, 0xFF,
    0xFF, 0xFF, 0xFF, 0xFF, 0xFF, 0xFF, 0xFF, 0xFF, 0xFF, 0xFF, 0xFF, 0xFF, 0xFF, 0xFF, 0xFF, 0xFF,
    0xFF, 0xFF, 0xFF, 0xFF, 0xFF, 0xFF, 0xFF, 0xFF, 0xFF, 0xFF, 0xFF, 0xFF, 0xFF, 0xFF, 0xFF, 0xFF,
    0xFF, 0xFF, 0xFF, 0xFF, 0xFF, 0xFF, 0xFF, 0xFF, 0xFF, 0xFF, 0xFF, 0xFF, 0xFF, 0xFF, 0xFF, 0xFF,
    0xFF, 0xFF, 0xFF, 0xFF, 0xFF, 0xFF, 0xFF, 0xFF, 0xFF, 0xFF, 0xFF, 0xFF, 0xFF, 0xFF, 0xFF, 0xFF,
    0xFF, 0xFF, 0xFF, 0xFF, 0xFF, 0xFF, 0xFF, 0xFF, 0xFF, 0xFF, 0xFF, 0xFF, 0xFF, 0xFF, 0xFF, 0xFF,
    0xFF, 0xFF, 0xFF, 0xFF, 0xFF, 0xFF, 0xFF, 0xFF, 0xFF, 0xFF, 0xFF, 0xFF, 0xFF, 0xFF, 0xFF, 0xFF,
    0xFF, 0xFF, 0xFF, 0xFF, 0xFF, 0xFF, 0xFF, 0xFF, 0xFF, 0xFF, 0xFF, 0xFF, 0xFF, 0xFF, 0xFF, 0xFF,
    0xFF, 0xFF, 0xFF, 0xFF, 0xFF, 0xFF, 0xFF, 0xFF, 0xFF, 0xFF, 0xFF, 0xFF, 0x84, 0x4B, 0x01, 0x00,
    0x2B, 0x21, 0x28, 0x21, 0xFF, 0xFF, 0xFF, 0xFF, 0xFF, 0xFF, 0xFF, 0xFF, 0xFF, 0xFF, 0xFF, 0xFF,
    0xFF, 0xFF, 0xFF, 0xFF, 0xFF, 0xFF, 0xFF, 0xFF, 0xFF, 0xFF, 0xFF, 0xFF, 0xFF, 0xFF, 0xFF, 0xFF,
    0xFF, 0xFF, 0xFF, 0xFF, 0xFF, 0xFF, 0xFF, 0xFF, 0xFF, 0xFF, 0xFF, 0xFF, 0xFF, 0xFF, 0xFF, 0xFF,
    0xFF, 0xFF, 0xFF, 0xFF, 0xFF, 0xFF, 0xFF, 0xFF, 0xFF, 0xFF, 0xFF, 0xFF, 0xFF, 0xFF, 0xFF, 0xFF,
    0xFF, 0xFF, 0xFF, 0xFF, 0xFF, 0xFF, 0xFF, 0xFF, 0xFF, 0xFF, 0xFF, 0xFF, 0xFF, 0xFF, 0xFF, 0xFF,
    0xFF, 0xFF, 0xFF, 0xFF, 0xFF, 0xFF, 0xFF, 0xFF, 0xFF, 0xFF, 0xFF, 0xFF, 0xFF, 0xFF, 0xFF, 0xFF,
    0xFF, 0xFF, 0xFF, 0xFF, 0xFF, 0xFF, 0xFF, 0xFF, 0xFF, 0xFF, 0xFF, 0xFF, 0xFF, 0xFF, 0xFF, 0xFF,
    0xFF, 0xFF, 0xFF, 0xFF, 0xFF, 0xFF, 0xFF, 0xFF, 0xFF, 0xFF, 0xFF, 0xFF, 0xFF, 0xFF, 0xFF, 0xFF,
    0xFF, 0xFF, 0xFF, 0xFF, 0xFF, 0xFF, 0xFF, 0xFF, 0xFF, 0xFF, 0xFF, 0xFF, 0xFF, 0xFF, 0xFF, 0xFF,
    0xFF, 0xFF, 0xFF, 0xFF, 0xFF, 0xFF, 0xFF, 0xFF, 0xFF, 0xFF, 0xFF, 0xFF, 0xFF, 0xFF, 0xFF, 0xFF,
    0xFF, 0xFF, 0xFF, 0xFF, 0xFF, 0xFF, 0xFF, 0xFF, 0xFF, 0x88, 0x4B, 0x01, 0x00, 0x03, 0x21, 0x50,
    0x21, 0xFF, 0xFF, 0xFF, 0xFF, 0xFF, 0xFF, 0xFF, 0xFF, 0xFF, 0xFF, 0xFF, 0xFF, 0xFF, 0xFF, 0xFF,
    0xFF, 0xFF, 0xFF, 0xFF, 0xFF, 0xFF, 0xFF, 0xFF, 0xFF, 0xFF, 0xFF, 0xFF, 0xFF, 0xFF, 0xFF, 0xFF,
    0xFF, 0xFF, 0xFF, 0xFF, 0xFF, 0xFF, 0xFF, 0xFF, 0xFF, 0xFF, 0xFF, 0xFF, 0xFF, 0xFF, 0xFF, 0xFF,
    0xFF, 0xFF, 0xFF, 0xFF, 0xFF, 0xFF, 0xFF, 0xFF, 0xFF, 0xFF, 0xFF, 0xFF, 0xFF, 0xFF, 0xFF, 0xFF,
    0xFF, 0xFF, 0xFF, 0xFF, 0xFF, 0xFF, 0xFF, 0xFF, 0xFF, 0xFF, 0xFF, 0xFF, 0xFF, 0xFF, 0xFF, 0xFF,
    0xFF, 0xFF, 0xFF, 0xFF, 0xFF, 0xFF, 0xFF, 0xFF, 0xFF, 0xFF, 0xFF, 0xFF, 0xFF, 0xFF, 0xFF, 0xFF,
    0xFF, 0xFF, 0xFF, 0xFF, 0xFF, 0xFF, 0xFF, 0xFF, 0xFF, 0xFF, 0xFF, 0xFF, 0xFF, 0xFF, 0xFF, 0xFF,
    0xFF, 0xFF, 0xFF, 0xFF, 0xFF, 0xFF, 0xFF, 0xFF, 0xFF, 0xFF, 0xFF, 0xFF, 0xFF, 0xFF, 0xFF, 0xFF,
    0xFF, 0xFF, 0xFF, 0xFF, 0xFF, 0xFF, 0xFF, 0xFF, 0xFF, 0xFF, 0xFF, 0xFF, 0xFF, 0xFF, 0xFF, 0xFF,
    0xFF, 0xFF, 0xFF, 0xFF, 0xFF, 0xFF, 0xFF, 0xFF, 0xFF, 0xFF, 0xFF, 0xFF, 0xFF, 0xFF, 0xFF, 0xFF,
    0xFF, 0xFF, 0xFF, 0xFF, 0xFF, 0xFF, 0xFF, 0xFF, 0xFF, 0xFF, 0xFF, 0xFF, 0xFF, 0xFF, 0xFF, 0xFF,
    0xFF, 0xFF, 0xFF, 0xFF, 0xFF, 0xFF, 0xFF, 0xFF, 0xFF, 0xFF, 0xFF, 0xFF, 0xFF, 0xFF, 0xFF, 0xFF,
    0xFF, 0xFF, 0xFF, 0xFF, 0xFF, 0xFF, 0xFF, 0xFF, 0xFF, 0xFF, 0xFF, 0xFF, 0xFF, 0xFF, 0xFF, 0xFF,
    0xFF, 0xFF, 0xFF, 0xFF, 0xFF, 0xFF, 0xFF, 0xFF, 0xFF, 0xFF, 0xFF, 0xFF, 0xFF, 0xFF, 0xFF, 0xFF,
    0xFF, 0xFF, 0xFF, 0xFF, 0xFF, 0xFF, 0xFF, 0xFF, 0xFF, 0xFF, 0xFF, 0xFF, 0xFF, 0xFF, 0xFF, 0xFF,
    0xFF, 0xFF, 0xFF, 0xFF, 0xFF, 0xFF, 0xFF, 0xFF, 0xFF, 0xFF, 0xFF, 0xFF, 0xFF, 0xFF, 0xFF, 0xFF,
    0xFF, 0xFF, 0xFF, 0xFF, 0xFF, 0xFF, 0xFF, 0xFF, 0xFF, 0xFF, 0xFF, 0xFF, 0xFF, 0xFF, 0xFF, 0xFF,
    0xFF, 0xFF, 0xFF, 0xFF, 0xFF, 0xFF, 0xFF, 0xFF, 0xFF, 0xFF, 0xFF, 0xFF, 0xFF, 0xFF, 0xFF, 0xFF,
    0xFF, 0xFF, 0xFF, 0xFF, 0xFF, 0xFF, 0xFF, 0xFF, 0xFF, 0xFF, 0xFF, 0xFF, 0xFF, 0xFF, 0xFF, 0xFF,
    0xFF, 0xFF, 0xFF, 0xFF, 0xFF, 0xFF, 0xFF, 0xFF, 0xFF, 0xFF, 0xFF, 0xFF, 0xFF, 0xFF, 0xFF, 0xFF,
    0xFF, 0xFF, 0xFF, 0xFF, 0xFF, 0xFF, 0xFF, 0xFF, 0xFF, 0xFF, 0xFF, 0x8C, 0x4B, 0x01, 0x00, 0x03,
    0x10, 0x50, 0x21, 0xFF, 0xFF, 0xFF, 0xFF, 0xFF, 0xFF, 0xFF, 0xFF, 0xFF, 0xFF, 0xFF, 0xFF, 0xFF,
    0xFF, 0xFF, 0xFF, 0xFF, 0xFF, 0xFF, 0xFF, 0xFF, 0xFF, 0xFF, 0xFF, 0xFF, 0xFF, 0xFF, 0xFF, 0xFF,
    0xFF, 0xFF, 0xFF, 0xFF, 0xFF, 0xFF, 0xFF, 0xFF, 0xFF, 0xFF, 0xFF, 0xFF, 0xFF, 0xFF, 0xFF, 0xFF,
    0xFF, 0xFF, 0xFF, 0xFF, 0xFF, 0xFF, 0xFF, 0xFF, 0xFF, 0xFF, 0xFF, 0xFF, 0xFF, 0xFF, 0xFF, 0xFF,
    0xFF, 0xFF, 0xFF, 0xFF, 0xFF, 0xFF, 0xFF, 0xFF, 0xFF, 0xFF, 0xFF, 0xFF, 0xFF, 0xFF, 0xFF, 0xFF,
    0xFF, 0xFF, 0xFF, 0xFF, 0xFF, 0xFF, 0xFF, 0xFF, 0xFF, 0xFF, 0xFF, 0xFF, 0xFF, 0xFF, 0xFF, 0xFF,
    0xFF, 0xFF, 0xFF, 0xFF, 0xFF, 0xFF, 0xFF, 0xFF, 0xFF, 0xFF, 0xFF, 0xFF, 0xFF, 0xFF, 0xFF, 0xFF,
    0xFF, 0xFF, 0xFF, 0xFF, 0xFF, 0xFF, 0xFF, 0xFF, 0xFF, 0xFF, 0xFF, 0xFF, 0xFF, 0xFF, 0xFF, 0xFF,
    0xFF, 0xFF, 0xFF, 0xFF, 0xFF, 0xFF, 0xFF, 0xFF, 0xFF, 0xFF, 0xFF, 0xFF, 0xFF, 0xFF, 0xFF, 0xFF,
    0xFF, 0xFF, 0xFF, 0xFF, 0xFF, 0xFF, 0xFF, 0xFF, 0xFF, 0xFF, 0xFF, 0xFF, 0xFF, 0xFF, 0xFF, 0xFF,
    0xFF, 0xFF, 0xFF, 0x90, 0x4B, 0x04, 0x11, 0x03, 0x11, 0x50, 0x21, 0xFF, 0xFF, 0xFF, 0xFF, 0xFF,
    0xFF, 0xFF, 0xFF, 0xFF, 0xFF, 0xFF, 0xFF, 0xFF, 0xFF, 0xFF, 0xFF, 0xFF, 0xFF, 0xFF, 0xFF, 0xFF,
    0xFF, 0xFF, 0xFF, 0xFF, 0xFF, 0xFF, 0xFF, 0xFF, 0xFF, 0xFF, 0xFF, 0xFF, 0xFF, 0xFF, 0xFF, 0xFF,
    0xFF, 0xFF, 0xFF, 0xFF, 0xFF, 0xFF, 0xFF, 0xFF, 0xFF, 0xFF, 0xFF, 0xFF, 0xFF, 0xFF, 0xFF, 0xFF,
    0xFF, 0xFF, 0xFF, 0xFF, 0xFF, 0xFF, 0xFF, 0xFF, 0xFF, 0xFF, 0xFF, 0xFF, 0xFF, 0xFF, 0xFF, 0xFF,
    0xFF, 0xFF, 0xFF, 0xFF, 0xFF, 0xFF, 0xFF, 0xFF, 0xFF, 0xFF, 0xFF, 0xFF, 0xFF, 0xFF, 0xFF, 0xFF,
    0xFF, 0xFF, 0xFF, 0xFF, 0xFF, 0xFF, 0xFF, 0xFF, 0xFF, 0xFF, 0xFF, 0xFF, 0xFF, 0xFF, 0xFF, 0xFF,
    0xFF, 0xFF, 0xFF, 0xFF, 0xFF, 0xFF, 0xFF, 0xFF, 0xFF, 0xFF, 0xFF, 0xFF, 0xFF, 0xFF, 0xFF, 0xFF,
    0xFF, 0xFF, 0xFF, 0xFF, 0xFF, 0xFF, 0xFF, 0xFF, 0xFF, 0xFF, 0xFF, 0xFF, 0xFF, 0xFF, 0xFF, 0xFF,
    0xFF, 0xFF, 0xFF, 0xFF, 0xFF, 0xFF, 0xFF, 0xFF, 0xFF, 0xFF, 0xFF, 0xFF, 0xFF, 0xFF, 0xFF, 0xFF,
    0xFF, 0xFF, 0xFF, 0xFF, 0xFF, 0xFF, 0xFF, 0xFF, 0xFF, 0xFF, 0xFF, 0xFF, 0xFF, 0xFF, 0xFF, 0xFF,
    0xFF, 0xFF, 0xFF, 0xFF, 0xFF, 0x00, 0x02, 0x1E, 0x4D, 0x21, 0xE0, 0x00, 0x07, 0x38, 0x38, 0xC0,
    0x01, 0x0E, 0x0E, 0x70, 0x80, 0x83, 0x03, 0x1C, 0xE0, 0x00, 0x00, 0x00, 0x00, 0x00, 0x00, 0x00,
    0x00, 0x00, 0x00, 0x00, 0x00, 0x00, 0x00, 0x00, 0x07, 0x38, 0xE0, 0xC0, 0x01, 0x0E, 0x38, 0x70,
    0x80, 0x03, 0x0E, 0x1C, 0xE0, 0x80, 0x03, 0x00, 0x00, 0x00, 0x00, 0x00, 0x00, 0x00, 0x00, 0x00,
    0x00, 0x00, 0x00, 0x00, 0x00, 0x00, 0x00, 0x00, 0x00, 0x00, 0x38, 0xC0, 0x01, 0x0E, 0x0E, 0x70,
    0x80, 0x83, 0x03, 0x1C, 0xE0, 0xE0, 0x00, 0x07, 0x38, 0x00, 0x00, 0x00, 0x00, 0x00, 0x00, 0x00,
    0x00, 0x00, 0x00, 0x00, 0x00, 0x00, 0x00, 0xC0, 0x01, 0x0E, 0x38, 0x70, 0x80, 0x03, 0x0E, 0x1C,
    0xE0, 0x80, 0x03, 0x07, 0x38, 0xE0, 0x00, 0x00, 0x00, 0x00, 0x00, 0x00, 0x00, 0x00, 0x00, 0x00,
    0x00, 0x00, 0x00, 0x00, 0x00, 0x00, 0x38, 0xC0, 0x01, 0x0E, 0x0E, 0x70, 0x80, 0x83, 0x03, 0x1C,
    0xE0, 0xE0, 0x00, 0x07, 0x38, 0x00, 0x00, 0x00, 0x00, 0x00, 0x00, 0x00, 0x00, 0x00, 0x00, 0x00,
    0x00, 0x00, 0x00, 0xC0, 0x01, 0x0E, 0x38, 0x70, 0x80, 0x03, 0x0E, 0x1C, 0xE0, 0x80, 0x03, 0x07,
    0x38, 0xE0, 0x00, 0x00, 0x00, 0x00, 0x00, 0x00, 0x00, 0x00, 0x00, 0x00, 0x00, 0x00, 0x00, 0x00,
    0x00, 0x00, 0x38, 0xC0, 0x01, 0x0E, 0x0E, 0x70, 0x80, 0x83, 0x03, 0x1C, 0xE0, 0xE0, 0x00, 0x07,
    0x38, 0x00, 0x00, 0x00, 0x00, 0x00, 0x00, 0x00, 0x00, 0x00, 0x00, 0x00, 0x00, 0x00, 0x00, 0xC0,
    0x01, 0x0E, 0x38, 0x70, 0x80, 0x03, 0x0E, 0x1C, 0xE0, 0x80, 0x03, 0x07, 0x38, 0xE0, 0x00, 0x00,
    0x00, 0x00, 0x00, 0x00, 0x00, 0x00, 0x00, 0x00, 0x00, 0x00, 0x00, 0x00, 0x00, 0x00, 0x38, 0xC0,
    0x01, 0x0E, 0x0E, 0x70, 0x80, 0x83, 0x03, 0x1C, 0xE0, 0xE0, 0x00, 0x07, 0x38, 0x00, 0x00, 0x00,
    0x00, 0x00, 0x00, 0x00, 0x00, 0x00, 0x00, 0x00, 0x00, 0x00, 0x00, 0xC0, 0x01, 0x0E, 0x38, 0x70,
    0x80, 0x03, 0x0E, 0x1C, 0xE0, 0x80, 0x03, 0x07, 0x38, 0xE0, 0x00, 0x00, 0x02, 0x21, 0x4D, 0x21,
    0xC7, 0x38, 0xC6, 0x38, 0x8E, 0x71, 0x8C, 0x71, 0x1C, 0xE3, 0x18, 0xE3, 0x38, 0xC6, 0x31, 0xC6,
    0x01, 0x00, 0x00, 0x00, 0x00, 0x00, 0x00, 0x00, 0x00, 0x00, 0x00, 0x00, 0x00, 0x00, 0x00, 0x00,
    0x00, 0x38, 0xC7, 0x39, 0xC7, 0x71, 0x8E, 0x73, 0x8E, 0xE3, 0x1C, 0xE7, 0x1C, 0xC7, 0x39, 0xCE,
    0x39, 0x0E, 0x00, 0x00, 0x00, 0x00, 0x00, 0x00, 0x00, 0x00, 0x00, 0x00, 0x00, 0x00, 0x00, 0x00,
    0x00, 0x00, 0x00, 0x00, 0x00, 0x00, 0x8E, 0x71, 0x8C, 0x71, 0x1C, 0xE3, 0x18, 0xE3, 0x38, 0xC6,
    0x31, 0xC6, 0x71, 0x8C, 0x63, 0x8C, 0x03, 0x00, 0x00, 0x00, 0x00, 0x00, 0x00, 0x00, 0x00, 0x00,
    0x00, 0x00, 0x00, 0x00, 0x00, 0x00, 0x00, 0x70, 0x8E, 0x73, 0x8E, 0xE3, 0x1C, 0xE7, 0x1C, 0xC7,
    0x39, 0xCE, 0x39, 0x8E, 0x73, 0x9C, 0x73, 0x1C, 0x00, 0x00, 0x00, 0x00, 0x00, 0x00, 0x00, 0x00,
    0x00, 0x00, 0x00, 0x00, 0x00, 0x00, 0x00, 0x00, 0x8E, 0x71, 0x8C, 0x71, 0x1C, 0xE3, 0x18, 0xE3,
    0x38, 0xC6, 0x31, 0xC6, 0x71, 0x8C, 0x63, 0x8C, 0x03, 0x00, 0x00, 0x00, 0x00, 0x00, 0x00, 0x00,
    0x00, 0x00, 0x00, 0x00, 0x00, 0x00, 0x00, 0x00, 0x00, 0x70, 0x8E, 0x73, 0x8E, 0xE3, 0x1C, 0xE7,
    0x1C, 0xC7, 0x39, 0xCE, 0x39, 0x8E, 0x73, 0x9C, 0x73, 0x1C, 0x00, 0x00, 0x00, 0x00, 0x00, 0x00,
    0x00, 0x00, 0x00, 0x00, 0x00, 0x00, 0x00, 0x00, 0x00, 0x00, 0x8E, 0x71, 0x8C, 0x71, 0x1C, 0xE3,
    0x18, 0xE3, 0x38, 0xC6, 0x31, 0xC6, 0x71, 0x8C, 0x63, 0x8C, 0x03, 0x00, 0x00, 0x00, 0x00, 0x00,
    0x00, 0x00, 0x00, 0x00, 0x00, 0x00, 0x00, 0x00, 0x00, 0x00, 0x00, 0x70, 0x8E, 0x73, 0x8E, 0xE3,
    0x1C, 0xE7, 0x1C, 0xC7, 0x39, 0xCE, 0x39, 0x8E, 0x73, 0x9C, 0x73, 0x1C, 0x00, 0x00, 0x00, 0x00,
    0x00, 0x00, 0x00, 0x00, 0x00, 0x00, 0x00, 0x00, 0x00, 0x00, 0x00, 0x00, 0x8E, 0x71, 0x8C, 0x71,
    0x1C, 0xE3, 0x18, 0xE3, 0x38, 0xC6, 0x31, 0xC6, 0x71, 0x8C, 0x63, 0x8C, 0x03, 0x00, 0x00, 0x00,
    0x00, 0x00, 0x00, 0x00, 0x00, 0x00, 0x00, 0x00, 0x00, 0x00, 0x00, 0x00, 0x00, 0x70, 0x8E, 0x73,
    0x8E, 0xE3, 0x1C, 0xE7, 0x1C, 0xC7, 0x39, 0xCE, 0x39, 0x8E, 0x73, 0x9C, 0x73, 0x1C, 0x00, 0x02,
    0x21, 0x51, 0x21, 0xC7, 0x38, 0xC6, 0x38, 0x8E, 0x71, 0x8C, 0x71, 0x1C, 0xE3, 0x18, 0xE3, 0x38,
    0xC6, 0x31, 0xC6, 0xF1, 0xFF, 0xFF, 0xFF, 0xFF, 0xFF, 0xFF, 0xFF, 0xFF, 0xFF, 0xFF, 0xFF, 0xFF,
    0xFF, 0xFF, 0xFF, 0xFF, 0x38, 0xC7, 0x39, 0xC7, 0x71, 0x8E, 0x73, 0x8E, 0xE3, 0x1C, 0xE7, 0x1C,
    0xC7, 0x39, 0xCE, 0x39, 0x8E, 0x73, 0x9C, 0x73, 0xFC, 0xFF, 0xFF, 0xFF, 0xFF, 0xFF, 0xFF, 0xFF,
    0xFF, 0xFF, 0xFF, 0xFF, 0xFF, 0xFF, 0xFF, 0xFF, 0xFF, 0x8F, 0x71, 0x8C, 0x71, 0x1C, 0xE3, 0x18,
    0xE3, 0x38, 0xC6, 0x31, 0xC6, 0x71, 0x8C, 0x63, 0x8C, 0xE3, 0xFF, 0xFF, 0xFF, 0xFF, 0xFF, 0xFF,
    0xFF, 0xFF, 0xFF, 0xFF, 0xFF, 0xFF, 0xFF, 0xFF, 0xFF, 0xFF, 0x71, 0x8E, 0x73, 0x8E, 0xE3, 0x1C,
    0xE7, 0x1C, 0xC7, 0x39, 0xCE, 0x39, 0x8E, 0x73, 0x9C, 0x73, 0xFC, 0xFF, 0xFF, 0xFF, 0xFF, 0xFF,
    0xFF, 0xFF, 0xFF, 0xFF, 0xFF, 0xFF, 0xFF, 0xFF, 0xFF, 0xFF, 0xFF, 0x8F, 0x71, 0x8C, 0x71, 0x1C,
    0xE3, 0x18, 0xE3, 0x38, 0xC6, 0x31, 0xC6, 0x71, 0x8C, 0x63, 0x8C, 0xE3, 0xFF, 0xFF, 0xFF, 0xFF,
    0xFF, 0xFF, 0xFF, 0xFF, 0xFF, 0xFF, 0xFF, 0xFF, 0xFF, 0xFF, 0xFF, 0xFF, 0x71, 0x8E, 0x73, 0x8E,
    0xE3, 0x1C, 0xE7, 0x1C, 0xC7, 0x39, 0xCE, 0x39, 0x8E, 0x73, 0x9C, 0x73, 0xFC, 0xFF, 0xFF, 0xFF,
    0xFF, 0xFF, 0xFF, 0xFF, 0xFF, 0xFF, 0xFF, 0xFF, 0xFF, 0xFF, 0xFF, 0xFF, 0xFF, 0x8F, 0x71, 0x8C,
    0x71, 0x1C, 0xE3, 0x18, 0xE3, 0x38, 0xC6, 0x31, 0xC6, 0x71, 0x8C, 0x63, 0x8C, 0xE3, 0xFF, 0xFF,
    0xFF, 0xFF, 0xFF, 0xFF, 0xFF, 0xFF, 0xFF, 0xFF, 0xFF, 0xFF, 0xFF, 0xFF, 0xFF, 0xFF, 0x71, 0x8E,
    0x73, 0x8E, 0xE3, 0x1C, 0xE7, 0x1C, 0xC7, 0x39, 0xCE, 0x39, 0x8E, 0x73, 0x9C, 0x73, 0xFC, 0xFF,
    0xFF, 0xFF, 0xFF, 0xFF, 0xFF, 0xFF, 0xFF, 0xFF, 0xFF, 0xFF, 0xFF, 0xFF, 0xFF, 0xFF, 0xFF, 0x8F,
    0x71, 0x8C, 0x71, 0x1C, 0xE3, 0x18, 0xE3, 0x38, 0xC6, 0x31, 0xC6, 0x71, 0x8C, 0x63, 0x8C, 0xE3,
    0xFF, 0xFF, 0xFF, 0xFF, 0xFF, 0xFF, 0xFF, 0xFF, 0xFF, 0xFF, 0xFF, 0xFF, 0xFF, 0xFF, 0xFF, 0xFF,
    0x71, 0x8E, 0x73, 0x8E, 0xE3, 0x1C, 0xE7, 0x1C, 0xC7, 0x39, 0xCE, 0x39, 0x8E, 0x73, 0x9C, 0x73,
    0xFC, 0xFF, 0xFF, 0xFF, 0xFF, 0xFF, 0xFF, 0xFF, 0xFF, 0xFF, 0xFF, 0xFF, 0xFF, 0xFF, 0xFF, 0xFF,
    0xFF, 0x01, 0xA0, 0x4B, 0x02, 0x04, 0x20, 0x15, 0x1F, 0x1C, 0xFF, 0xFF, 0xFF, 0xFF, 0xFF, 0xFF,
    0xFF, 0xFF, 0xFF, 0xFF, 0xFF, 0xFF, 0xFF, 0xFF, 0xFF, 0xFF, 0xFF, 0xFF, 0xFF, 0xFF, 0xFF, 0xFF,
    0xFF, 0xFF, 0xFF, 0xFF, 0xFF, 0xFF, 0xFF, 0xFF, 0xFF, 0xFF, 0xFF, 0xFF, 0xFF, 0xFF, 0xFF, 0xFF,
    0xFF, 0xFF, 0xFF, 0xFF, 0xFF, 0xFF, 0xFF, 0xFF, 0xFF, 0xFF, 0xFF, 0xFF, 0xFF, 0xFF, 0xFF, 0xFF,
    0xFF, 0xFF, 0xFF, 0xFF, 0xFF, 0xFF, 0xFF, 0xFF, 0xFF, 0xFF, 0xFF, 0xFF, 0xFF, 0xFF, 0xFF, 0xFF,
    0xFF, 0xFF, 0xFF, 0xFF, 0xFF, 0xFF, 0xFF, 0xFF, 0xFF, 0xFF, 0xFF, 0x07, 0x03, 0x20, 0x16, 0x1F,
    0x1C, 0xFF, 0xFF, 0xFF, 0xFF, 0xFF, 0x3F, 0x00, 0x00, 0x0F, 0x00, 0xC0, 0x03, 0x00, 0xF0, 0x00,
    0x00, 0x3C, 0x00, 0x00, 0x0F, 0x00, 0xC0, 0x03, 0x00, 0xF0, 0x00, 0x00, 0x3C, 0x00, 0x00, 0x0F,
    0x00, 0xC0, 0x03, 0x00, 0xF0, 0x00, 0x00, 0x3C, 0x00, 0x00, 0x0F, 0x00, 0xC0, 0x03, 0x00, 0xF0,
    0x00, 0x00, 0x3C, 0x00, 0x00, 0x0F, 0x00, 0xC0, 0x03, 0x00, 0xF0, 0x00, 0x00, 0x3C, 0x00, 0x00,
    0x0F, 0x00, 0xC0, 0x03, 0x00, 0xF0, 0x00, 0x00, 0x3C, 0x00, 0x00, 0x0F, 0x00, 0xC0, 0x03, 0x00,
    0xF0, 0xFF, 0xFF, 0xFF, 0xFF, 0xFF, 0x03, 0xAA, 0x4B, 0x03, 0x03, 0x22, 0x0B, 0x0F, 0x10, 0xFF,
    0xFF, 0xFF, 0xFF, 0xFF, 0xFF, 0xFF, 0xFF, 0xFF, 0xFF, 0xFF, 0xFF, 0xFF, 0xFF, 0xFF, 0xFF, 0xFF,
    0xFF, 0xFF, 0xFF, 0x1F, 0x03, 0x22, 0x0B, 0x0E, 0x10, 0xFF, 0xFF, 0xFF, 0x80, 0x07, 0x3C, 0xE0,
    0x01, 0x0F, 0x78, 0xC0, 0x03, 0x1E, 0xF0, 0x80, 0x07, 0xFC, 0xFF, 0xFF, 0x03, 0x08, 0x33, 0x1F,
    0x0C, 0x2F, 0xFF, 0xFF, 0xFF, 0xFF, 0xFF, 0xFF, 0xFF, 0xFF, 0xFF, 0xFF, 0xFF, 0xFF, 0xFF, 0xFF,
    0xFF, 0xFF, 0xFF, 0xFF, 0xFF, 0xFF, 0xFF, 0xFF, 0xFF, 0xFF, 0xFF, 0xFF, 0xFF, 0xFF, 0xFF, 0xFF,
    0xFF, 0xFF, 0xFF, 0xFF, 0xFF, 0xFF, 0xFF, 0xFF, 0xFF, 0xFF, 0xFF, 0xFF, 0xFF, 0xFF, 0xFF, 0xFF,
    0x0F, 0xB2, 0x4B, 0x01, 0x07, 0x10, 0x20, 0x2E, 0x2E, 0x00, 0x00, 0x00, 0x00, 0x00, 0x80, 0x01,
    0x00, 0x00, 0x80, 0x01, 0x00, 0x00, 0x80, 0x01, 0x00, 0x00, 0xC0, 0x03, 0x00, 0x00, 0xC0, 0x03,
    0x00, 0x00, 0xC0, 0x03, 0x00, 0x00, 0xE0, 0x07, 0x00, 0x00, 0xE0, 0x07, 0x00, 0x00, 0xE0, 0x07,
    0x00, 0x00, 0xF0, 0x0F, 0x00, 0x00, 0xF0, 0x0F, 0x00, 0x00, 0xF0, 0x0F, 0x00, 0x00, 0xF8, 0x1F,
    0x00, 0x00, 0xF8, 0x1F, 0x00, 0x00, 0xF8, 0x1F, 0x00, 0x00, 0xFC, 0x3F, 0x00, 0x00, 0xFC, 0x3F,
    0x00, 0x00, 0xFE, 0x7F, 0x00, 0x00, 0xFE, 0x7F, 0x00, 0x00, 0xFE, 0x7F, 0x00, 0x00, 0xFF, 0xFF,
    0x00, 0x00, 0xFF, 0xFF, 0x00, 0x00, 0xFF, 0xFF, 0x00, 0x80, 0xFF, 0xFF, 0x01, 0x80, 0xFF, 0xFF,
    0x01, 0x80, 0xFF, 0xFF, 0x01, 0xC0, 0xFF, 0xFF, 0x03, 0xC0, 0xFF, 0xFF, 0x03, 0xC0, 0xFF, 0xFF,
    0x03, 0xE0, 0xFF, 0xFF, 0x07, 0xE0, 0xFF, 0xFF, 0x07, 0xE0, 0xFF, 0xFF, 0x07, 0xF0, 0xFF, 0xFF,
    0x0F, 0xF0, 0xFF, 0xFF, 0x0F, 0xF8, 0xFF, 0xFF, 0x0F, 0xF8, 0xFF, 0xFF, 0x1F, 0xF8, 0xFF, 0xFF,
    0x1F, 0xFC, 0xFF, 0xFF, 0x1F, 0xFC, 0xFF, 0xFF, 0x3F, 0xFC, 0xFF, 0xFF, 0x3F, 0xFE, 0xFF, 0xFF,
    0x3F, 0xFE, 0xFF, 0xFF, 0x7F, 0xFE, 0xFF, 0xFF, 0x7F, 0xFF, 0xFF, 0xFF, 0x7F, 0xFF, 0xFF, 0xFF,
    0xFF, 0xB6, 0x4B, 0x01, 0x06, 0x1C, 0x1F, 0x22, 0x28, 0x00, 0x00, 0x00, 0x00, 0x00, 0x00, 0x00,
    0x30, 0x00, 0x00, 0x00, 0x1E, 0x00, 0x00, 0x80, 0x0F, 0x00, 0x00, 0xF0, 0x07, 0x00, 0x00, 0xFE,
    0x03, 0x00, 0xC0, 0xFF, 0x01, 0x00, 0xF8, 0xFF, 0x00, 0x00, 0xFE, 0x7F, 0x00, 0xC0, 0xFF, 0x3F,
    0x00, 0xF8, 0xFF, 0x1F, 0x00, 0xFF, 0xFF, 0x0F, 0xE0, 0xFF, 0xFF, 0x07, 0xF8, 0xFF, 0xFF, 0x03,
    0xFF, 0xFF, 0xFF, 0xE1, 0xFF, 0xFF, 0xFF, 0xFC, 0xFF, 0xFF, 0xFF, 0xFF, 0xFF, 0xFF, 0x3F, 0xFF,
    0xFF, 0xFF, 0x1F, 0xFE, 0xFF, 0xFF, 0x0F, 0xFC, 0xFF, 0xFF, 0x07, 0xF8, 0xFF, 0xFF, 0x03, 0xF8,
    0xFF, 0xFF, 0x01, 0xF0, 0xFF, 0xFF, 0x00, 0xE0, 0xFF, 0x7F, 0x00, 0xC0, 0xFF, 0x3F, 0x00, 0x80,
    0xFF, 0x1F, 0x00, 0x80, 0xFF, 0x0F, 0x00, 0x00, 0xFF, 0x07, 0x00, 0x00, 0xFE, 0x03, 0x00, 0x00,
    0xFC, 0x01, 0x00, 0x00, 0xF8, 0x00, 0x00, 0x00, 0x70, 0x00, 0x00, 0x00, 0x30, 0xBA, 0x4B, 0x01,
    0x06, 0x10, 0x21, 0x2F, 0x2E, 0x00, 0x00, 0x00, 0x00, 0x01, 0x00, 0x00, 0x00, 0x03, 0x00, 0x00,
    0x00, 0x07, 0x00, 0x00, 0x80, 0x0F, 0x00, 0x00, 0x80, 0x1F, 0x00, 0x00, 0x80, 0x3F, 0x00, 0x00,
    0xC0, 0x7F, 0x00, 0x00, 0xC0, 0xFF, 0x00, 0x00, 0xE0, 0xFF, 0x01, 0x00, 0xE0, 0xFF, 0x03, 0x00,
    0xE0, 0xFF, 0x07, 0x00, 0xF0, 0xFF, 0x0F, 0x00, 0xF0, 0xFF, 0x1F, 0x00, 0xF8, 0xFF, 0x3F, 0x00,
    0xF8, 0xFF, 0x7F, 0x00, 0xF8, 0xFF, 0xFF, 0x00, 0xFC, 0xFF, 0xFF, 0x01, 0xFC, 0xFF, 0xFF, 0x03,
    0xFE, 0xFF, 0xFF, 0x07, 0xFE, 0xFF, 0xFF, 0x0F, 0xFE, 0xFF, 0xFF, 0x1F, 0xFF, 0xFF, 0xFF, 0x3F,
    0xFF, 0xFF, 0xFF, 0xFF, 0xFF, 0xFF, 0xFF, 0xFF, 0xFC, 0xFF, 0xFF, 0xFF, 0xF1, 0xFF, 0xFF, 0xFF,
    0x83, 0xFF, 0xFF, 0xFF, 0x07, 0xFE, 0xFF, 0xFF, 0x0F, 0xF8, 0xFF, 0xFF, 0x1F, 0xC0, 0xFF, 0xFF,
    0x3F, 0x00, 0xFF, 0xFF, 0x7F, 0x00, 0xF8, 0xFF, 0xFF, 0x00, 0xE0, 0xFF, 0xFF, 0x01, 0x80, 0xFF,
    0xFF, 0x03, 0x00, 0xFC, 0xFF, 0x07, 0x00, 0xF0, 0xFF, 0x0F, 0x00, 0x80, 0xFF, 0x1F, 0x00, 0x00,
    0xFE, 0x3F, 0x00, 0x00, 0xF8, 0x7F, 0x00, 0x00, 0xC0, 0xFF, 0x00, 0x00, 0x00, 0xFF, 0x01, 0x00,
    0x00, 0xF8, 0x03, 0x00, 0x00, 0xE0, 0x07, 0x00, 0x00, 0x80, 0x0F, 0x00, 0x00, 0x00, 0x1C, 0x00,
    0x00, 0x00, 0x30, 0x00, 0x00, 0x00, 0x40, 0xBC, 0x4B, 0x01, 0x07, 0x11, 0x20, 0x2E, 0x2E, 0xFF,
    0xFF, 0xFF, 0xFF, 0xFF, 0xFF, 0xFF, 0x7F, 0xFE, 0xFF, 0xFF, 0x7F, 0xFE, 0xFF, 0xFF, 0x7F, 0xFE,
    0xFF, 0xFF, 0x3F, 0xFC, 0xFF, 0xFF, 0x3F, 0xFC, 0xFF, 0xFF, 0x3F, 0xF8, 0xFF, 0xFF, 0x1F, 0xF8,
    0xFF, 0xFF, 0x1F, 0xF8, 0xFF, 0xFF, 0x1F, 0xF0, 0xFF, 0xFF, 0x0F, 0xF0, 0xFF, 0xFF, 0x0F, 0xF0,
    0xFF, 0xFF, 0x0F, 0xE0, 0xFF, 0xFF, 0x07, 0xE0, 0xFF, 0xFF, 0x07, 0xE0, 0xFF, 0xFF, 0x07, 0xC0,
    0xFF, 0xFF, 0x03, 0xC0, 0xFF, 0xFF, 0x03, 0xC0, 0xFF, 0xFF, 0x03, 0x80, 0xFF, 0xFF, 0x01, 0x80,
    0xFF, 0xFF, 0x01, 0x80, 0xFF, 0xFF, 0x01, 0x00, 0xFF, 0xFF, 0x00, 0x00, 0xFF, 0xFF, 0x00, 0x00,
    0xFF, 0x7F, 0x00, 0x00, 0xFE, 0x7F, 0x00, 0x00, 0xFE, 0x7F, 0x00, 0x00, 0xFC, 0x3F, 0x00, 0x00,
    0xFC, 0x3F, 0x00, 0x00, 0xFC, 0x3F, 0x00, 0x00, 0xF8, 0x1F, 0x00, 0x00, 0xF8, 0x1F, 0x00, 0x00,
    0xF8, 0x1F, 0x00, 0x00, 0xF0, 0x0F, 0x00, 0x00, 0xF0, 0x0F, 0x00, 0x00, 0xF0, 0x0F, 0x00, 0x00,
    0xE0, 0x07, 0x00, 0x00, 0xE0, 0x07, 0x00, 0x00, 0xE0, 0x07, 0x00, 0x00, 0xC0, 0x03, 0x00, 0x00,
    0xC0, 0x03, 0x00, 0x00, 0xC0, 0x03, 0x00, 0x00, 0x80, 0x01, 0x00, 0x00, 0x80, 0x01, 0x00, 0x00,
    0x00, 0x01, 0x00, 0x00, 0x00, 0x00, 0x00, 0xC0, 0x4B, 0x01, 0x04, 0x1C, 0x1F, 0x22, 0x28, 0x01,
    0x00, 0x00, 0x80, 0x03, 0x00, 0x00, 0xC0, 0x07, 0x00, 0x00, 0xE0, 0x0F, 0x00, 0x00, 0xF0, 0x1F,
    0x00, 0x00, 0xF8, 0x1F, 0x00, 0x00, 0xFC, 0x3F, 0x00, 0x00, 0xFE, 0x7F, 0x00, 0x00, 0xFF, 0xFF,
    0x00, 0x80, 0xFF, 0xFF, 0x01, 0xC0, 0xFF, 0xFF, 0x03, 0xE0, 0xFF, 0xFF, 0x03, 0xF0, 0xFF, 0xFF,
    0x07, 0xF8, 0xFF, 0xFF, 0x0F, 0xFC, 0xFF, 0xFF, 0x1F, 0xFE, 0xFF, 0xFF, 0x3F, 0xFF, 0xFF, 0xFF,
    0xBF, 0xFF, 0xFF, 0xFF, 0xFF, 0xFF, 0xFF, 0xFF, 0xE7, 0xFF, 0xFF, 0xFF, 0xF0, 0xFF, 0xFF, 0x1F,
    0xF8, 0xFF, 0xFF, 0x03, 0xFC, 0xFF, 0x7F, 0x00, 0xFE, 0xFF, 0x1F, 0x00, 0xFF, 0xFF, 0x03, 0x80,
    0xFF, 0x7F, 0x00, 0xC0, 0xFF, 0x0F, 0x00, 0xE0, 0xFF, 0x01, 0x00, 0xF0, 0x3F, 0x00, 0x00, 0xF8,
    0x0F, 0x00, 0x00, 0xFC, 0x01, 0x00, 0x00, 0x3E, 0x00, 0x00, 0x00, 0x07, 0x00, 0x00, 0x80, 0x00,
    0x00, 0x00, 0x00, 0xC4, 0x4B, 0x01, 0x06, 0x10, 0x21, 0x2F, 0x2E, 0x01, 0x00, 0x00, 0x00, 0x0E,
    0x00, 0x00, 0x00, 0x3C, 0x00, 0x00, 0x00, 0xF8, 0x00, 0x00, 0x00, 0xF0, 0x07, 0x00, 0x00, 0xE0,
    0x1F, 0x00, 0x00, 0xC0, 0xFF, 0x00, 0x00, 0x80, 0xFF, 0x03, 0x00, 0x00, 0xFF, 0x0F, 0x00, 0x00,
    0xFE, 0x7F, 0x00, 0x00, 0xFC, 0xFF, 0x01, 0x00, 0xF8, 0xFF, 0x0F, 0x00, 0xF0, 0xFF, 0x3F, 0x00,
    0xE0, 0xFF, 0xFF, 0x00, 0xC0, 0xFF, 0xFF, 0x07, 0x80, 0xFF, 0xFF, 0x1F, 0x00, 0xFF, 0xFF, 0xFF,
    0x00, 0xFE, 0xFF, 0xFF, 0x03, 0xFC, 0xFF, 0xFF, 0x0F, 0xF8, 0xFF, 0xFF, 0x7F, 0xF0, 0xFF, 0xFF,
    0xFF, 0xE1, 0xFF, 0xFF, 0xFF, 0xCF, 0xFF, 0xFF, 0xFF, 0xBF, 0xFF, 0xFF, 0xFF, 0xFF, 0xFF, 0xFF,
    0xFF, 0xFF, 0xFE, 0xFF, 0xFF, 0xFF, 0xFC, 0xFF, 0xFF, 0x7F, 0xF8, 0xFF, 0xFF, 0x7F, 0xF0, 0xFF,
    0xFF, 0x3F, 0xE0, 0xFF, 0xFF, 0x3F, 0xC0, 0xFF, 0xFF, 0x3F, 0x80, 0xFF, 0xFF, 0x1F, 0x00, 0xFF,
    0xFF, 0x1F, 0x00, 0xFE, 0xFF, 0x0F, 0x00, 0xFC, 0xFF, 0x0F, 0x00, 0xF8, 0xFF, 0x0F, 0x00, 0xF0,
    0xFF, 0x07, 0x00, 0xE0, 0xFF, 0x07, 0x00, 0xC0, 0xFF, 0x03, 0x00, 0x80, 0xFF, 0x03, 0x00, 0x00,
    0xFF, 0x03, 0x00, 0x00, 0xFE, 0x01, 0x00, 0x00, 0xFC, 0x01, 0x00, 0x00, 0xF8, 0x00, 0x00, 0x00,
    0xF0, 0x00, 0x00, 0x00, 0xE0, 0x00, 0x00, 0x00, 0x40, 0x00, 0x00, 0x00, 0x00, 0xCA, 0x4B, 0x02,
    0x03, 0x11, 0x17, 0x2E, 0x1C, 0x00, 0x1C, 0x00, 0x00, 0x0E, 0x00, 0x80, 0x07, 0x00, 0xC0, 0x07,
    0x00, 0xF0, 0x03, 0x00, 0xF8, 0x03, 0x00, 0xDE, 0x01, 0x00, 0xE7, 0x01, 0xC0, 0xE3, 0x00, 0xE0,
    0xF1, 0x00, 0x78, 0x78, 0x00, 0x3C, 0x78, 0x00, 0x0E, 0x3C, 0x80, 0x07, 0x1C, 0xC0, 0x01, 0x1E,
    0xF0, 0x00, 0x0E, 0x38, 0x00, 0x0F, 0x1E, 0x00, 0x07, 0x0F, 0x80, 0xC7, 0x03, 0xC0, 0xE3, 0x01,
    0xC0, 0x7B, 0x00, 0xE0, 0x3D, 0x00, 0xE0, 0x1F, 0x00, 0x70, 0x0E, 0x00, 0x3C, 0x0F, 0x00, 0x9E,
    0x07, 0x80, 0x87, 0x07, 0xC0, 0xC3, 0x03, 0xE0, 0xC0, 0x01, 0x78, 0xE0, 0x01, 0x1C, 0xE0, 0x00,
    0x0F, 0xF0, 0x80, 0x03, 0x70, 0xE0, 0x01, 0x78, 0x70, 0x00, 0x3C, 0x3C, 0x00, 0x3C, 0x1E, 0x00,
    0x1E, 0x07, 0x00, 0xCE, 0x03, 0x00, 0xEF, 0x00, 0x00, 0x7F, 0x00, 0x80, 0x1F, 0x00, 0x80, 0x0F,
    0x00, 0xC0, 0x03, 0x00, 0xE0, 0x01, 0x00, 0xE0, 0x00, 0x00, 0x03, 0x1E, 0x17, 0x18, 0x1C, 0x00,
    0x7F, 0x00, 0xE0, 0xFF, 0x00, 0xFC, 0xFF, 0x01, 0xFF, 0xFF, 0x81, 0xFF, 0xFF, 0xE0, 0xFF, 0xFF,
    0xF8, 0x07, 0xFF, 0xFC, 0x01, 0x7F, 0x7F, 0x00, 0xFF, 0x1F, 0x80, 0xFF, 0x0F, 0x80, 0xFF, 0x07,
    0xC0, 0xFF, 0x03, 0xE0, 0xFF, 0x01, 0xF0, 0xFF, 0x01, 0xF8, 0xFF, 0x00, 0xFE, 0xFE, 0x80, 0x3F,
    0xFF, 0xE0, 0x1F, 0xFF, 0xFF, 0x87, 0xFF, 0xFF, 0x81, 0xFF, 0xFF, 0x80, 0xFF, 0x3F, 0x00, 0xFF,
    0x07, 0x00, 0xFE, 0x00, 0xCF, 0x4B, 0x01, 0x03, 0x1E, 0x17, 0x18, 0x1C, 0x00, 0x7F, 0x00, 0xE0,
    0xFF, 0x00, 0xFC, 0xFF, 0x01, 0xFF, 0xFF, 0x81, 0xFF, 0xFF, 0xE0, 0xFF, 0xFF, 0xF8, 0xFF, 0xFF,
    0xFC, 0xFF, 0x7F, 0xFF, 0xFF, 0xFF, 0xFF, 0xFF, 0xFF, 0xFF, 0xFF, 0xFF, 0xFF, 0xFF, 0xFF, 0xFF,
    0xFF, 0xFF, 0xFF, 0xFF, 0xFF, 0xFF, 0xFF, 0xFF, 0xFF, 0xFF, 0xFE, 0xFF, 0x3F, 0xFF, 0xFF, 0x1F,
    0xFF, 0xFF, 0x87, 0xFF, 0xFF, 0x81, 0xFF, 0xFF, 0x80, 0xFF, 0x3F, 0x00, 0xFF, 0x07, 0x00, 0xFE,
    0x00, 0xD8, 0x4B, 0x02, 0x03, 0x1F, 0x17, 0x20, 0x1C, 0xFF, 0xFF, 0xFF, 0xFF, 0xFF, 0xFF, 0xFF,
    0xFF, 0xFF, 0xFF, 0xFF, 0xFF, 0xFF, 0xFF, 0xFF, 0xFF, 0xFF, 0xFF, 0xFF, 0xFF, 0xFF, 0xFF, 0xFF,
    0xFF, 0xFF, 0xFF, 0xFF, 0xF1, 0xFF, 0x7F, 0xF0, 0xFF, 0x1F, 0xF0, 0xFF, 0x0F, 0xF8, 0xFF, 0x03,
    0xF8, 0xFF, 0x01, 0xFC, 0xFF, 0x00, 0xFE, 0x7F, 0x00, 0xFF, 0x3F, 0x80, 0xFF, 0x1F, 0xC0, 0xFF,
    0x1F, 0xF0, 0xFF, 0x0F, 0xF8, 0xFF, 0x0F, 0xFE, 0xFF, 0x8F, 0xFF, 0xFF, 0xFF, 0xFF, 0xFF, 0xFF,
    0xFF, 0xFF, 0xFF, 0xFF, 0xFF, 0xFF, 0xFF, 0xFF, 0xFF, 0xFF, 0xFF, 0xFF, 0xFF, 0xFF, 0xFF, 0xFF,
    0xFF, 0xFF, 0xFF, 0xFF, 0xFF, 0x01, 0x1A, 0x1A, 0x25, 0x1C, 0xFF, 0xFF, 0xFF, 0xFF, 0xFF, 0xFF,
    0xFF, 0xFF, 0xFF, 0xFF, 0xFF, 0xFF, 0xFF, 0xFF, 0x03, 0xFF, 0xFF, 0x07, 0xF0, 0xFF, 0x0F, 0x80,
    0xFF, 0x1F, 0x1E, 0xFC, 0x3F, 0xFE, 0xF1, 0x7F, 0xFC, 0x8F, 0xFF, 0xF9, 0x7F, 0xFE, 0xE3, 0xFF,
    0xF1, 0xCF, 0xFF, 0xCF, 0x3F, 0xFF, 0x3F, 0x7F, 0xFE, 0xFF, 0xF9, 0xF9, 0xFF, 0xE7, 0xE7, 0xFF,
    0x9F, 0x9F, 0xFF, 0x7F, 0x7E, 0xFE, 0xFF, 0xF9, 0xF9, 0xFF, 0xE7, 0xE7, 0xFF, 0x9F, 0x9F, 0xFF,
    0x7F, 0x7E, 0xFC, 0xFF, 0xF9, 0xF3, 0xFF, 0xF3, 0xCF, 0xFF, 0xCF, 0x3F, 0xFE, 0x3F, 0xFF, 0xF9,
    0x7F, 0xFE, 0xC7, 0xFF, 0xF8, 0x3F, 0xFE, 0xF1, 0xFF, 0xE0, 0xC1, 0xFF, 0x07, 0x80, 0xFF, 0x3F,
    0x00, 0xFF, 0xFF, 0x03, 0xFF, 0xFF, 0xFF, 0xFF, 0xFF, 0xFF, 0xFF, 0xFF, 0xFF, 0xFF, 0xFF, 0xFF,
    0xFF, 0xFF, 0x03, 0xE2, 0x4B, 0x05, 0x00, 0x0E, 0x2D, 0x31, 0x2C, 0x01, 0x00, 0x00, 0x00, 0x00,
    0x20, 0x00, 0x00, 0x00, 0x00, 0x00, 0x0C, 0x00, 0x00, 0x00, 0x00, 0x80, 0x03, 0x00, 0x00, 0x00,
    0x00, 0xF0, 0x00, 0x00, 0x00, 0x00, 0x00, 0x3E, 0x00, 0x00, 0x00, 0x00, 0xC0, 0x0F, 0x00, 0x00,
    0x00, 0x00, 0xF8, 0x03, 0x00, 0x00, 0x00, 0x00, 0xFF, 0x00, 0x00, 0x00, 0x00, 0xE0, 0x3F, 0x00,
    0x00, 0x00, 0x00, 0xFC, 0x0F, 0x00, 0x00, 0x00, 0x80, 0xFF, 0x03, 0x00, 0x00, 0x00, 0xF0, 0xFF,
    0x00, 0x00, 0x00, 0x00, 0xFE, 0x1F, 0x00, 0x00, 0x00, 0xC0, 0xFF, 0x07, 0x00, 0x00, 0x00, 0xF8,
    0xFF, 0x01, 0x00, 0x00, 0x00, 0xFF, 0x7F, 0x00, 0x00, 0x00, 0xE0, 0xFF, 0x1F, 0x00, 0x00, 0x00,
    0xFC, 0xFF, 0x07, 0x00, 0x00, 0x80, 0xFF, 0xFF, 0x01, 0x00, 0x00, 0xF0, 0xFF, 0x7F, 0x00, 0x00,
    0x00, 0xFE, 0xFF, 0x1F, 0x00, 0x00, 0xC0, 0xFF, 0xFF, 0x07, 0x00, 0x00, 0xF8, 0xFF, 0xFF, 0x01,
    0x00, 0x00, 0xFF, 0xFF, 0x7F, 0x00, 0x00, 0xE0, 0xFF, 0xFF, 0x0F, 0x00, 0x00, 0xFC, 0xFF, 0xFF,
    0x03, 0x00, 0x80, 0xFF, 0xFF, 0xFF, 0x00, 0x00, 0xF0, 0xFF, 0xFF, 0x3F, 0x00, 0x00, 0xFE, 0xFF,
    0xFF, 0x0F, 0x00, 0xC0, 0xFF, 0xFF, 0xFF, 0x03, 0x00, 0xF8, 0xFF, 0xFF, 0xFF, 0x00, 0x00, 0xFF,
    0xFF, 0xFF, 0x3F, 0x00, 0xE0, 0xFF, 0xFF, 0xFF, 0x0F, 0x00, 0xFC, 0xFF, 0xFF, 0xFF, 0x03, 0x80,
    0xFF, 0xFF, 0xFF, 0xFF, 0x00, 0xF0, 0xFF, 0xFF, 0xFF, 0x1F, 0x00, 0xFE, 0xFF, 0xFF, 0xFF, 0x07,
    0xC0, 0xFF, 0xFF, 0xFF, 0xFF, 0x01, 0xF8, 0xFF, 0xFF, 0xFF, 0x7F, 0x00, 0xFF, 0xFF, 0xFF, 0xFF,
    0x1F, 0xE0, 0xFF, 0xFF, 0xFF, 0xFF, 0x07, 0xFC, 0xFF, 0xFF, 0xFF, 0xFF, 0x81, 0xFF, 0xFF, 0xFF,
    0xFF, 0x7F, 0xF0, 0xFF, 0xFF, 0xFF, 0xFF, 0x1F, 0xFE, 0xFF, 0xFF, 0xFF, 0xFF, 0xC7, 0xFF, 0xFF,
    0xFF, 0xFF, 0xFF, 0xF9, 0xFF, 0xFF, 0xFF, 0xFF, 0x7F, 0xFF, 0xFF, 0xFF, 0xFF, 0xFF, 0x1F, 0x00,
    0x0E, 0x2E, 0x31, 0x2E, 0x00, 0x00, 0x00, 0x00, 0x00, 0x00, 0x00, 0x00, 0x00, 0x00, 0x00, 0x08,
    0x00, 0x00, 0x00, 0x00, 0x00, 0x03, 0x00, 0x00, 0x00, 0x00, 0xE0, 0x00, 0x00, 0x00, 0x00, 0x00,
    0x3C, 0x00, 0x00, 0x00, 0x00, 0x80, 0x0F, 0x00, 0x00, 0x00, 0x00, 0xF0, 0x03, 0x00, 0x00, 0x00,
    0x00, 0xFE, 0x00, 0x00, 0x00, 0x00, 0xC0, 0x3F, 0x00, 0x00, 0x00, 0x00, 0xF8, 0x0F, 0x00, 0x00,
    0x00, 0x00, 0xFF, 0x03, 0x00, 0x00, 0x00, 0xE0, 0xFF, 0x00, 0x00, 0x00, 0x00, 0xFC, 0x3F, 0x00,
    0x00, 0x00, 0x00, 0xFF, 0x0F, 0x00, 0x00, 0x00, 0xE0, 0xFF, 0x03, 0x00, 0x00, 0x00, 0xFC, 0xFF,
    0x00, 0x00, 0x00, 0x80, 0xFF, 0x3F, 0x00, 0x00, 0x00, 0xF0, 0xFF, 0x0F, 0x00, 0x00, 0x00, 0xFE,
    0xFF, 0x03, 0x00, 0x00, 0xC0, 0xFF, 0xFF, 0x00, 0x00, 0x00, 0xF8, 0xFF, 0x3F, 0x00, 0x00, 0x00,
    0xFF, 0xFF, 0x0F, 0x00, 0x00, 0xE0, 0xFF, 0xFF, 0x03, 0x00, 0x00, 0xFC, 0xFF, 0xFF, 0x00, 0x00,
    0x80, 0xFF, 0xFF, 0x3F, 0x00, 0x00, 0xF0, 0xFF, 0xFF, 0x0F, 0x00, 0x00, 0xFE, 0xFF, 0xFF, 0x03,
    0x00, 0xC0, 0xFF, 0xFF, 0xFF, 0x00, 0x00, 0xF8, 0xFF, 0xFF, 0x3F, 0x00, 0x00, 0xFF, 0xFF, 0xFF,
    0x0F, 0x00, 0xE0, 0xFF, 0xFF, 0xFF, 0x03, 0x00, 0xFC, 0xFF, 0xFF, 0xFF, 0x00, 0x00, 0xFF, 0xFF,
    0xFF, 0x3F, 0x00, 0xE0, 0xFF, 0xFF, 0xFF, 0x0F, 0x00, 0xFC, 0xFF, 0xFF, 0xFF, 0x03, 0x80, 0xFF,
    0xFF, 0xFF, 0xFF, 0x00, 0xF0, 0xFF, 0xFF, 0xFF, 0x3F, 0x00, 0xFE, 0xFF, 0xFF, 0xFF, 0x0F, 0xC0,
    0xFF, 0xFF, 0xFF, 0xFF, 0x03, 0xF8, 0xFF, 0xFF, 0xFF, 0xFF, 0x00, 0xFF, 0xFF, 0xFF, 0xFF, 0x3F,
    0xE0, 0xFF, 0xFF, 0xFF, 0xFF, 0x0F, 0xFC, 0xFF, 0xFF, 0xFF, 0xFF, 0x83, 0xFF, 0xFF, 0xFF, 0xFF,
    0xFF, 0xF0, 0xFF, 0xFF, 0xFF, 0xFF, 0x3F, 0xFE, 0xFF, 0xFF, 0xFF, 0xFF, 0xCF, 0xFF, 0xFF, 0xFF,
    0xFF, 0xFF, 0xFB, 0xFF, 0xFF, 0xFF, 0xFF, 0xFF, 0xFF, 0xFF, 0xFF, 0xFF, 0xFF, 0x3F, 0x00, 0x0E,
    0x2E, 0x30, 0x2E, 0xFF, 0xFF, 0xFF, 0xFF, 0xFF, 0x3F, 0xFF, 0xFF, 0xFF, 0xFF, 0xFF, 0x8F, 0xFF,
    0xFF, 0xFF, 0xFF, 0xFF, 0xC3, 0xFF, 0xFF, 0xFF, 0xFF, 0xFF, 0xF0, 0xFF, 0xFF, 0xFF, 0xFF, 0x3F,
    0xF8, 0xFF, 0xFF, 0xFF, 0xFF, 0x0F, 0xFC, 0xFF, 0xFF, 0xFF, 0xFF, 0x03, 0xFE, 0xFF, 0xFF, 0xFF,
    0xFF, 0x00, 0xFF, 0xFF, 0xFF, 0xFF, 0x3F, 0x80, 0xFF, 0xFF, 0xFF, 0xFF, 0x0F, 0xC0, 0xFF, 0xFF,
    0xFF, 0xFF, 0x03, 0xE0, 0xFF, 0xFF, 0xFF, 0xFF, 0x00, 0xF0, 0xFF, 0xFF, 0xFF, 0x3F, 0x00, 0xF8,
    0xFF, 0xFF, 0xFF, 0x0F, 0x00, 0xFC, 0xFF, 0xFF, 0xFF, 0x03, 0x00, 0xFE, 0xFF, 0xFF, 0xFF, 0x00,
    0x00, 0xFF, 0xFF, 0xFF, 0x3F, 0x00, 0x80, 0xFF, 0xFF, 0xFF, 0x0F, 0x00, 0xC0, 0xFF, 0xFF, 0xFF,
    0x03, 0x00, 0xE0, 0xFF, 0xFF, 0xFF, 0x00, 0x00, 0xF0, 0xFF, 0xFF, 0x3F, 0x00, 0x00, 0xF8, 0xFF,
    0xFF, 0x0F, 0x00, 0x00, 0xFC, 0xFF, 0xFF, 0x03, 0x00, 0x00, 0xFE, 0xFF, 0xFF, 0x00, 0x00, 0x00,
    0xFF, 0xFF, 0x3F, 0x00, 0x00, 0xC0, 0xFF, 0xFF, 0x0F, 0x00, 0x00, 0xE0, 0xFF, 0xFF, 0x03, 0x00,
    0x00, 0xF0, 0xFF, 0xFF, 0x00, 0x00, 0x00, 0xF8, 0xFF, 0x3F, 0x00, 0x00, 0x00, 0xFC, 0xFF, 0x0F,
    0x00, 0x00, 0x00, 0xFE, 0xFF, 0x03, 0x00, 0x00, 0x00, 0xFF, 0xFF, 0x00, 0x00, 0x00, 0x80, 0xFF,
    0x3F, 0x00, 0x00, 0x00, 0xC0, 0xFF, 0x0F, 0x00, 0x00, 0x00, 0xE0, 0xFF, 0x03, 0x00, 0x00, 0x00,
    0xF0, 0xFF, 0x00, 0x00, 0x00, 0x00, 0xF8, 0x3F, 0x00, 0x00, 0x00, 0x00, 0xFC, 0x0F, 0x00, 0x00,
    0x00, 0x00, 0xFE, 0x03, 0x00, 0x00, 0x00, 0x00, 0xFF, 0x00, 0x00, 0x00, 0x00, 0x80, 0x3F, 0x00,
    0x00, 0x00, 0x00, 0xC0, 0x0F, 0x00, 0x00, 0x00, 0x00, 0xE0, 0x03, 0x00, 0x00, 0x00, 0x00, 0xF0,
    0x00, 0x00, 0x00, 0x00, 0x00, 0x38, 0x00, 0x00, 0x00, 0x00, 0x00, 0x0C, 0x00, 0x00, 0x00, 0x00,
    0x00, 0x03, 0x00, 0x00, 0x00, 0x00, 0x80, 0x00, 0x0E, 0x2E, 0x30, 0x2E, 0xFF, 0xFF, 0xFF, 0xFF,
    0xFF, 0xFF, 0xFF, 0xFF, 0xFF, 0xFF, 0xFF, 0xF3, 0xFF, 0xFF, 0xFF, 0xFF, 0x7F, 0xFC, 0xFF, 0xFF,
    0xFF, 0xFF, 0x0F, 0xFF, 0xFF, 0xFF, 0xFF, 0xFF, 0xC1, 0xFF, 0xFF, 0xFF, 0xFF, 0x3F, 0xF0, 0xFF,
    0xFF, 0xFF, 0xFF, 0x07, 0xFC, 0xFF, 0xFF, 0xFF, 0xFF, 0x00, 0xFF, 0xFF, 0xFF, 0xFF, 0x3F, 0xC0,
    0xFF, 0xFF, 0xFF, 0xFF, 0x07, 0xF0, 0xFF, 0xFF, 0xFF, 0xFF, 0x00, 0xFC, 0xFF, 0xFF, 0xFF, 0x1F,
    0x00, 0xFF, 0xFF, 0xFF, 0xFF, 0x03, 0xC0, 0xFF, 0xFF, 0xFF, 0x7F, 0x00, 0xF0, 0xFF, 0xFF, 0xFF,
    0x0F, 0x00, 0xFC, 0xFF, 0xFF, 0xFF, 0x01, 0x00, 0xFF, 0xFF, 0xFF, 0x3F, 0x00, 0xC0, 0xFF, 0xFF,
    0xFF, 0x07, 0x00, 0xF0, 0xFF, 0xFF, 0xFF, 0x00, 0x00, 0xFC, 0xFF, 0xFF, 0x1F, 0x00, 0x00, 0xFF,
    0xFF, 0xFF, 0x03, 0x00, 0xC0, 0xFF, 0xFF, 0x7F, 0x00, 0x00, 0xF0, 0xFF, 0xFF, 0x0F, 0x00, 0x00,
    0xFC, 0xFF, 0xFF, 0x01, 0x00, 0x00, 0xFF, 0xFF, 0x3F, 0x00, 0x00, 0xC0, 0xFF, 0xFF, 0x07, 0x00,
    0x00, 0xF0, 0xFF, 0xFF, 0x00, 0x00, 0x00, 0xFC, 0xFF, 0x1F, 0x00, 0x00, 0x00, 0xFF, 0xFF, 0x07,
    0x00, 0x00, 0xC0, 0xFF, 0xFF, 0x00, 0x00, 0x00, 0xF0, 0xFF, 0x1F, 0x00, 0x00, 0x00, 0xFC, 0xFF,
    0x03, 0x00, 0x00, 0x00, 0xFF, 0x7F, 0x00, 0x00, 0x00, 0xC0, 0xFF, 0x0F, 0x00, 0x00, 0x00, 0xF0,
    0xFF, 0x01, 0x00, 0x00, 0x00, 0xFC, 0x3F, 0x00, 0x00, 0x00, 0x00, 0xFF, 0x07, 0x00, 0x00, 0x00,
    0xC0, 0xFF, 0x00, 0x00, 0x00, 0x00, 0xF0, 0x1F, 0x00, 0x00, 0x00, 0x00, 0xFC, 0x03, 0x00, 0x00,
    0x00, 0x00, 0x7F, 0x00, 0x00, 0x00, 0x00, 0xC0, 0x0F, 0x00, 0x00, 0x00, 0x00, 0xF0, 0x01, 0x00,
    0x00, 0x00, 0x00, 0x3C, 0x00, 0x00, 0x00, 0x00, 0x00, 0x07, 0x00, 0x00, 0x00, 0x00, 0xC0, 0x00,
    0x00, 0x00, 0x00, 0x00, 0x10, 0x00, 0x00, 0x00, 0x00, 0x00, 0x04, 0x00, 0x00, 0x00, 0x00, 0x00,
    0x02, 0x21, 0x0C, 0x10, 0x10, 0xF0, 0xC0, 0x1F, 0x1C, 0x63, 0x60, 0x06, 0x36, 0xC0, 0x03, 0x3C,
    0xC0, 0x03, 0x3C, 0xC0, 0x03, 0x6C, 0x60, 0x06, 0xC6, 0x31, 0xFC, 0x03, 0x0F, 0xBA, 0x4C, 0x03,
    0x09, 0x19, 0x1D, 0x2A, 0x2F, 0x00, 0xF8, 0x03, 0x00, 0xC0, 0xFF, 0x01, 0x00, 0xFC, 0x7F, 0x00,
    0xE0, 0x07, 0x1F, 0x00, 0x3E, 0x80, 0x07, 0xC0, 0x01, 0xC0, 0x01, 0x1C, 0x00, 0x70, 0xC0, 0x01,
    0x00, 0x1C, 0x38, 0x00, 0x00, 0x83, 0x03, 0x00, 0xE0, 0x30, 0x00, 0x00, 0x18, 0x06, 0x00, 0x00,
    0x63, 0x00, 0x00, 0xC0, 0x0C, 0x00, 0x00, 0x98, 0xC1, 0x00, 0x06, 0x33, 0x3C, 0xE0, 0xE1, 0x83,
    0x07, 0x3C, 0x78, 0xF0, 0x80, 0x07, 0x0F, 0x0C, 0x60, 0xE0, 0x01, 0x00, 0x00, 0x3C, 0x00, 0x00,
    0x80, 0x07, 0x00, 0x00, 0xF0, 0x00, 0x00, 0x00, 0x1E, 0x00, 0x00, 0xC0, 0x03, 0x00, 0x00, 0x78,
    0x00, 0x00, 0x00, 0x1B, 0x00, 0x00, 0x70, 0x83, 0x01, 0x08, 0x66, 0x30, 0x80, 0xC1, 0x1C, 0x06,
    0x30, 0x18, 0x83, 0x01, 0x83, 0x63, 0xE0, 0x30, 0x30, 0x1C, 0xF8, 0x03, 0x07, 0x07, 0x3E, 0x60,
    0xE0, 0x00, 0x00, 0x0E, 0x38, 0x00, 0xE0, 0x00, 0x0E, 0x00, 0x0E, 0x80, 0x07, 0xE0, 0x01, 0xF0,
    0x83, 0x1F, 0x00, 0xF8, 0xFF, 0x00, 0x00, 0xFE, 0x0F, 0x00, 0x00, 0x7F, 0x00, 0x00, 0x09, 0x19,
    0x1D, 0x2A, 0x2F, 0x00, 0xF8, 0x03, 0x00, 0xC0, 0xFF, 0x01, 0x00, 0xFC, 0x7F, 0x00, 0xE0, 0xFF,
    0x1F, 0x00, 0xFE, 0xFF, 0x07, 0xC0, 0xFF, 0xFF, 0x01, 0xFC, 0xFF, 0x7F, 0xC0, 0xFF, 0xFF, 0x1F,
    0xF8, 0xFF, 0xFF, 0x83, 0xFF, 0xFF, 0xFF, 0xF0, 0xFF, 0xFF, 0x1F, 0xFE, 0xFF, 0xFF, 0xE3, 0xFF,
    0xFF, 0xFF, 0xFC, 0xFF, 0xFF, 0x9F, 0x3F, 0xFF, 0xF9, 0xF3, 0xC3, 0x1F, 0xFE, 0x7F, 0xF8, 0xC3,
    0xFF, 0x0F, 0x7F, 0xF8, 0xFF, 0xF3, 0x9F, 0xFF, 0xFF, 0xFF, 0xFF, 0xFF, 0xFF, 0xFF, 0xFF, 0xFF,
    0xFF, 0xFF, 0xFF, 0xFF, 0xFF, 0xFF, 0xFF, 0xFF, 0xFF, 0xFF, 0xFF, 0xFF, 0xFF, 0xFF, 0xFF, 0xFF,
    0xFF, 0xFB, 0xFF, 0xFF, 0x7F, 0x7F, 0xFE, 0xF3, 0xE7, 0xCF, 0x7F, 0xFE, 0xFC, 0xF3, 0xE7, 0x1F,
    0x7F, 0x7C, 0xFC, 0xE3, 0x1F, 0xC0, 0x3F, 0xFC, 0x07, 0xFC, 0x07, 0xFF, 0xC1, 0x7F, 0xE0, 0xFF,
    0xFF, 0x0F, 0xF8, 0xFF, 0xFF, 0x00, 0xFE, 0xFF, 0x0F, 0x80, 0xFF, 0xFF, 0x01, 0xF0, 0xFF, 0x1F,
    0x00, 0xF8, 0xFF, 0x00, 0x00, 0xFE, 0x0F, 0x00, 0x00, 0x7F, 0x00, 0x00, 0x00, 0x0A, 0x2A, 0x3C,
    0x2B, 0x00, 0x00, 0x18, 0x00, 0x00, 0x00, 0x00, 0x60, 0x00, 0x00, 0x00, 0x00, 0x80, 0x01, 0x00,
    0x00, 0x00, 0x00, 0x06, 0x00, 0x00, 0x00, 0x00, 0x18, 0x00, 0x00, 0x00, 0x00, 0x60, 0x00, 0x00,
    0x00, 0x00, 0x80, 0x01, 0x00, 0x00, 0x0C, 0x00, 0x06, 0x00, 0x06, 0x70, 0x00, 0x18, 0x00, 0x1C,
    0x80, 0x01, 0x60, 0x00, 0x30, 0x00, 0x0C, 0x80, 0x01, 0x60, 0x00, 0x70, 0xC0, 0x3F, 0xC0, 0x01,
    0x80, 0xC3, 0xFF, 0x83, 0x03, 0x00, 0x8C, 0x0F, 0x1E, 0x07, 0x00, 0x60, 0x0F, 0xE0, 0x0D, 0x00,
    0x80, 0x1F, 0x00, 0x3E, 0x00, 0x00, 0x3C, 0x00, 0x70, 0x00, 0x00, 0x70, 0x00, 0xC0, 0x01, 0x00,
    0xC0, 0x00, 0x00, 0x06, 0x00, 0x80, 0x03, 0x00, 0x30, 0x00, 0x00, 0x06, 0x00, 0xC0, 0x00, 0x00,
    0x1C, 0x00, 0x00, 0x07, 0x00, 0x30, 0x00, 0x00, 0x18, 0x00, 0xC0, 0x00, 0x00, 0x60, 0x00, 0x00,
    0x03, 0x00, 0x80, 0x03, 0x00, 0x06, 0x00, 0x00, 0x0C, 0x00, 0x18, 0x00, 0x00, 0x30, 0x00, 0x60,
    0x00, 0x00, 0xC0, 0x00, 0x80, 0x01, 0x00, 0x00, 0x03, 0xFC, 0x07, 0x00, 0x00, 0xFC, 0xFF, 0x1F,
    0x00, 0x00, 0xF0, 0x3F, 0x60, 0x00, 0x00, 0xC0, 0x00, 0x80, 0x01, 0x00, 0x00, 0x03, 0x00, 0x06,
    0x00, 0x00, 0x0C, 0x00, 0x18, 0x00, 0x00, 0x30, 0x00, 0xC0, 0x00, 0x00, 0x60, 0x00, 0x00, 0x03,
    0x00, 0x80, 0x01, 0x00, 0x0C, 0x00, 0x00, 0x06, 0x00, 0x60, 0x00, 0x00, 0x08, 0x00, 0x80, 0x01,
    0x00, 0x30, 0x00, 0x00, 0x06, 0x00, 0xC0, 0x00, 0x00, 0x30, 0x00, 0x80, 0x01, 0x00, 0xC0, 0x01,
    0x00, 0x03, 0x00, 0x00, 0x0F, 0x00, 0x1C, 0x00, 0x00, 0x7E, 0x00, 0xF8, 0x00, 0x00, 0xDC, 0x03,
    0xB8, 0x03, 0x00, 0x30, 0x3E, 0x78, 0x1C, 0x00, 0xE0, 0xF0, 0xFF, 0xE0, 0x00, 0xC0, 0x01, 0xFF,
    0x00, 0x03, 0x00, 0x03, 0x60, 0x00, 0x18, 0x00, 0x06, 0x80, 0x01, 0xE0, 0x00, 0x1C, 0x00, 0x06,
    0x00, 0x07, 0x30, 0x00, 0x18, 0x00, 0x18, 0x00, 0x00, 0x60, 0x00, 0x00, 0x00, 0x00, 0x80, 0x01,
    0x00, 0x00, 0x00, 0x00, 0x06, 0x00, 0x00, 0x00, 0x00, 0x18, 0x00, 0x00, 0x00, 0x00, 0x60, 0x00,
    0x00, 0x00, 0x00, 0x80, 0x01, 0x00, 0x00, 0x00, 0x00, 0x06, 0x00, 0x00, 0xC0, 0x4C, 0x01, 0x06,
    0x0E, 0x18, 0x3D, 0x23, 0x00, 0x7E, 0x00, 0x80, 0xFF, 0x01, 0xC0, 0x81, 0x03, 0x60, 0x00, 0x06,
    0x30, 0x00, 0x0C, 0x18, 0x00, 0x18, 0x08, 0x00, 0x10, 0x0C, 0x00, 0x30, 0x04, 0x00, 0x20, 0x06,
    0x00, 0x60, 0x02, 0x00, 0x40, 0x02, 0x00, 0x40, 0x03, 0x00, 0xC0, 0x01, 0x00, 0x80, 0x01, 0x00,
    0x80, 0x01, 0x00, 0x80, 0x01, 0x00, 0x80, 0x01, 0x00, 0x80, 0x01, 0x00, 0x80, 0x01, 0x00, 0x80,
    0x01, 0x00, 0x80, 0x01, 0x00, 0x80, 0x02, 0x00, 0x40, 0x02, 0x00, 0x40, 0x02, 0x00, 0x40, 0x04,
    0x00, 0x20, 0x04, 0x00, 0x20, 0x0C, 0x00, 0x30, 0x08, 0x00, 0x10, 0x10, 0x00, 0x08, 0x20, 0x00,
    0x0C, 0x40, 0x00, 0x06, 0x80, 0x81, 0x01, 0x00, 0x7E, 0x00, 0x00, 0x10, 0x00, 0x00, 0x10, 0x00,
    0x00, 0x10, 0x00, 0x00, 0x10, 0x00, 0x00, 0x10, 0x00, 0x00, 0x10, 0x00, 0x00, 0x10, 0x00, 0x00,
    0x10, 0x00, 0x00, 0x10, 0x00, 0x00, 0x10, 0x00, 0x00, 0x10, 0x00, 0x00, 0x10, 0x00, 0x00, 0x10,
    0x00, 0xFE, 0xFF, 0x7F, 0xFE, 0xFF, 0x7F, 0x00, 0x10, 0x00, 0x00, 0x10, 0x00, 0x00, 0x10, 0x00,
    0x00, 0x10, 0x00, 0x00, 0x10, 0x00, 0x00, 0x10, 0x00, 0x00, 0x10, 0x00, 0x00, 0x10, 0x00, 0x00,
    0x10, 0x00, 0x00, 0x10, 0x00, 0x00, 0x10, 0x00, 0x00, 0x10, 0x00, 0xC2, 0x4C, 0x01, 0x03, 0x0A,
    0x1D, 0x3D, 0x23, 0x30, 0x00, 0x00, 0x00, 0x0E, 0x00, 0x00, 0xE0, 0x03, 0x00, 0x00, 0xDC, 0x01,
    0x00, 0x80, 0x72, 0x00, 0x00, 0xD0, 0x38, 0x00, 0x00, 0x12, 0x0E, 0x00, 0x60, 0x82, 0x03, 0x00,
    0xCC, 0xC0, 0x01, 0x80, 0x11, 0x70, 0x00, 0x10, 0x02, 0x0C, 0x00, 0xC2, 0x00, 0x00, 0x40, 0x10,
    0x00, 0x00, 0x0C, 0x02, 0x00, 0x80, 0xC1, 0x00, 0x00, 0x30, 0x18, 0x00, 0x00, 0x02, 0x02, 0x00,
    0x40, 0x40, 0x00, 0x00, 0x08, 0x18, 0x00, 0x80, 0x01, 0x02, 0x00, 0x30, 0x40, 0x00, 0x00, 0x06,
    0x18, 0x00, 0x00, 0x00, 0x02, 0x00, 0x00, 0x40, 0x00, 0x00, 0x00, 0x18, 0x00, 0x00, 0x00, 0x02,
    0x00, 0x00, 0x40, 0x00, 0x00, 0x00, 0xF8, 0x07, 0x00, 0x00, 0x06, 0x03, 0x00, 0x30, 0x80, 0x00,
    0x00, 0x03, 0x20, 0x00, 0x20, 0x00, 0x08, 0x00, 0x02, 0x00, 0x02, 0x20, 0x00, 0x80, 0x00, 0x04,
    0x00, 0x10, 0xC0, 0x00, 0x00, 0x02, 0x08, 0x00, 0x80, 0x00, 0x01, 0x00, 0x10, 0x20, 0x00, 0x00,
    0x02, 0x02, 0x00, 0x80, 0x40, 0x00, 0x00, 0x10, 0x08, 0x00, 0x00, 0x02, 0x01, 0x00, 0x40, 0x20,
    0x00, 0x00, 0x08, 0x04, 0x00, 0x00, 0x81, 0x00, 0x00, 0x20, 0x10, 0x00, 0x00, 0x04, 0x02, 0x00,
    0x80, 0xC0, 0x00, 0x00, 0x18, 0x10, 0x00, 0x00, 0x01, 0x02, 0x00, 0x20, 0xC0, 0x00, 0x00, 0x06,
    0x10, 0x00, 0x40, 0x00, 0x06, 0x00, 0x0C, 0xC0, 0x00, 0x80, 0x01, 0x30, 0x00, 0x18, 0x00, 0x0C,
    0x80, 0x01, 0x00, 0x03, 0x38, 0x00, 0xC0, 0xC1, 0x03, 0x00, 0xF0, 0x1F, 0x00, 0x00, 0xF8, 0x00,
    0x00, 0xE0, 0x4C, 0x01, 0x04, 0x17, 0x17, 0x28, 0x1E, 0x00, 0x00, 0x00, 0x00, 0x04, 0x00, 0x00,
    0x02, 0x00, 0x00, 0x01, 0x00, 0x80, 0x01, 0x00, 0xE0, 0x00, 0x00, 0x70, 0x00, 0x00, 0x7C, 0x00,
    0x00, 0x3E, 0x00, 0x80, 0x3F, 0x00, 0xE0, 0x3F, 0x00, 0xF0, 0x1F, 0x00, 0xFC, 0x1F, 0x00, 0xFF,
    0x1F, 0xC0, 0xFF, 0x1F, 0xE0, 0xFF, 0x1F, 0xF8, 0xFF, 0x1F, 0xFE, 0xFF, 0x0F, 0xFF, 0xFF, 0xCF,
    0xFF, 0xFF, 0xE7, 0xFF, 0xFF, 0xF3, 0xFF, 0xFF, 0xFB, 0xFF, 0xFF, 0xFF, 0xFF, 0xFF, 0xFF, 0xFF,
    0x7F, 0xFF, 0xFF, 0xBF, 0xFF, 0xFB, 0xDF, 0x7F, 0xFD, 0xE7, 0x9F, 0xFC, 0xE3, 0x4F, 0xFE, 0xE0,
    0x23, 0x3C, 0x00, 0x38, 0x00, 0x00, 0x1C, 0x00, 0x00, 0x0E, 0x00, 0x80, 0x0F, 0x00, 0xC0, 0x07,
    0x00, 0xF0, 0x07, 0x00, 0xFE, 0x07, 0xC0, 0xFF, 0x0F, 0xF8, 0xFF, 0x3F, 0xE3, 0x4C, 0x01, 0x01,
    0x16, 0x1C, 0x28, 0x1E, 0x00, 0xF8, 0x00, 0x00, 0xC0, 0x1F, 0x00, 0x00, 0xFE, 0x03, 0x00, 0xF0,
    0x7F, 0x00, 0x00, 0xFF, 0x07, 0x00, 0xF8, 0xFF, 0x00, 0x80, 0xFF, 0x0F, 0x00, 0xF8, 0xFF, 0x00,
    0x80, 0xFF, 0x0F, 0x00, 0xF8, 0xFF, 0x00, 0x80, 0xFF, 0x0F, 0x00, 0xF8, 0xFF, 0x00, 0x00, 0xFF,
    0x07, 0x80, 0xF7, 0x7F, 0x0F, 0xFC, 0xFF, 0xFF, 0xE1, 0xFF, 0xFF, 0x3F, 0xFE, 0xFF, 0xFF, 0xF7,
    0xFF, 0xFF, 0x7F, 0xFF, 0xFF, 0xFF, 0xF7, 0xFF, 0xFF, 0xFF, 0xFF, 0xFF, 0xFF, 0xFF, 0xFF, 0xFF,
    0xFF, 0xFF, 0xFF, 0xFF, 0xFF, 0xFF, 0xFF, 0xFF, 0xFF, 0xFF, 0xFF, 0xFF, 0xFF, 0xFA, 0x7F, 0xFE,
    0xAF, 0xFF, 0xE7, 0x7F, 0xF2, 0x7F, 0xFC, 0x23, 0xFE, 0x83, 0x1F, 0xC6, 0x1F, 0xF0, 0x60, 0xF8,
    0x00, 0x00, 0x07, 0x00, 0x00, 0xF0, 0x00, 0x00, 0x80, 0x0F, 0x00, 0x00, 0xF8, 0x01, 0x00, 0xC0,
    0x1F, 0x00, 0x00, 0xFE, 0x03, 0x00, 0xF0, 0xFF, 0x00, 0xE0, 0xFF, 0x3F, 0x00, 0xFF, 0xFF, 0x07,
    0xE5, 0x4C, 0x02, 0x03, 0x17, 0x19, 0x29, 0x1E, 0xF0, 0x00, 0x1E, 0xF0, 0x03, 0xFE, 0xF0, 0x0F,
    0xFE, 0xF1, 0x3F, 0xFE, 0xE7, 0x7F, 0xFC, 0xEF, 0xFF, 0xFD, 0xFF, 0xFF, 0xFB, 0xFF, 0xFF, 0xF7,
    0xFF, 0xFF, 0xFF, 0xFF, 0xFF, 0xFF, 0xFF, 0xFF, 0xFF, 0xFF, 0xFF, 0xFF, 0xFF, 0xEF, 0xFF, 0xFF,
    0xDF, 0xFF, 0xFF, 0x9F, 0xFF, 0xFF, 0x3F, 0xFF, 0xFF, 0x7F, 0xFC, 0xFF, 0x7F, 0xF8, 0xFF, 0xFF,
    0xE0, 0xFF, 0xFF, 0xC0, 0xFF, 0xFF, 0x01, 0xFF, 0xFF, 0x01, 0xFE, 0xFF, 0x01, 0xF8, 0xFF, 0x03,
    0xF0, 0xFF, 0x03, 0xC0, 0xFF, 0x07, 0x80, 0xFF, 0x07, 0x00, 0xFE, 0x0F, 0x00, 0xFC, 0x0F, 0x00,
    0xF0, 0x1F, 0x00, 0xE0, 0x1F, 0x00, 0x80, 0x3F, 0x00, 0x00, 0x3F, 0x00, 0x00, 0x7C, 0x00, 0x00,
    0xF8, 0x00, 0x00, 0xE0, 0x00, 0x00, 0xC0, 0x01, 0x00, 0x80, 0x01, 0x00, 0x00, 0x02, 0x00, 0x00,
    0x04, 0x00, 0x00, 0x08, 0x00, 0x00, 0x00, 0x00, 0x00, 0x04, 0x16, 0x15, 0x29, 0x1E, 0x00, 0x04,
    0x00, 0x80, 0x00, 0x00, 0x30, 0x00, 0x00, 0x07, 0x00, 0xE0, 0x01, 0x00, 0x3E, 0x00, 0xC0, 0x0F,
    0x00, 0xFC, 0x01, 0x80, 0x7F, 0x00, 0xF8, 0x0F, 0x00, 0xFF, 0x03, 0xF0, 0x7F, 0x00, 0xFE, 0x1F,
    0xE0, 0xFF, 0x03, 0xFC, 0xFF, 0xC0, 0xFF, 0x1F, 0xF8, 0xFF, 0x87, 0xFF, 0xFF, 0xF8, 0xFF, 0x3F,
    0xFF, 0xFF, 0xFF, 0xFF, 0xFF, 0xFD, 0xFF, 0x1F, 0xFF, 0xFF, 0xE3, 0xFF, 0x3F, 0xF8, 0xFF, 0x07,
    0xFF, 0x7F, 0xC0, 0xFF, 0x0F, 0xF8, 0xFF, 0x00, 0xFE, 0x1F, 0xC0, 0xFF, 0x01, 0xF0, 0x3F, 0x00,
    0xFE, 0x03, 0x80, 0x7F, 0x00, 0xF0, 0x07, 0x00, 0xFC, 0x00, 0x80, 0x0F, 0x00, 0xE0, 0x01, 0x00,
    0x1C, 0x00, 0x00, 0x03, 0x00, 0x20, 0x00, 0x00, 0x00, 0x00, 0xE9, 0x4C, 0x07, 0x00, 0x12, 0x0C,
    0x2D, 0x17, 0x03, 0x30, 0x00, 0x03, 0x30, 0x00, 0x03, 0x30, 0x00, 0x03, 0x30, 0x00, 0x03, 0x30,
    0x00, 0x03, 0x30, 0x00, 0x03, 0x30, 0x00, 0x03, 0x30, 0x00, 0x03, 0x30, 0x00, 0x03, 0x30, 0x00,
    0x03, 0x30, 0x00, 0x03, 0x30, 0x00, 0x03, 0x30, 0x00, 0x03, 0x30, 0x00, 0x03, 0x30, 0x00, 0xF3,
    0xF0, 0x3F, 0xFF, 0xF7, 0x7F, 0xFF, 0xFF, 0xFF, 0xFF, 0xFF, 0xFF, 0xFF, 0xEF, 0xFF, 0xFE, 0xEF,
    0x7F, 0xFC, 0x87, 0x3F, 0xF0, 0x01, 0x00, 0x13, 0x15, 0x2D, 0x17, 0xE0, 0x07, 0x00, 0xFF, 0x00,
    0xF0, 0x1F, 0x00, 0xFE, 0x03, 0xE0, 0x7F, 0x00, 0xFC, 0x0F, 0x80, 0xFF, 0x01, 0xF8, 0x31, 0x00,
    0x0F, 0x06, 0xE0, 0xC0, 0x00, 0x1C, 0x18, 0x80, 0x01, 0x03, 0x30, 0x60, 0x00, 0x06, 0x0C, 0xC0,
    0x80, 0x01, 0x18, 0x30, 0x00, 0x00, 0x06, 0x00, 0xC0, 0x00, 0x00, 0x18, 0x00, 0x00, 0x03, 0x00,
    0x60, 0x00, 0x00, 0x0C, 0x00, 0x80, 0x01, 0x00, 0x30, 0x00, 0x00, 0x06, 0x00, 0xC0, 0x00, 0x00,
    0x18, 0x00, 0x00, 0x03, 0x00, 0x60, 0x00, 0x00, 0x0C, 0x00, 0x80, 0x79, 0x00, 0xF0, 0x3F, 0x00,
    0xFE, 0x0F, 0xC0, 0xFF, 0x01, 0xF8, 0x7F, 0x00, 0xFF, 0x0F, 0xE0, 0xFF, 0x01, 0xFC, 0x3F, 0x80,
    0xFF, 0x07, 0xE0, 0xFF, 0x00, 0xFC, 0x1F, 0x80, 0xFF, 0x01, 0xE0, 0x3F, 0x00, 0xF8, 0x03, 0x00,
    0x3E, 0x00, 0x01, 0x0D, 0x1C, 0x35, 0x23, 0x03, 0x00, 0x00, 0xF0, 0x00, 0x00, 0x00, 0x3F, 0x00,
    0x00, 0xF0, 0x0F, 0x00, 0x00, 0xFF, 0x07, 0x00, 0xF0, 0xFF, 0x01, 0x00, 0xFF, 0x7F, 0x00, 0xF0,
    0xFF, 0x1F, 0x00, 0xFF, 0xFF, 0x03, 0x70, 0xFF, 0x3F, 0x00, 0xC7, 0xFF, 0x03, 0x70, 0xF0, 0x3F,
    0x00, 0x07, 0xFC, 0x03, 0x70, 0x00, 0x3F, 0x00, 0x07, 0x80, 0x03, 0x70, 0x00, 0x30, 0x00, 0x07,
    0x00, 0x03, 0x70, 0x00, 0x30, 0x00, 0x07, 0x00, 0x03, 0x70, 0x00, 0x30, 0x00, 0x07, 0x00, 0x03,
    0x70, 0x00, 0x30, 0x00, 0x07, 0x00, 0x03, 0x70, 0x00, 0x30, 0x00, 0x07, 0x00, 0x03, 0x70, 0x00,
    0x30, 0x00, 0x07, 0x00, 0x03, 0x70, 0x00, 0x30, 0x00, 0x07, 0x00, 0x03, 0x70, 0x00, 0x30, 0x00,
    0x07, 0x00, 0x03, 0x70, 0x0E, 0x30, 0x00, 0xFF, 0x03, 0x03, 0xF0, 0x7F, 0x30, 0x00, 0xFF, 0x0F,
    0x03, 0xF0, 0xFF, 0x30, 0x00, 0xFF, 0x1F, 0x03, 0xF0, 0xFF, 0x31, 0x00, 0xFF, 0x1F, 0xF3, 0xF0,
    0xFF, 0xF1, 0x3F, 0xFF, 0x1F, 0xFF, 0xE7, 0xFF, 0xF1, 0x7F, 0xFE, 0x1F, 0xFF, 0xCF, 0xFF, 0xF0,
    0xFF, 0xF8, 0x07, 0xFF, 0x0F, 0x3F, 0xF0, 0xFF, 0x00, 0x00, 0xFF, 0x0F, 0x00, 0xF0, 0xFF, 0x00,
    0x00, 0xFE, 0x0F, 0x00, 0xE0, 0xFF, 0x00, 0x00, 0xFC, 0x07, 0x00, 0x80, 0x3F, 0x00, 0x00, 0xE0,
    0x01, 0x01, 0x0D, 0x1C, 0x35, 0x23, 0x03, 0x00, 0x00, 0xF0, 0x00, 0x00, 0x00, 0x3F, 0x00, 0x00,
    0xF0, 0x0F, 0x00, 0x00, 0xFF, 0x07, 0x00, 0xF0, 0xFF, 0x01, 0x00, 0xFF, 0x7F, 0x00, 0xF0, 0xFF,
    0x1F, 0x00, 0xFF, 0xFF, 0x03, 0x70, 0xFF, 0x3F, 0x00, 0xC7, 0xFF, 0x03, 0x70, 0xF0, 0x3F, 0x00,
    0x07, 0xFC, 0x03, 0xF0, 0x00, 0x3F, 0x00, 0x7F, 0x80, 0x03, 0xF0, 0x1F, 0x30, 0x00, 0xFF, 0x07,
    0x03, 0xF0, 0xFF, 0x31, 0x00, 0xFF, 0xFF, 0x03, 0x70, 0xFF, 0x3F, 0x00, 0xC7, 0xFF, 0x03, 0x70,
    0xF0, 0x3F, 0x00, 0x07, 0xF8, 0x03, 0x70, 0x00, 0x3E, 0x00, 0x07, 0x80, 0x03, 0x70, 0x00, 0x30,
    0x00, 0x07, 0x00, 0x03, 0x70, 0x00, 0x30, 0x00, 0x07, 0x00, 0x03, 0x70, 0x00, 0x30, 0x00, 0x07,
    0x00, 0x03, 0x70, 0x0E, 0x30, 0x00, 0xFF, 0x03, 0x03, 0xF0, 0x7F, 0x30, 0x00, 0xFF, 0x0F, 0x03,
    0xF0, 0xFF, 0x30, 0x00, 0xFF, 0x1F, 0x03, 0xF0, 0xFF, 0x31, 0x00, 0xFF, 0x1F, 0xF3, 0xF0, 0xFF,
    0xF1, 0x3F, 0xFF, 0x1F, 0xFF, 0xE7, 0xFF, 0xF1, 0x7F, 0xFE, 0x1F, 0xFF, 0xCF, 0xFF, 0xF0, 0xFF,
    0xF8, 0x07, 0xFF, 0x0F, 0x3F, 0xF0, 0xFF, 0x00, 0x00, 0xFF, 0x0F, 0x00, 0xF0, 0xFF, 0x00, 0x00,
    0xFE, 0x0F, 0x00, 0xE0, 0xFF, 0x00, 0x00, 0xFC, 0x07, 0x00, 0x80, 0x3F, 0x00, 0x00, 0xE0, 0x01,
    0x02, 0x0E, 0x12, 0x2F, 0x16, 0x00, 0xC0, 0x01, 0x00, 0x0F, 0x00, 0x3C, 0x00, 0xF0, 0x00, 0xC0,
    0x03, 0x00, 0x0F, 0x00, 0x3C, 0x00, 0xF0, 0x00, 0xC0, 0x03, 0x00, 0x0F, 0x00, 0x3C, 0x00, 0xF0,
    0x00, 0xC0, 0x03, 0x00, 0x0F, 0x00, 0x3C, 0x00, 0xF0, 0x00, 0xC0, 0x03, 0x00, 0x0F, 0x1F, 0x3C,
    0xFF, 0xF1, 0xFE, 0xCF, 0xFB, 0x7F, 0xFF, 0xC3, 0xFF, 0x07, 0xFE, 0x0F, 0xF0, 0x3F, 0x80, 0xFF,
    0x00, 0xFC, 0x03, 0xF0, 0x0E, 0xC0, 0x7B, 0x00, 0xEF, 0x01, 0x3C, 0x0F, 0xF0, 0x7C, 0xC0, 0xE3,
    0x01, 0x0F, 0x0F, 0x3C, 0x7C, 0xF0, 0xE0, 0xC3, 0x03, 0x1F, 0x0F, 0xF8, 0x3C, 0x80, 0xF7, 0x00,
    0xFC, 0x03, 0xE0, 0x0F, 0x00, 0x3F, 0x00, 0xF8, 0x00, 0xC0, 0x03, 0x00, 0x0C, 0x00, 0x20, 0x03,
    0x0C, 0x11, 0x3B, 0x18, 0x00, 0xC0, 0x01, 0x80, 0x03, 0x00, 0x07, 0x00, 0x0E, 0x00, 0x1C, 0x00,
    0x38, 0x00, 0x70, 0x00, 0xE0, 0x00, 0xC0, 0x01, 0x80, 0x03, 0x00, 0x07, 0x00, 0x1E, 0x00, 0xFC,
    0x03, 0xF8, 0x3F, 0xF0, 0xFF, 0xE7, 0xFF, 0xFF, 0xFF, 0xFF, 0xFF, 0xFF, 0xFF, 0xFF, 0x7F, 0xFC,
    0xFF, 0xC0, 0xFF, 0x01, 0xF8, 0x03, 0xE0, 0x07, 0xC0, 0x0F, 0x80, 0x1F, 0x00, 0x3F, 0x00, 0x7E,
    0x00, 0xFC, 0x00, 0xF8, 0x01, 0xF0, 0x03, 0xE0, 0x07, 0xC0, 0x0F, 0x80, 0x1F, 0x00, 0x3F, 0x00,
    0xFE, 0x01, 0xFC, 0x3F, 0xF8, 0xFF, 0xF3, 0xFF, 0xFF, 0xFF, 0xFF, 0xFF, 0xFF, 0xFF, 0xFF, 0x3F,
    0xFE, 0x7F, 0xC0, 0xFF, 0x00, 0xFC, 0x01, 0x80, 0x03, 0x00, 0x07, 0x00, 0x0E, 0x00, 0x1C, 0x00,
    0x38, 0x00, 0x70, 0x00, 0xE0, 0x00, 0xC0, 0x01, 0x80, 0x03, 0x00, 0x07, 0x00, 0x0E, 0x00, 0x1C,
    0x00, 0x00, 0x02, 0x0C, 0x17, 0x38, 0x1C, 0x60, 0x00, 0x00, 0x30, 0x00, 0x00, 0x18, 0x00, 0x00,
    0x0C, 0x00, 0x00, 0x06, 0x00, 0x00, 0x03, 0x18, 0x80, 0x01, 0x0C, 0xC0, 0x00, 0x06, 0x60, 0x00,
    0x03, 0x30, 0x80, 0x41, 0x18, 0xC0, 0xE0, 0x0D, 0x60, 0xF0, 0x07, 0x30, 0xF8, 0x1F, 0x18, 0xFC,
    0x7F, 0x0C, 0xFE, 0xFF, 0x07, 0xFF, 0xFF, 0x07, 0xFC, 0xFF, 0x1F, 0xF8, 0xFF, 0x1F, 0xCC, 0xFF,
    0x0F, 0x06, 0xFF, 0x07, 0x03, 0xFC, 0x83, 0x01, 0xFC, 0xC1, 0x00, 0xE6, 0x60, 0x00, 0x03, 0x30,
    0x80, 0x01, 0x18, 0xC0, 0x00, 0x0C, 0x60, 0x00, 0x06, 0x30, 0x00, 0x03, 0x18, 0x80, 0x01, 0x0C,
    0xC0, 0x00, 0x06, 0x61, 0x00, 0x83, 0x37, 0x80, 0xC1, 0x1F, 0xC0, 0xE0, 0x7F, 0x60, 0xF0, 0xFF,
    0x31, 0xF8, 0xFF, 0x1F, 0xFC, 0xFF, 0x1F, 0xF0, 0xFF, 0x7F, 0xE0, 0xFF, 0x7F, 0x30, 0xFF, 0x3F,
    0x18, 0xFC, 0x1F, 0x0C, 0xF0, 0x0F, 0x06, 0xF0, 0x07, 0x03, 0x18, 0x83, 0x01, 0x0C, 0xC0, 0x00,
    0x06, 0x60, 0x00, 0x03, 0x30, 0x80, 0x01, 0x18, 0xC0, 0x00, 0x00, 0x60, 0x00, 0x00, 0x30, 0x00,
    0x00, 0x18, 0x00, 0x00, 0x0C, 0x00, 0x00, 0x06, 0x99, 0x4D, 0x01, 0x01, 0x0F, 0x2F, 0x2F, 0x31,
    0x00, 0x00, 0xE0, 0x07, 0x00, 0x00, 0x00, 0x00, 0xF0, 0x03, 0x00, 0x00, 0x00, 0x00, 0xF8, 0x01,
    0x00, 0x00, 0x00, 0x01, 0xFC, 0x00, 0x01, 0x00, 0xE0, 0x01, 0x7F, 0x80, 0x03, 0x00, 0xF8, 0x81,
    0x3F, 0xE0, 0x03, 0x00, 0xFE, 0xF1, 0xFF, 0xF8, 0x03, 0x00, 0xFF, 0xFF, 0xFF, 0xFF, 0x01, 0x00,
    0xFF, 0xFF, 0xFF, 0x7F, 0x00, 0x80, 0xFF, 0xFF, 0xFF, 0x3F, 0x00, 0x80, 0xFF, 0x03, 0xFE, 0x0F,
    0x00, 0xC0, 0x3F, 0x00, 0xF8, 0x07, 0x00, 0xE0, 0x07, 0x00, 0xF0, 0x03, 0x00, 0xF8, 0x01, 0x00,
    0xF0, 0x03, 0x70, 0x7E, 0x00, 0x00, 0xF0, 0x73, 0xFC, 0x1F, 0x00, 0x00, 0xF0, 0x7F, 0xFE, 0x07,
    0x00, 0x00, 0xF0, 0x3F, 0xFF, 0x03, 0x00, 0x00, 0xF0, 0x9F, 0xFF, 0x00, 0x00, 0x00, 0xF8, 0xEF,
    0x7F, 0x00, 0x78, 0x00, 0xFC, 0x8F, 0x1F, 0x00, 0xFF, 0x00, 0xFC, 0x00, 0x0F, 0x80, 0xFF, 0x00,
    0x1E, 0x80, 0x07, 0xE0, 0x7F, 0x00, 0x0F, 0xC0, 0x03, 0xF0, 0x3F, 0x80, 0x07, 0xE0, 0x01, 0xF8,
    0x1F, 0xC0, 0x03, 0xF0, 0x00, 0xF8, 0x0F, 0xE0, 0x01, 0x7E, 0x00, 0xFC, 0x03, 0xF0, 0xC3, 0x7F,
    0x00, 0x78, 0x00, 0xFC, 0xE7, 0x3F, 0x00, 0x00, 0x00, 0xFE, 0xF3, 0x1F, 0x00, 0x00, 0x00, 0xFF,
    0xF9, 0x1F, 0x00, 0x00, 0xC0, 0xFF, 0xFC, 0x1F, 0x00, 0x00, 0xF0, 0x7F, 0x9C, 0x1F, 0x00, 0x00,
    0xFC, 0x1C, 0x80, 0x1F, 0x00, 0x00, 0x3F, 0x00, 0x80, 0x1F, 0x00, 0xC0, 0x0F, 0x00, 0xC0, 0x3F,
    0x00, 0xF8, 0x07, 0x00, 0xE0, 0xFF, 0x00, 0xFF, 0x03, 0x00, 0xF8, 0xFF, 0xFF, 0xFF, 0x03, 0x00,
    0xFC, 0xFF, 0xFF, 0xFF, 0x01, 0x00, 0xFF, 0xFF, 0xFF, 0xFF, 0x01, 0x80, 0x7F, 0xFC, 0x3F, 0xFE,
    0x00, 0x80, 0x1F, 0xF8, 0x03, 0x3E, 0x00, 0x00, 0x07, 0xFC, 0x01, 0x0F, 0x00, 0x00, 0x01, 0xFE,
    0x00, 0x01, 0x00, 0x00, 0x00, 0x7E, 0x00, 0x00, 0x00, 0x00, 0x00, 0x3F, 0x00, 0x00, 0x00, 0x00,
    0x80, 0x1F, 0x00, 0x00, 0x00, 0xAF, 0x54, 0x01, 0x04, 0x17, 0x21, 0x24, 0x29, 0x18, 0x00, 0x00,
    0x10, 0x78, 0x00, 0x00, 0x70, 0xF8, 0x01, 0x00, 0xF0, 0xF1, 0x07, 0x00, 0xF0, 0xF7, 0x0F, 0x00,
    0xF0, 0xCF, 0x3F, 0x00, 0xF0, 0x1F, 0xFF, 0x00, 0xF0, 0x1F, 0xFC, 0x03, 0xE0, 0x1F, 0xF0, 0x0F,
    0xE0, 0x1F, 0xC0, 0x3F, 0xE0, 0x1F, 0x00, 0xFF, 0xE0, 0x1F, 0x00, 0xFE, 0xE3, 0x1F, 0x00, 0xF8,
    0xEF, 0x1F, 0x00, 0xE0, 0xFF, 0x1F, 0x00, 0x80, 0xFF, 0x3F, 0x00, 0x00, 0xFE, 0x3F, 0x00, 0x00,
    0xF8, 0x3F, 0x00, 0x00, 0xE0, 0x3F, 0x00, 0x00, 0xC0, 0x7F, 0x00, 0x00, 0xC0, 0xFF, 0x01, 0x00,
    0xC0, 0xFF, 0x07, 0x00, 0xC0, 0xFF, 0x1F, 0x00, 0xC0, 0xFF, 0x7F, 0x00, 0xC0, 0x3F, 0xFF, 0x00,
    0xC0, 0x7F, 0xFC, 0x03, 0x80, 0x7F, 0xF0, 0x0F, 0x80, 0x7F, 0xC0, 0x3F, 0x80, 0x7F, 0x00, 0xFF,
    0x80, 0x7F, 0x00, 0xFC, 0x83, 0x7F, 0x00, 0xF0, 0x8F, 0x7F, 0x00, 0xE0, 0xBF, 0x7F, 0x00, 0x80,
    0xFF, 0x7E, 0x00, 0x00, 0xFE, 0xF8, 0x00, 0x00, 0xF8, 0xF0, 0x00, 0x00, 0xE0, 0xC0, 0x00, 0x00,
    0x80, 0x00, 0x81, 0xE0, 0x03, 0x02, 0x01, 0x0E, 0x17, 0x31, 0x1B, 0x00, 0x3E, 0x00, 0xC0, 0x7F,
    0x80, 0xE7, 0x7F, 0xE0, 0xF7, 0x7F, 0xF0, 0xFB, 0x7F, 0xF8, 0xFD, 0x3F, 0xFC, 0xFC, 0x3F, 0x7E,
    0xE2, 0x1F, 0x3F, 0xE0, 0x0F, 0x0F, 0xE0, 0x07, 0x00, 0xF0, 0x03, 0x00, 0xF8, 0x01, 0x00, 0xFC,
    0x00, 0x00, 0x7E, 0x00, 0x00, 0x3F, 0x7E, 0xFC, 0xFF, 0x3F, 0xFE, 0xFF, 0x1F, 0xFF, 0xFF, 0x8F,
    0xFF, 0xFF, 0xC7, 0xFF, 0xFF, 0xE3, 0xFF, 0xFF, 0xF1, 0xFF, 0xFF, 0x00, 0x3F, 0x7E, 0x80, 0x1F,
    0x3F, 0xC0, 0x8F, 0x1F, 0xE0, 0xC7, 0x0F, 0xF0, 0xE3, 0x07, 0xF8, 0xF1, 0x03, 0xFC, 0xF8, 0x01,
    0x7E, 0xFC, 0x00, 0x3F, 0x7E, 0x80, 0x1F, 0x3F, 0xC0, 0x8F, 0x1F, 0xE0, 0xC7, 0x0F, 0xF0, 0xE3,
    0x07, 0xF8, 0xF1, 0x03, 0xFC, 0xF8, 0x01, 0x7E, 0xFC, 0x00, 0x3F, 0x7E, 0x80, 0x1F, 0x3F, 0xC0,
    0x8F, 0x1F, 0xE0, 0xC7, 0x0F, 0xF0, 0xE3, 0x07, 0xF8, 0xF1, 0x03, 0xFC, 0xF8, 0x01, 0x7E, 0xFC,
    0x00, 0x3F, 0x7E, 0x80, 0x1F, 0x3F, 0xC0, 0x0F, 0x01, 0x0D, 0x1B, 0x35, 0x1B, 0x00, 0xF8, 0x03,
    0xC0, 0xEF, 0x7F, 0x00, 0x7E, 0xFE, 0x0F, 0xF0, 0xF3, 0x7F, 0x80, 0x9F, 0xFF, 0x07, 0xFC, 0xFC,
    0x3F, 0xE0, 0xE7, 0xFF, 0x01, 0x3F, 0xE3, 0x1F, 0xF8, 0x01, 0xFE, 0xC0, 0x0F, 0xE0, 0x07, 0x7E,
    0x00, 0x3F, 0xF0, 0x03, 0xF8, 0x81, 0x1F, 0xC0, 0x0F, 0xFC, 0x00, 0x7E, 0xE0, 0x07, 0xF0, 0x03,
    0x3F, 0xFC, 0xFF, 0xF8, 0xE1, 0xFF, 0xC7, 0x0F, 0xFF, 0x3F, 0x7E, 0xF8, 0xFF, 0xF1, 0xC3, 0xFF,
    0x8F, 0x1F, 0xFE, 0x7F, 0xFC, 0xF0, 0xFF, 0xE3, 0x07, 0xF0, 0x03, 0x3F, 0x80, 0x1F, 0xF8, 0x01,
    0xFC, 0xC0, 0x0F, 0xE0, 0x07, 0x7E, 0x00, 0x3F, 0xF0, 0x03, 0xF8, 0x81, 0x1F, 0xC0, 0x0F, 0xFC,
    0x00, 0x7E, 0xE0, 0x07, 0xF0, 0x03, 0x3F, 0x80, 0x1F, 0xF8, 0x01, 0xFC, 0xC0, 0x0F, 0xE0, 0x07,
    0x7E, 0x00, 0x3F, 0xF0, 0x03, 0xF8, 0x81, 0x1F, 0xC0, 0x0F, 0xFC, 0x00, 0x7E, 0xE0, 0x07, 0xF0,
    0x03, 0x3F, 0x80, 0x1F, 0xF8, 0x01, 0xFC, 0xC0, 0x0F, 0xE0, 0x07, 0x7E, 0x00, 0x3F, 0xF0, 0x03,
    0xF8, 0x81, 0x1F, 0xC0, 0x0F, 0xFC, 0x00, 0x7E, 0xFC, 0x07, 0xF0, 0xE3, 0x3F, 0x80, 0x1F, 0xFE,
    0x01, 0xFC, 0xF0, 0x07, 0x00, 0x00, 0x3F, 0x00, 0x00, 0xF0, 0x00, 0x00, 0x80, 0x03, 0x00, 0x00,
    0xC3, 0xED, 0x03, 0x01, 0x03, 0x41, 0x07, 0x10, 0x0D, 0x1C, 0xDF, 0xFF, 0xFF, 0xFF, 0xFF, 0xFF,
    0xFF, 0xDF, 0xC3, 0xE3, 0xF1, 0xF0, 0x78, 0x80, 0xF6, 0x03, 0x05, 0x01, 0x0E, 0x1F, 0x32, 0x1F,
    0x7E, 0x00, 0x7F, 0x80, 0xFF, 0xC1, 0xFF, 0xC0, 0xFF, 0xE1, 0xFF, 0xE0, 0xFF, 0xF0, 0x7F, 0xF0,
    0xFF, 0xF8, 0x7F, 0xF8, 0x7F, 0xF8, 0x3F, 0xF8, 0x7F, 0xFC, 0x3F, 0x84, 0x3F, 0xC2, 0x1F, 0x80,
    0x1F, 0xC0, 0x0F, 0xC0, 0x0F, 0xE0, 0x07, 0xE0, 0x07, 0xF0, 0x03, 0xF0, 0x03, 0xF8, 0x01, 0xF8,
    0x01, 0xFC, 0x00, 0xFC, 0x00, 0x7E, 0x00, 0x7E, 0x00, 0x3F, 0xF8, 0xFF, 0xFD, 0xFF, 0xFC, 0xFF,
    0xFE, 0x7F, 0xFE, 0x7F, 0xFF, 0x3F, 0xFF, 0xBF, 0xFF, 0x9F, 0xFF, 0xDF, 0xFF, 0xCF, 0xFF, 0xEF,
    0xFF, 0xE7, 0xFF, 0xF7, 0xFF, 0x03, 0x7E, 0x00, 0x3F, 0x00, 0x3F, 0x80, 0x1F, 0x80, 0x1F, 0xC0,
    0x0F, 0xC0, 0x0F, 0xE0, 0x07, 0xE0, 0x07, 0xF0, 0x03, 0xF0, 0x03, 0xF8, 0x01, 0xF8, 0x01, 0xFC,
    0x00, 0xFC, 0x00, 0x7E, 0x00, 0x7E, 0x00, 0x3F, 0x00, 0x3F, 0x80, 0x1F, 0x80, 0x1F, 0xC0, 0x0F,
    0xC0, 0x0F, 0xE0, 0x07, 0xE0, 0x07, 0xF0, 0x03, 0xF0, 0x03, 0xF8, 0x01, 0xF8, 0x01, 0xFC, 0x00,
    0xFC, 0x00, 0x7E, 0x00, 0x7E, 0x00, 0x3F, 0x00, 0x3F, 0x80, 0x1F, 0x80, 0x1F, 0xC0, 0x0F, 0xC0,
    0x0F, 0xE0, 0x07, 0xE0, 0x07, 0xF0, 0x03, 0xF0, 0x03, 0xF8, 0x01, 0xF8, 0x01, 0xFC, 0x00, 0xFC,
    0x00, 0x7E, 0x00, 0x7E, 0x00, 0x3F, 0x00, 0x3F, 0x80, 0x1F, 0x80, 0x1F, 0xC0, 0x0F, 0xC0, 0x0F,
    0xE0, 0x07, 0x01, 0x0D, 0x17, 0x31, 0x1B, 0x00, 0x3F, 0x00, 0xC0, 0x7F, 0x80, 0xE7, 0xFF, 0xE0,
    0xF7, 0x7F, 0xF0, 0xFB, 0x7F, 0xF8, 0xFD, 0x3F, 0xFC, 0xFC, 0x3F, 0x7E, 0xC2, 0x1F, 0x3F, 0xC0,
    0x0F, 0x0F, 0xE0, 0x07, 0x00, 0xF0, 0x03, 0x00, 0xF8, 0x01, 0x00, 0xFC, 0x00, 0x00, 0x7E, 0x00,
    0x00, 0x3F, 0x7E, 0xFC, 0xFF, 0x3F, 0xFE, 0xFF, 0x1F, 0xFF, 0xFF, 0x8F, 0xFF, 0xFF, 0xC7, 0xFF,
    0xFF, 0xE3, 0xFF, 0xFF, 0xF1, 0xFF, 0xFF, 0x00, 0x3F, 0x7E, 0x80, 0x1F, 0x3F, 0xC0, 0x8F, 0x1F,
    0xE0, 0xC7, 0x0F, 0xF0, 0xE3, 0x07, 0xF8, 0xF1, 0x03, 0xFC, 0xF8, 0x01, 0x7E, 0xFC, 0x00, 0x3F,
    0x7E, 0x80, 0x1F, 0x3F, 0xC0, 0x8F, 0x1F, 0xE0, 0xC7, 0x0F, 0xF0, 0xE3, 0x07, 0xF8, 0xF1, 0x03,
    0xFC, 0xF8, 0x01, 0x7E, 0xFC, 0x00, 0x3F, 0x7E, 0x80, 0x1F, 0x3F, 0xC0, 0x8F, 0x1F, 0xE0, 0xC7,
    0x0F, 0xF0, 0xE3, 0x07, 0xF8, 0xF1, 0x03, 0xFC, 0xF8, 0x01, 0x7E, 0xFC, 0x00, 0x3F, 0x7E, 0x80,
    0x1F, 0x3F, 0xC0, 0x0F, 0x01, 0x0D, 0x1B, 0x36, 0x1C, 0x00, 0xF0, 0x03, 0x00, 0xE0, 0x7F, 0x00,
    0x7E, 0xFE, 0x0F, 0xF0, 0xF3, 0x7F, 0x80, 0x9F, 0xFF, 0x07, 0xFC, 0xFC, 0x3F, 0xE0, 0xE7, 0xFF,
    0x01, 0x3F, 0xC1, 0x1F, 0xF8, 0x01, 0xFE, 0xC0, 0x0F, 0xE0, 0x07, 0x7E, 0x00, 0x3F, 0xF0, 0x03,
    0xF8, 0x81, 0x1F, 0xC0, 0x0F, 0xFC, 0x00, 0x7E, 0xE0, 0x07, 0xF0, 0x03, 0x3F, 0xFC, 0xFF, 0xF8,
    0xE1, 0xFF, 0xC7, 0x0F, 0xFF, 0x3F, 0x7E, 0xF8, 0xFF, 0xF1, 0xC3, 0xFF, 0x8F, 0x1F, 0xFE, 0x7F,
    0xFC, 0xF0, 0xFF, 0xE3, 0x07, 0xF0, 0x03, 0x3F, 0x80, 0x1F, 0xF8, 0x01, 0xFC, 0xC0, 0x0F, 0xE0,
    0x07, 0x7E, 0x00, 0x3F, 0xF0, 0x03, 0xF8, 0x81, 0x1F, 0xC0, 0x0F, 0xFC, 0x00, 0x7E, 0xE0, 0x07,
    0xF0, 0x03, 0x3F, 0x80, 0x1F, 0xF8, 0x01, 0xFC, 0xC0, 0x0F, 0xE0, 0x07, 0x7E, 0x00, 0x3F, 0xF0,
    0x03, 0xF8, 0x81, 0x1F, 0xC0, 0x0F, 0xFC, 0x00, 0x7E, 0xE0, 0x07, 0xF0, 0x03, 0x3F, 0x80, 0x1F,
    0xF8, 0x01, 0xFC, 0xC0, 0x0F, 0xE0, 0x07, 0x7E, 0x00, 0x3F, 0xF0, 0x03, 0xF8, 0x81, 0x1F, 0xC0,
    0x0F, 0xFC, 0x00, 0x7E, 0xF0, 0x07, 0xF0, 0xE3, 0x3F, 0x80, 0x1F, 0xFF, 0x01, 0xFC, 0xF0, 0x0F,
    0xE0, 0x87, 0x3F, 0x00, 0x00, 0xF8, 0x01, 0x00, 0x80, 0x07, 0x00, 0x00, 0x1C, 0x00, 0x00, 0x00,
    0x01, 0x0D, 0x26, 0x31, 0x2A, 0x00, 0x7F, 0x80, 0x3F, 0x00, 0xE0, 0x7F, 0xF0, 0x3F, 0xE0, 0xF9,
    0x3F, 0xFC, 0x1F, 0xFC, 0xFE, 0x0F, 0xFF, 0x07, 0xBF, 0xFF, 0xC7, 0xFF, 0xC3, 0xCF, 0xFF, 0xE1,
    0xFF, 0xF0, 0xF3, 0xFF, 0xF8, 0x7F, 0xFC, 0x84, 0x3F, 0xC2, 0x1F, 0x3F, 0xC0, 0x0F, 0xE0, 0x87,
    0x07, 0xF0, 0x03, 0xF8, 0x01, 0x00, 0xFC, 0x00, 0x7E, 0x00, 0x00, 0x3F, 0x80, 0x1F, 0x00, 0xC0,
    0x0F, 0xE0, 0x07, 0x00, 0xF0, 0x03, 0xF8, 0x01, 0x00, 0xFC, 0x00, 0x7E, 0xFC, 0xF8, 0xFF, 0xFD,
    0xFF, 0x3F, 0xFE, 0x7F, 0xFF, 0xFF, 0x8F, 0xFF, 0xDF, 0xFF, 0xFF, 0xE3, 0xFF, 0xF7, 0xFF, 0xFF,
    0xF8, 0xFF, 0xFD, 0xFF, 0x3F, 0xFE, 0x7F, 0xFF, 0xFF, 0x8F, 0xFF, 0xDF, 0xFF, 0xFF, 0x03, 0xFC,
    0x00, 0x7E, 0xFC, 0x00, 0x3F, 0x80, 0x1F, 0x3F, 0xC0, 0x0F, 0xE0, 0xC7, 0x0F, 0xF0, 0x03, 0xF8,
    0xF1, 0x03, 0xFC, 0x00, 0x7E, 0xFC, 0x00, 0x3F, 0x80, 0x1F, 0x3F, 0xC0, 0x0F, 0xE0, 0xC7, 0x0F,
    0xF0, 0x03, 0xF8, 0xF1, 0x03, 0xFC, 0x00, 0x7E, 0xFC, 0x00, 0x3F, 0x80, 0x1F, 0x3F, 0xC0, 0x0F,
    0xE0, 0xC7, 0x0F, 0xF0, 0x03, 0xF8, 0xF1, 0x03, 0xFC, 0x00, 0x7E, 0xFC, 0x00, 0x3F, 0x80, 0x1F,
    0x3F, 0xC0, 0x0F, 0xE0, 0xC7, 0x0F, 0xF0, 0x03, 0xF8, 0xF1, 0x03, 0xFC, 0x00, 0x7E, 0xFC, 0x00,
    0x3F, 0x80, 0x1F, 0x3F, 0xC0, 0x0F, 0xE0, 0xC7, 0x0F, 0xF0, 0x03, 0xF8, 0xF1, 0x03, 0xFC, 0x00,
    0x7E, 0xFC, 0x00, 0x3F, 0x80, 0x1F, 0x3F, 0xC0, 0x0F, 0xE0, 0xC7, 0x0F, 0xF0, 0x03, 0xF8, 0xF1,
    0x03, 0xFC, 0x00, 0x7E, 0xFC, 0x00, 0x3F, 0x80, 0x1F, 0x3F, 0xC0, 0x0F, 0xE0, 0x07, 0x01, 0x0D,
    0x29, 0x36, 0x2A, 0x00, 0xF0, 0x03, 0xF8, 0x01, 0x00, 0xF8, 0x1F, 0xFC, 0x0F, 0xE0, 0xF7, 0x7F,
    0xF8, 0x3F, 0xC0, 0xEF, 0xFF, 0xF0, 0x7F, 0x80, 0xDF, 0xFF, 0xE3, 0xFF, 0x01, 0x3F, 0xFF, 0xC7,
    0xFF, 0x03, 0x7E, 0xFE, 0x1F, 0xFF, 0x0F, 0xFC, 0x84, 0x3F, 0xC2, 0x1F, 0xF8, 0x01, 0x7E, 0x00,
    0x3F, 0xF0, 0x03, 0xFC, 0x00, 0x7E, 0xE0, 0x07, 0xF8, 0x01, 0xFC, 0xC0, 0x0F, 0xF0, 0x03, 0xF8,
    0x81, 0x1F, 0xE0, 0x07, 0xF0, 0x03, 0x3F, 0xC0, 0x0F, 0xE0, 0x07, 0x7E, 0x80, 0x1F, 0xC0, 0x0F,
    0xFC, 0xF8, 0xFF, 0xFD, 0xFF, 0xF8, 0xF1, 0xFF, 0xFB, 0xFF, 0xF1, 0xE3, 0xFF, 0xF7, 0xFF, 0xE3,
    0xC7, 0xFF, 0xEF, 0xFF, 0xC7, 0x8F, 0xFF, 0xDF, 0xFF, 0x8F, 0x1F, 0xFF, 0xBF, 0xFF, 0x1F, 0x3F,
    0xFE, 0x7F, 0xFF, 0x3F, 0x7E, 0x80, 0x1F, 0xC0, 0x0F, 0xFC, 0x00, 0x3F, 0x80, 0x1F, 0xF8, 0x01,
    0x7E, 0x00, 0x3F, 0xF0, 0x03, 0xFC, 0x00, 0x7E, 0xE0, 0x07, 0xF8, 0x01, 0xFC, 0xC0, 0x0F, 0xF0,
    0x03, 0xF8, 0x81, 0x1F, 0xE0, 0x07, 0xF0, 0x03, 0x3F, 0xC0, 0x0F, 0xE0, 0x07, 0x7E, 0x80, 0x1F,
    0xC0, 0x0F, 0xFC, 0x00, 0x3F, 0x80, 0x1F, 0xF8, 0x01, 0x7E, 0x00, 0x3F, 0xF0, 0x03, 0xFC, 0x00,
    0x7E, 0xE0, 0x07, 0xF8, 0x01, 0xFC, 0xC0, 0x0F, 0xF0, 0x03, 0xF8, 0x81, 0x1F, 0xE0, 0x07, 0xF0,
    0x03, 0x3F, 0xC0, 0x0F, 0xE0, 0x07, 0x7E, 0x80, 0x1F, 0xC0, 0x0F, 0xFC, 0x00, 0x3F, 0x80, 0x1F,
    0xF8, 0x01, 0x7E, 0x00, 0x3F, 0xF0, 0x03, 0xFC, 0x00, 0x7E, 0xE0, 0x07, 0xF8, 0x01, 0xFC, 0xC0,
    0x0F, 0xF0, 0x03, 0xF8, 0x81, 0x1F, 0xE0, 0x07, 0xF0, 0x03, 0x3F, 0xC0, 0x0F, 0xE0, 0x07, 0x7F,
    0x80, 0x1F, 0xC0, 0x8F, 0xFF, 0x00, 0x3F, 0x80, 0x1F, 0xFF, 0x01, 0x7E, 0x00, 0x3F, 0xFC, 0x03,
    0xFC, 0x00, 0x7E, 0xF8, 0x03, 0x00, 0x00, 0x00, 0xE0, 0x07, 0x00, 0x00, 0x00, 0xC0, 0x07, 0x00,
    0x00, 0x00, 0x00, 0x07, 0x00, 0x00, 0x00, 0x00, 0x00, 0x00, 0x0A, 0x45, 0x64, 0x69, 0x74, 0x6F,
    0x72, 0x46, 0x6F, 0x6E, 0x74,
};
