/** Font HelpFont, generated from fonts/FogSans-ddd.ttf - Do not edit manually **/

#include "font.h"
#include "target.h"
#include "object.h"

extern const unsigned char HelpFont_sparse_font_data[];
const unsigned char HelpFont_sparse_font_data[30104] FONT_QSPI =
{
    byte(object::ID_sparse_font) | 0x80, byte(uint(object::ID_sparse_font) >> 7),  0x93, 0xEB, 0x01, 0x18, 0x00, 0x01, 0x00, 0x16, 0x01, 0x01, 0x00, 0x00, 0x0D, 0x01,
    0x00, 0x16, 0x01, 0x01, 0x05, 0x00, 0x20, 0x5F, 0x00, 0x16, 0x01, 0x01, 0x05, 0x00, 0x01, 0x03,
    0x03, 0x13, 0x05, 0xFF, 0xFF, 0xFF, 0xFF, 0x7F, 0xE0, 0xFF, 0x01, 0x02, 0x03, 0x07, 0x08, 0x0A,
    0xF7, 0xFB, 0xFD, 0x7E, 0xBF, 0xDF, 0xEF, 0x01, 0x03, 0x0C, 0x13, 0x0E, 0x66, 0x60, 0x0C, 0xC4,
    0xC0, 0x0C, 0xCC, 0xF0, 0x7F, 0xFF, 0xF7, 0x7F, 0x98, 0x81, 0x19, 0x98, 0xE1, 0xFF, 0xFE, 0xEF,
    0xFF, 0x30, 0x03, 0x33, 0x30, 0x03, 0x63, 0x60, 0x06, 0x00, 0x03, 0x0A, 0x15, 0x0C, 0x30, 0xC0,
    0xC0, 0x9F, 0x7F, 0xFF, 0xDB, 0x0E, 0x3B, 0xFC, 0xF0, 0xF3, 0xE7, 0xC7, 0x0F, 0x37, 0xDC, 0x70,
    0xDB, 0xFF, 0xFE, 0xF1, 0x03, 0x03, 0x0C, 0x30, 0x00, 0x01, 0x01, 0x14, 0x16, 0x16, 0x60, 0x00,
    0x00, 0x0E, 0x00, 0xC0, 0xC0, 0x03, 0x1C, 0x7E, 0xC0, 0xE1, 0x07, 0x18, 0xE7, 0x80, 0x73, 0x0E,
    0x38, 0xE7, 0x3C, 0x73, 0xEE, 0x77, 0xE7, 0x7E, 0x77, 0x7E, 0xEE, 0x7E, 0xE7, 0xEE, 0x77, 0xCE,
    0x3C, 0xE7, 0x1C, 0x70, 0xCE, 0x01, 0xE7, 0x18, 0x70, 0x8E, 0x03, 0x7E, 0x38, 0xE0, 0x07, 0x07,
    0x3C, 0x70, 0x00, 0x00, 0x06, 0x01, 0x03, 0x0D, 0x13, 0x0E, 0xC0, 0x03, 0xFC, 0xC0, 0x3F, 0x38,
    0x07, 0xE7, 0xE0, 0x1C, 0xF8, 0x01, 0x3E, 0x80, 0x03, 0xF0, 0x18, 0x3F, 0x77, 0xEF, 0xCF, 0xF9,
    0x38, 0x1F, 0xE7, 0xF3, 0xFC, 0xCF, 0xFF, 0x39, 0x0F, 0x02, 0x03, 0x03, 0x08, 0x06, 0xFF, 0xFF,
    0xFF, 0x01, 0x02, 0x08, 0x15, 0x09, 0x0E, 0x1C, 0x1C, 0x38, 0x70, 0x70, 0x70, 0xE0, 0xE0, 0xE0,
    0xE0, 0xE0, 0xE0, 0xE0, 0x70, 0x70, 0x70, 0x38, 0x1C, 0x1C, 0x0E, 0x01, 0x02, 0x08, 0x15, 0x0A,
    0x70, 0x38, 0x18, 0x1C, 0x0E, 0x0E, 0x0E, 0x07, 0x07, 0x07, 0x07, 0x07, 0x07, 0x07, 0x0E, 0x0E,
    0x0E, 0x1C, 0x18, 0x38, 0x70, 0x00, 0x01, 0x08, 0x0B, 0x0A, 0x18, 0x99, 0xDB, 0xFF, 0x7E, 0x3C,
    0x7E, 0xFF, 0xDB, 0x99, 0x18, 0x01, 0x06, 0x0C, 0x10, 0x0E, 0x60, 0x00, 0x06, 0x60, 0x00, 0x06,
    0x60, 0x00, 0x06, 0xFF, 0xFF, 0xFF, 0xFF, 0x0F, 0x06, 0x60, 0x00, 0x06, 0x60, 0x00, 0x06, 0x60,
    0x00, 0x06, 0x01, 0x12, 0x03, 0x08, 0x05, 0xFF, 0xBF, 0xC9, 0x01, 0x0C, 0x06, 0x03, 0x08, 0xFF,
    0xFF, 0x03, 0x01, 0x12, 0x03, 0x04, 0x05, 0xFF, 0x0F, 0x00, 0x00, 0x08, 0x1A, 0x0A, 0x01, 0x01,
    0x03, 0x03, 0x03, 0x07, 0x07, 0x06, 0x06, 0x0E, 0x0E, 0x0C, 0x0C, 0x1C, 0x1C, 0x18, 0x38, 0x38,
    0x30, 0x30, 0x70, 0x70, 0x60, 0x60, 0xE0, 0xE0, 0x01, 0x03, 0x0B, 0x13, 0x0D, 0xF8, 0xE0, 0x8F,
    0xFF, 0x1C, 0xE7, 0xF8, 0x83, 0x1F, 0xFC, 0xE0, 0x07, 0x3F, 0xF8, 0xC1, 0x0F, 0x7E, 0xF0, 0x83,
    0x3B, 0xDE, 0x71, 0xFE, 0xE3, 0x0F, 0x3E, 0x00, 0x02, 0x03, 0x07, 0x13, 0x0D, 0x83, 0xC3, 0xE3,
    0xFF, 0xFF, 0x1F, 0x0E, 0x87, 0xC3, 0xE1, 0x70, 0x38, 0x1C, 0x0E, 0x87, 0xC3, 0x01, 0x01, 0x03,
    0x0A, 0x13, 0x0C, 0xF8, 0xF8, 0xE7, 0xFF, 0x73, 0x87, 0x1C, 0x70, 0xC0, 0x03, 0x0E, 0x78, 0xC0,
    0x01, 0x0F, 0x78, 0xC0, 0x03, 0x1E, 0x78, 0xFF, 0xFF, 0xFF, 0x3F, 0x00, 0x03, 0x0A, 0x13, 0x0B,
    0x7C, 0xF8, 0xF7, 0xFF, 0x71, 0x07, 0x1C, 0xF0, 0x80, 0x1F, 0x7C, 0xF8, 0xE1, 0xC0, 0x01, 0x07,
    0x1C, 0x70, 0xC8, 0x63, 0xFE, 0xFB, 0x87, 0x0F, 0x01, 0x03, 0x0C, 0x13, 0x0D, 0x1C, 0xC0, 0x03,
    0x7C, 0xC0, 0x07, 0xFC, 0xC0, 0x0F, 0xDC, 0xC1, 0x1D, 0x9C, 0xC3, 0x39, 0x1C, 0xC7, 0x71, 0x1C,
    0xFE, 0xFF, 0xFF, 0xFF, 0xFF, 0x1C, 0xC0, 0x01, 0x1C, 0x00, 0x00, 0x03, 0x0B, 0x13, 0x0C, 0xFE,
    0xF1, 0x8F, 0x7F, 0x00, 0x03, 0x18, 0xC0, 0xE0, 0xC7, 0x7F, 0xFE, 0x7B, 0xDC, 0x01, 0x0E, 0x70,
    0x80, 0x03, 0x1C, 0xE4, 0x71, 0xFE, 0xE7, 0x1F, 0x3E, 0x00, 0x01, 0x03, 0x0A, 0x13, 0x0C, 0x3C,
    0xF8, 0xE3, 0x0F, 0x71, 0xC0, 0x01, 0xCE, 0xBB, 0xFF, 0xFE, 0x3F, 0x7F, 0xF8, 0xE1, 0x87, 0x1F,
    0x7E, 0xF8, 0x73, 0xFE, 0xF1, 0x83, 0x07, 0x01, 0x03, 0x0A, 0x13, 0x0C, 0xFF, 0xFF, 0xFF, 0xFF,
    0x01, 0x0E, 0x38, 0xE0, 0x00, 0x07, 0x1C, 0x70, 0xC0, 0x01, 0x0E, 0x38, 0xE0, 0x00, 0x07, 0x1C,
    0x70, 0x80, 0x03, 0x0E, 0x01, 0x03, 0x0A, 0x13, 0x0C, 0xFC, 0xF8, 0xF7, 0xFF, 0xF3, 0x87, 0x1F,
    0xFE, 0xBC, 0x7F, 0xFC, 0xF0, 0xE3, 0xDF, 0xF3, 0x87, 0x1F, 0x7E, 0xF8, 0xF3, 0xFE, 0xF9, 0x87,
    0x07, 0x01, 0x03, 0x0A, 0x13, 0x0C, 0x78, 0xF0, 0xE7, 0x9F, 0xF3, 0x87, 0x1F, 0x7E, 0xF8, 0xE1,
    0xCF, 0xFF, 0xF7, 0xDF, 0x3D, 0x07, 0x1C, 0xE0, 0x80, 0x23, 0xFC, 0xF1, 0x8F, 0x0F, 0x01, 0x07,
    0x03, 0x0F, 0x05, 0xFF, 0x0F, 0x00, 0x00, 0xFE, 0x1F, 0x01, 0x07, 0x03, 0x12, 0x05, 0xFF, 0x0F,
    0x00, 0xC0, 0xFF, 0x6F, 0x32, 0x01, 0x05, 0x0C, 0x10, 0x0E, 0x03, 0x70, 0x00, 0x1F, 0xE0, 0x07,
    0xF8, 0x01, 0x3E, 0x80, 0x0F, 0xF0, 0x00, 0x0F, 0xFC, 0xE0, 0x83, 0x0F, 0x3E, 0xF0, 0x01, 0x07,
    0x10, 0x00, 0x01, 0x09, 0x0C, 0x0A, 0x0E, 0xFF, 0xFF, 0xFF, 0xFF, 0x0F, 0x00, 0x00, 0x00, 0x00,
    0x00, 0xF0, 0xFF, 0xFF, 0xFF, 0xFF, 0x01, 0x05, 0x0C, 0x10, 0x0E, 0x00, 0x08, 0xE0, 0x80, 0x0F,
    0x7C, 0xF0, 0xC1, 0x0F, 0x3F, 0xF0, 0x00, 0x1F, 0xE0, 0x03, 0xF8, 0x00, 0x3F, 0xC0, 0x07, 0xF0,
    0x00, 0x0E, 0x80, 0x00, 0x03, 0x0A, 0x13, 0x0B, 0x7C, 0xF8, 0xF7, 0xDF, 0x73, 0x87, 0x1C, 0x70,
    0x80, 0x03, 0x1E, 0xF0, 0x81, 0x07, 0x1C, 0x70, 0xC0, 0x01, 0x00, 0x1C, 0x70, 0xC0, 0x01, 0x07,
    0x01, 0x03, 0x11, 0x18, 0x13, 0xC0, 0x07, 0xE0, 0x3F, 0xE0, 0xFF, 0xE0, 0xC1, 0xE3, 0x3B, 0xC7,
    0xFE, 0x9C, 0xFD, 0xB3, 0x3B, 0x66, 0x33, 0x98, 0x67, 0x30, 0xCF, 0x60, 0x9E, 0xC1, 0x3C, 0x83,
    0x79, 0x06, 0xF3, 0x0C, 0xE6, 0x3B, 0xCE, 0xFE, 0xCF, 0xFD, 0x9F, 0x71, 0x9E, 0x03, 0x80, 0x03,
    0x80, 0x07, 0xFF, 0x07, 0xFE, 0x07, 0xF8, 0x03, 0x00, 0x03, 0x0D, 0x13, 0x0D, 0xF0, 0x00, 0x3E,
    0xC0, 0x07, 0xF8, 0x80, 0x1B, 0x70, 0x07, 0xEE, 0xC0, 0x1D, 0x9C, 0x83, 0x63, 0x70, 0x1C, 0x8E,
    0xC3, 0x7F, 0xFC, 0x8F, 0xFF, 0x73, 0x70, 0x06, 0xEE, 0x80, 0x1D, 0x70, 0x01, 0x03, 0x0B, 0x13,
    0x0D, 0xF8, 0xE7, 0xBF, 0xFF, 0x1D, 0xEE, 0x70, 0x87, 0x7B, 0x9C, 0xFF, 0xF8, 0xE7, 0xBF, 0xC3,
    0x0F, 0x7E, 0xF0, 0x83, 0x1F, 0xFC, 0xE1, 0xFE, 0xF7, 0x3F, 0xFE, 0x01, 0x01, 0x03, 0x0C, 0x13,
    0x0D, 0xF8, 0xE0, 0x3F, 0xFE, 0xE7, 0x78, 0x04, 0x07, 0xE0, 0x00, 0x0E, 0xE0, 0x00, 0x0E, 0xE0,
    0x00, 0x0E, 0xE0, 0x00, 0x0E, 0xE0, 0x04, 0xE7, 0x78, 0xFE, 0xE3, 0x3F, 0xF8, 0x00, 0x01, 0x03,
    0x0B, 0x13, 0x0D, 0xF0, 0xE7, 0xBF, 0xFF, 0x3D, 0xEE, 0xF0, 0x83, 0x1F, 0xFC, 0xE0, 0x07, 0x3F,
    0xF8, 0xC1, 0x0F, 0x7E, 0xF0, 0x83, 0x3B, 0xDC, 0xE3, 0xFE, 0xE7, 0x3F, 0xFC, 0x01, 0x01, 0x03,
    0x09, 0x13, 0x0B, 0xFF, 0xFF, 0xFF, 0x07, 0x0E, 0x1C, 0x38, 0x70, 0xE0, 0xFE, 0xFD, 0xFB, 0x07,
    0x0E, 0x1C, 0x38, 0x70, 0xE0, 0xFF, 0xFF, 0xFF, 0x07, 0x01, 0x03, 0x09, 0x13, 0x0B, 0xFF, 0xFF,
    0xFF, 0x07, 0x0E, 0x1C, 0x38, 0x70, 0xE0, 0xFE, 0xFD, 0xFB, 0x07, 0x0E, 0x1C, 0x38, 0x70, 0xE0,
    0xC0, 0x81, 0x03, 0x07, 0x01, 0x03, 0x0C, 0x13, 0x0E, 0xF8, 0xE0, 0x3F, 0xFF, 0xE3, 0x78, 0x04,
    0x07, 0xF0, 0x00, 0x0E, 0xE0, 0x3F, 0xFE, 0xE3, 0x3F, 0x7E, 0xE0, 0x07, 0x7E, 0xE0, 0x07, 0xF7,
    0x78, 0xFF, 0xF7, 0x3F, 0xFC, 0x00, 0x01, 0x03, 0x0B, 0x13, 0x0D, 0x07, 0x3F, 0xF8, 0xC1, 0x0F,
    0x7E, 0xF0, 0x83, 0x1F, 0xFC, 0xFF, 0xFF, 0xFF, 0xFF, 0xC1, 0x0F, 0x7E, 0xF0, 0x83, 0x1F, 0xFC,
    0xE0, 0x07, 0x3F, 0xF8, 0xC1, 0x01, 0x01, 0x03, 0x07, 0x13, 0x09, 0xFF, 0xFF, 0x9F, 0xC3, 0xE1,
    0x70, 0x38, 0x1C, 0x0E, 0x87, 0xC3, 0xE1, 0x70, 0x38, 0xFF, 0xFF, 0x1F, 0x00, 0x03, 0x08, 0x13,
    0x09, 0x07, 0x07, 0x07, 0x07, 0x07, 0x07, 0x07, 0x07, 0x07, 0x07, 0x07, 0x07, 0x07, 0x07, 0x07,
    0x47, 0x7F, 0x7E, 0x7C, 0x01, 0x03, 0x0B, 0x13, 0x0C, 0x0E, 0x77, 0x38, 0xC7, 0x79, 0x8E, 0x73,
    0xB8, 0xC3, 0x1D, 0xFC, 0xE0, 0x07, 0x3F, 0xFC, 0xE1, 0x8F, 0x73, 0x9C, 0xF3, 0x9C, 0xE3, 0x1E,
    0x77, 0xF8, 0xC3, 0x01, 0x01, 0x03, 0x09, 0x13, 0x0A, 0xC0, 0x81, 0x03, 0x07, 0x0E, 0x1C, 0x38,
    0x70, 0xE0, 0xC0, 0x81, 0x03, 0x07, 0x0E, 0x1C, 0x38, 0x70, 0xE0, 0xFF, 0xFF, 0xFF, 0x07, 0x01,
    0x03, 0x0E, 0x13, 0x10, 0x0F, 0xFC, 0x03, 0xFF, 0xE0, 0x7F, 0xF8, 0x1F, 0xFE, 0xCF, 0xFF, 0xF3,
    0xFF, 0xEC, 0xF7, 0xFB, 0xFD, 0x7E, 0x9E, 0x9F, 0xE7, 0xC7, 0xF8, 0x31, 0x7E, 0x80, 0x1F, 0xE0,
    0x07, 0xF8, 0x01, 0x7E, 0x80, 0x03, 0x01, 0x03, 0x0B, 0x13, 0x0D, 0x87, 0x3F, 0xFC, 0xF1, 0x8F,
    0x7F, 0xFC, 0xF3, 0x9F, 0xFF, 0xEC, 0x77, 0xBF, 0xFB, 0xCD, 0x7F, 0xFE, 0xF3, 0x8F, 0x7F, 0xFC,
    0xE3, 0x0F, 0x7F, 0xF8, 0xC3, 0x01, 0x01, 0x03, 0x0C, 0x13, 0x0E, 0xF0, 0xC0, 0x3F, 0xFE, 0xE7,
    0x70, 0x0E, 0x77, 0xE0, 0x07, 0x7E, 0xE0, 0x07, 0x7E, 0xE0, 0x07, 0x7E, 0xE0, 0x07, 0x7E, 0xE0,
    0x0E, 0xE7, 0x70, 0xFE, 0xC7, 0x3F, 0xF0, 0x00, 0x01, 0x03, 0x0A, 0x13, 0x0C, 0xF8, 0xFB, 0xEF,
    0xFF, 0xE3, 0x87, 0x1F, 0x7E, 0xF8, 0xE1, 0x87, 0x3F, 0xEE, 0xBF, 0xFF, 0xFC, 0x03, 0x0E, 0x38,
    0xE0, 0x80, 0x03, 0x0E, 0x38, 0x01, 0x03, 0x0C, 0x18, 0x0E, 0xF0, 0xC0, 0x3F, 0xFE, 0xE7, 0x78,
    0x0E, 0x77, 0xE0, 0x07, 0x7E, 0xE0, 0x07, 0x7E, 0xE0, 0x07, 0x7E, 0xE0, 0x07, 0x7E, 0xE0, 0x0F,
    0xEF, 0x70, 0xFE, 0xC7, 0x3F, 0xFC, 0x01, 0x0F, 0x70, 0xF0, 0x07, 0x3F, 0xF0, 0x01, 0x01, 0x03,
    0x0B, 0x13, 0x0C, 0xF8, 0xE7, 0xBF, 0xFF, 0x1D, 0xEE, 0x70, 0x87, 0x3B, 0xDC, 0xE3, 0xFC, 0xE7,
    0x3F, 0xFC, 0xE1, 0x8E, 0x73, 0x9C, 0x73, 0x9C, 0xE3, 0x1E, 0x77, 0xF8, 0xC3, 0x01, 0x00, 0x03,
    0x0B, 0x13, 0x0D, 0xF8, 0xF0, 0x9F, 0xFF, 0x1C, 0x4F, 0x70, 0x80, 0x03, 0x1E, 0xFC, 0xFC, 0xF3,
    0xDF, 0x3F, 0x3E, 0xF0, 0x80, 0x03, 0x1C, 0xEC, 0xF1, 0xFE, 0xF7, 0x1F, 0x7E, 0x00, 0x01, 0x03,
    0x0B, 0x13, 0x0D, 0xFF, 0xFF, 0xFF, 0xFF, 0xE1, 0x00, 0x07, 0x38, 0xC0, 0x01, 0x0E, 0x70, 0x80,
    0x03, 0x1C, 0xE0, 0x00, 0x07, 0x38, 0xC0, 0x01, 0x0E, 0x70, 0x80, 0x03, 0x1C, 0x00, 0x01, 0x03,
    0x0B, 0x13, 0x0D, 0x07, 0x3F, 0xF8, 0xC1, 0x0F, 0x7E, 0xF0, 0x83, 0x1F, 0xFC, 0xE0, 0x07, 0x3F,
    0xF8, 0xC1, 0x0F, 0x7E, 0xF0, 0x83, 0x1F, 0xDC, 0x71, 0xFE, 0xE3, 0x0F, 0x3E, 0x00, 0x00, 0x03,
    0x0C, 0x13, 0x0C, 0x07, 0x7E, 0x60, 0x07, 0x67, 0x70, 0x0E, 0xE7, 0x70, 0x8E, 0xC3, 0x38, 0x9C,
    0xC3, 0x39, 0x9C, 0xC1, 0x1D, 0xD8, 0x81, 0x1F, 0xF8, 0x80, 0x0F, 0xF0, 0x00, 0x0F, 0xF0, 0x00,
    0x00, 0x03, 0x12, 0x13, 0x12, 0x87, 0x83, 0x1D, 0x1E, 0x67, 0x78, 0x9C, 0xE3, 0x71, 0x8E, 0xC7,
    0x39, 0x1F, 0xE7, 0xFC, 0x0C, 0xF3, 0x3B, 0xDC, 0xEF, 0x70, 0xBB, 0xC3, 0xCD, 0x0E, 0x3F, 0x1B,
    0xF8, 0x7C, 0xE0, 0xF3, 0x81, 0xC7, 0x07, 0x1E, 0x1E, 0x78, 0x78, 0xE0, 0xE1, 0x00, 0x87, 0x03,
    0x00, 0x03, 0x0D, 0x13, 0x0D, 0x0E, 0xCE, 0xC1, 0x71, 0x1C, 0x8E, 0x83, 0x3B, 0x70, 0x07, 0xFC,
    0x80, 0x0F, 0xE0, 0x01, 0x1C, 0xC0, 0x07, 0xF8, 0x00, 0x3F, 0x70, 0x07, 0xCE, 0xE1, 0x38, 0x1C,
    0xCF, 0xC1, 0x39, 0x38, 0x00, 0x03, 0x0B, 0x13, 0x0C, 0x07, 0x3F, 0xB8, 0xE3, 0x1C, 0xE7, 0x38,
    0xEE, 0x70, 0x87, 0x3B, 0xF8, 0xC0, 0x07, 0x1C, 0xE0, 0x00, 0x07, 0x38, 0xC0, 0x01, 0x0E, 0x70,
    0x80, 0x03, 0x1C, 0x00, 0x01, 0x03, 0x09, 0x13, 0x0B, 0xFF, 0xFF, 0xFF, 0x3F, 0xE0, 0xC0, 0x01,
    0x07, 0x0E, 0x38, 0x70, 0xC0, 0x81, 0x03, 0x06, 0x1C, 0x38, 0xE0, 0xFF, 0xFF, 0xFF, 0x07, 0x02,
    0x03, 0x06, 0x16, 0x08, 0xFF, 0xFF, 0xE3, 0x38, 0x8E, 0xE3, 0x38, 0x8E, 0xE3, 0x38, 0x8E, 0xE3,
    0x38, 0x8E, 0xFF, 0xFF, 0x0F, 0x01, 0x01, 0x09, 0x15, 0x0A, 0xC0, 0x81, 0x03, 0x03, 0x07, 0x0E,
    0x0C, 0x1C, 0x38, 0x30, 0x70, 0xE0, 0xC0, 0xC0, 0x81, 0x03, 0x03, 0x07, 0x0E, 0x0C, 0x1C, 0x38,
    0x30, 0x00, 0x01, 0x03, 0x06, 0x16, 0x08, 0xFF, 0xFF, 0x1F, 0xC7, 0x71, 0x1C, 0xC7, 0x71, 0x1C,
    0xC7, 0x71, 0x1C, 0xC7, 0x71, 0xFC, 0xFF, 0x0F, 0x01, 0x03, 0x0B, 0x0B, 0x0D, 0x70, 0x80, 0x03,
    0x1C, 0xB0, 0x81, 0x0D, 0xEE, 0x30, 0x86, 0x31, 0x06, 0x33, 0xD8, 0xC1, 0x01, 0x00, 0x18, 0x0A,
    0x01, 0x0A, 0xFF, 0x03, 0x01, 0x00, 0x05, 0x05, 0x0A, 0xDC, 0x39, 0x33, 0x00, 0x01, 0x07, 0x09,
    0x0F, 0x0B, 0x7C, 0xFC, 0xFD, 0x3F, 0x76, 0xE0, 0xC0, 0x9F, 0x7F, 0xE7, 0x8F, 0x1F, 0x7F, 0xFE,
    0xFF, 0xDF, 0x3D, 0x01, 0x01, 0x0A, 0x15, 0x0C, 0x80, 0x03, 0x0E, 0x38, 0xE0, 0x80, 0x03, 0xCE,
    0xBB, 0xFF, 0xFE, 0x3F, 0x7F, 0xF8, 0xE1, 0x87, 0x1F, 0x7E, 0xF8, 0xE1, 0x87, 0x3B, 0xEF, 0xBF,
    0xFF, 0x3C, 0x03, 0x01, 0x07, 0x09, 0x0F, 0x0B, 0x3E, 0xFE, 0xFC, 0x13, 0x07, 0x1C, 0x38, 0x70,
    0xE0, 0xC0, 0x81, 0x03, 0x17, 0xFF, 0xEF, 0x8F, 0x0F, 0x01, 0x01, 0x0A, 0x15, 0x0C, 0x07, 0x1C,
    0x70, 0xC0, 0x01, 0x07, 0x1C, 0x70, 0xCF, 0x7F, 0xFF, 0x3D, 0x7F, 0xF8, 0xE1, 0x87, 0x1F, 0x7E,
    0xF8, 0xE1, 0x87, 0x3F, 0xFF, 0xDF, 0x7F, 0xF7, 0x00, 0x01, 0x07, 0x0A, 0x0F, 0x0C, 0x78, 0xF8,
    0xE3, 0xDF, 0x71, 0x87, 0xFF, 0xFF, 0xFF, 0xFF, 0x80, 0x03, 0x0E, 0xB8, 0xF1, 0xFF, 0xF9, 0xC3,
    0x07, 0x01, 0x01, 0x07, 0x15, 0x08, 0x8F, 0xCF, 0x0F, 0x87, 0xC3, 0xF9, 0xFD, 0x7E, 0x1C, 0x0E,
    0x87, 0xC3, 0xE1, 0x70, 0x38, 0x1C, 0x0E, 0x87, 0x03, 0x01, 0x07, 0x0A, 0x15, 0x0C, 0x73, 0xFC,
    0xF7, 0xDF, 0xF3, 0x87, 0x1F, 0x7E, 0xF8, 0xE1, 0x87, 0x1F, 0x7E, 0xF8, 0xF3, 0xFF, 0xFD, 0x77,
    0xCF, 0x01, 0x07, 0x3C, 0xE4, 0x9F, 0xFF, 0xF8, 0x00, 0x01, 0x01, 0x0A, 0x15, 0x0C, 0x80, 0x03,
    0x0E, 0x38, 0xE0, 0x80, 0x03, 0xCE, 0xB9, 0xEF, 0xFF, 0xBF, 0x7F, 0xF8, 0xE1, 0x87, 0x1F, 0x7E,
    0xF8, 0xE1, 0x87, 0x1F, 0x7E, 0xF8, 0xE1, 0x87, 0x03, 0x01, 0x01, 0x03, 0x15, 0x05, 0xFF, 0x01,
    0xFC, 0xFF, 0xFF, 0xFF, 0xFF, 0x7F, 0x00, 0x01, 0x06, 0x1B, 0x08, 0xC7, 0x71, 0x00, 0x00, 0x70,
    0x1C, 0xC7, 0x71, 0x1C, 0xC7, 0x71, 0x1C, 0xC7, 0x71, 0x1C, 0xC7, 0x71, 0x1C, 0xBF, 0xCF, 0x03,
    0x01, 0x01, 0x0A, 0x15, 0x0B, 0x80, 0x03, 0x0E, 0x38, 0xE0, 0x80, 0x03, 0xEE, 0xB8, 0xE3, 0x9C,
    0xE3, 0x8E, 0x3B, 0xFC, 0xF0, 0xC3, 0x8F, 0x3F, 0xFE, 0x9C, 0x73, 0xCE, 0xB8, 0xE3, 0x86, 0x03,
    0x01, 0x01, 0x04, 0x15, 0x05, 0xEE, 0xEE, 0xEE, 0xEE, 0xEE, 0xEE, 0xEE, 0xEE, 0xEE, 0xFF, 0x06,
    0x01, 0x07, 0x0F, 0x0F, 0x11, 0x9E, 0x73, 0xDF, 0xFF, 0xFF, 0xFF, 0x3C, 0x7F, 0x1C, 0x3F, 0x8E,
    0x1F, 0xC7, 0x8F, 0xE3, 0xC7, 0xF1, 0xE3, 0xF8, 0x71, 0xFC, 0x38, 0x7E, 0x1C, 0x3F, 0x8E, 0x1F,
    0xC7, 0x01, 0x01, 0x07, 0x0A, 0x0F, 0x0C, 0x9E, 0xFB, 0xFE, 0xFF, 0xFB, 0x87, 0x1F, 0x7E, 0xF8,
    0xE1, 0x87, 0x1F, 0x7E, 0xF8, 0xE1, 0x87, 0x1F, 0x7E, 0x38, 0x01, 0x07, 0x0A, 0x0F, 0x0C, 0x78,
    0xF0, 0xE3, 0x9F, 0xF3, 0x87, 0x1F, 0x7E, 0xF8, 0xE1, 0x87, 0x1F, 0x7E, 0xB8, 0xF3, 0xFE, 0xF9,
    0x83, 0x07, 0x01, 0x07, 0x0A, 0x15, 0x0C, 0xBC, 0xFB, 0xEF, 0xFF, 0xF3, 0x87, 0x1F, 0x7E, 0xF8,
    0xE1, 0x87, 0x1F, 0x7E, 0xB8, 0xF3, 0xFE, 0xFB, 0xCF, 0x3B, 0xE0, 0x80, 0x03, 0x0E, 0x38, 0xE0,
    0x80, 0x03, 0x01, 0x07, 0x0A, 0x15, 0x0C, 0xF3, 0xFC, 0xF7, 0xDF, 0xF3, 0x87, 0x1F, 0x7E, 0xF8,
    0xE1, 0x87, 0x1F, 0x7E, 0xF8, 0xF3, 0xFF, 0xFD, 0x77, 0xCF, 0x01, 0x07, 0x1C, 0x70, 0xC0, 0x01,
    0x07, 0x00, 0x01, 0x07, 0x07, 0x0F, 0x08, 0xF7, 0xFF, 0x1F, 0x0F, 0x87, 0xC3, 0xE1, 0x70, 0x38,
    0x1C, 0x0E, 0x87, 0xC3, 0x01, 0x00, 0x06, 0x09, 0x10, 0x09, 0x7C, 0xFC, 0xFD, 0x37, 0x4E, 0x1C,
    0x3C, 0x7E, 0x7F, 0xFE, 0x7E, 0x3C, 0x38, 0x70, 0xEC, 0xBF, 0x7F, 0x3E, 0x01, 0x03, 0x07, 0x13,
    0x08, 0x38, 0x1C, 0x0E, 0xE7, 0xF7, 0xFB, 0x71, 0x38, 0x1C, 0x0E, 0x87, 0xC3, 0xE1, 0x70, 0x3E,
    0xCF, 0x07, 0x01, 0x07, 0x0A, 0x0F, 0x0C, 0x87, 0x1F, 0x7E, 0xF8, 0xE1, 0x87, 0x1F, 0x7E, 0xF8,
    0xE1, 0x87, 0x1F, 0x7E, 0xF8, 0xE3, 0xFF, 0xFF, 0x77, 0x0E, 0x00, 0x07, 0x0A, 0x0F, 0x0A, 0x87,
    0x1F, 0x76, 0x9C, 0x71, 0xCE, 0x39, 0xE3, 0x0E, 0x3B, 0xFC, 0xF0, 0xC1, 0x07, 0x1E, 0x78, 0xE0,
    0x80, 0x03, 0x00, 0x07, 0x0F, 0x0F, 0x10, 0xC3, 0xF0, 0x63, 0xD8, 0x71, 0xEC, 0x3C, 0x67, 0x9E,
    0x33, 0xCF, 0x99, 0xEF, 0xEC, 0x36, 0x3E, 0x1B, 0x9F, 0x0D, 0xCF, 0x87, 0xC7, 0xC3, 0xE1, 0xE0,
    0x70, 0x70, 0x38, 0x00, 0x00, 0x07, 0x0A, 0x0F, 0x0B, 0xC7, 0x1D, 0xE7, 0x8C, 0x3B, 0x6C, 0xF0,
    0x81, 0x07, 0x0E, 0x78, 0xF0, 0xC1, 0x8F, 0x3B, 0xCE, 0x1D, 0x77, 0x18, 0x00, 0x07, 0x0B, 0x15,
    0x0C, 0x87, 0x3B, 0xDC, 0x61, 0x8C, 0xE3, 0x1C, 0xE7, 0x30, 0x83, 0x1D, 0xFC, 0xE0, 0x07, 0x1E,
    0xF0, 0x80, 0x07, 0x1C, 0xC0, 0x00, 0x0E, 0x70, 0x00, 0x03, 0xF8, 0x80, 0x07, 0x3C, 0x01, 0x07,
    0x08, 0x0F, 0x0A, 0xFF, 0xFF, 0xFF, 0x07, 0x0E, 0x0E, 0x1C, 0x38, 0x38, 0x70, 0x70, 0xE0, 0xFF,
    0xFF, 0xFF, 0x01, 0x03, 0x08, 0x16, 0x0A, 0x07, 0x0F, 0x1F, 0x1C, 0x1C, 0x1C, 0x1C, 0x1C, 0x1C,
    0x38, 0xF8, 0xE0, 0xF8, 0x3C, 0x1C, 0x1C, 0x1C, 0x1C, 0x1C, 0x1F, 0x0F, 0x07, 0x03, 0x03, 0x03,
    0x18, 0x09, 0xFF, 0xFF, 0xFF, 0xFF, 0xFF, 0xFF, 0xFF, 0xFF, 0xFF, 0x00, 0x03, 0x08, 0x16, 0x09,
    0xF0, 0xF8, 0xFC, 0x3C, 0x1C, 0x1C, 0x1C, 0x1C, 0x1C, 0x0E, 0x0F, 0x03, 0x0F, 0x1E, 0x1C, 0x1C,
    0x1C, 0x1C, 0x1C, 0xFC, 0xF8, 0xF0, 0x01, 0x09, 0x0B, 0x05, 0x0D, 0xC0, 0x9B, 0xFF, 0xFF, 0xFF,
    0xEC, 0x01, 0xA0, 0x01, 0xE0, 0x01, 0x00, 0x16, 0x01, 0x01, 0x05, 0x00, 0x01, 0x07, 0x03, 0x15,
    0x05, 0xFF, 0x0F, 0xFC, 0xFF, 0xFF, 0xFF, 0xFF, 0x7F, 0x01, 0x03, 0x09, 0x16, 0x0B, 0x06, 0x0C,
    0x18, 0x20, 0xE0, 0xE3, 0xCF, 0x3F, 0x77, 0xCC, 0x99, 0x63, 0xC7, 0x8E, 0x1D, 0x3B, 0x76, 0x7D,
    0xFF, 0xFE, 0xF8, 0x80, 0x01, 0x03, 0x06, 0x01, 0x03, 0x0B, 0x13, 0x0D, 0xF8, 0xF0, 0x8F, 0xFF,
    0x8C, 0x07, 0x38, 0xC0, 0x01, 0x0E, 0x38, 0xF8, 0xC7, 0x3F, 0xFE, 0x81, 0x03, 0x1C, 0xE0, 0x00,
    0x06, 0x70, 0xFF, 0xFF, 0xFF, 0xFF, 0x01, 0x01, 0x06, 0x0B, 0x0F, 0x0D, 0x02, 0xB2, 0x9B, 0xFF,
    0xFC, 0xC7, 0x18, 0x87, 0x19, 0xCC, 0x60, 0x06, 0x33, 0x18, 0x63, 0xFC, 0xE7, 0x3F, 0xBB, 0x09,
    0x08, 0x00, 0x03, 0x0C, 0x13, 0x0C, 0x07, 0x6F, 0x70, 0x8E, 0xE7, 0x38, 0x8C, 0xC3, 0x1D, 0xD8,
    0xE1, 0x7F, 0xFE, 0xE7, 0x7F, 0x70, 0xE0, 0x7F, 0xFE, 0xE7, 0x7F, 0x70, 0x00, 0x07, 0x70, 0x00,
    0x07, 0x70, 0x00, 0x03, 0x02, 0x03, 0x1A, 0x09, 0xFF, 0xFF, 0xFF, 0x07, 0x00, 0x00, 0xF8, 0xFF,
    0xFF, 0x3F, 0x01, 0x03, 0x09, 0x19, 0x0B, 0x7C, 0xFC, 0xFD, 0x37, 0x0E, 0x1C, 0x3C, 0x3C, 0x3C,
    0x7C, 0xFC, 0x39, 0x7F, 0x7E, 0xFC, 0xFC, 0x39, 0x7F, 0x7C, 0x78, 0x78, 0x78, 0x70, 0xE0, 0xD8,
    0x7F, 0x7F, 0x7C, 0x00, 0x02, 0x02, 0x07, 0x03, 0x0A, 0xF7, 0xFB, 0x1D, 0x01, 0x03, 0x10, 0x16,
    0x12, 0xC0, 0x03, 0xF0, 0x0F, 0x38, 0x1C, 0x1C, 0x38, 0xCE, 0x73, 0xE6, 0x67, 0xE6, 0x67, 0x63,
    0xCE, 0x03, 0xCC, 0x03, 0xCC, 0x03, 0xCC, 0x03, 0xCC, 0x03, 0xCC, 0x63, 0xCE, 0xE3, 0xC7, 0xE6,
    0x67, 0xC6, 0x63, 0x0C, 0x70, 0x1C, 0x38, 0x38, 0x1C, 0xF0, 0x0F, 0xC0, 0x07, 0x01, 0x00, 0x06,
    0x0A, 0x08, 0xDE, 0x3F, 0x0D, 0xDF, 0x3F, 0xCF, 0xFF, 0x07, 0x00, 0x08, 0x0D, 0x0D, 0x0E, 0x8E,
    0xC3, 0x71, 0x70, 0x1C, 0x9C, 0x83, 0xE3, 0xE0, 0x38, 0x38, 0x87, 0xE3, 0x38, 0x0E, 0xE7, 0x70,
    0x1C, 0xC7, 0xE1, 0x38, 0x00, 0x01, 0x08, 0x0C, 0x0A, 0x0E, 0xFF, 0xFF, 0xFF, 0xFF, 0x3F, 0x00,
    0x03, 0x30, 0x00, 0x03, 0x30, 0x00, 0x03, 0x30, 0x00, 0x01, 0x0C, 0x06, 0x03, 0x08, 0xFF, 0xFF,
    0x03, 0x01, 0x03, 0x10, 0x16, 0x12, 0xC0, 0x03, 0xF0, 0x0F, 0x38, 0x1C, 0x1C, 0x38, 0xCE, 0x77,
    0xE6, 0x67, 0xE6, 0x67, 0x63, 0xC6, 0x63, 0xC6, 0xE3, 0xC7, 0xC3, 0xC7, 0xC3, 0xC7, 0xC3, 0xC6,
    0xE3, 0xC6, 0x63, 0xC6, 0x66, 0x66, 0x06, 0x60, 0x0C, 0x70, 0x1C, 0x38, 0x38, 0x1C, 0xF0, 0x0F,
    0xC0, 0x07, 0x02, 0x01, 0x07, 0x03, 0x0B, 0xFF, 0xFF, 0x1F, 0x00, 0x00, 0x06, 0x09, 0x08, 0x8C,
    0xF7, 0xCF, 0xF3, 0xFC, 0x7B, 0x0C, 0x01, 0x01, 0x0C, 0x15, 0x0E, 0x60, 0x00, 0x06, 0x60, 0x00,
    0x06, 0x60, 0x00, 0x06, 0xFF, 0xFF, 0xFF, 0xFF, 0x0F, 0x06, 0x60, 0x00, 0x06, 0x60, 0x00, 0x06,
    0x60, 0x00, 0x06, 0x00, 0x00, 0x00, 0xFF, 0xFF, 0xFF, 0xFF, 0x0F, 0x00, 0x00, 0x07, 0x0D, 0x09,
    0x1E, 0xFF, 0xFF, 0x74, 0x38, 0x38, 0x3C, 0x3C, 0xDC, 0xFF, 0xFF, 0x07, 0x00, 0x00, 0x08, 0x0D,
    0x09, 0x3E, 0x7E, 0xFF, 0x27, 0x07, 0x3E, 0x3E, 0x3F, 0x07, 0x67, 0xFF, 0x7E, 0x3C, 0x03, 0x00,
    0x05, 0x05, 0x0A, 0xE7, 0x38, 0xC6, 0x00, 0x01, 0x07, 0x0A, 0x15, 0x0C, 0x87, 0x1F, 0x7E, 0xF8,
    0xE1, 0x87, 0x1F, 0x7E, 0xF8, 0xE1, 0x87, 0x1F, 0x7E, 0xF8, 0xF3, 0xFF, 0xFF, 0x7F, 0x3F, 0xE0,
    0x80, 0x03, 0x0E, 0x38, 0xE0, 0x80, 0x03, 0x01, 0x03, 0x0C, 0x16, 0x0E, 0xFF, 0xF1, 0x7F, 0xFF,
    0xEF, 0xFE, 0xEE, 0xEF, 0xFE, 0xEE, 0xEF, 0xFE, 0xEE, 0xE7, 0x3E, 0xEE, 0xE0, 0x0E, 0xEE, 0xE0,
    0x0E, 0xEE, 0xE0, 0x0E, 0xEE, 0xE0, 0x0E, 0xEE, 0xE0, 0x0E, 0xEE, 0xE0, 0x0E, 0x01, 0x0A, 0x03,
    0x04, 0x05, 0xFF, 0x0F, 0x02, 0x16, 0x06, 0x06, 0x0B, 0x86, 0x73, 0x0C, 0x9F, 0x07, 0x01, 0x00,
    0x06, 0x0D, 0x0A, 0xC3, 0xF1, 0xFC, 0xFF, 0x71, 0x1C, 0xC7, 0x71, 0x1C, 0x07, 0x01, 0x00, 0x07,
    0x0B, 0x09, 0x1C, 0xDF, 0x7F, 0x3C, 0x1E, 0x8F, 0xC7, 0x7F, 0x1F, 0x07, 0x00, 0x08, 0x0D, 0x0D,
    0x0E, 0x70, 0x1C, 0xCE, 0xE1, 0x38, 0x8E, 0xC3, 0x39, 0x1C, 0xC7, 0x71, 0x70, 0x1C, 0x9C, 0x83,
    0xE3, 0xE0, 0x38, 0x38, 0x07, 0xC7, 0x01, 0x00, 0x02, 0x14, 0x15, 0x15, 0xC0, 0x00, 0x00, 0x0C,
    0x1C, 0xC0, 0xC0, 0x01, 0x18, 0xFC, 0x80, 0xC1, 0x0F, 0x18, 0x1C, 0x00, 0xC3, 0x01, 0x30, 0x1C,
    0x0E, 0xC3, 0xE1, 0x61, 0x1C, 0x1E, 0xC6, 0xE1, 0xE3, 0x1C, 0x7E, 0xCC, 0xE1, 0xC6, 0x00, 0xCE,
    0x1C, 0xF0, 0x8F, 0x01, 0xFF, 0x18, 0xF0, 0x8F, 0x03, 0x0E, 0x30, 0xE0, 0x00, 0x03, 0x00, 0x70,
    0x00, 0x00, 0x02, 0x14, 0x15, 0x15, 0xC0, 0x00, 0x00, 0x0C, 0x1C, 0xC0, 0xC1, 0x01, 0x18, 0xFC,
    0x80, 0xC1, 0x0F, 0x30, 0x1C, 0x00, 0xC3, 0x01, 0x70, 0x1C, 0x1E, 0xC6, 0xF1, 0x67, 0x1C, 0x7F,
    0xCE, 0x71, 0xC2, 0x1C, 0x07, 0xCC, 0xF1, 0xC0, 0x01, 0x0E, 0x18, 0xC0, 0x81, 0x03, 0x38, 0x38,
    0xF0, 0x07, 0x03, 0x7F, 0x70, 0xF0, 0x07, 0x07, 0x00, 0x60, 0x00, 0x00, 0x02, 0x14, 0x15, 0x15,
    0x60, 0xC0, 0x03, 0x06, 0x7E, 0xC0, 0xF0, 0x0F, 0x0C, 0x27, 0xC0, 0x71, 0x00, 0x18, 0x3E, 0x80,
    0xE1, 0x03, 0x38, 0x3F, 0x0E, 0x73, 0xE0, 0x31, 0x67, 0x1E, 0xF7, 0xEF, 0x63, 0x7E, 0x6E, 0xCE,
    0xE3, 0xE6, 0x00, 0xCE, 0x0C, 0xF0, 0xCF, 0x01, 0xFF, 0x1C, 0xF0, 0x8F, 0x01, 0x0E, 0x38, 0xE0,
    0x80, 0x03, 0x00, 0x70, 0x00, 0x01, 0x07, 0x0A, 0x15, 0x0B, 0x38, 0xE0, 0x80, 0x03, 0x0E, 0x00,
    0x00, 0x80, 0x03, 0x0E, 0x38, 0xE0, 0x81, 0x0F, 0x78, 0xC0, 0x03, 0x0F, 0x38, 0xE0, 0x84, 0x3B,
    0xEF, 0x9F, 0x7F, 0x78, 0x00, 0x00, 0x7B, 0x0D, 0x1B, 0x0D, 0xC0, 0x01, 0x18, 0x80, 0x03, 0x30,
    0x00, 0x07, 0x00, 0x00, 0x00, 0x00, 0x00, 0xF0, 0x00, 0x3E, 0xC0, 0x07, 0xF8, 0x80, 0x1B, 0x70,
    0x07, 0xEE, 0xC0, 0x1D, 0x9C, 0x83, 0x63, 0x70, 0x1C, 0x8E, 0xC3, 0x7F, 0xFC, 0x8F, 0xFF, 0x73,
    0x70, 0x06, 0xEE, 0x80, 0x1D, 0x70, 0x00, 0x7B, 0x0D, 0x1B, 0x0D, 0x38, 0x00, 0x0E, 0x80, 0x01,
    0x70, 0x00, 0x0C, 0x00, 0x00, 0x00, 0x00, 0x00, 0xF0, 0x00, 0x3E, 0xC0, 0x07, 0xF8, 0x80, 0x1B,
    0x70, 0x07, 0xEE, 0xC0, 0x1D, 0x9C, 0x83, 0x63, 0x70, 0x1C, 0x8E, 0xC3, 0x7F, 0xFC, 0x8F, 0xFF,
    0x73, 0x70, 0x06, 0xEE, 0x80, 0x1D, 0x70, 0x00, 0x7B, 0x0D, 0x1B, 0x0D, 0xE0, 0x00, 0x1C, 0xC0,
    0x07, 0xD8, 0x80, 0x1B, 0x30, 0x06, 0x00, 0x00, 0x00, 0xF0, 0x00, 0x3E, 0xC0, 0x07, 0xF8, 0x80,
    0x1B, 0x70, 0x07, 0xEE, 0xC0, 0x1D, 0x9C, 0x83, 0x63, 0x70, 0x1C, 0x8E, 0xC3, 0x7F, 0xFC, 0x8F,
    0xFF, 0x73, 0x70, 0x06, 0xEE, 0x80, 0x1D, 0x70, 0x00, 0x7C, 0x0C, 0x1A, 0x0E, 0xCC, 0xC1, 0x1E,
    0xFC, 0xC3, 0x37, 0x38, 0x03, 0x00, 0x00, 0x00, 0x0F, 0xF0, 0x00, 0x0F, 0xF8, 0x80, 0x1F, 0xF8,
    0x81, 0x1D, 0x9C, 0xC1, 0x39, 0x9C, 0xC3, 0x39, 0x8E, 0xE3, 0x7F, 0xFE, 0xE7, 0x7F, 0x07, 0x76,
    0xE0, 0x07, 0x7E, 0xE0, 0x00, 0x7D, 0x0D, 0x19, 0x0D, 0xB8, 0x03, 0x77, 0xE0, 0x0E, 0x00, 0x00,
    0x00, 0x00, 0x00, 0x38, 0x80, 0x07, 0xF0, 0x01, 0x3E, 0xC0, 0x06, 0xDC, 0x80, 0x3B, 0x70, 0x07,
    0xEE, 0xE0, 0x18, 0x1C, 0x87, 0xE3, 0xF0, 0x1F, 0xFF, 0xE3, 0xFF, 0x1C, 0x9C, 0x83, 0x33, 0x70,
    0x07, 0x1C, 0x00, 0x7B, 0x0B, 0x1B, 0x0C, 0x30, 0xC0, 0x03, 0x12, 0x90, 0x80, 0x07, 0x18, 0x00,
    0x00, 0x00, 0x78, 0xC0, 0x03, 0x1E, 0xF8, 0xC0, 0x0F, 0x7E, 0x30, 0x83, 0x19, 0xCE, 0x71, 0x8E,
    0x73, 0x0C, 0xF3, 0xBF, 0xFF, 0xFD, 0xEF, 0x70, 0x03, 0x1B, 0xF8, 0xC0, 0x01, 0x00, 0x03, 0x11,
    0x13, 0x12, 0xFF, 0x0F, 0xFE, 0x1F, 0xFC, 0x7F, 0x00, 0xEE, 0x00, 0xDC, 0x01, 0x38, 0x07, 0x70,
    0x0E, 0xE0, 0x1C, 0xFE, 0x39, 0xFC, 0xE3, 0xF8, 0xC7, 0x01, 0xFE, 0x03, 0xFC, 0x0F, 0xF8, 0x1F,
    0x70, 0x38, 0xE0, 0x60, 0xFF, 0xC1, 0xFF, 0x83, 0xFF, 0x07, 0x07, 0x01, 0x03, 0x0C, 0x19, 0x0D,
    0xF8, 0xE0, 0x3F, 0xFE, 0xE3, 0x78, 0x04, 0x07, 0xE0, 0x00, 0x0E, 0xE0, 0x00, 0x0E, 0xE0, 0x00,
    0x0E, 0xE0, 0x00, 0x0E, 0xE0, 0x04, 0xEF, 0x70, 0xFF, 0xE7, 0x3F, 0xFC, 0x01, 0x0F, 0x38, 0x80,
    0x03, 0x18, 0x80, 0x0F, 0xF0, 0x00, 0x01, 0x7B, 0x09, 0x1B, 0x0B, 0x70, 0xE0, 0xC0, 0xC0, 0x81,
    0x01, 0x00, 0x00, 0x00, 0xFF, 0xFF, 0xFF, 0x07, 0x0E, 0x1C, 0x38, 0x70, 0xE0, 0xFE, 0xFD, 0xFB,
    0x07, 0x0E, 0x1C, 0x38, 0x70, 0xE0, 0xFF, 0xFF, 0xFF, 0x07, 0x01, 0x7B, 0x09, 0x1B, 0x0B, 0x0C,
    0x38, 0x60, 0xC0, 0x01, 0x03, 0x00, 0x00, 0x00, 0xFF, 0xFF, 0xFF, 0x07, 0x0E, 0x1C, 0x38, 0x70,
    0xE0, 0xFE, 0xFD, 0xFB, 0x07, 0x0E, 0x1C, 0x38, 0x70, 0xE0, 0xFF, 0xFF, 0xFF, 0x07, 0x01, 0x7B,
    0x09, 0x1B, 0x0B, 0x38, 0x70, 0xF0, 0x61, 0xE3, 0xCE, 0x18, 0x00, 0x00, 0xFF, 0xFF, 0xFF, 0x07,
    0x0E, 0x1C, 0x38, 0x70, 0xE0, 0xFE, 0xFD, 0xFB, 0x07, 0x0E, 0x1C, 0x38, 0x70, 0xE0, 0xFF, 0xFF,
    0xFF, 0x07, 0x01, 0x7D, 0x09, 0x19, 0x0B, 0xEE, 0xDC, 0xB9, 0x03, 0x00, 0x00, 0xC0, 0xFF, 0xFF,
    0xFF, 0x81, 0x03, 0x07, 0x0E, 0x1C, 0xB8, 0x7F, 0xFF, 0xFE, 0x81, 0x03, 0x07, 0x0E, 0x1C, 0xF8,
    0xFF, 0xFF, 0xFF, 0x01, 0x00, 0x7B, 0x07, 0x1B, 0x09, 0x70, 0x1C, 0x0E, 0xC3, 0x00, 0x00, 0x00,
    0xFF, 0xFF, 0x9F, 0xC3, 0xE1, 0x70, 0x38, 0x1C, 0x0E, 0x87, 0xC3, 0xE1, 0x70, 0x38, 0xFF, 0xFF,
    0x1F, 0x01, 0x7B, 0x07, 0x1B, 0x09, 0x07, 0x87, 0x83, 0x83, 0x01, 0x00, 0x00, 0xFF, 0xFF, 0x9F,
    0xC3, 0xE1, 0x70, 0x38, 0x1C, 0x0E, 0x87, 0xC3, 0xE1, 0x70, 0x38, 0xFF, 0xFF, 0x1F, 0x00, 0x7B,
    0x07, 0x1B, 0x09, 0x1C, 0x8E, 0xCF, 0x76, 0x1F, 0x03, 0x00, 0xFF, 0xFF, 0x9F, 0xC3, 0xE1, 0x70,
    0x38, 0x1C, 0x0E, 0x87, 0xC3, 0xE1, 0x70, 0x38, 0xFF, 0xFF, 0x1F, 0x01, 0x7D, 0x07, 0x19, 0x09,
    0xF7, 0xFB, 0x1D, 0x00, 0x00, 0xFC, 0xFF, 0x7F, 0x0E, 0x87, 0xC3, 0xE1, 0x70, 0x38, 0x1C, 0x0E,
    0x87, 0xC3, 0xE1, 0xFC, 0xFF, 0x7F, 0x01, 0x03, 0x0D, 0x13, 0x0F, 0xF0, 0x8F, 0xFF, 0xF1, 0x3F,
    0x0F, 0xE7, 0xE0, 0x0E, 0xDC, 0x81, 0x3B, 0x70, 0xC7, 0xFF, 0xF8, 0x1F, 0xFF, 0x03, 0x77, 0xE0,
    0x0E, 0x9C, 0x83, 0xF3, 0x70, 0xFC, 0x8F, 0xFF, 0xC1, 0x3F, 0x01, 0x7C, 0x0B, 0x1A, 0x0D, 0xC6,
    0x31, 0x8F, 0xFF, 0x78, 0xC6, 0x31, 0x00, 0x00, 0xE0, 0xF0, 0x87, 0x3F, 0xFC, 0xF1, 0x8F, 0x7F,
    0xFC, 0xF3, 0x9F, 0xFD, 0xEC, 0x37, 0xBF, 0xF9, 0xCF, 0x3F, 0xFE, 0xF1, 0x8F, 0x3F, 0xFC, 0xE1,
    0x0F, 0x3F, 0x38, 0x01, 0x7B, 0x0C, 0x1B, 0x0E, 0xC0, 0x01, 0x0E, 0xE0, 0x00, 0x06, 0x30, 0x00,
    0x00, 0x00, 0x00, 0x00, 0xF0, 0xC0, 0x3F, 0xFE, 0xE7, 0x70, 0x0E, 0x77, 0xE0, 0x07, 0x7E, 0xE0,
    0x07, 0x7E, 0xE0, 0x07, 0x7E, 0xE0, 0x07, 0x7E, 0xE0, 0x0E, 0xE7, 0x70, 0xFE, 0xC7, 0x3F, 0xF0,
    0x00, 0x01, 0x7B, 0x0C, 0x1B, 0x0E, 0x38, 0x80, 0x03, 0x70, 0x00, 0x06, 0x60, 0x00, 0x00, 0x00,
    0x00, 0x00, 0xF0, 0xC0, 0x3F, 0xFE, 0xE7, 0x70, 0x0E, 0x77, 0xE0, 0x07, 0x7E, 0xE0, 0x07, 0x7E,
    0xE0, 0x07, 0x7E, 0xE0, 0x07, 0x7E, 0xE0, 0x0E, 0xE7, 0x70, 0xFE, 0xC7, 0x3F, 0xF0, 0x00, 0x01,
    0x7B, 0x0C, 0x1B, 0x0E, 0x70, 0x00, 0x0F, 0xF0, 0x80, 0x1D, 0x98, 0x01, 0x00, 0x00, 0x00, 0x00,
    0xF0, 0xC0, 0x3F, 0xFE, 0xE7, 0x70, 0x0E, 0x77, 0xE0, 0x07, 0x7E, 0xE0, 0x07, 0x7E, 0xE0, 0x07,
    0x7E, 0xE0, 0x07, 0x7E, 0xE0, 0x0E, 0xE7, 0x70, 0xFE, 0xC7, 0x3F, 0xF0, 0x00, 0x01, 0x7B, 0x0C,
    0x1B, 0x0E, 0xCC, 0xC1, 0x1E, 0xFC, 0xC3, 0x37, 0x38, 0x03, 0x00, 0x00, 0x00, 0x00, 0xF0, 0xC0,
    0x3F, 0xFE, 0xE7, 0x70, 0x0E, 0x77, 0xE0, 0x07, 0x7E, 0xE0, 0x07, 0x7E, 0xE0, 0x07, 0x7E, 0xE0,
    0x07, 0x7E, 0xE0, 0x0E, 0xE7, 0x70, 0xFE, 0xC7, 0x3F, 0xF0, 0x00, 0x01, 0x7D, 0x0C, 0x19, 0x0E,
    0x9C, 0xC3, 0x39, 0x9C, 0x03, 0x00, 0x00, 0x00, 0x00, 0xF0, 0xC0, 0x3F, 0xFE, 0xE7, 0x70, 0x0E,
    0x77, 0xE0, 0x07, 0x7E, 0xE0, 0x07, 0x7E, 0xE0, 0x07, 0x7E, 0xE0, 0x07, 0x7E, 0xE0, 0x0E, 0xE7,
    0x70, 0xFE, 0xC7, 0x3F, 0xF0, 0x00, 0x01, 0x05, 0x0C, 0x10, 0x0E, 0x02, 0x74, 0x60, 0x0E, 0xE7,
    0x30, 0x9C, 0x83, 0x1F, 0xF8, 0x00, 0x0F, 0xF0, 0x80, 0x0F, 0xD8, 0xC1, 0x39, 0x0E, 0x77, 0x70,
    0x07, 0x26, 0x40, 0x00, 0x01, 0x0D, 0x16, 0x0E, 0x03, 0x60, 0x00, 0xF8, 0x03, 0xFF, 0xE1, 0x7F,
    0x1C, 0x8F, 0xC7, 0xF9, 0x70, 0x37, 0xEE, 0xC6, 0x9D, 0xB9, 0x33, 0x77, 0xEC, 0x8E, 0xDD, 0xA1,
    0x3B, 0x7C, 0x0E, 0xC7, 0xE1, 0xF8, 0x1F, 0xFE, 0x03, 0xDF, 0x00, 0x18, 0x01, 0x7B, 0x0B, 0x1B,
    0x0D, 0xE0, 0x00, 0x07, 0x18, 0xE0, 0x00, 0x03, 0x00, 0x00, 0x00, 0x00, 0x07, 0x3F, 0xF8, 0xC1,
    0x0F, 0x7E, 0xF0, 0x83, 0x1F, 0xFC, 0xE0, 0x07, 0x3F, 0xF8, 0xC1, 0x0F, 0x7E, 0xF0, 0x83, 0x1F,
    0xDC, 0x71, 0xFE, 0xE3, 0x0F, 0x3E, 0x00, 0x01, 0x7B, 0x0B, 0x1B, 0x0D, 0x18, 0xC0, 0x01, 0x0C,
    0x60, 0x00, 0x06, 0x00, 0x00, 0x00, 0x00, 0x07, 0x3F, 0xF8, 0xC1, 0x0F, 0x7E, 0xF0, 0x83, 0x1F,
    0xFC, 0xE0, 0x07, 0x3F, 0xF8, 0xC1, 0x0F, 0x7E, 0xF0, 0x83, 0x1F, 0xDC, 0x71, 0xFE, 0xE3, 0x0F,
    0x3E, 0x00, 0x01, 0x7B, 0x0B, 0x1B, 0x0D, 0x70, 0x80, 0x03, 0x3E, 0xB0, 0xC1, 0x09, 0x00, 0x00,
    0x00, 0x00, 0x07, 0x3F, 0xF8, 0xC1, 0x0F, 0x7E, 0xF0, 0x83, 0x1F, 0xFC, 0xE0, 0x07, 0x3F, 0xF8,
    0xC1, 0x0F, 0x7E, 0xF0, 0x83, 0x1F, 0xDC, 0x71, 0xFE, 0xE3, 0x0F, 0x3E, 0x00, 0x01, 0x7D, 0x0B,
    0x19, 0x0D, 0xDC, 0xE1, 0x0E, 0x77, 0x00, 0x00, 0x00, 0x00, 0x1C, 0xFC, 0xE0, 0x07, 0x3F, 0xF8,
    0xC1, 0x0F, 0x7E, 0xF0, 0x83, 0x1F, 0xFC, 0xE0, 0x07, 0x3F, 0xF8, 0xC1, 0x0F, 0x7E, 0x70, 0xC7,
    0xF9, 0x8F, 0x3F, 0xF8, 0x00, 0x00, 0x7B, 0x0B, 0x1B, 0x0C, 0x1C, 0xC0, 0x01, 0x0C, 0xE0, 0x00,
    0x06, 0x00, 0x00, 0x00, 0x00, 0x07, 0x3F, 0xB8, 0xE3, 0x1C, 0xE7, 0x38, 0xEE, 0x70, 0x87, 0x3B,
    0xF8, 0xC0, 0x07, 0x1C, 0xE0, 0x00, 0x07, 0x38, 0xC0, 0x01, 0x0E, 0x70, 0x80, 0x03, 0x1C, 0x00,
    0x01, 0x03, 0x0A, 0x13, 0x0C, 0x80, 0x03, 0x0E, 0x38, 0xFF, 0xFE, 0xFB, 0xFF, 0xF8, 0xE1, 0x87,
    0x1F, 0x7E, 0xF8, 0xE1, 0x8F, 0xFB, 0xEF, 0x3F, 0xFF, 0x80, 0x03, 0x0E, 0x38, 0x01, 0x00, 0x0A,
    0x16, 0x0C, 0x78, 0xF0, 0xE7, 0x9F, 0xF3, 0x8E, 0x3B, 0xEE, 0xB8, 0xE7, 0xBC, 0xF3, 0xEE, 0xBB,
    0xE3, 0x87, 0x1F, 0x7E, 0xF8, 0xE1, 0x87, 0x1F, 0xFE, 0xB8, 0xEF, 0xBE, 0xF3, 0x0E, 0x01, 0x00,
    0x09, 0x16, 0x0B, 0x60, 0xE0, 0xC0, 0x80, 0x01, 0x01, 0x00, 0x00, 0x3E, 0xFE, 0xFE, 0x1F, 0x3B,
    0x70, 0xE0, 0xCF, 0xBF, 0xF3, 0xC7, 0x8F, 0x3F, 0xFF, 0xFF, 0xEF, 0x1E, 0x01, 0x00, 0x09, 0x16,
    0x0B, 0x1C, 0x38, 0x60, 0x80, 0x00, 0x03, 0x00, 0x00, 0x3E, 0xFE, 0xFE, 0x1F, 0x3B, 0x70, 0xE0,
    0xCF, 0xBF, 0xF3, 0xC7, 0x8F, 0x3F, 0xFF, 0xFF, 0xEF, 0x1E, 0x01, 0x7F, 0x09, 0x17, 0x0B, 0x10,
    0x70, 0xE0, 0x60, 0xC3, 0xC6, 0x18, 0x00, 0x00, 0x7C, 0xFC, 0xFD, 0x3F, 0x76, 0xE0, 0xC0, 0x9F,
    0x7F, 0xE7, 0x8F, 0x1F, 0x7F, 0xFE, 0xFF, 0xDF, 0x3D, 0x01, 0x00, 0x0A, 0x16, 0x0C, 0xC6, 0x98,
    0x63, 0x9F, 0x6F, 0x9C, 0x71, 0x06, 0x00, 0x3F, 0xFE, 0xFD, 0x7F, 0xD8, 0x01, 0x07, 0xFC, 0xF3,
    0xDF, 0xF1, 0x87, 0x1F, 0xFE, 0xF8, 0xFF, 0xFF, 0x9D, 0x03, 0x01, 0x01, 0x09, 0x15, 0x0B, 0xEE,
    0xDC, 0xB9, 0x03, 0x00, 0x00, 0x00, 0x1F, 0x7F, 0xFF, 0x8F, 0x1D, 0x38, 0xF0, 0xE7, 0xDF, 0xF9,
    0xE3, 0xC7, 0x9F, 0xFF, 0xFF, 0x77, 0x0F, 0x01, 0x7F, 0x09, 0x17, 0x0B, 0x38, 0xF8, 0x10, 0x21,
    0x42, 0x84, 0x0F, 0x0E, 0x00, 0x7C, 0xFC, 0xFD, 0x3F, 0x76, 0xE0, 0xC0, 0x9F, 0x7F, 0xE7, 0x8F,
    0x1F, 0x7F, 0xFE, 0xFF, 0xDF, 0x3D, 0x01, 0x07, 0x10, 0x0F, 0x12, 0x78, 0x3C, 0xFE, 0x7F, 0xFE,
    0xFF, 0xCF, 0x23, 0x87, 0x03, 0xFF, 0x3F, 0xFF, 0x7F, 0xFF, 0xFF, 0x80, 0xE3, 0x80, 0xE3, 0x80,
    0xE3, 0xC6, 0xE7, 0xFF, 0xFF, 0xFE, 0x7E, 0x7C, 0x38, 0x01, 0x07, 0x09, 0x15, 0x0A, 0x3C, 0xFC,
    0xFC, 0x33, 0x07, 0x1C, 0x38, 0x70, 0xE0, 0xC0, 0x81, 0x03, 0x07, 0xEF, 0xEF, 0x9F, 0x1F, 0x1C,
    0x1C, 0x38, 0x30, 0xE0, 0x83, 0x07, 0x01, 0x00, 0x0A, 0x16, 0x0C, 0xE0, 0x80, 0x01, 0x07, 0x0C,
    0x30, 0x00, 0x00, 0x00, 0x1E, 0xFE, 0xF8, 0x77, 0xDC, 0xE1, 0xFF, 0xFF, 0xFF, 0x3F, 0xE0, 0x80,
    0x03, 0x6E, 0xFC, 0x7F, 0xFE, 0xF0, 0x01, 0x01, 0x00, 0x0A, 0x16, 0x0C, 0x1C, 0x60, 0x80, 0x03,
    0x0C, 0x30, 0x00, 0x00, 0x00, 0x1E, 0xFE, 0xF8, 0x77, 0xDC, 0xE1, 0xFF, 0xFF, 0xFF, 0x3F, 0xE0,
    0x80, 0x03, 0x6E, 0xFC, 0x7F, 0xFE, 0xF0, 0x01, 0x01, 0x7F, 0x0A, 0x17, 0x0C, 0x30, 0xE0, 0x81,
    0x07, 0x1F, 0xCC, 0x38, 0x03, 0x00, 0x00, 0x78, 0xF8, 0xE3, 0xDF, 0x71, 0x87, 0xFF, 0xFF, 0xFF,
    0xFF, 0x80, 0x03, 0x0E, 0xB8, 0xF1, 0xFF, 0xF9, 0xC3, 0x07, 0x01, 0x01, 0x0A, 0x15, 0x0C, 0xCE,
    0x39, 0xE7, 0x1C, 0x00, 0x00, 0x00, 0x80, 0x87, 0x3F, 0xFE, 0x1D, 0x77, 0xF8, 0xFF, 0xFF, 0xFF,
    0x0F, 0x38, 0xE0, 0x80, 0x1B, 0xFF, 0x9F, 0x3F, 0x7C, 0x00, 0x00, 0x00, 0x05, 0x16, 0x05, 0xDE,
    0x99, 0x33, 0x00, 0x38, 0xE7, 0x9C, 0x73, 0xCE, 0x39, 0xE7, 0x9C, 0x73, 0x0E, 0x00, 0x00, 0x05,
    0x16, 0x05, 0xC7, 0x39, 0x8E, 0x01, 0xE0, 0x9C, 0x73, 0xCE, 0x39, 0xE7, 0x9C, 0x73, 0xCE, 0x39,
    0x00, 0x00, 0x05, 0x16, 0x05, 0xE7, 0xBD, 0x8E, 0x01, 0x38, 0xE7, 0x9C, 0x73, 0xCE, 0x39, 0xE7,
    0x9C, 0x73, 0x0E, 0x00, 0x01, 0x06, 0x15, 0x05, 0xFB, 0xBE, 0x03, 0x00, 0xE0, 0x38, 0x8E, 0xE3,
    0x38, 0x8E, 0xE3, 0x38, 0x8E, 0xE3, 0x38, 0x0E, 0x01, 0x00, 0x0A, 0x16, 0x0C, 0xE0, 0xA0, 0xC1,
    0x03, 0x3E, 0xF8, 0x70, 0xC0, 0x80, 0x1F, 0xFE, 0xF9, 0xF7, 0xDC, 0xE1, 0x87, 0x1F, 0x7E, 0xF8,
    0xE1, 0x87, 0x1F, 0xEE, 0x9C, 0x7F, 0xFC, 0xE0, 0x01, 0x01, 0x00, 0x0A, 0x16, 0x0C, 0xC6, 0x98,
    0x67, 0xBF, 0xCF, 0x1C, 0x73, 0x0C, 0x80, 0xE7, 0xBE, 0xFF, 0xFF, 0xFE, 0xE1, 0x87, 0x1F, 0x7E,
    0xF8, 0xE1, 0x87, 0x1F, 0x7E, 0xF8, 0xE1, 0x87, 0x1F, 0x0E, 0x01, 0x00, 0x0A, 0x16, 0x0C, 0xE0,
    0x80, 0x01, 0x07, 0x0C, 0x30, 0x00, 0x00, 0x00, 0x1E, 0xFC, 0xF8, 0xE7, 0xFC, 0xE1, 0x87, 0x1F,
    0x7E, 0xF8, 0xE1, 0x87, 0x1F, 0xEE, 0xBC, 0x7F, 0xFE, 0xE0, 0x01, 0x01, 0x00, 0x0A, 0x16, 0x0C,
    0x1C, 0x60, 0x80, 0x03, 0x0C, 0x30, 0x00, 0x00, 0x00, 0x1E, 0xFC, 0xF8, 0xE7, 0xFC, 0xE1, 0x87,
    0x1F, 0x7E, 0xF8, 0xE1, 0x87, 0x1F, 0xEE, 0xBC, 0x7F, 0xFE, 0xE0, 0x01, 0x01, 0x7F, 0x0A, 0x17,
    0x0C, 0x30, 0xC0, 0x80, 0x07, 0x1E, 0xCC, 0x30, 0x03, 0x00, 0x00, 0x78, 0xF0, 0xE3, 0x9F, 0xF3,
    0x87, 0x1F, 0x7E, 0xF8, 0xE1, 0x87, 0x1F, 0x7E, 0xB8, 0xF3, 0xFE, 0xF9, 0x83, 0x07, 0x01, 0x00,
    0x0A, 0x16, 0x0C, 0xC6, 0x98, 0x63, 0x9F, 0x6F, 0x9C, 0x71, 0x06, 0x00, 0x1E, 0xFC, 0xF8, 0xE7,
    0xFC, 0xE1, 0x87, 0x1F, 0x7E, 0xF8, 0xE1, 0x87, 0x1F, 0xEE, 0xBC, 0x7F, 0xFE, 0xE0, 0x01, 0x01,
    0x01, 0x0A, 0x15, 0x0C, 0xCE, 0x39, 0xE7, 0x1C, 0x00, 0x00, 0x00, 0x80, 0x07, 0x3F, 0xFE, 0x39,
    0x7F, 0xF8, 0xE1, 0x87, 0x1F, 0x7E, 0xF8, 0xE1, 0x87, 0x3B, 0xEF, 0x9F, 0x3F, 0x78, 0x00, 0x01,
    0x06, 0x0C, 0x10, 0x0E, 0xE0, 0x00, 0x0E, 0xE0, 0x00, 0x00, 0x00, 0x00, 0x00, 0xFF, 0xFF, 0xFF,
    0xFF, 0x0F, 0x00, 0x00, 0x00, 0x00, 0x00, 0x00, 0x0E, 0xE0, 0x00, 0x0E, 0x01, 0x06, 0x0A, 0x11,
    0x0C, 0x03, 0xF8, 0xE1, 0x9F, 0x7F, 0xCE, 0x3F, 0xFE, 0xF9, 0xE5, 0xB7, 0x9F, 0x7E, 0xFE, 0xF9,
    0xCF, 0xF9, 0xE7, 0x1F, 0x7E, 0x00, 0x03, 0x01, 0x00, 0x0A, 0x16, 0x0C, 0xE0, 0x80, 0x01, 0x07,
    0x0C, 0x38, 0x00, 0x00, 0xC0, 0xE1, 0x87, 0x1F, 0x7E, 0xF8, 0xE1, 0x87, 0x1F, 0x7E, 0xF8, 0xE1,
    0x87, 0x1F, 0xFE, 0xF8, 0xFF, 0xFF, 0x9D, 0x03, 0x01, 0x00, 0x0A, 0x16, 0x0C, 0x1C, 0x70, 0x80,
    0x03, 0x0C, 0x30, 0x00, 0x00, 0xC0, 0xE1, 0x87, 0x1F, 0x7E, 0xF8, 0xE1, 0x87, 0x1F, 0x7E, 0xF8,
    0xE1, 0x87, 0x1F, 0xFE, 0xF8, 0xFF, 0xFF, 0x9D, 0x03, 0x01, 0x7F, 0x0A, 0x17, 0x0C, 0x30, 0xE0,
    0x81, 0x07, 0x3F, 0xCC, 0x38, 0x07, 0x00, 0x00, 0x87, 0x1F, 0x7E, 0xF8, 0xE1, 0x87, 0x1F, 0x7E,
    0xF8, 0xE1, 0x87, 0x1F, 0x7E, 0xF8, 0xE3, 0xFF, 0xFF, 0x77, 0x0E, 0x01, 0x01, 0x0A, 0x15, 0x0C,
    0xDC, 0x71, 0xC7, 0x1D, 0x00, 0x00, 0x00, 0x70, 0xF8, 0xE1, 0x87, 0x1F, 0x7E, 0xF8, 0xE1, 0x87,
    0x1F, 0x7E, 0xF8, 0xE1, 0x87, 0x3F, 0xFE, 0xFF, 0x7F, 0xE7, 0x00, 0x00, 0x01, 0x0A, 0x1B, 0x0B,
    0x1C, 0x70, 0x80, 0x01, 0x0E, 0x30, 0x00, 0x30, 0xF8, 0x60, 0xC7, 0x1D, 0x67, 0x9C, 0x33, 0xEE,
    0xB8, 0xC3, 0x0E, 0x1F, 0x7C, 0xE0, 0x81, 0x03, 0x0E, 0x38, 0xC0, 0x00, 0x07, 0x1C, 0xE0, 0x83,
    0x0F, 0x3C, 0x01, 0x01, 0x0A, 0x1B, 0x0C, 0x80, 0x03, 0x0E, 0x38, 0xE0, 0x80, 0x03, 0xCE, 0xBB,
    0xFF, 0xFE, 0x3F, 0x7F, 0xF8, 0xE1, 0x87, 0x1F, 0x7E, 0xF8, 0xE1, 0x87, 0x3B, 0xEF, 0xBF, 0xFF,
    0xBC, 0x03, 0x0E, 0x38, 0xE0, 0x80, 0x03, 0x0E, 0x38, 0x00, 0x01, 0x0B, 0x1B, 0x0B, 0xDC, 0xE1,
    0x0E, 0x77, 0x00, 0x00, 0x00, 0x00, 0x18, 0xCC, 0x71, 0x8E, 0x73, 0x1C, 0x63, 0x38, 0xC3, 0x1D,
    0xEE, 0x60, 0x03, 0x1B, 0xF8, 0x80, 0x03, 0x1C, 0xE0, 0x00, 0x07, 0x30, 0x80, 0x01, 0x1C, 0xC0,
    0x07, 0x3E, 0xE0, 0x01, 0x00, 0x7D, 0x0C, 0x19, 0x0D, 0xFC, 0xC1, 0x1F, 0xFC, 0x01, 0x00, 0x00,
    0x00, 0x00, 0xF0, 0x80, 0x0F, 0xF8, 0x80, 0x0F, 0xF8, 0xC1, 0x1D, 0xDC, 0xC1, 0x1D, 0x9C, 0xE3,
    0x38, 0x8E, 0xE3, 0x38, 0xFE, 0xF7, 0x7F, 0xFF, 0x77, 0x60, 0x07, 0x3E, 0xE0, 0x03, 0x0E, 0x01,
    0x01, 0x09, 0x15, 0x0B, 0xFE, 0xFC, 0xF9, 0x03, 0x00, 0x00, 0x00, 0x1F, 0x7F, 0xFF, 0x8F, 0x1D,
    0x38, 0xF0, 0xE7, 0xDF, 0xF9, 0xE3, 0xC7, 0x9F, 0xFF, 0xFF, 0x77, 0x0F, 0x00, 0x7C, 0x0D, 0x1A,
    0x0D, 0x18, 0x03, 0x63, 0xE0, 0x0F, 0xF8, 0x00, 0x0E, 0x00, 0x00, 0x00, 0x00, 0x07, 0xF0, 0x01,
    0x3E, 0xC0, 0x07, 0xF8, 0x00, 0x3B, 0x70, 0x07, 0xEE, 0xC0, 0x19, 0x18, 0x87, 0xE3, 0x70, 0x1C,
    0xFE, 0xC3, 0xFF, 0xFC, 0x9F, 0x83, 0x73, 0x60, 0x0E, 0xFC, 0x80, 0x03, 0x01, 0x01, 0x09, 0x15,
    0x0B, 0xC6, 0xDC, 0xF9, 0xE3, 0x83, 0x03, 0x00, 0x1F, 0x7F, 0xFF, 0x8F, 0x1D, 0x38, 0xF0, 0xE7,
    0xDF, 0xF9, 0xE3, 0xC7, 0x9F, 0xFF, 0xFF, 0x77, 0x0F, 0x00, 0x03, 0x0D, 0x19, 0x0E, 0xE0, 0x01,
    0x3C, 0xC0, 0x07, 0xF8, 0x01, 0x3F, 0xE0, 0x07, 0xEE, 0xC0, 0x39, 0x38, 0x07, 0xE7, 0x60, 0x1C,
    0x0E, 0xC3, 0xFF, 0xF8, 0x1F, 0xFF, 0x73, 0x60, 0x0E, 0xDC, 0x81, 0x3B, 0x70, 0x06, 0x80, 0x01,
    0x34, 0x80, 0x07, 0xF0, 0x00, 0x0E, 0x00, 0x01, 0x07, 0x09, 0x15, 0x0B, 0x7C, 0xFC, 0xFD, 0x3F,
    0x36, 0x60, 0xC0, 0x9F, 0x7F, 0xE3, 0x87, 0x0F, 0x3F, 0xFE, 0xFF, 0xDF, 0x1C, 0x03, 0x0C, 0x18,
    0x3C, 0x78, 0x60, 0x00, 0x01, 0x7B, 0x0C, 0x1B, 0x0D, 0x38, 0x80, 0x03, 0x30, 0x00, 0x07, 0x60,
    0x00, 0x00, 0x00, 0x00, 0x00, 0xF8, 0xE0, 0x3F, 0xFE, 0xE7, 0x78, 0x04, 0x07, 0xE0, 0x00, 0x0E,
    0xE0, 0x00, 0x0E, 0xE0, 0x00, 0x0E, 0xE0, 0x00, 0x0E, 0xE0, 0x04, 0xE7, 0x78, 0xFE, 0xE3, 0x3F,
    0xF8, 0x00, 0x01, 0x00, 0x09, 0x16, 0x0B, 0x0E, 0x1C, 0x30, 0xE0, 0x80, 0x01, 0x00, 0x00, 0x1F,
    0x7F, 0xFE, 0x89, 0x03, 0x0E, 0x1C, 0x38, 0x70, 0xE0, 0xC0, 0x81, 0x8B, 0xFF, 0xF7, 0xC7, 0x07,
    0x01, 0x7B, 0x0C, 0x1B, 0x0D, 0x70, 0x00, 0x07, 0xF8, 0x80, 0x0D, 0x8C, 0x01, 0x00, 0x00, 0x00,
    0x00, 0xF8, 0xE0, 0x3F, 0xFE, 0xE7, 0x78, 0x04, 0x07, 0xE0, 0x00, 0x0E, 0xE0, 0x00, 0x0E, 0xE0,
    0x00, 0x0E, 0xE0, 0x00, 0x0E, 0xE0, 0x04, 0xE7, 0x78, 0xFE, 0xE3, 0x3F, 0xF8, 0x00, 0x01, 0x7F,
    0x09, 0x17, 0x0B, 0x18, 0x78, 0xF0, 0xF0, 0x63, 0x66, 0x1C, 0x00, 0x00, 0x3E, 0xFE, 0xFC, 0x13,
    0x07, 0x1C, 0x38, 0x70, 0xE0, 0xC0, 0x81, 0x03, 0x17, 0xFF, 0xEF, 0x8F, 0x0F, 0x01, 0x7D, 0x0B,
    0x19, 0x0D, 0x70, 0x80, 0x03, 0x1C, 0x00, 0x00, 0x00, 0x00, 0xF0, 0xC1, 0x3F, 0xFF, 0x3B, 0x9E,
    0xE0, 0x00, 0x0E, 0x70, 0x80, 0x03, 0x1C, 0xE0, 0x00, 0x07, 0x38, 0xC0, 0x01, 0x2E, 0xB8, 0xE3,
    0xFD, 0xCF, 0x3F, 0x7C, 0x00, 0x01, 0x01, 0x09, 0x15, 0x0A, 0x38, 0x70, 0xE0, 0x00, 0x00, 0x00,
    0x00, 0x0F, 0x3F, 0xFF, 0xCC, 0x01, 0x07, 0x0E, 0x1C, 0x38, 0x70, 0xE0, 0xC0, 0xC5, 0xFF, 0xF3,
    0xC3, 0x03, 0x01, 0x7B, 0x0C, 0x1B, 0x0D, 0x9C, 0x81, 0x1D, 0xF8, 0x00, 0x0F, 0x70, 0x00, 0x00,
    0x00, 0x00, 0x00, 0xF8, 0xE0, 0x3F, 0xFE, 0xE7, 0x78, 0x04, 0x07, 0xE0, 0x00, 0x0E, 0xE0, 0x00,
    0x0E, 0xE0, 0x00, 0x0E, 0xE0, 0x00, 0x0E, 0xE0, 0x04, 0xE7, 0x78, 0xFE, 0xE3, 0x3F, 0xF8, 0x00,
    0x01, 0x7F, 0x09, 0x17, 0x0B, 0xE7, 0xCC, 0xF8, 0xE1, 0xC1, 0x03, 0x03, 0x00, 0x00, 0x3E, 0xFE,
    0xFC, 0x13, 0x07, 0x1C, 0x38, 0x70, 0xE0, 0xC0, 0x81, 0x03, 0x17, 0xFF, 0xEF, 0x8F, 0x0F, 0x01,
    0x7B, 0x0B, 0x1B, 0x0D, 0x18, 0xC3, 0x0C, 0x6C, 0xE0, 0x01, 0x0E, 0x30, 0x00, 0x00, 0x00, 0xF0,
    0xE7, 0xBF, 0xFF, 0x3D, 0xEE, 0xF0, 0x83, 0x1F, 0xFC, 0xE0, 0x07, 0x3F, 0xF8, 0xC1, 0x0F, 0x7E,
    0xF0, 0x83, 0x3B, 0xDC, 0xE3, 0xFE, 0xE7, 0x3F, 0xFC, 0x01, 0x01, 0x01, 0x0E, 0x15, 0x0E, 0x77,
    0xC0, 0x1D, 0x60, 0x07, 0xD8, 0x01, 0x76, 0x00, 0x1C, 0x00, 0xF7, 0xC0, 0x7F, 0xF0, 0x1F, 0x3C,
    0x0F, 0x87, 0xC3, 0xE1, 0x70, 0x38, 0x1C, 0x0E, 0x87, 0xC3, 0xE1, 0x70, 0x38, 0x3C, 0x0F, 0xFF,
    0xC1, 0x7F, 0x70, 0x0F, 0x01, 0x03, 0x0D, 0x13, 0x0F, 0xF0, 0x8F, 0xFF, 0xF1, 0x3F, 0x0F, 0xE7,
    0xE0, 0x0E, 0xDC, 0x81, 0x3B, 0x70, 0xC7, 0xFF, 0xF8, 0x1F, 0xFF, 0x03, 0x77, 0xE0, 0x0E, 0x9C,
    0x83, 0xF3, 0x70, 0xFC, 0x8F, 0xFF, 0xC1, 0x3F, 0x01, 0x01, 0x0B, 0x15, 0x0C, 0x0E, 0x70, 0xC0,
    0x1F, 0xFE, 0xF0, 0x07, 0x07, 0xB8, 0xC7, 0x7F, 0xFE, 0xF3, 0xBC, 0xC3, 0x1D, 0xEE, 0x70, 0x87,
    0x3B, 0xDC, 0xE1, 0x0E, 0xF7, 0xBC, 0xFF, 0xFC, 0xE7, 0x1E, 0x01, 0x7D, 0x09, 0x19, 0x0B, 0xFE,
    0xFC, 0xF9, 0x03, 0x00, 0x00, 0xC0, 0xFF, 0xFF, 0xFF, 0x81, 0x03, 0x07, 0x0E, 0x1C, 0xB8, 0x7F,
    0xFF, 0xFE, 0x81, 0x03, 0x07, 0x0E, 0x1C, 0xF8, 0xFF, 0xFF, 0xFF, 0x01, 0x01, 0x01, 0x0A, 0x15,
    0x0C, 0xFC, 0xF1, 0xC7, 0x1F, 0x00, 0x00, 0x00, 0x80, 0x87, 0x3F, 0xFE, 0x1D, 0x77, 0xF8, 0xFF,
    0xFF, 0xFF, 0x0F, 0x38, 0xE0, 0x80, 0x1B, 0xFF, 0x9F, 0x3F, 0x7C, 0x00, 0x01, 0x7C, 0x09, 0x1A,
    0x0B, 0xC6, 0xCC, 0xF9, 0xE3, 0x83, 0x03, 0x00, 0x80, 0xFF, 0xFF, 0xFF, 0x03, 0x07, 0x0E, 0x1C,
    0x38, 0x70, 0xFF, 0xFE, 0xFD, 0x03, 0x07, 0x0E, 0x1C, 0x38, 0xF0, 0xFF, 0xFF, 0xFF, 0x03, 0x01,
    0x01, 0x0A, 0x15, 0x0C, 0xC4, 0x31, 0xC7, 0x1F, 0x3E, 0x70, 0x00, 0x80, 0x87, 0x3F, 0xFE, 0x1D,
    0x77, 0xF8, 0xFF, 0xFF, 0xFF, 0x0F, 0x38, 0xE0, 0x80, 0x13, 0xFF, 0x9F, 0x3F, 0x7C, 0x00, 0x01,
    0x7D, 0x09, 0x19, 0x0B, 0x38, 0x70, 0xE0, 0x00, 0x00, 0x00, 0xC0, 0xFF, 0xFF, 0xFF, 0x81, 0x03,
    0x07, 0x0E, 0x1C, 0xB8, 0x7F, 0xFF, 0xFE, 0x81, 0x03, 0x07, 0x0E, 0x1C, 0xF8, 0xFF, 0xFF, 0xFF,
    0x01, 0x01, 0x01, 0x09, 0x15, 0x0B, 0x38, 0x70, 0xE0, 0x00, 0x00, 0x00, 0x00, 0x0F, 0x7F, 0xFE,
    0x8E, 0x1F, 0xFF, 0xFF, 0xFF, 0x3F, 0x70, 0xE0, 0xC0, 0xCD, 0xFF, 0xF3, 0xC7, 0x03, 0x01, 0x03,
    0x09, 0x19, 0x0B, 0xFF, 0xFF, 0xFF, 0x07, 0x0E, 0x1C, 0x38, 0x70, 0xE0, 0xFE, 0xFD, 0xFB, 0x07,
    0x0E, 0x1C, 0x38, 0x70, 0xE0, 0xFF, 0xFF, 0xFF, 0x77, 0x80, 0x01, 0x83, 0x87, 0x0F, 0x0E, 0x00,
    0x01, 0x07, 0x0A, 0x15, 0x0C, 0x78, 0xF8, 0xE3, 0xDF, 0x73, 0x87, 0x1F, 0xFE, 0xFF, 0xFF, 0xFF,
    0x03, 0x0E, 0x38, 0xF1, 0xFF, 0xF9, 0xC3, 0x07, 0x07, 0x18, 0x60, 0xE0, 0xC1, 0x07, 0x0E, 0x00,
    0x01, 0x7B, 0x09, 0x1B, 0x0B, 0xC6, 0xDC, 0xB1, 0xE1, 0x83, 0x03, 0x07, 0x00, 0x00, 0xFF, 0xFF,
    0xFF, 0x07, 0x0E, 0x1C, 0x38, 0x70, 0xE0, 0xFE, 0xFD, 0xFB, 0x07, 0x0E, 0x1C, 0x38, 0x70, 0xE0,
    0xFF, 0xFF, 0xFF, 0x07, 0x01, 0x7F, 0x0A, 0x17, 0x0C, 0xCE, 0x30, 0xC3, 0x07, 0x1E, 0x38, 0xC0,
    0x00, 0x00, 0x00, 0x78, 0xF8, 0xE3, 0xDF, 0x71, 0x87, 0xFF, 0xFF, 0xFF, 0xFF, 0x80, 0x03, 0x0E,
    0xB8, 0xF1, 0xFF, 0xF9, 0xC3, 0x07, 0x01, 0x7B, 0x0C, 0x1B, 0x0E, 0x70, 0x00, 0x07, 0xF8, 0x80,
    0x0D, 0x8C, 0x01, 0x00, 0x00, 0x00, 0x00, 0xF8, 0xE0, 0x3F, 0xFF, 0xE3, 0x78, 0x04, 0x07, 0xF0,
    0x00, 0x0E, 0xE0, 0x3F, 0xFE, 0xE3, 0x3F, 0x7E, 0xE0, 0x07, 0x7E, 0xE0, 0x07, 0xF7, 0x78, 0xFF,
    0xF7, 0x3F, 0xFC, 0x00, 0x01, 0x00, 0x0A, 0x1C, 0x0C, 0x30, 0xE0, 0x80, 0x07, 0x1F, 0xCC, 0x38,
    0x03, 0xC0, 0x1C, 0xFF, 0xFD, 0xF7, 0xFC, 0xE1, 0x87, 0x1F, 0x7E, 0xF8, 0xE1, 0x87, 0x1F, 0xFE,
    0xFC, 0x7F, 0xFF, 0xDD, 0x73, 0xC0, 0x01, 0x0F, 0xF9, 0xE7, 0x3F, 0x3E, 0x01, 0x7C, 0x0C, 0x1A,
    0x0E, 0x8C, 0xC1, 0x1F, 0xF8, 0x00, 0x07, 0x00, 0x00, 0x00, 0x00, 0x80, 0x0F, 0xFE, 0xF3, 0x3F,
    0x8E, 0x47, 0x70, 0x00, 0x0F, 0xE0, 0x00, 0xFE, 0xE3, 0x3F, 0xFE, 0xE3, 0x07, 0x7E, 0xE0, 0x07,
    0x7E, 0x70, 0x8F, 0xF7, 0x7F, 0xFF, 0xC3, 0x0F, 0x01, 0x01, 0x0A, 0x1B, 0x0C, 0xCC, 0x31, 0xC7,
    0x1F, 0x3E, 0x70, 0x00, 0x70, 0xCF, 0x7F, 0xFF, 0x3D, 0x7F, 0xF8, 0xE1, 0x87, 0x1F, 0x7E, 0xF8,
    0xE1, 0x87, 0x3F, 0xFF, 0xDF, 0x7F, 0xF7, 0x1C, 0x70, 0xC0, 0x43, 0xFE, 0xFB, 0x8F, 0x0F, 0x01,
    0x7D, 0x0C, 0x19, 0x0E, 0x70, 0x00, 0x07, 0x70, 0x00, 0x00, 0x00, 0x00, 0x00, 0xF8, 0xE0, 0x3F,
    0xFF, 0xE3, 0x78, 0x04, 0x07, 0xF0, 0x00, 0x0E, 0xE0, 0x3F, 0xFE, 0xE3, 0x3F, 0x7E, 0xE0, 0x07,
    0x7E, 0xE0, 0x07, 0xF7, 0x78, 0xFF, 0xF7, 0x3F, 0xFC, 0x00, 0x01, 0x01, 0x0A, 0x1B, 0x0C, 0x70,
    0xC0, 0x01, 0x07, 0x00, 0x00, 0x00, 0x30, 0xC7, 0x7F, 0xFF, 0x3D, 0x7F, 0xF8, 0xE1, 0x87, 0x1F,
    0x7E, 0xF8, 0xE1, 0x87, 0x3F, 0xFF, 0xDF, 0x7F, 0xF7, 0x1C, 0x70, 0xC0, 0x43, 0xFE, 0xF9, 0x8F,
    0x0F, 0x01, 0x03, 0x0C, 0x1B, 0x0E, 0xF8, 0xE0, 0x3F, 0xFF, 0xE3, 0x78, 0x04, 0x07, 0xF0, 0x00,
    0x0E, 0xE0, 0x3F, 0xFE, 0xE3, 0x3F, 0x7E, 0xE0, 0x07, 0x7E, 0xE0, 0x07, 0xF7, 0x78, 0xFF, 0xF7,
    0x3F, 0xFC, 0x00, 0x00, 0x70, 0x00, 0x07, 0x70, 0x00, 0x07, 0x30, 0x00, 0x03, 0x20, 0x00, 0x01,
    0x7F, 0x0A, 0x1D, 0x0C, 0x20, 0x80, 0x01, 0x06, 0x1C, 0x70, 0xC0, 0x01, 0x07, 0x00, 0x73, 0xFC,
    0xF7, 0xDF, 0xF3, 0x87, 0x1F, 0x7E, 0xF8, 0xE1, 0x87, 0x1F, 0x7E, 0xF8, 0xF3, 0xFF, 0xFD, 0x77,
    0xCF, 0x01, 0x07, 0x3C, 0xE4, 0x9F, 0xFF, 0xF8, 0x00, 0x01, 0x7B, 0x0B, 0x1B, 0x0D, 0x70, 0x80,
    0x03, 0x1E, 0xB0, 0xC1, 0x0D, 0xC6, 0x00, 0x00, 0x00, 0x07, 0x3F, 0xF8, 0xC1, 0x0F, 0x7E, 0xF0,
    0x83, 0x1F, 0xFC, 0xFF, 0xFF, 0xFF, 0xFF, 0xC1, 0x0F, 0x7E, 0xF0, 0x83, 0x1F, 0xFC, 0xE0, 0x07,
    0x3F, 0xF8, 0xC1, 0x01, 0x01, 0x7B, 0x0A, 0x1B, 0x0C, 0x30, 0xE0, 0x80, 0x07, 0x1F, 0xCC, 0x18,
    0x03, 0x38, 0xE0, 0x80, 0x03, 0x0E, 0x38, 0xE0, 0x9C, 0xFB, 0xFE, 0xFF, 0xFB, 0x87, 0x1F, 0x7E,
    0xF8, 0xE1, 0x87, 0x1F, 0x7E, 0xF8, 0xE1, 0x87, 0x1F, 0x7E, 0x38, 0x01, 0x03, 0x0E, 0x13, 0x0F,
    0x0E, 0x9C, 0x03, 0xF7, 0xFF, 0xFF, 0xFF, 0xFF, 0xBF, 0x03, 0xE7, 0xC0, 0xF9, 0x7F, 0xFE, 0x9F,
    0xFF, 0xE7, 0xC0, 0x39, 0x70, 0x0E, 0x9C, 0x03, 0xE7, 0xC0, 0x39, 0x70, 0x0E, 0x9C, 0x03, 0xE7,
    0xC0, 0x01, 0x01, 0x01, 0x0B, 0x15, 0x0D, 0x80, 0x03, 0x1C, 0xFC, 0xE1, 0x0F, 0x7F, 0xC0, 0x71,
    0xCE, 0x77, 0xFF, 0x7B, 0xDF, 0xE1, 0x0E, 0x77, 0xB8, 0xC3, 0x1D, 0xEE, 0x70, 0x87, 0x3B, 0xDC,
    0xE1, 0x0E, 0x77, 0x38, 0x01, 0x7C, 0x08, 0x1A, 0x0A, 0x73, 0xFB, 0xFF, 0xDE, 0xCE, 0x00, 0x00,
    0xFE, 0xFE, 0xFE, 0x38, 0x38, 0x38, 0x38, 0x38, 0x38, 0x38, 0x38, 0x38, 0x38, 0x38, 0x38, 0x38,
    0xFE, 0xFE, 0xFE, 0x00, 0x00, 0x07, 0x16, 0x06, 0xB1, 0x5C, 0xFF, 0x7D, 0x3E, 0x03, 0x1C, 0x0E,
    0x87, 0xC3, 0xE1, 0x70, 0x38, 0x1C, 0x0E, 0x87, 0xC3, 0xE1, 0x70, 0x00, 0x01, 0x7D, 0x07, 0x19,
    0x09, 0xFF, 0xFF, 0x1F, 0x00, 0x00, 0xFC, 0xFF, 0x7F, 0x0E, 0x87, 0xC3, 0xE1, 0x70, 0x38, 0x1C,
    0x0E, 0x87, 0xC3, 0xE1, 0xFC, 0xFF, 0x7F, 0x00, 0x01, 0x07, 0x15, 0x06, 0xFF, 0xFF, 0x1F, 0x00,
    0x00, 0x70, 0x38, 0x1C, 0x0E, 0x87, 0xC3, 0xE1, 0x70, 0x38, 0x1C, 0x0E, 0x87, 0xC3, 0x01, 0x01,
    0x7C, 0x07, 0x1A, 0x09, 0xE3, 0xF1, 0xDF, 0xC7, 0x01, 0x00, 0xFE, 0xFF, 0x3F, 0x87, 0xC3, 0xE1,
    0x70, 0x38, 0x1C, 0x0E, 0x87, 0xC3, 0xE1, 0x70, 0xFE, 0xFF, 0x3F, 0x00, 0x01, 0x06, 0x15, 0x05,
    0x71, 0xFC, 0x7F, 0x0E, 0xE0, 0x38, 0x8E, 0xE3, 0x38, 0x8E, 0xE3, 0x38, 0x8E, 0xE3, 0x38, 0x0E,
    0x01, 0x03, 0x07, 0x19, 0x09, 0xFF, 0xFF, 0x9F, 0xC3, 0xE1, 0x70, 0x38, 0x1C, 0x0E, 0x87, 0xC3,
    0xE1, 0x70, 0x38, 0xFF, 0xFF, 0xDF, 0x81, 0xC1, 0x78, 0x3E, 0x0E, 0x00, 0x01, 0x04, 0x1B, 0x05,
    0x77, 0x07, 0x00, 0x77, 0x77, 0x77, 0x77, 0x77, 0x77, 0x77, 0x67, 0xDC, 0xFF, 0x07, 0x01, 0x7D,
    0x07, 0x19, 0x09, 0x1C, 0x0E, 0x07, 0x00, 0x00, 0xFC, 0xFF, 0x7F, 0x0E, 0x87, 0xC3, 0xE1, 0x70,
    0x38, 0x1C, 0x0E, 0x87, 0xC3, 0xE1, 0xFC, 0xFF, 0x7F, 0x01, 0x07, 0x03, 0x0F, 0x05, 0xFF, 0xFF,
    0xFF, 0xFF, 0xFF, 0x1F, 0x01, 0x03, 0x0F, 0x13, 0x11, 0x07, 0xFF, 0x83, 0xFF, 0xC1, 0xFF, 0x80,
    0x73, 0xC0, 0x39, 0xE0, 0x1C, 0x70, 0x0E, 0x38, 0x07, 0x9C, 0x03, 0xCE, 0x01, 0xE7, 0x80, 0x73,
    0xC0, 0x39, 0xE0, 0x1C, 0x70, 0x8E, 0x38, 0x7F, 0x7F, 0xBF, 0x3F, 0xDF, 0x1F, 0x01, 0x01, 0x09,
    0x1B, 0x0B, 0xC7, 0x8F, 0x1F, 0x07, 0x00, 0x00, 0xC0, 0xF1, 0xE3, 0xC7, 0x8F, 0x1F, 0x3F, 0x7E,
    0xFC, 0xF8, 0xF1, 0xE3, 0xC7, 0x8F, 0x1F, 0x3F, 0x7E, 0xFC, 0xC0, 0x81, 0x03, 0x3F, 0x7C, 0xF0,
    0x00, 0x00, 0x7B, 0x0A, 0x1B, 0x09, 0x1C, 0x78, 0xE0, 0x83, 0x0D, 0x63, 0x00, 0x00, 0x00, 0x00,
    0x1C, 0x70, 0xC0, 0x01, 0x07, 0x1C, 0x70, 0xC0, 0x01, 0x07, 0x1C, 0x70, 0xC0, 0x01, 0x07, 0x1C,
    0x70, 0xC0, 0x01, 0x47, 0xFC, 0xE1, 0x07, 0x1F, 0x00, 0x00, 0x06, 0x1C, 0x06, 0xC7, 0xF1, 0x34,
    0x19, 0x06, 0x1C, 0xC7, 0x71, 0x1C, 0xC7, 0x71, 0x1C, 0xC7, 0x71, 0x1C, 0xC7, 0x71, 0x1C, 0xC7,
    0xEF, 0xF3, 0x01, 0x03, 0x0B, 0x1B, 0x0C, 0x0E, 0xE7, 0x38, 0xC7, 0x71, 0x0E, 0x73, 0xB8, 0x83,
    0x1F, 0xFC, 0xC0, 0x07, 0x3F, 0xF8, 0xE1, 0x0E, 0x77, 0x9C, 0xE3, 0x9C, 0xE3, 0x1C, 0xF7, 0xB8,
    0xC3, 0x01, 0x00, 0x0E, 0x70, 0x80, 0x03, 0x1C, 0x60, 0x00, 0x03, 0x10, 0x00, 0x01, 0x01, 0x09,
    0x1D, 0x0A, 0xC0, 0x81, 0x03, 0x07, 0x0E, 0x1C, 0xB8, 0x73, 0xE7, 0xDC, 0xB1, 0x63, 0x87, 0x0F,
    0x1F, 0x3E, 0x7E, 0xEC, 0xDC, 0xB9, 0x3B, 0x77, 0x7E, 0x1C, 0x00, 0x1C, 0x38, 0x70, 0xE0, 0xC0,
    0x80, 0x01, 0x02, 0x01, 0x07, 0x0A, 0x0F, 0x0B, 0x86, 0x3B, 0xEE, 0x39, 0xE7, 0xB8, 0xC3, 0x0F,
    0x3F, 0xFC, 0xF0, 0xE3, 0x8F, 0x39, 0xE7, 0x8C, 0x3B, 0x6E, 0x38, 0x01, 0x7B, 0x09, 0x1B, 0x0A,
    0x1C, 0x70, 0xE0, 0x80, 0x01, 0x07, 0x00, 0x00, 0x00, 0xC0, 0x81, 0x03, 0x07, 0x0E, 0x1C, 0x38,
    0x70, 0xE0, 0xC0, 0x81, 0x03, 0x07, 0x0E, 0x1C, 0x38, 0x70, 0xE0, 0xFF, 0xFF, 0xFF, 0x07, 0x00,
    0x7B, 0x05, 0x1C, 0x05, 0xCF, 0x31, 0x8E, 0x01, 0xE7, 0x9C, 0x73, 0xCE, 0x39, 0xE7, 0x9C, 0x73,
    0xCE, 0x39, 0xE7, 0xDC, 0x7B, 0x06, 0x01, 0x03, 0x09, 0x1B, 0x0A, 0xC0, 0x81, 0x03, 0x07, 0x0E,
    0x1C, 0x38, 0x70, 0xE0, 0xC0, 0x81, 0x03, 0x07, 0x0E, 0x1C, 0x38, 0x70, 0xE0, 0xFF, 0xFF, 0xFF,
    0x07, 0x00, 0x03, 0x07, 0x0E, 0x1C, 0x18, 0x30, 0xC0, 0x00, 0x01, 0x01, 0x04, 0x1D, 0x05, 0xEE,
    0xEE, 0xEE, 0xEE, 0xEE, 0xEE, 0xEE, 0xEE, 0xEE, 0xEE, 0xEF, 0xEE, 0xEE, 0x66, 0x0C, 0x01, 0x03,
    0x09, 0x13, 0x0A, 0xDC, 0xB1, 0x63, 0xC7, 0x0E, 0x1D, 0x38, 0x70, 0xE0, 0xC0, 0x81, 0x03, 0x07,
    0x0E, 0x1C, 0x38, 0x70, 0xE0, 0xFF, 0xFF, 0xFF, 0x07, 0x01, 0x01, 0x07, 0x16, 0x07, 0x77, 0xBB,
    0xDD, 0x4E, 0x87, 0xC3, 0xE1, 0x70, 0x38, 0x1C, 0x0E, 0x87, 0xC3, 0xE1, 0x70, 0x38, 0x1C, 0x8F,
    0x87, 0x01, 0x01, 0x03, 0x09, 0x13, 0x0A, 0xC0, 0x81, 0x03, 0x07, 0x0E, 0x1C, 0x38, 0x70, 0xE7,
    0xCE, 0x9D, 0x03, 0x07, 0x0E, 0x1C, 0x38, 0x70, 0xE0, 0xFF, 0xFF, 0xFF, 0x07, 0x01, 0x01, 0x07,
    0x16, 0x08, 0x70, 0x38, 0x1C, 0x0E, 0x87, 0xC3, 0xE1, 0xF7, 0xFB, 0x1D, 0x0E, 0x87, 0xC3, 0xE1,
    0x70, 0x38, 0x1C, 0x8F, 0x87, 0x01, 0x00, 0x03, 0x0B, 0x13, 0x0B, 0xC0, 0x01, 0x0E, 0x70, 0x80,
    0x03, 0x1D, 0xF8, 0xC0, 0x07, 0x3E, 0xE0, 0x01, 0x1E, 0xF0, 0x81, 0x0F, 0x7C, 0xE0, 0x02, 0x07,
    0x38, 0xFF, 0xF9, 0xCF, 0x7F, 0x00, 0x00, 0x01, 0x06, 0x15, 0x06, 0x8E, 0xE3, 0x38, 0x8E, 0xF3,
    0x3C, 0xCF, 0xE3, 0x78, 0x9E, 0xEF, 0xBB, 0x8E, 0xE3, 0x38, 0x0E, 0x01, 0x7B, 0x0B, 0x1B, 0x0D,
    0x38, 0xC0, 0x01, 0x0C, 0xE0, 0x00, 0x06, 0x00, 0x00, 0x00, 0x00, 0x87, 0x3F, 0xFC, 0xF1, 0x8F,
    0x7F, 0xFC, 0xF3, 0x9F, 0xFF, 0xEC, 0x77, 0xBF, 0xFB, 0xCD, 0x7F, 0xFE, 0xF3, 0x8F, 0x7F, 0xFC,
    0xE3, 0x0F, 0x7F, 0xF8, 0xC3, 0x01, 0x01, 0x00, 0x0A, 0x16, 0x0C, 0x1C, 0x70, 0x80, 0x03, 0x0C,
    0x30, 0x00, 0x00, 0x80, 0xE7, 0xBE, 0xFF, 0xFF, 0xFE, 0xE1, 0x87, 0x1F, 0x7E, 0xF8, 0xE1, 0x87,
    0x1F, 0x7E, 0xF8, 0xE1, 0x87, 0x1F, 0x0E, 0x01, 0x03, 0x0B, 0x1B, 0x0D, 0x87, 0x3F, 0xFC, 0xE1,
    0x8F, 0x7F, 0xFC, 0xF3, 0x9F, 0xFF, 0xEC, 0x77, 0xBF, 0xFB, 0xCD, 0x7F, 0xFE, 0xF3, 0x8F, 0x7F,
    0xFC, 0xE3, 0x0F, 0x7F, 0xF8, 0xC3, 0x01, 0x00, 0x06, 0x38, 0xC0, 0x01, 0x0E, 0x30, 0x80, 0x01,
    0x08, 0x00, 0x01, 0x07, 0x0A, 0x17, 0x0C, 0x9E, 0xFB, 0xFE, 0xFF, 0xFB, 0x87, 0x1F, 0x7E, 0xF8,
    0xE1, 0x87, 0x1F, 0x7E, 0xF8, 0xE1, 0x87, 0x1F, 0x7E, 0x38, 0x00, 0x70, 0xC0, 0x01, 0x07, 0x1C,
    0x30, 0xC0, 0x00, 0x02, 0x01, 0x7B, 0x0B, 0x1B, 0x0D, 0x8C, 0xC1, 0x06, 0x36, 0xF0, 0x01, 0x07,
    0x38, 0x00, 0x00, 0x00, 0x87, 0x3F, 0xFC, 0xF1, 0x8F, 0x7F, 0xFC, 0xF3, 0x9F, 0xFF, 0xEC, 0x77,
    0xBF, 0xFB, 0xCD, 0x7F, 0xFE, 0xF3, 0x8F, 0x7F, 0xFC, 0xE3, 0x0F, 0x7F, 0xF8, 0xC3, 0x01, 0x01,
    0x00, 0x0A, 0x16, 0x0C, 0xCE, 0xB0, 0xC3, 0x07, 0x1E, 0x38, 0x00, 0x00, 0x80, 0xE7, 0xBE, 0xFF,
    0xFF, 0xFE, 0xE1, 0x87, 0x1F, 0x7E, 0xF8, 0xE1, 0x87, 0x1F, 0x7E, 0xF8, 0xE1, 0x87, 0x1F, 0x0E,
    0x00, 0x03, 0x0D, 0x13, 0x0E, 0x00, 0x1C, 0x80, 0x03, 0x70, 0x00, 0xEE, 0xDC, 0xFC, 0xDB, 0x7F,
    0x3A, 0xCF, 0xE7, 0xE1, 0x38, 0x1C, 0x87, 0xE3, 0x70, 0x1C, 0x8E, 0xC3, 0x71, 0x38, 0x0E, 0xC7,
    0xE1, 0x38, 0x1C, 0x07, 0x01, 0x03, 0x0B, 0x19, 0x0D, 0x87, 0x3F, 0xFC, 0xF1, 0x8F, 0x7F, 0xFC,
    0xF3, 0x9F, 0xFF, 0xEC, 0x77, 0xBF, 0xF9, 0xCF, 0x7F, 0xFE, 0xF1, 0x8F, 0x7F, 0xFC, 0xE1, 0x0F,
    0x7F, 0xF8, 0xC1, 0x0F, 0x70, 0x80, 0x03, 0x7C, 0xC0, 0x07, 0x3E, 0x00, 0x01, 0x07, 0x0A, 0x15,
    0x0C, 0x9C, 0xFB, 0xFE, 0xFF, 0xF9, 0x87, 0x1F, 0x7E, 0xF8, 0xE1, 0x87, 0x1F, 0x7E, 0xF8, 0xE1,
    0x87, 0x1F, 0x7E, 0xF8, 0x01, 0x07, 0x9C, 0xF0, 0x83, 0x0F, 0x3C, 0x00, 0x01, 0x7D, 0x0C, 0x19,
    0x0E, 0xFC, 0xC1, 0x1F, 0xFC, 0x01, 0x00, 0x00, 0x00, 0x00, 0xF0, 0xC0, 0x3F, 0xFE, 0xE7, 0x70,
    0x0E, 0x77, 0xE0, 0x07, 0x7E, 0xE0, 0x07, 0x7E, 0xE0, 0x07, 0x7E, 0xE0, 0x07, 0x7E, 0xE0, 0x0E,
    0xE7, 0x70, 0xFE, 0xC7, 0x3F, 0xF0, 0x00, 0x01, 0x01, 0x0A, 0x15, 0x0C, 0xFC, 0xF1, 0xC7, 0x1F,
    0x00, 0x00, 0x00, 0x80, 0x07, 0x3F, 0xFE, 0x39, 0x7F, 0xF8, 0xE1, 0x87, 0x1F, 0x7E, 0xF8, 0xE1,
    0x87, 0x3B, 0xEF, 0x9F, 0x3F, 0x78, 0x00, 0x01, 0x7C, 0x0C, 0x1A, 0x0E, 0x9C, 0xC1, 0x1F, 0xF8,
    0x00, 0x07, 0x00, 0x00, 0x00, 0x00, 0x00, 0x0F, 0xFC, 0xE3, 0x7F, 0x0E, 0xE7, 0x70, 0x07, 0x7E,
    0xE0, 0x07, 0x7E, 0xE0, 0x07, 0x7E, 0xE0, 0x07, 0x7E, 0xE0, 0x07, 0xEE, 0x70, 0x0E, 0xE7, 0x7F,
    0xFC, 0x03, 0x0F, 0x01, 0x01, 0x0A, 0x15, 0x0C, 0xCC, 0x31, 0xC7, 0x1F, 0x3E, 0x70, 0x00, 0x80,
    0x07, 0x3F, 0xFE, 0x39, 0x7F, 0xF8, 0xE1, 0x87, 0x1F, 0x7E, 0xF8, 0xE1, 0x87, 0x3B, 0xEF, 0x9F,
    0x3F, 0x78, 0x00, 0x01, 0x7B, 0x0C, 0x1B, 0x0E, 0xEF, 0xE0, 0x0E, 0xCC, 0xC0, 0x1D, 0x98, 0x01,
    0x00, 0x00, 0x00, 0x00, 0xF0, 0xC0, 0x3F, 0xFE, 0xE7, 0x70, 0x0E, 0x77, 0xE0, 0x07, 0x7E, 0xE0,
    0x07, 0x7E, 0xE0, 0x07, 0x7E, 0xE0, 0x07, 0x7E, 0xE0, 0x0E, 0xE7, 0x70, 0xFE, 0xC7, 0x3F, 0xF0,
    0x00, 0x01, 0x00, 0x0B, 0x16, 0x0C, 0x6F, 0x70, 0x07, 0x33, 0xB8, 0x83, 0x19, 0x00, 0x00, 0x00,
    0x1E, 0xF8, 0xE1, 0x1F, 0xE7, 0x1D, 0xEE, 0x70, 0x87, 0x3B, 0xDC, 0xE1, 0x0E, 0x77, 0x38, 0xE7,
    0xF9, 0xC7, 0x1F, 0x78, 0x00, 0x01, 0x03, 0x11, 0x13, 0x13, 0xFF, 0x1F, 0xFE, 0xFF, 0xFC, 0xFF,
    0x01, 0x87, 0x07, 0x0E, 0x0E, 0x1C, 0x38, 0x38, 0x70, 0x7F, 0xE0, 0xFE, 0xC0, 0xFD, 0x81, 0x83,
    0x03, 0x07, 0x07, 0x0E, 0x0E, 0x1C, 0x1C, 0x38, 0x38, 0x38, 0x70, 0x78, 0xFF, 0x7F, 0xFE, 0xFF,
    0xFC, 0x7F, 0x00, 0x01, 0x07, 0x11, 0x0F, 0x13, 0x7C, 0x3C, 0xFC, 0xFD, 0xF9, 0xFF, 0x7B, 0x3C,
    0x7F, 0x38, 0xFC, 0x7F, 0xF8, 0xFF, 0xF0, 0xFF, 0xE1, 0x80, 0xC3, 0x01, 0x87, 0x03, 0x0E, 0x37,
    0x3E, 0xFF, 0xFF, 0xCF, 0xDF, 0x1F, 0x1F, 0x0F, 0x01, 0x7B, 0x0B, 0x1B, 0x0C, 0x30, 0x80, 0x03,
    0x18, 0xC0, 0x00, 0x0C, 0x00, 0x00, 0x00, 0x00, 0xF8, 0xE7, 0xBF, 0xFF, 0x1D, 0xEE, 0x70, 0x87,
    0x3B, 0xDC, 0xE3, 0xFC, 0xE7, 0x3F, 0xFC, 0xE1, 0x8E, 0x73, 0x9C, 0x73, 0x9C, 0xE3, 0x1E, 0x77,
    0xF8, 0xC3, 0x01, 0x01, 0x00, 0x07, 0x16, 0x08, 0x07, 0x87, 0x83, 0x83, 0x01, 0x00, 0xEE, 0xFF,
    0x3F, 0x1E, 0x0E, 0x87, 0xC3, 0xE1, 0x70, 0x38, 0x1C, 0x0E, 0x87, 0x03, 0x01, 0x03, 0x0B, 0x1B,
    0x0C, 0xF8, 0xE7, 0xBF, 0xFF, 0x1D, 0xEE, 0x70, 0x87, 0x3B, 0xDC, 0xE3, 0xFC, 0xE7, 0x3F, 0xFC,
    0x61, 0x8E, 0x73, 0x8C, 0x73, 0x9C, 0xE3, 0x0E, 0x77, 0xF8, 0xC3, 0x01, 0x00, 0x07, 0x38, 0xC0,
    0x01, 0x0E, 0x30, 0x80, 0x01, 0x08, 0x00, 0x01, 0x07, 0x07, 0x17, 0x08, 0xF7, 0xFF, 0x1F, 0x0F,
    0x87, 0xC3, 0xE1, 0x70, 0x38, 0x1C, 0x0E, 0x87, 0xC3, 0x01, 0x70, 0x38, 0x1C, 0x0E, 0x83, 0x81,
    0x01, 0x01, 0x7C, 0x0B, 0x1A, 0x0C, 0x98, 0x81, 0x0D, 0x3C, 0xC0, 0x01, 0x06, 0x00, 0x00, 0x00,
    0xFF, 0xFC, 0xF7, 0xBF, 0xC3, 0x1D, 0xEE, 0x70, 0x87, 0x7B, 0x9C, 0xFF, 0xFC, 0x87, 0x3F, 0xDC,
    0x71, 0x8E, 0x73, 0x8E, 0x73, 0xDC, 0xE3, 0x0E, 0x7F, 0x38, 0x00, 0x00, 0x07, 0x16, 0x08, 0x63,
    0xBB, 0x8F, 0xC7, 0x01, 0x00, 0xEE, 0xFF, 0x3F, 0x1E, 0x0E, 0x87, 0xC3, 0xE1, 0x70, 0x38, 0x1C,
    0x0E, 0x87, 0x03, 0x00, 0x7B, 0x0B, 0x1B, 0x0D, 0x3C, 0xC0, 0x01, 0x0C, 0xE0, 0x00, 0x06, 0x00,
    0x00, 0x00, 0x00, 0xF8, 0xF0, 0x9F, 0xFF, 0x1C, 0x4F, 0x70, 0x80, 0x03, 0x1E, 0xFC, 0xFC, 0xF3,
    0x9F, 0x3F, 0x3E, 0xF0, 0x80, 0x03, 0x1C, 0xEC, 0xF1, 0xFE, 0xF7, 0x1F, 0x7E, 0x00, 0x00, 0x00,
    0x09, 0x16, 0x0B, 0x1E, 0x38, 0x60, 0xC0, 0x00, 0x03, 0x00, 0x00, 0x3E, 0xFE, 0xFE, 0x1B, 0x07,
    0x0E, 0x9E, 0xBF, 0xBF, 0x1F, 0x0F, 0x0E, 0x1C, 0xFB, 0xEF, 0x9F, 0x0F, 0x00, 0x7B, 0x0B, 0x1B,
    0x0D, 0x70, 0x80, 0x07, 0x3E, 0xB0, 0xC3, 0x18, 0x00, 0x00, 0x00, 0x00, 0xF8, 0xF0, 0x9F, 0xFF,
    0x1C, 0x4F, 0x70, 0x80, 0x03, 0x1E, 0xFC, 0xFC, 0xF3, 0x9F, 0x3F, 0x3E, 0xF0, 0x80, 0x03, 0x1C,
    0xEC, 0xF1, 0xFE, 0xF7, 0x1F, 0x7E, 0x00, 0x00, 0x7F, 0x09, 0x17, 0x0B, 0x38, 0x70, 0xF0, 0x61,
    0xE3, 0xCE, 0x18, 0x00, 0x00, 0x7C, 0xFC, 0xFD, 0x37, 0x0E, 0x1C, 0x3C, 0x7F, 0x7F, 0x3F, 0x1E,
    0x1C, 0x38, 0xF6, 0xDF, 0x3F, 0x1F, 0x00, 0x03, 0x0B, 0x19, 0x0D, 0xF8, 0xF0, 0x9F, 0xFF, 0x1C,
    0x4F, 0x70, 0x80, 0x03, 0x1E, 0xFC, 0xF8, 0xF3, 0x9F, 0x3F, 0x7E, 0xF0, 0x80, 0x03, 0x1C, 0xE8,
    0xE0, 0xFF, 0xF7, 0x3F, 0xFF, 0xF0, 0x81, 0x07, 0x1C, 0x60, 0x00, 0x1F, 0xF0, 0x00, 0x00, 0x07,
    0x09, 0x15, 0x0B, 0x7C, 0xFC, 0xFD, 0x37, 0x0E, 0x1C, 0x3C, 0x7E, 0x7F, 0x7E, 0x3E, 0x1C, 0x38,
    0xF0, 0xEC, 0xBF, 0x3F, 0x3C, 0x1C, 0x38, 0x30, 0xE1, 0x83, 0x07, 0x00, 0x7B, 0x0B, 0x1B, 0x0D,
    0x9C, 0xC1, 0x0C, 0x3E, 0xE0, 0x01, 0x07, 0x00, 0x00, 0x00, 0x00, 0xF8, 0xF0, 0x9F, 0xFF, 0x1C,
    0x4F, 0x70, 0x80, 0x03, 0x1E, 0xFC, 0xFC, 0xF3, 0x9F, 0x3F, 0x3E, 0xF0, 0x80, 0x03, 0x1C, 0xEC,
    0xF1, 0xFE, 0xF7, 0x1F, 0x7E, 0x00, 0x00, 0x7F, 0x09, 0x17, 0x0B, 0xCE, 0x99, 0xF1, 0xC3, 0x83,
    0x03, 0x06, 0x00, 0x00, 0x7C, 0xFC, 0xFD, 0x37, 0x0E, 0x1C, 0x3C, 0x7F, 0x7F, 0x3F, 0x1E, 0x1C,
    0x38, 0xF6, 0xDF, 0x3F, 0x1F, 0x01, 0x03, 0x0B, 0x19, 0x0D, 0xFF, 0xFF, 0xFF, 0xFF, 0xE1, 0x00,
    0x07, 0x38, 0xC0, 0x01, 0x0E, 0x70, 0x80, 0x03, 0x1C, 0xE0, 0x00, 0x07, 0x38, 0xC0, 0x01, 0x0E,
    0x70, 0x80, 0x03, 0x1C, 0x60, 0x80, 0x07, 0x0C, 0x60, 0x02, 0x1F, 0xF0, 0x00, 0x01, 0x03, 0x07,
    0x19, 0x09, 0x38, 0x1C, 0x0E, 0xE7, 0xF7, 0xFB, 0x71, 0x38, 0x1C, 0x0E, 0x87, 0xC3, 0xE1, 0x70,
    0xBD, 0xDF, 0xE7, 0xF1, 0x38, 0x0C, 0x7E, 0x3E, 0x01, 0x7B, 0x0B, 0x1B, 0x0D, 0x8C, 0xE1, 0x0E,
    0x36, 0xF0, 0x01, 0x07, 0x38, 0x00, 0x00, 0x00, 0xFF, 0xFF, 0xFF, 0xFF, 0xE1, 0x00, 0x07, 0x38,
    0xC0, 0x01, 0x0E, 0x70, 0x80, 0x03, 0x1C, 0xE0, 0x00, 0x07, 0x38, 0xC0, 0x01, 0x0E, 0x70, 0x80,
    0x03, 0x1C, 0x00, 0x01, 0x01, 0x08, 0x15, 0x08, 0x07, 0x06, 0x76, 0x76, 0x74, 0x70, 0xFC, 0xFC,
    0xFC, 0x70, 0x70, 0x70, 0x70, 0x70, 0x70, 0x70, 0x70, 0x70, 0x7C, 0x3C, 0x3E, 0x01, 0x03, 0x0B,
    0x13, 0x0D, 0xFF, 0xFF, 0xFF, 0xFF, 0xE1, 0x00, 0x07, 0x38, 0xC0, 0x81, 0x3F, 0xFC, 0xE1, 0x0F,
    0x1C, 0xE0, 0x00, 0x07, 0x38, 0xC0, 0x01, 0x0E, 0x70, 0x80, 0x03, 0x1C, 0x00, 0x01, 0x03, 0x08,
    0x13, 0x09, 0x70, 0x70, 0x70, 0x70, 0xFE, 0xFE, 0xFE, 0x70, 0xFE, 0xFE, 0xFE, 0x70, 0x70, 0x70,
    0x70, 0x70, 0x7E, 0x3E, 0x1F, 0x01, 0x7B, 0x0B, 0x1B, 0x0D, 0xE6, 0xB0, 0x8F, 0x7F, 0x7C, 0xC3,
    0x19, 0x00, 0x00, 0x00, 0x00, 0x07, 0x3F, 0xF8, 0xC1, 0x0F, 0x7E, 0xF0, 0x83, 0x1F, 0xFC, 0xE0,
    0x07, 0x3F, 0xF8, 0xC1, 0x0F, 0x7E, 0xF0, 0x83, 0x1F, 0xDC, 0x71, 0xFE, 0xE3, 0x0F, 0x3E, 0x00,
    0x01, 0x00, 0x0A, 0x16, 0x0C, 0xC6, 0x98, 0x63, 0x9F, 0x6F, 0x9C, 0x71, 0x06, 0xC0, 0xE1, 0x87,
    0x1F, 0x7E, 0xF8, 0xE1, 0x87, 0x1F, 0x7E, 0xF8, 0xE1, 0x87, 0x1F, 0xFE, 0xF8, 0xFF, 0xFF, 0x9D,
    0x03, 0x01, 0x7D, 0x0B, 0x19, 0x0D, 0xFC, 0xE1, 0x0F, 0x7F, 0x00, 0x00, 0x00, 0x00, 0x1C, 0xFC,
    0xE0, 0x07, 0x3F, 0xF8, 0xC1, 0x0F, 0x7E, 0xF0, 0x83, 0x1F, 0xFC, 0xE0, 0x07, 0x3F, 0xF8, 0xC1,
    0x0F, 0x7E, 0x70, 0xC7, 0xF9, 0x8F, 0x3F, 0xF8, 0x00, 0x01, 0x01, 0x0A, 0x15, 0x0C, 0xFC, 0xF1,
    0xC7, 0x1F, 0x00, 0x00, 0x00, 0x70, 0xF8, 0xE1, 0x87, 0x1F, 0x7E, 0xF8, 0xE1, 0x87, 0x1F, 0x7E,
    0xF8, 0xE1, 0x87, 0x3F, 0xFE, 0xFF, 0x7F, 0xE7, 0x00, 0x01, 0x7C, 0x0B, 0x1A, 0x0D, 0x8C, 0xE1,
    0x0F, 0x3E, 0xE0, 0x00, 0x00, 0x00, 0x00, 0xE0, 0xE0, 0x07, 0x3F, 0xF8, 0xC1, 0x0F, 0x7E, 0xF0,
    0x83, 0x1F, 0xFC, 0xE0, 0x07, 0x3F, 0xF8, 0xC1, 0x0F, 0x7E, 0xF0, 0x83, 0x3B, 0xCE, 0x7F, 0xFC,
    0xC1, 0x07, 0x01, 0x01, 0x0A, 0x15, 0x0C, 0x8C, 0x31, 0xC7, 0x1F, 0x3E, 0x70, 0x00, 0x70, 0xF8,
    0xE1, 0x87, 0x1F, 0x7E, 0xF8, 0xE1, 0x87, 0x1F, 0x7E, 0xF8, 0xE1, 0x87, 0x3F, 0xFE, 0xFF, 0x7F,
    0xE7, 0x00, 0x01, 0x7A, 0x0B, 0x1C, 0x0D, 0x30, 0xC0, 0x03, 0x12, 0x90, 0x80, 0x04, 0x3C, 0xC0,
    0x00, 0x00, 0x00, 0x38, 0xF8, 0xC1, 0x0F, 0x7E, 0xF0, 0x83, 0x1F, 0xFC, 0xE0, 0x07, 0x3F, 0xF8,
    0xC1, 0x0F, 0x7E, 0xF0, 0x83, 0x1F, 0xFC, 0xE0, 0x8E, 0xF3, 0x1F, 0x7F, 0xF0, 0x01, 0x01, 0x7F,
    0x0A, 0x17, 0x0C, 0x30, 0xE0, 0x81, 0x04, 0x12, 0x48, 0xE0, 0x01, 0x03, 0x00, 0x87, 0x1F, 0x7E,
    0xF8, 0xE1, 0x87, 0x1F, 0x7E, 0xF8, 0xE1, 0x87, 0x1F, 0x7E, 0xF8, 0xE3, 0xFF, 0xFF, 0x77, 0x0E,
    0x01, 0x7B, 0x0B, 0x1B, 0x0D, 0x77, 0x70, 0x83, 0x3B, 0x98, 0x81, 0x0D, 0x00, 0x00, 0x00, 0x00,
    0x07, 0x3F, 0xF8, 0xC1, 0x0F, 0x7E, 0xF0, 0x83, 0x1F, 0xFC, 0xE0, 0x07, 0x3F, 0xF8, 0xC1, 0x0F,
    0x7E, 0xF0, 0x83, 0x1F, 0xDC, 0x71, 0xFE, 0xE3, 0x0F, 0x3E, 0x00, 0x01, 0x00, 0x0B, 0x16, 0x0C,
    0x67, 0x70, 0x87, 0x33, 0x98, 0x83, 0x19, 0x00, 0x00, 0xC0, 0xE1, 0x0E, 0x77, 0xB8, 0xC3, 0x1D,
    0xEE, 0x70, 0x87, 0x3B, 0xDC, 0xE1, 0x0E, 0x77, 0xB8, 0xC7, 0xFD, 0xEF, 0x3F, 0xE7, 0x00, 0x01,
    0x03, 0x0B, 0x19, 0x0D, 0x07, 0x3F, 0xF8, 0xC1, 0x0F, 0x7E, 0xF0, 0x83, 0x1F, 0xFC, 0xE0, 0x07,
    0x3F, 0xF8, 0xC1, 0x0F, 0x7E, 0xF0, 0x83, 0x1F, 0xFC, 0x71, 0xFE, 0xF3, 0x8F, 0x3F, 0x18, 0xC0,
    0x00, 0x06, 0x3C, 0xE0, 0x01, 0x06, 0x00, 0x01, 0x07, 0x0A, 0x15, 0x0C, 0x87, 0x1F, 0x7E, 0xF8,
    0xE1, 0x87, 0x1F, 0x7E, 0xF8, 0xE1, 0x87, 0x1F, 0x7E, 0xF8, 0xE3, 0xFF, 0xDF, 0x77, 0x0E, 0x03,
    0x18, 0x60, 0xE0, 0xC1, 0x07, 0x0E, 0x00, 0x00, 0x7B, 0x12, 0x1B, 0x12, 0x00, 0x03, 0x00, 0x1E,
    0x00, 0x78, 0x00, 0xF0, 0x01, 0xC0, 0x0C, 0x80, 0x31, 0x00, 0x00, 0x00, 0x00, 0x00, 0x87, 0x83,
    0x1D, 0x1E, 0x67, 0x78, 0x9C, 0xE3, 0x71, 0x8E, 0xC7, 0x39, 0x1F, 0xE7, 0xFC, 0x0C, 0xF3, 0x3B,
    0xDC, 0xEF, 0x70, 0xBB, 0xC3, 0xCD, 0x0E, 0x3F, 0x1B, 0xF8, 0x7C, 0xE0, 0xF3, 0x81, 0xC7, 0x07,
    0x1E, 0x1E, 0x78, 0x78, 0xE0, 0xE1, 0x00, 0x87, 0x03, 0x00, 0x00, 0x0F, 0x16, 0x10, 0xC0, 0x01,
    0xF0, 0x00, 0xF8, 0x00, 0x6E, 0x00, 0x73, 0x00, 0x00, 0x00, 0x00, 0x86, 0xE1, 0xC7, 0xB0, 0xE3,
    0xD8, 0x79, 0xCE, 0x3C, 0x67, 0x9E, 0x33, 0xDF, 0xD9, 0x6D, 0x7C, 0x36, 0x3E, 0x1B, 0x9E, 0x0F,
    0x8F, 0x87, 0xC3, 0xC1, 0xE1, 0xE0, 0x70, 0x00, 0x00, 0x7C, 0x0B, 0x1A, 0x0C, 0x70, 0xC0, 0x07,
    0x3E, 0xB8, 0xC3, 0x18, 0x00, 0x00, 0xE0, 0xE0, 0x07, 0x77, 0x9C, 0xE3, 0x1C, 0xC7, 0x1D, 0xEE,
    0x70, 0x07, 0x1F, 0xF8, 0x80, 0x03, 0x1C, 0xE0, 0x00, 0x07, 0x38, 0xC0, 0x01, 0x0E, 0x70, 0x80,
    0x03, 0x00, 0x00, 0x0A, 0x1C, 0x0B, 0x38, 0xE0, 0x80, 0x07, 0x1B, 0xEC, 0x18, 0x03, 0xC0, 0xE0,
    0x83, 0x1D, 0x77, 0x9C, 0x71, 0xCE, 0xB8, 0xE3, 0x0E, 0x3B, 0x7C, 0xF0, 0x81, 0x07, 0x0E, 0x38,
    0xE0, 0x00, 0x03, 0x1C, 0x70, 0x80, 0x0F, 0x3E, 0xF0, 0x00, 0x7D, 0x0A, 0x19, 0x0B, 0xEE, 0xB8,
    0xE3, 0x0E, 0x00, 0x00, 0x00, 0x30, 0xF8, 0xE0, 0xC7, 0x1D, 0x77, 0x9C, 0x3B, 0xEE, 0xB8, 0xC1,
    0x07, 0x1F, 0x38, 0xE0, 0x80, 0x03, 0x0E, 0x38, 0xE0, 0x80, 0x03, 0x0E, 0x38, 0x00, 0x01, 0x7B,
    0x09, 0x1B, 0x0B, 0x1C, 0x38, 0x60, 0xC0, 0x01, 0x03, 0x00, 0x00, 0x00, 0xFF, 0xFF, 0xFF, 0x3F,
    0xE0, 0xC0, 0x01, 0x07, 0x0E, 0x38, 0x70, 0xC0, 0x81, 0x03, 0x06, 0x1C, 0x38, 0xE0, 0xFF, 0xFF,
    0xFF, 0x07, 0x01, 0x00, 0x08, 0x16, 0x0A, 0x0E, 0x0C, 0x1C, 0x18, 0x38, 0x00, 0x00, 0xFF, 0xFF,
    0xFF, 0x07, 0x0E, 0x0E, 0x1C, 0x38, 0x38, 0x70, 0x70, 0xE0, 0xFF, 0xFF, 0xFF, 0x01, 0x7D, 0x09,
    0x19, 0x0B, 0x38, 0x70, 0xE0, 0x00, 0x00, 0x00, 0xC0, 0xFF, 0xFF, 0xFF, 0x0F, 0x38, 0x70, 0xC0,
    0x81, 0x03, 0x06, 0x1C, 0x30, 0xE0, 0xC0, 0x01, 0x07, 0x0E, 0xF8, 0xFF, 0xFF, 0xFF, 0x01, 0x01,
    0x01, 0x08, 0x15, 0x0A, 0x38, 0x38, 0x38, 0x00, 0x00, 0x00, 0xFF, 0xFF, 0xFF, 0x0F, 0x0E, 0x1C,
    0x1C, 0x38, 0x38, 0x70, 0x60, 0xE0, 0xFF, 0xFF, 0xFF, 0x01, 0x7B, 0x09, 0x1B, 0x0B, 0xC6, 0xD8,
    0xB1, 0xC1, 0x83, 0x03, 0x07, 0x00, 0x00, 0xFF, 0xFF, 0xFF, 0x3F, 0xE0, 0xC0, 0x01, 0x07, 0x0E,
    0x38, 0x70, 0xC0, 0x81, 0x03, 0x06, 0x1C, 0x38, 0xE0, 0xFF, 0xFF, 0xFF, 0x07, 0x01, 0x00, 0x08,
    0x16, 0x0A, 0x66, 0x6E, 0x3C, 0x3C, 0x18, 0x00, 0x00, 0xFF, 0xFF, 0xFF, 0x07, 0x0E, 0x0E, 0x1C,
    0x38, 0x38, 0x70, 0x70, 0xE0, 0xFF, 0xFF, 0xFF, 0x00, 0x01, 0x07, 0x15, 0x07, 0x8F, 0xCF, 0x0F,
    0x87, 0xC3, 0xE1, 0xF1, 0x78, 0x1C, 0x0E, 0x87, 0xC3, 0xE1, 0x70, 0x38, 0x1C, 0x0E, 0x87, 0x03,
    0x92, 0x03, 0x01, 0x00, 0x01, 0x0B, 0x1B, 0x0A, 0x03, 0x38, 0xC0, 0x03, 0x1C, 0xC0, 0x00, 0x06,
    0xFC, 0xE0, 0x07, 0x3F, 0xE0, 0x00, 0x07, 0x30, 0x80, 0x01, 0x0C, 0xE0, 0x00, 0x07, 0x38, 0xC0,
    0x01, 0x0C, 0x60, 0x00, 0x03, 0x18, 0xC0, 0x01, 0x0E, 0xE0, 0x03, 0x1F, 0xF0, 0x01, 0xA0, 0x03,
    0x02, 0x01, 0x01, 0x0F, 0x15, 0x10, 0x03, 0x80, 0x01, 0xC0, 0xF0, 0x61, 0xFC, 0x33, 0xFF, 0xFB,
    0xC3, 0xF9, 0xE1, 0x7C, 0xE0, 0x38, 0x70, 0x1C, 0x38, 0x0E, 0x1C, 0x07, 0x8E, 0x03, 0xC7, 0x81,
    0xE3, 0xC0, 0x71, 0xE0, 0x70, 0x38, 0x38, 0x1C, 0xFC, 0x0F, 0xFC, 0x03, 0x78, 0x00, 0x01, 0x06,
    0x0D, 0x10, 0x0E, 0x03, 0x60, 0x78, 0x8C, 0x9F, 0xF9, 0xF7, 0xE7, 0x7D, 0x38, 0x0E, 0xC7, 0xE1,
    0x38, 0x1C, 0x87, 0xE3, 0x70, 0x1C, 0x0E, 0xE7, 0xE1, 0x1F, 0xF8, 0x01, 0x1E, 0xAF, 0x03, 0x02,
    0x01, 0x01, 0x0F, 0x15, 0x10, 0x03, 0x80, 0x01, 0xC0, 0x1C, 0x7C, 0x0E, 0x7E, 0x07, 0xFF, 0x83,
    0xFB, 0xC1, 0xF9, 0xE0, 0x70, 0x70, 0x38, 0x38, 0x1C, 0x1C, 0x0E, 0x0E, 0x07, 0x87, 0x83, 0xC3,
    0xC1, 0xE1, 0xE0, 0x70, 0x70, 0x70, 0x1C, 0xF8, 0x0F, 0xF8, 0x03, 0xF8, 0x00, 0x01, 0x06, 0x0D,
    0x10, 0x0E, 0x03, 0x60, 0x87, 0xEF, 0xF0, 0x1D, 0xFE, 0xC3, 0x7D, 0xB8, 0x0F, 0xC7, 0xE1, 0x38,
    0x1C, 0x87, 0xE3, 0x70, 0x1C, 0x8E, 0xC7, 0xF1, 0x3F, 0xFE, 0xC3, 0x39, 0xCD, 0x03, 0x10, 0x00,
    0x7B, 0x0D, 0x1B, 0x0D, 0x18, 0x03, 0x37, 0xC0, 0x06, 0xF8, 0x00, 0x0E, 0xC0, 0x01, 0x00, 0x00,
    0x00, 0xF0, 0x00, 0x3E, 0xC0, 0x07, 0xF8, 0x80, 0x1B, 0x70, 0x07, 0xEE, 0xC0, 0x1D, 0x9C, 0x83,
    0x63, 0x70, 0x1C, 0x8E, 0xC3, 0x7F, 0xFC, 0x8F, 0xFF, 0x73, 0x70, 0x06, 0xEE, 0x80, 0x1D, 0x70,
    0x01, 0x7F, 0x09, 0x17, 0x0B, 0xE6, 0xD8, 0xB0, 0xC1, 0x81, 0x03, 0x02, 0x00, 0x00, 0x7C, 0xFC,
    0xFD, 0x3F, 0x76, 0xE0, 0xC0, 0x9F, 0x7F, 0xE7, 0x8F, 0x1F, 0x7F, 0xFE, 0xFF, 0xDF, 0x3D, 0x00,
    0x7B, 0x07, 0x1B, 0x09, 0xE3, 0xBB, 0xCD, 0xC7, 0xE1, 0x00, 0x00, 0xFF, 0xFF, 0x9F, 0xC3, 0xE1,
    0x70, 0x38, 0x1C, 0x0E, 0x87, 0xC3, 0xE1, 0x70, 0x38, 0xFF, 0xFF, 0x1F, 0x00, 0x00, 0x05, 0x16,
    0x05, 0xB8, 0xBF, 0x77, 0x00, 0x38, 0xE7, 0x9C, 0x73, 0xCE, 0x39, 0xE7, 0x9C, 0x73, 0x0E, 0x01,
    0x7B, 0x0C, 0x1B, 0x0E, 0x98, 0x81, 0x19, 0xF0, 0x00, 0x0F, 0x60, 0x00, 0x00, 0x00, 0x00, 0x00,
    0xF0, 0xC0, 0x3F, 0xFE, 0xE7, 0x70, 0x0E, 0x77, 0xE0, 0x07, 0x7E, 0xE0, 0x07, 0x7E, 0xE0, 0x07,
    0x7E, 0xE0, 0x07, 0x7E, 0xE0, 0x0E, 0xE7, 0x70, 0xFE, 0xC7, 0x3F, 0xF0, 0x00, 0x01, 0x7F, 0x0A,
    0x17, 0x0C, 0xCC, 0x30, 0x83, 0x07, 0x1E, 0x30, 0xC0, 0x00, 0x00, 0x00, 0x78, 0xF0, 0xE3, 0x9F,
    0xF3, 0x87, 0x1F, 0x7E, 0xF8, 0xE1, 0x87, 0x1F, 0x7E, 0xB8, 0xF3, 0xFE, 0xF9, 0x83, 0x07, 0x01,
    0x7B, 0x0B, 0x1B, 0x0D, 0xCC, 0xC0, 0x06, 0x3E, 0xE0, 0x00, 0x07, 0x00, 0x00, 0x00, 0x00, 0x07,
    0x3F, 0xF8, 0xC1, 0x0F, 0x7E, 0xF0, 0x83, 0x1F, 0xFC, 0xE0, 0x07, 0x3F, 0xF8, 0xC1, 0x0F, 0x7E,
    0xF0, 0x83, 0x1F, 0xDC, 0x71, 0xFE, 0xE3, 0x0F, 0x3E, 0x00, 0x01, 0x7F, 0x0A, 0x17, 0x0C, 0xCE,
    0x31, 0xC3, 0x0F, 0x1E, 0x78, 0xC0, 0x00, 0x00, 0x00, 0x87, 0x1F, 0x7E, 0xF8, 0xE1, 0x87, 0x1F,
    0x7E, 0xF8, 0xE1, 0x87, 0x1F, 0x7E, 0xF8, 0xE3, 0xFF, 0xFF, 0x77, 0x0E, 0x01, 0x79, 0x0B, 0x1D,
    0x0D, 0xFC, 0xE1, 0x0F, 0x7F, 0x00, 0xC0, 0x1D, 0xEE, 0x70, 0x07, 0x00, 0x00, 0x00, 0xC0, 0xC1,
    0x0F, 0x7E, 0xF0, 0x83, 0x1F, 0xFC, 0xE0, 0x07, 0x3F, 0xF8, 0xC1, 0x0F, 0x7E, 0xF0, 0x83, 0x1F,
    0xFC, 0xE0, 0x07, 0x77, 0x9C, 0xFF, 0xF8, 0x83, 0x0F, 0x01, 0x7E, 0x0A, 0x18, 0x0C, 0xFC, 0xF1,
    0xC7, 0x1F, 0x00, 0x00, 0x70, 0xC7, 0x1D, 0x77, 0x00, 0x1C, 0x7E, 0xF8, 0xE1, 0x87, 0x1F, 0x7E,
    0xF8, 0xE1, 0x87, 0x1F, 0x7E, 0xF8, 0xE1, 0x8F, 0xFF, 0xFF, 0xDF, 0x39, 0x01, 0x78, 0x0B, 0x1E,
    0x0D, 0x38, 0xC0, 0x01, 0x0C, 0x40, 0x00, 0x00, 0xEE, 0x70, 0x87, 0x3B, 0x00, 0x00, 0x00, 0x00,
    0x0E, 0x7E, 0xF0, 0x83, 0x1F, 0xFC, 0xE0, 0x07, 0x3F, 0xF8, 0xC1, 0x0F, 0x7E, 0xF0, 0x83, 0x1F,
    0xFC, 0xE0, 0x07, 0x3F, 0xB8, 0xE3, 0xFC, 0xC7, 0x1F, 0x7C, 0x00, 0x01, 0x7D, 0x0A, 0x19, 0x0C,
    0x38, 0xE0, 0x00, 0x03, 0x08, 0x00, 0x00, 0xC0, 0x1D, 0x77, 0xDC, 0x01, 0x70, 0xF8, 0xE1, 0x87,
    0x1F, 0x7E, 0xF8, 0xE1, 0x87, 0x1F, 0x7E, 0xF8, 0xE1, 0x87, 0x3F, 0xFE, 0xFF, 0x7F, 0xE7, 0x00,
    0x01, 0x78, 0x0B, 0x1E, 0x0D, 0x8C, 0xC1, 0x06, 0x3E, 0xE0, 0x00, 0x02, 0xEE, 0x70, 0x87, 0x3B,
    0x00, 0x00, 0x00, 0x00, 0x0E, 0x7E, 0xF0, 0x83, 0x1F, 0xFC, 0xE0, 0x07, 0x3F, 0xF8, 0xC1, 0x0F,
    0x7E, 0xF0, 0x83, 0x1F, 0xFC, 0xE0, 0x07, 0x3F, 0xB8, 0xE3, 0xFC, 0xC7, 0x1F, 0x7C, 0x00, 0x01,
    0x7D, 0x0A, 0x19, 0x0C, 0xCC, 0x61, 0x83, 0x07, 0x1C, 0x00, 0x00, 0xC0, 0x1D, 0x77, 0xDC, 0x01,
    0x70, 0xF8, 0xE1, 0x87, 0x1F, 0x7E, 0xF8, 0xE1, 0x87, 0x1F, 0x7E, 0xF8, 0xE1, 0x87, 0x3F, 0xFE,
    0xFF, 0x7F, 0xE7, 0x00, 0x01, 0x78, 0x0B, 0x1E, 0x0D, 0xE0, 0x00, 0x07, 0x18, 0x40, 0x00, 0x00,
    0xEE, 0x70, 0x87, 0x3B, 0x00, 0x00, 0x00, 0x00, 0x0E, 0x7E, 0xF0, 0x83, 0x1F, 0xFC, 0xE0, 0x07,
    0x3F, 0xF8, 0xC1, 0x0F, 0x7E, 0xF0, 0x83, 0x1F, 0xFC, 0xE0, 0x07, 0x3F, 0xB8, 0xE3, 0xFC, 0xC7,
    0x1F, 0x7C, 0x00, 0x01, 0x7D, 0x0A, 0x19, 0x0C, 0xE0, 0x80, 0x03, 0x06, 0x08, 0x00, 0x00, 0xC0,
    0x1D, 0x77, 0xDC, 0x01, 0x70, 0xF8, 0xE1, 0x87, 0x1F, 0x7E, 0xF8, 0xE1, 0x87, 0x1F, 0x7E, 0xF8,
    0xE1, 0x87, 0x3F, 0xFE, 0xFF, 0x7F, 0xE7, 0x00, 0xFA, 0x03, 0x06, 0x00, 0x7A, 0x0B, 0x1C, 0x0C,
    0x1C, 0xC0, 0x00, 0x0E, 0x60, 0x00, 0x03, 0x3C, 0x20, 0x01, 0x09, 0x48, 0xC0, 0x03, 0x1E, 0xF0,
    0x80, 0x07, 0x7E, 0xF0, 0x83, 0x1B, 0xCC, 0x70, 0x8E, 0x73, 0x9C, 0x63, 0x98, 0xFF, 0xFD, 0xEF,
    0x7F, 0x07, 0x1B, 0xF8, 0xC0, 0x07, 0x0E, 0x01, 0x79, 0x09, 0x1D, 0x0B, 0x0E, 0x38, 0x70, 0xC0,
    0x80, 0x03, 0x00, 0x0E, 0x3E, 0x44, 0x88, 0x10, 0xE1, 0x83, 0x03, 0x00, 0x1F, 0x7F, 0xFF, 0x8F,
    0x1D, 0x38, 0xF0, 0xE7, 0xDF, 0xF9, 0xE3, 0xC7, 0x9F, 0xFF, 0xFF, 0x77, 0x0F, 0x00, 0x7B, 0x11,
    0x1B, 0x12, 0x70, 0x00, 0xC0, 0x01, 0x80, 0x03, 0x00, 0x06, 0x00, 0x18, 0x00, 0x00, 0x00, 0x00,
    0x00, 0x00, 0x00, 0xFF, 0x0F, 0xFE, 0x1F, 0xFC, 0x7F, 0x00, 0xEE, 0x00, 0xDC, 0x01, 0x38, 0x07,
    0x70, 0x0E, 0xE0, 0x1C, 0xFE, 0x39, 0xFC, 0xE3, 0xF8, 0xC7, 0x01, 0xFE, 0x03, 0xFC, 0x0F, 0xF8,
    0x1F, 0x70, 0x38, 0xE0, 0x60, 0xFF, 0xC1, 0xFF, 0x83, 0xFF, 0x07, 0x07, 0x01, 0x00, 0x10, 0x16,
    0x12, 0xE0, 0x00, 0xC0, 0x01, 0xC0, 0x01, 0x80, 0x01, 0x80, 0x03, 0x00, 0x00, 0x00, 0x00, 0x78,
    0x3C, 0xFE, 0x7F, 0xFE, 0xFF, 0xCF, 0x23, 0x87, 0x03, 0xFF, 0x3F, 0xFF, 0x7F, 0xFF, 0xFF, 0x80,
    0xE3, 0x80, 0xE3, 0x80, 0xE3, 0xC6, 0xE7, 0xFF, 0xFF, 0xFE, 0x7E, 0x7C, 0x38, 0x00, 0x7B, 0x0D,
    0x1C, 0x0E, 0x38, 0x00, 0x06, 0xC0, 0x01, 0x30, 0x00, 0x06, 0x00, 0xC0, 0x00, 0x18, 0x00, 0xFE,
    0xC0, 0x7F, 0xF8, 0x1F, 0xC7, 0xE3, 0x71, 0x3E, 0xDC, 0x8D, 0xBB, 0x71, 0x67, 0xEE, 0xCC, 0x1D,
    0xBB, 0x63, 0x77, 0xE8, 0x0E, 0x9F, 0xC3, 0x71, 0x38, 0xFE, 0x87, 0xFF, 0xC0, 0x37, 0x00, 0x06,
    0x01, 0x00, 0x0A, 0x17, 0x0C, 0x1C, 0x60, 0x80, 0x03, 0x0C, 0x30, 0x00, 0x30, 0x80, 0x1F, 0xFE,
    0xF9, 0xE7, 0xFC, 0xE3, 0x9F, 0x5F, 0x7E, 0xFB, 0xE9, 0xE7, 0x9F, 0xFF, 0x9C, 0x7F, 0xFE, 0xE1,
    0x07, 0x30, 0x98, 0x04, 0x04, 0x00, 0x03, 0x0B, 0x1B, 0x0D, 0xF8, 0xF0, 0x9F, 0xFF, 0x1C, 0x4F,
    0x70, 0x80, 0x03, 0x1E, 0xFC, 0xFC, 0xF3, 0x9F, 0x3F, 0x3E, 0xF0, 0x80, 0x03, 0x1C, 0xEC, 0xF1,
    0xFE, 0xF7, 0x1F, 0x7E, 0x00, 0x00, 0x06, 0x38, 0xC0, 0x01, 0x0E, 0x30, 0x80, 0x01, 0x08, 0x00,
    0x00, 0x07, 0x09, 0x17, 0x0B, 0x7C, 0xFC, 0xFD, 0x37, 0x0E, 0x1C, 0x3C, 0x7F, 0x7F, 0x3F, 0x1E,
    0x1C, 0x38, 0xF6, 0xDF, 0x3F, 0x1F, 0x00, 0x38, 0x70, 0xE0, 0xC0, 0x81, 0x01, 0x03, 0x04, 0x01,
    0x03, 0x0B, 0x1B, 0x0D, 0xFF, 0xFF, 0xFF, 0xFF, 0xE1, 0x00, 0x07, 0x38, 0xC0, 0x01, 0x0E, 0x70,
    0x80, 0x03, 0x1C, 0xE0, 0x00, 0x07, 0x38, 0xC0, 0x01, 0x0E, 0x70, 0x80, 0x03, 0x1C, 0x00, 0x00,
    0x06, 0x38, 0xC0, 0x01, 0x0E, 0x30, 0x80, 0x01, 0x08, 0x00, 0x01, 0x03, 0x07, 0x1A, 0x08, 0x38,
    0x1C, 0x0E, 0xE7, 0xF7, 0xFB, 0x71, 0x38, 0x1C, 0x0E, 0x87, 0xC3, 0xE1, 0x70, 0x3E, 0xCF, 0x87,
    0xE1, 0x70, 0x38, 0x0C, 0x04, 0x06, 0xB7, 0x04, 0x01, 0x00, 0x07, 0x04, 0x15, 0x06, 0x11, 0x11,
    0x11, 0x11, 0x11, 0x11, 0x11, 0x11, 0x11, 0xFF, 0x0F, 0xB3, 0x05, 0x01, 0x01, 0x00, 0x08, 0x0A,
    0x09, 0xE7, 0xFF, 0xFF, 0xF8, 0xF0, 0xE0, 0xE0, 0xE0, 0xE0, 0xE0, 0xC0, 0x05, 0x01, 0x00, 0x02,
    0x08, 0x14, 0x0A, 0x3C, 0x7F, 0xFF, 0xE7, 0x43, 0x03, 0x03, 0x03, 0x07, 0x0F, 0x1F, 0x1E, 0x1C,
    0x1C, 0x1C, 0x1C, 0x1C, 0x1C, 0x1C, 0x1C, 0xC6, 0x05, 0x02, 0x01, 0x00, 0x07, 0x05, 0x0A, 0x1C,
    0x9E, 0xCF, 0x6E, 0x06, 0x01, 0x00, 0x07, 0x05, 0x0A, 0x66, 0xBB, 0x8F, 0xC7, 0x01, 0xC9, 0x05,
    0x01, 0x02, 0x01, 0x07, 0x03, 0x0B, 0xFF, 0xFF, 0x1F, 0xD8, 0x05, 0x06, 0x02, 0x00, 0x07, 0x05,
    0x0A, 0xE3, 0xF1, 0xDF, 0xC7, 0x01, 0x04, 0x02, 0x03, 0x03, 0x0B, 0xFF, 0x01, 0x03, 0x00, 0x04,
    0x06, 0x0A, 0xF6, 0x99, 0x6F, 0x04, 0x15, 0x05, 0x07, 0x0B, 0xC6, 0x61, 0xEC, 0xBD, 0x03, 0x01,
    0x00, 0x08, 0x05, 0x0A, 0x73, 0x7B, 0xFF, 0xDF, 0xCE, 0x01, 0x00, 0x0A, 0x05, 0x0A, 0xEE, 0xB8,
    0xC3, 0x1C, 0x67, 0x98, 0x01, 0x80, 0x06, 0x05, 0x00, 0x00, 0x01, 0x05, 0x00, 0x01, 0x00, 0x00,
    0x03, 0x05, 0x00, 0xC9, 0x76, 0x00, 0x00, 0x04, 0x05, 0x00, 0x31, 0x63, 0x06, 0x00, 0x00, 0x04,
    0x05, 0x00, 0x77, 0xDF, 0x0C, 0x00, 0x01, 0x04, 0x03, 0x00, 0xFF, 0x0F, 0x86, 0x06, 0x05, 0x00,
    0x00, 0x04, 0x05, 0x00, 0xCC, 0x7F, 0x03, 0x00, 0x02, 0x02, 0x03, 0x00, 0x3F, 0x00, 0x02, 0x03,
    0x03, 0x00, 0xFF, 0x01, 0x00, 0x01, 0x01, 0x05, 0x00, 0x03, 0x00, 0x00, 0x02, 0x06, 0x00, 0xA9,
    0x06, 0x8C, 0x06, 0x01, 0x00, 0x00, 0x04, 0x05, 0x00, 0x66, 0x33, 0x01, 0xA3, 0x06, 0x01, 0x04,
    0x18, 0x03, 0x03, 0x0B, 0xFF, 0x01, 0xF4, 0x06, 0x02, 0x00, 0x01, 0x03, 0x05, 0x04, 0xB7, 0x4D,
    0x00, 0x14, 0x03, 0x05, 0x04, 0xDB, 0x6D, 0xFE, 0x06, 0x01, 0x01, 0x07, 0x03, 0x12, 0x05, 0xFF,
    0x0F, 0x00, 0xC0, 0xFF, 0x6F, 0x32, 0x84, 0x07, 0x07, 0x00, 0x00, 0x05, 0x05, 0x05, 0xC7, 0x39,
    0x86, 0x01, 0x02, 0x00, 0x0A, 0x05, 0x00, 0x18, 0xE0, 0x70, 0xFB, 0xED, 0xA7, 0x03, 0x00, 0x03,
    0x0E, 0x13, 0x0E, 0xE0, 0x1D, 0x78, 0x06, 0x9F, 0xC1, 0xEF, 0xF0, 0x33, 0xFC, 0x80, 0x33, 0xE0,
    0x0C, 0x38, 0x07, 0xCE, 0x81, 0x71, 0x70, 0x18, 0xFC, 0x0F, 0xFF, 0xC3, 0xFF, 0x38, 0x30, 0x0E,
    0x9C, 0x03, 0x67, 0xC0, 0x01, 0x01, 0x0A, 0x03, 0x04, 0x05, 0xFF, 0x0F, 0x00, 0x03, 0x0C, 0x13,
    0x0E, 0xFF, 0xF6, 0x6F, 0xFF, 0x0E, 0xCE, 0xE0, 0x0C, 0x0E, 0xE0, 0x00, 0x0E, 0xFF, 0xF0, 0x0F,
    0xFF, 0x00, 0x0E, 0xE0, 0x00, 0x0E, 0xE0, 0x00, 0x0E, 0xFF, 0xF0, 0x0F, 0xFF, 0x00, 0x00, 0x03,
    0x0E, 0x13, 0x10, 0x83, 0xDB, 0xE0, 0x36, 0xB8, 0x0F, 0xCE, 0x83, 0xF3, 0xE0, 0x30, 0x38, 0xFC,
    0x0F, 0xFF, 0xC3, 0xFF, 0x30, 0x38, 0x0C, 0x0E, 0x83, 0xC3, 0xE0, 0x30, 0x38, 0x0C, 0x0E, 0x83,
    0xC3, 0xE0, 0x30, 0x38, 0x00, 0x00, 0x03, 0x0A, 0x13, 0x0C, 0xBF, 0xFD, 0xF6, 0xBB, 0xC3, 0x0E,
    0x3B, 0xE0, 0x80, 0x03, 0x0E, 0x38, 0xE0, 0x80, 0x03, 0x0E, 0x38, 0xE0, 0x80, 0x03, 0x3F, 0xFC,
    0xF0, 0x03, 0x8C, 0x07, 0x01, 0x00, 0x03, 0x0E, 0x13, 0x10, 0x78, 0x98, 0x7F, 0xF6, 0xBF, 0x3F,
    0xCE, 0x87, 0xF3, 0xC0, 0x31, 0x70, 0x0C, 0x1C, 0x03, 0xC7, 0xC0, 0x31, 0x70, 0x0C, 0x1C, 0x03,
    0xC7, 0xC0, 0x71, 0x38, 0x3C, 0x0E, 0xFF, 0x83, 0x7F, 0x80, 0x0F, 0x00, 0x8E, 0x07, 0x14, 0x00,
    0x03, 0x10, 0x13, 0x10, 0x07, 0x37, 0x07, 0x77, 0x8E, 0x63, 0x8E, 0x63, 0x8E, 0x63, 0xDC, 0x01,
    0xDC, 0x01, 0xDC, 0x01, 0xF8, 0x00, 0xF8, 0x00, 0x70, 0x00, 0x70, 0x00, 0x70, 0x00, 0x70, 0x00,
    0x70, 0x00, 0x70, 0x00, 0x70, 0x00, 0x70, 0x00, 0x70, 0x00, 0x00, 0x03, 0x0E, 0x13, 0x11, 0xF8,
    0x98, 0x7F, 0xFE, 0xBF, 0x3F, 0xCE, 0x87, 0xF7, 0xC0, 0x31, 0x70, 0x0C, 0x1C, 0x03, 0xC7, 0xC0,
    0x31, 0x70, 0x0C, 0x1C, 0x87, 0xC7, 0xE1, 0xF0, 0x3C, 0x30, 0x03, 0xCF, 0xC7, 0xF3, 0xF1, 0x7C,
    0x00, 0x00, 0x7F, 0x08, 0x17, 0x07, 0x0E, 0x0E, 0xED, 0xFD, 0xF9, 0x00, 0x00, 0x00, 0x1C, 0x1C,
    0x1C, 0x1C, 0x1C, 0x1C, 0x1C, 0x1C, 0x1C, 0x1C, 0x1C, 0x1C, 0x1F, 0x0F, 0x0F, 0x00, 0x03, 0x0D,
    0x13, 0x0D, 0xF0, 0x00, 0x3E, 0xC0, 0x07, 0xF8, 0x80, 0x1B, 0x70, 0x07, 0xEE, 0xC0, 0x1D, 0x9C,
    0x83, 0x63, 0x70, 0x1C, 0x8E, 0xC3, 0x7F, 0xFC, 0x8F, 0xFF, 0x73, 0x70, 0x06, 0xEE, 0x80, 0x1D,
    0x70, 0x01, 0x03, 0x0B, 0x13, 0x0D, 0xF8, 0xE7, 0xBF, 0xFF, 0x1D, 0xEE, 0x70, 0x87, 0x7B, 0x9C,
    0xFF, 0xF8, 0xE7, 0xBF, 0xC3, 0x0F, 0x7E, 0xF0, 0x83, 0x1F, 0xFC, 0xE1, 0xFE, 0xF7, 0x3F, 0xFE,
    0x01, 0x01, 0x03, 0x09, 0x13, 0x0B, 0xFF, 0xFF, 0xFF, 0x07, 0x0E, 0x1C, 0x38, 0x70, 0xE0, 0xC0,
    0x81, 0x03, 0x07, 0x0E, 0x1C, 0x38, 0x70, 0xE0, 0xC0, 0x81, 0x03, 0x07, 0x01, 0x03, 0x0C, 0x13,
    0x0E, 0xF0, 0x00, 0x0F, 0xF0, 0x80, 0x1F, 0xF8, 0x81, 0x1F, 0xB8, 0xC1, 0x39, 0x9C, 0xC3, 0x39,
    0x1C, 0xE3, 0x70, 0x0E, 0xE7, 0x70, 0x0E, 0x76, 0xE0, 0xFF, 0xFF, 0xFF, 0xFF, 0x0F, 0x01, 0x03,
    0x09, 0x13, 0x0B, 0xFF, 0xFF, 0xFF, 0x07, 0x0E, 0x1C, 0x38, 0x70, 0xE0, 0xFE, 0xFD, 0xFB, 0x07,
    0x0E, 0x1C, 0x38, 0x70, 0xE0, 0xFF, 0xFF, 0xFF, 0x07, 0x01, 0x03, 0x09, 0x13, 0x0B, 0xFF, 0xFF,
    0xFF, 0x3F, 0xE0, 0xC0, 0x01, 0x07, 0x0E, 0x38, 0x70, 0xC0, 0x81, 0x03, 0x06, 0x1C, 0x38, 0xE0,
    0xFF, 0xFF, 0xFF, 0x07, 0x01, 0x03, 0x0B, 0x13, 0x0D, 0x07, 0x3F, 0xF8, 0xC1, 0x0F, 0x7E, 0xF0,
    0x83, 0x1F, 0xFC, 0xFF, 0xFF, 0xFF, 0xFF, 0xC1, 0x0F, 0x7E, 0xF0, 0x83, 0x1F, 0xFC, 0xE0, 0x07,
    0x3F, 0xF8, 0xC1, 0x01, 0x01, 0x03, 0x0D, 0x13, 0x0F, 0xF0, 0x81, 0xFF, 0xF8, 0x3F, 0x8F, 0xE7,
    0xE0, 0x0E, 0xF8, 0x01, 0xBF, 0xEF, 0xF7, 0xFD, 0xBE, 0x1F, 0xF0, 0x03, 0x7E, 0xC0, 0x0F, 0xB8,
    0x83, 0xF3, 0x78, 0xFE, 0x87, 0xFF, 0xC0, 0x07, 0x01, 0x03, 0x07, 0x13, 0x09, 0xFF, 0xFF, 0x9F,
    0xC3, 0xE1, 0x70, 0x38, 0x1C, 0x0E, 0x87, 0xC3, 0xE1, 0x70, 0x38, 0xFF, 0xFF, 0x1F, 0x01, 0x03,
    0x0B, 0x13, 0x0C, 0x0E, 0x77, 0x38, 0xC7, 0x79, 0x8E, 0x73, 0xB8, 0xC3, 0x1D, 0xFC, 0xE0, 0x07,
    0x3F, 0xFC, 0xE1, 0x8F, 0x73, 0x9C, 0xF3, 0x9C, 0xE3, 0x1E, 0x77, 0xF8, 0xC3, 0x01, 0x00, 0x03,
    0x0C, 0x13, 0x0D, 0x70, 0x00, 0x07, 0xF0, 0x80, 0x0F, 0xF8, 0x80, 0x0F, 0xD8, 0xC1, 0x1D, 0x9C,
    0xC1, 0x19, 0x8C, 0xE3, 0x38, 0x8E, 0xE3, 0x30, 0x0E, 0x77, 0x70, 0x07, 0x77, 0x60, 0x07, 0x0E,
    0x01, 0x03, 0x0E, 0x13, 0x10, 0x0F, 0xFC, 0x03, 0xFF, 0xE0, 0x7F, 0xF8, 0x1F, 0xFE, 0xCF, 0xFF,
    0xF3, 0xFF, 0xEC, 0xF7, 0xFB, 0xFD, 0x7E, 0x9E, 0x9F, 0xE7, 0xC7, 0xF8, 0x31, 0x7E, 0x80, 0x1F,
    0xE0, 0x07, 0xF8, 0x01, 0x7E, 0x80, 0x03, 0x01, 0x03, 0x0B, 0x13, 0x0D, 0x87, 0x3F, 0xFC, 0xF1,
    0x8F, 0x7F, 0xFC, 0xF3, 0x9F, 0xFF, 0xEC, 0x77, 0xBF, 0xFB, 0xCD, 0x7F, 0xFE, 0xF3, 0x8F, 0x7F,
    0xFC, 0xE3, 0x0F, 0x7F, 0xF8, 0xC3, 0x01, 0x01, 0x03, 0x09, 0x13, 0x0B, 0xFF, 0xFF, 0xFF, 0x07,
    0x00, 0x00, 0x00, 0x00, 0x00, 0xFE, 0xFD, 0xFB, 0x07, 0x00, 0x00, 0x00, 0x00, 0x00, 0xFF, 0xFF,
    0xFF, 0x07, 0x01, 0x03, 0x0C, 0x13, 0x0E, 0xF0, 0xC0, 0x3F, 0xFE, 0xE7, 0x70, 0x0E, 0x77, 0xE0,
    0x07, 0x7E, 0xE0, 0x07, 0x7E, 0xE0, 0x07, 0x7E, 0xE0, 0x07, 0x7E, 0xE0, 0x0E, 0xE7, 0x70, 0xFE,
    0xC7, 0x3F, 0xF0, 0x00, 0x01, 0x03, 0x0B, 0x13, 0x0D, 0xFF, 0xFF, 0xFF, 0xFF, 0x0F, 0x7E, 0xF0,
    0x83, 0x1F, 0xFC, 0xE0, 0x07, 0x3F, 0xF8, 0xC1, 0x0F, 0x7E, 0xF0, 0x83, 0x1F, 0xFC, 0xE0, 0x07,
    0x3F, 0xF8, 0xC1, 0x01, 0x01, 0x03, 0x0A, 0x13, 0x0C, 0xF8, 0xFB, 0xEF, 0xFF, 0xE3, 0x87, 0x1F,
    0x7E, 0xF8, 0xE1, 0x87, 0x3F, 0xEE, 0xBF, 0xFF, 0xFC, 0x03, 0x0E, 0x38, 0xE0, 0x80, 0x03, 0x0E,
    0x38, 0xA3, 0x07, 0x2C, 0x01, 0x03, 0x0A, 0x13, 0x0C, 0xFF, 0xFF, 0xFF, 0x3F, 0x70, 0xE0, 0xC1,
    0x03, 0x07, 0x1E, 0x38, 0xE0, 0x80, 0x03, 0x1E, 0xF0, 0x80, 0x03, 0x1E, 0xF0, 0xFF, 0xFF, 0xFF,
    0x3F, 0x01, 0x03, 0x0B, 0x13, 0x0D, 0xFF, 0xFF, 0xFF, 0xFF, 0xE1, 0x00, 0x07, 0x38, 0xC0, 0x01,
    0x0E, 0x70, 0x80, 0x03, 0x1C, 0xE0, 0x00, 0x07, 0x38, 0xC0, 0x01, 0x0E, 0x70, 0x80, 0x03, 0x1C,
    0x00, 0x00, 0x03, 0x0B, 0x13, 0x0C, 0x07, 0x3F, 0xB8, 0xE3, 0x1C, 0xE7, 0x38, 0xEE, 0x70, 0x87,
    0x3B, 0xF8, 0xC0, 0x07, 0x1C, 0xE0, 0x00, 0x07, 0x38, 0xC0, 0x01, 0x0E, 0x70, 0x80, 0x03, 0x1C,
    0x00, 0x01, 0x01, 0x0D, 0x15, 0x0F, 0xE0, 0x00, 0x1C, 0x80, 0x03, 0xFC, 0xC1, 0x7F, 0xFC, 0x9F,
    0xBB, 0x3B, 0xE7, 0xE7, 0xFC, 0x9C, 0x9F, 0xF3, 0x73, 0x7E, 0xCE, 0xCF, 0xB9, 0xBB, 0xF7, 0x7F,
    0xFC, 0x0F, 0xFF, 0x80, 0x03, 0x70, 0x00, 0x0E, 0x00, 0x00, 0x03, 0x0D, 0x13, 0x0D, 0x0E, 0xCE,
    0xC1, 0x71, 0x1C, 0x8E, 0x83, 0x3B, 0x70, 0x07, 0xFC, 0x80, 0x0F, 0xE0, 0x01, 0x1C, 0xC0, 0x07,
    0xF8, 0x00, 0x3F, 0x70, 0x07, 0xCE, 0xE1, 0x38, 0x1C, 0xCF, 0xC1, 0x39, 0x38, 0x01, 0x03, 0x0D,
    0x13, 0x0F, 0xE7, 0xFC, 0x9C, 0x9F, 0xF3, 0x73, 0x7E, 0xCE, 0xCF, 0xF9, 0x39, 0x3F, 0xE7, 0xE7,
    0xFC, 0x9C, 0x9F, 0xF3, 0x77, 0xEF, 0xFF, 0xF8, 0x1F, 0xFE, 0x00, 0x07, 0xE0, 0x00, 0x1C, 0x80,
    0x03, 0x01, 0x03, 0x0C, 0x13, 0x0E, 0xF0, 0xC0, 0x3F, 0xFE, 0xE7, 0x70, 0x0F, 0x7F, 0xE0, 0x07,
    0x7E, 0xE0, 0x07, 0x7E, 0xE0, 0x07, 0x7E, 0xE0, 0x0F, 0xEF, 0x70, 0x9E, 0xC7, 0x39, 0x9F, 0xFF,
    0xF9, 0x9F, 0x0F, 0x01, 0x7D, 0x07, 0x19, 0x09, 0xF7, 0xFB, 0x1D, 0x00, 0x00, 0xFC, 0xFF, 0x7F,
    0x0E, 0x87, 0xC3, 0xE1, 0x70, 0x38, 0x1C, 0x0E, 0x87, 0xC3, 0xE1, 0xFC, 0xFF, 0x7F, 0x00, 0x7D,
    0x0A, 0x19, 0x0B, 0xEE, 0xB8, 0xE3, 0x0E, 0x00, 0x00, 0x00, 0x30, 0xF8, 0xE0, 0xC7, 0x1D, 0x77,
    0x9C, 0x3B, 0xEE, 0xB8, 0xC1, 0x07, 0x1F, 0x38, 0xE0, 0x80, 0x03, 0x0E, 0x38, 0xE0, 0x80, 0x03,
    0x0E, 0x38, 0x00, 0x01, 0x00, 0x0C, 0x16, 0x0D, 0x38, 0x00, 0x07, 0x70, 0x00, 0x06, 0xC0, 0x00,
    0x00, 0x00, 0xE0, 0x1D, 0xFC, 0xC7, 0x7F, 0x3C, 0xCF, 0xE1, 0x1C, 0xCE, 0xE1, 0x1C, 0xCE, 0xE1,
    0x3C, 0xCE, 0xE3, 0x3C, 0xFF, 0x7F, 0xCF, 0xF7, 0x3C, 0x01, 0x00, 0x09, 0x16, 0x0A, 0x0E, 0x18,
    0x70, 0xC0, 0x80, 0x01, 0x00, 0x00, 0x3E, 0xFE, 0xFE, 0x0B, 0x07, 0x0E, 0x9C, 0x3F, 0x3F, 0x7E,
    0xC0, 0x81, 0x0B, 0xFF, 0xEF, 0x8F, 0x0F, 0x01, 0x00, 0x0A, 0x1B, 0x0C, 0x1C, 0x70, 0x80, 0x03,
    0x0C, 0x30, 0x00, 0x00, 0x00, 0xE7, 0xFE, 0xFF, 0x7F, 0xFE, 0xE1, 0x87, 0x1F, 0x7E, 0xF8, 0xE1,
    0x87, 0x1F, 0x7E, 0xF8, 0xE1, 0x87, 0x1F, 0x7E, 0xC0, 0x01, 0x07, 0x1C, 0x70, 0x00, 0x00, 0x00,
    0x06, 0x16, 0x07, 0x0E, 0xC7, 0xE1, 0x30, 0x00, 0xE0, 0x38, 0x8E, 0xE3, 0x38, 0x8E, 0xE3, 0x38,
    0x8E, 0xFB, 0xDE, 0x07, 0x01, 0x7F, 0x0A, 0x17, 0x0C, 0x18, 0xC0, 0x70, 0xFB, 0xED, 0xA7, 0x03,
    0x00, 0x00, 0x00, 0x86, 0x1F, 0x7E, 0xF8, 0xE1, 0x87, 0x1F, 0x7E, 0xF8, 0xE1, 0x87, 0x1F, 0x7E,
    0xB8, 0xF3, 0xFE, 0xF3, 0x87, 0x0F, 0x01, 0x07, 0x0C, 0x0F, 0x0D, 0xDE, 0xC1, 0x7F, 0xFC, 0xC7,
    0xF3, 0x1C, 0xCE, 0xE1, 0x1C, 0xCE, 0xE1, 0x1C, 0xCE, 0xE3, 0x3C, 0xCE, 0xF3, 0xFF, 0xF7, 0x7C,
    0xCF, 0x03, 0x01, 0x01, 0x0A, 0x1A, 0x0C, 0xF8, 0xF0, 0xE7, 0x9F, 0xE3, 0x8E, 0x3B, 0xEE, 0x39,
    0xEF, 0xB8, 0xF3, 0xEE, 0xB8, 0xE1, 0x87, 0x1F, 0x7E, 0xF8, 0xE1, 0x87, 0x3F, 0xEF, 0xBF, 0xFF,
    0xBC, 0x03, 0x0E, 0x38, 0xE0, 0x80, 0x03, 0x0E, 0x00, 0x07, 0x0B, 0x14, 0x0C, 0x07, 0x3F, 0xD8,
    0xE1, 0x0E, 0x77, 0x38, 0xC7, 0x38, 0xC7, 0x39, 0xDC, 0xE0, 0x07, 0x3F, 0xF0, 0x81, 0x07, 0x38,
    0xC0, 0x01, 0x0E, 0x70, 0x80, 0x03, 0x1C, 0xE0, 0x00, 0x01, 0x01, 0x0B, 0x15, 0x0D, 0xF0, 0xE1,
    0x1F, 0xFF, 0x18, 0x47, 0x38, 0xE0, 0x81, 0x07, 0x1F, 0xFC, 0xF0, 0x8E, 0xE3, 0x1E, 0x7E, 0xF0,
    0x83, 0x1F, 0xFC, 0xE0, 0x07, 0x77, 0xBC, 0xFF, 0xF8, 0x83, 0x0F, 0x01, 0x07, 0x09, 0x0F, 0x0A,
    0x7C, 0xFC, 0xFD, 0x17, 0x0E, 0x1C, 0x38, 0x7F, 0x7E, 0xFC, 0x80, 0x03, 0x17, 0xFE, 0xDF, 0x1F,
    0x1F, 0x01, 0x01, 0x09, 0x1A, 0x0B, 0xFE, 0xFD, 0xFB, 0xE7, 0x80, 0x03, 0x07, 0x1C, 0x38, 0xE0,
    0xC0, 0x81, 0x07, 0x0E, 0x1C, 0x38, 0x70, 0xE0, 0xC0, 0xE1, 0xF3, 0xF3, 0xF7, 0xE3, 0xC0, 0x81,
    0x03, 0x06, 0x1C, 0x00, 0x01, 0x07, 0x0A, 0x14, 0x0C, 0x9C, 0xFB, 0xFF, 0xFF, 0xF9, 0x87, 0x1F,
    0x7E, 0xF8, 0xE1, 0x87, 0x1F, 0x7E, 0xF8, 0xE1, 0x87, 0x1F, 0x7E, 0xF8, 0x01, 0x07, 0x1C, 0x70,
    0xC0, 0x01, 0x01, 0x01, 0x0A, 0x15, 0x0C, 0x78, 0xF0, 0xE3, 0x9F, 0x73, 0x87, 0x1F, 0x7E, 0xF8,
    0xE1, 0xFF, 0xFF, 0xFF, 0xFF, 0xE1, 0x87, 0x1F, 0x7E, 0xF8, 0xE1, 0x87, 0x3B, 0xE7, 0x1F, 0x3F,
    0x78, 0x00, 0x01, 0x07, 0x06, 0x0F, 0x07, 0x38, 0x8E, 0xE3, 0x38, 0x8E, 0xE3, 0x38, 0x8E, 0xE3,
    0xBE, 0xF7, 0x01, 0x01, 0x07, 0x0A, 0x0F, 0x0B, 0x8E, 0x3B, 0xCE, 0x39, 0xEE, 0xB8, 0xC3, 0x0F,
    0x3F, 0xFC, 0xF8, 0xE3, 0xCE, 0x39, 0xE7, 0x8E, 0x3B, 0x7E, 0x38, 0x00, 0x01, 0x0C, 0x15, 0x0C,
    0x80, 0x03, 0x7C, 0xC0, 0x07, 0x0E, 0xE0, 0x00, 0x06, 0x60, 0x00, 0x07, 0xF0, 0x00, 0x0F, 0xF0,
    0x80, 0x1B, 0xB8, 0x81, 0x1B, 0x98, 0x83, 0x31, 0x1C, 0xC3, 0x71, 0x1E, 0xF7, 0x60, 0x0F, 0x06,
    0x01, 0x07, 0x0A, 0x14, 0x0C, 0x87, 0x1F, 0x7E, 0xF8, 0xE1, 0x87, 0x1F, 0x7E, 0xF8, 0xE1, 0x87,
    0x1F, 0x7E, 0xF8, 0xF3, 0xFF, 0xFF, 0x7F, 0x3F, 0xE0, 0x80, 0x03, 0x0E, 0x38, 0xE0, 0x00, 0x07,
    0x0B, 0x0F, 0x0C, 0x07, 0x3F, 0xF8, 0xC1, 0x0E, 0x77, 0x38, 0xC7, 0x38, 0xC6, 0x39, 0xDC, 0xE1,
    0x06, 0x37, 0xF0, 0x81, 0x0F, 0x38, 0xC0, 0x01, 0x01, 0x01, 0x09, 0x1A, 0x0B, 0xFC, 0xF9, 0xF3,
    0x07, 0x07, 0x1C, 0x38, 0x70, 0xF0, 0xFC, 0x78, 0xF0, 0x03, 0x07, 0x1C, 0x38, 0x70, 0xE0, 0xE0,
    0xE1, 0xF3, 0xF3, 0xF3, 0xE1, 0xC0, 0x81, 0x03, 0x06, 0x1C, 0x00, 0x01, 0x07, 0x0A, 0x0F, 0x0C,
    0x78, 0xF0, 0xE3, 0x9F, 0xF3, 0x87, 0x1F, 0x7E, 0xF8, 0xE1, 0x87, 0x1F, 0x7E, 0xB8, 0xF3, 0xFE,
    0xF9, 0x83, 0x07, 0x00, 0x07, 0x0E, 0x0F, 0x0E, 0xFF, 0xDF, 0xFF, 0xFF, 0xFF, 0xE3, 0x5C, 0x38,
    0x07, 0xCE, 0x81, 0x73, 0xE0, 0x1C, 0x38, 0x07, 0xCE, 0x81, 0x73, 0xE0, 0x1C, 0x3E, 0x87, 0xC7,
    0xE1, 0x71, 0x00, 0x01, 0x07, 0x0A, 0x14, 0x0C, 0x78, 0xF0, 0xE3, 0x9F, 0xF3, 0x87, 0x1F, 0x7E,
    0xF8, 0xE1, 0x87, 0x1F, 0x7E, 0xB8, 0xF3, 0xFE, 0xFB, 0xCF, 0x3B, 0xE0, 0x80, 0x03, 0x0E, 0x38,
    0xE0, 0x01, 0x07, 0x0A, 0x14, 0x0B, 0x7C, 0xF8, 0xF3, 0x9F, 0x71, 0x80, 0x03, 0x0E, 0x38, 0xE0,
    0x80, 0x03, 0x0E, 0x3C, 0x70, 0xF0, 0xF1, 0xE3, 0x83, 0x03, 0x0E, 0x38, 0xE0, 0x00, 0x07, 0x01,
    0x07, 0x0C, 0x0F, 0x0D, 0xFF, 0xF1, 0x3F, 0xFF, 0xC7, 0x71, 0x0C, 0xEE, 0xE0, 0x0E, 0xEE, 0xE0,
    0x0E, 0xEE, 0xE0, 0x0E, 0xCF, 0x71, 0xFC, 0x87, 0x3F, 0xF0, 0x01, 0x00, 0x07, 0x09, 0x0F, 0x0B,
    0xFF, 0xFE, 0xFF, 0xE7, 0xC0, 0x81, 0x03, 0x07, 0x0E, 0x1C, 0x38, 0x70, 0xE0, 0xF0, 0xE1, 0xC1,
    0x03, 0x01, 0x07, 0x0A, 0x0F, 0x0C, 0x8E, 0x1B, 0x7E, 0xF8, 0xE1, 0x87, 0x1F, 0x7E, 0xF8, 0xE1,
    0x87, 0x1F, 0x7E, 0xB8, 0xF3, 0xFE, 0xF3, 0x87, 0x0F, 0x01, 0x01, 0x0D, 0x1A, 0x0F, 0xE0, 0x00,
    0x1C, 0x80, 0x03, 0x70, 0x00, 0x0E, 0xC0, 0x01, 0xFE, 0xE0, 0x3F, 0xFE, 0xCF, 0xDD, 0x9D, 0xF3,
    0x73, 0x7E, 0xCE, 0xCF, 0xF9, 0x39, 0x3F, 0xE7, 0xE7, 0xDC, 0xDD, 0xF9, 0x3F, 0xFE, 0x83, 0x1F,
    0xC0, 0x01, 0x38, 0x00, 0x07, 0xE0, 0x00, 0x1C, 0x00, 0x00, 0x06, 0x0C, 0x14, 0x0C, 0x0E, 0xCF,
    0x78, 0x9C, 0xC7, 0x19, 0xD8, 0x81, 0x1F, 0xF0, 0x00, 0x0F, 0xF0, 0x00, 0x06, 0xE0, 0x00, 0x0F,
    0xF0, 0x01, 0x1B, 0xB8, 0x81, 0x3B, 0x1C, 0xE3, 0x71, 0x0F, 0xE7, 0x60, 0x01, 0x01, 0x0D, 0x1A,
    0x0F, 0xE0, 0x00, 0x1C, 0x80, 0x03, 0x70, 0x00, 0x0E, 0xC0, 0x81, 0x3B, 0x37, 0xE7, 0xE7, 0xFC,
    0x9C, 0x9F, 0xF3, 0x73, 0x7E, 0xCE, 0xCF, 0xF9, 0x39, 0x3F, 0xE7, 0xEF, 0xDC, 0xDD, 0xFB, 0x3F,
    0xFE, 0x03, 0x3F, 0xC0, 0x01, 0x38, 0x00, 0x07, 0xE0, 0x00, 0x1C, 0x00, 0x01, 0x06, 0x0F, 0x0F,
    0x11, 0x0C, 0x18, 0x06, 0x9C, 0x03, 0xCE, 0x39, 0x67, 0x1C, 0x3B, 0x8E, 0x1F, 0xC7, 0x8F, 0xE3,
    0xC7, 0xF1, 0xE3, 0xF8, 0x71, 0xFC, 0x7D, 0xEF, 0xF7, 0xF3, 0xFB, 0xF1, 0x78, 0x00, 0x00, 0x01,
    0x06, 0x15, 0x07, 0xFB, 0xBE, 0x03, 0x00, 0xE0, 0x38, 0x8E, 0xE3, 0x38, 0x8E, 0xE3, 0x38, 0x8E,
    0xF3, 0x3C, 0x07, 0x01, 0x01, 0x0A, 0x15, 0x0C, 0xDC, 0x71, 0xC7, 0x1D, 0x00, 0x00, 0x00, 0xE0,
    0xB8, 0xE3, 0x86, 0x1F, 0x7E, 0xF8, 0xE1, 0x87, 0x1F, 0x7E, 0xF8, 0xE1, 0x87, 0x3B, 0xEF, 0x3F,
    0x7F, 0xF8, 0x00, 0x01, 0x00, 0x0A, 0x16, 0x0C, 0x1C, 0x70, 0x80, 0x01, 0x0E, 0x30, 0x00, 0x00,
    0x00, 0x1E, 0xFC, 0xF8, 0xE7, 0xFC, 0xE1, 0x87, 0x1F, 0x7E, 0xF8, 0xE1, 0x87, 0x1F, 0xEE, 0xBC,
    0x7F, 0xFE, 0xE0, 0x01, 0x01, 0x00, 0x0A, 0x16, 0x0C, 0x1C, 0xE0, 0x80, 0x03, 0x0C, 0x60, 0x00,
    0x00, 0x80, 0xE3, 0x86, 0x1F, 0x7E, 0xF8, 0xE1, 0x87, 0x1F, 0x7E, 0xF8, 0xE1, 0x87, 0x1F, 0xEE,
    0xBC, 0xFF, 0xFC, 0xE1, 0x03, 0x01, 0x00, 0x0F, 0x16, 0x11, 0x70, 0x00, 0x70, 0x00, 0x38, 0x00,
    0x18, 0x00, 0x1C, 0x00, 0x00, 0x00, 0x00, 0x18, 0x30, 0x0C, 0x18, 0x07, 0x9C, 0x73, 0xCE, 0x38,
    0x76, 0x1C, 0x3F, 0x8E, 0x1F, 0xC7, 0x8F, 0xE3, 0xC7, 0xF1, 0xE3, 0xF8, 0xFB, 0xDE, 0xEF, 0xE7,
    0xF7, 0xE3, 0xF1, 0x00, 0xD5, 0x07, 0x02, 0x01, 0x02, 0x0E, 0x14, 0x11, 0xC0, 0x01, 0x70, 0x00,
    0x1C, 0x00, 0x07, 0xC0, 0x01, 0xF8, 0xC0, 0xFF, 0x38, 0x77, 0xC7, 0xF9, 0x71, 0x7E, 0x9C, 0x3F,
    0xE7, 0xFE, 0x1F, 0xFE, 0x01, 0x1C, 0x00, 0x07, 0xC0, 0x01, 0x70, 0x00, 0x1C, 0x00, 0x07, 0x01,
    0x08, 0x0F, 0x0E, 0x11, 0xFF, 0xFF, 0xFF, 0xBF, 0x03, 0xCE, 0x39, 0x77, 0x1C, 0x3F, 0x8E, 0x1F,
    0xC7, 0x8F, 0xE3, 0xC7, 0xF1, 0xE3, 0xF8, 0xFB, 0xDE, 0xEF, 0xEF, 0xF7, 0xE3, 0xF1, 0x00, 0xF5,
    0x07, 0x02, 0x01, 0x07, 0x09, 0x0F, 0x0B, 0x3C, 0xFE, 0xFC, 0x13, 0x07, 0x1C, 0xB8, 0x7F, 0xFF,
    0xFE, 0x81, 0x03, 0x17, 0xFF, 0xEF, 0x0F, 0x0F, 0x00, 0x07, 0x09, 0x0F, 0x0B, 0x78, 0xF8, 0xFB,
    0x77, 0x74, 0xE0, 0xC0, 0xBF, 0x7F, 0xFF, 0x0E, 0x1C, 0x70, 0xE4, 0x9F, 0x3F, 0x1E, 0xF9, 0x07,
    0x03, 0x01, 0x03, 0x0C, 0x13, 0x0D, 0xF8, 0xE0, 0x3F, 0xFE, 0xE7, 0x78, 0x04, 0x07, 0xE0, 0x00,
    0x0E, 0xE0, 0x00, 0x0E, 0xE0, 0x00, 0x0E, 0xE0, 0x00, 0x0E, 0xE0, 0x04, 0xE7, 0x78, 0xFE, 0xE3,
    0x3F, 0xF8, 0x00, 0x01, 0x03, 0x0E, 0x13, 0x10, 0x0F, 0xFC, 0x03, 0xFF, 0xE0, 0x7F, 0xF8, 0x1F,
    0xFE, 0xCF, 0xFF, 0xF3, 0xFF, 0xEC, 0xF7, 0xFB, 0xFD, 0x7E, 0x9E, 0x9F, 0xE7, 0xC7, 0xF8, 0x31,
    0x7E, 0x80, 0x1F, 0xE0, 0x07, 0xF8, 0x01, 0x7E, 0x80, 0x03, 0x01, 0x07, 0x0B, 0x0F, 0x0D, 0x07,
    0x3F, 0xF8, 0xE3, 0x1F, 0xFF, 0xFC, 0xEF, 0x6F, 0x7B, 0xDF, 0x73, 0x9E, 0xF3, 0x9C, 0x07, 0x3C,
    0xE0, 0x01, 0x0F, 0x18, 0x80, 0x08, 0x60, 0x01, 0x7B, 0x09, 0x1B, 0x0B, 0x70, 0xE0, 0xC0, 0xC0,
    0x81, 0x01, 0x00, 0x00, 0x00, 0xFF, 0xFF, 0xFF, 0x07, 0x0E, 0x1C, 0x38, 0x70, 0xE0, 0xFE, 0xFD,
    0xFB, 0x07, 0x0E, 0x1C, 0x38, 0x70, 0xE0, 0xFF, 0xFF, 0xFF, 0x07, 0x01, 0x7D, 0x09, 0x19, 0x0B,
    0xEE, 0xDC, 0xB9, 0x03, 0x00, 0x00, 0xC0, 0xFF, 0xFF, 0xFF, 0x81, 0x03, 0x07, 0x0E, 0x1C, 0xB8,
    0x7F, 0xFF, 0xFE, 0x81, 0x03, 0x07, 0x0E, 0x1C, 0xF8, 0xFF, 0xFF, 0xFF, 0x01, 0x01, 0x03, 0x0D,
    0x13, 0x0F, 0xE0, 0x1F, 0xFC, 0x83, 0x7F, 0x80, 0x03, 0x70, 0x00, 0x0E, 0xC0, 0xC1, 0x3F, 0xFE,
    0xC7, 0xFF, 0x3C, 0x9C, 0x83, 0x73, 0x70, 0x0E, 0xCE, 0xC1, 0x79, 0x38, 0x3E, 0xC7, 0xE7, 0xE0,
    0x1C, 0x01, 0x7B, 0x09, 0x1B, 0x0B, 0x0E, 0x38, 0x70, 0xC0, 0x00, 0x03, 0x00, 0x00, 0x00, 0xFF,
    0xFF, 0xFF, 0x07, 0x0E, 0x1C, 0x38, 0x70, 0xE0, 0xC0, 0x81, 0x03, 0x07, 0x0E, 0x1C, 0x38, 0x70,
    0xE0, 0xC0, 0x81, 0x03, 0x07, 0x01, 0x03, 0x0B, 0x13, 0x0D, 0x7C, 0xF0, 0xCF, 0xFF, 0x0E, 0x27,
    0x38, 0x80, 0x03, 0x9C, 0xFF, 0xFC, 0xE7, 0x3F, 0xC0, 0x01, 0x0E, 0x70, 0x81, 0x0B, 0xEE, 0x78,
    0xFF, 0xF3, 0x0F, 0x1F, 0x00, 0x00, 0x03, 0x0B, 0x13, 0x0D, 0xF8, 0xF0, 0x9F, 0xFF, 0x1C, 0x4F,
    0x70, 0x80, 0x03, 0x1E, 0xFC, 0xFC, 0xF3, 0x9F, 0x3F, 0x3E, 0xF0, 0x80, 0x03, 0x1C, 0xEC, 0xF1,
    0xFE, 0xF7, 0x1F, 0x7E, 0x00, 0x01, 0x03, 0x07, 0x13, 0x09, 0xFF, 0xFF, 0x9F, 0xC3, 0xE1, 0x70,
    0x38, 0x1C, 0x0E, 0x87, 0xC3, 0xE1, 0x70, 0x38, 0xFF, 0xFF, 0x1F, 0x01, 0x7D, 0x07, 0x19, 0x09,
    0xF7, 0xFB, 0x1D, 0x00, 0x00, 0xFC, 0xFF, 0x7F, 0x0E, 0x87, 0xC3, 0xE1, 0x70, 0x38, 0x1C, 0x0E,
    0x87, 0xC3, 0xE1, 0xFC, 0xFF, 0x7F, 0x00, 0x03, 0x08, 0x13, 0x09, 0x07, 0x07, 0x07, 0x07, 0x07,
    0x07, 0x07, 0x07, 0x07, 0x07, 0x07, 0x07, 0x07, 0x07, 0x07, 0x47, 0x7F, 0x7E, 0x7C, 0x00, 0x03,
    0x14, 0x13, 0x15, 0x00, 0xFF, 0x00, 0xF0, 0x0F, 0x00, 0xFF, 0x00, 0x70, 0x0E, 0x00, 0xE7, 0x00,
    0x70, 0x0E, 0xF8, 0xE7, 0xE0, 0x7F, 0x0E, 0xFE, 0xE7, 0xF0, 0x70, 0x0E, 0x07, 0xE7, 0x70, 0x70,
    0x0E, 0x07, 0xE7, 0x70, 0x70, 0x1C, 0x07, 0xC7, 0xF1, 0x70, 0x1C, 0xFE, 0xC7, 0xE7, 0x7F, 0xF8,
    0xF8, 0x07, 0x0F, 0x01, 0x03, 0x11, 0x13, 0x13, 0x80, 0xC3, 0x01, 0x87, 0x03, 0x0E, 0x07, 0x1C,
    0x0E, 0x38, 0x1C, 0x70, 0x38, 0xE0, 0x70, 0xFE, 0xFF, 0xFE, 0xFF, 0xFD, 0xFF, 0x3F, 0x0E, 0x3F,
    0x1C, 0x7E, 0x38, 0xFC, 0x70, 0xF8, 0xE1, 0xF0, 0xC7, 0xE1, 0xFE, 0xC3, 0xFD, 0x87, 0xE3, 0x0F,
    0x07, 0x01, 0x03, 0x0C, 0x13, 0x0E, 0xE0, 0x0F, 0xFE, 0xE0, 0x0F, 0x38, 0x80, 0x03, 0x38, 0x80,
    0xC3, 0x3F, 0xFE, 0xF3, 0x3F, 0x8F, 0x73, 0x38, 0x87, 0x73, 0x38, 0x87, 0x73, 0x38, 0x87, 0x73,
    0x38, 0x87, 0x03, 0x01, 0x7B, 0x0B, 0x1B, 0x0C, 0x38, 0xC0, 0x01, 0x1C, 0xC0, 0x00, 0x06, 0x00,
    0x00, 0x00, 0x00, 0x0E, 0x77, 0xB8, 0xC3, 0x1D, 0xCE, 0x71, 0x8E, 0x73, 0x1C, 0xE7, 0xF8, 0x87,
    0x3F, 0xFE, 0x39, 0xCE, 0x71, 0x87, 0x3B, 0xDC, 0xE1, 0x0E, 0x37, 0xF8, 0xC1, 0x01, 0x01, 0x7B,
    0x0B, 0x1B, 0x0D, 0xC0, 0x00, 0x07, 0x18, 0xC0, 0x00, 0x03, 0x00, 0x00, 0x00, 0x00, 0x0F, 0x7F,
    0xF8, 0xC3, 0x3F, 0xFE, 0xF1, 0x8F, 0xDF, 0xFC, 0xE6, 0x37, 0x3F, 0xFB, 0xD9, 0xCF, 0x7E, 0xFC,
    0xE3, 0x1F, 0xFF, 0xF8, 0x87, 0x3F, 0xFC, 0xE1, 0x01, 0x00, 0x7C, 0x0C, 0x1A, 0x0C, 0x8C, 0xC1,
    0x18, 0xF8, 0x00, 0x07, 0x00, 0x00, 0x00, 0x00, 0x70, 0xE0, 0x07, 0x67, 0x70, 0x8E, 0xE3, 0x38,
    0x8C, 0xC3, 0x1D, 0xDC, 0x81, 0x1D, 0xF8, 0x80, 0x0F, 0x70, 0x00, 0x07, 0x70, 0x00, 0x06, 0xE0,
    0x04, 0x7E, 0xC0, 0x07, 0x78, 0x01, 0x03, 0x0B, 0x17, 0x0D, 0x07, 0x3F, 0xF8, 0xC1, 0x0F, 0x7E,
    0xF0, 0x83, 0x1F, 0xFC, 0xE0, 0x07, 0x3F, 0xF8, 0xC1, 0x0F, 0x7E, 0xF0, 0x83, 0x1F, 0xFC, 0xE0,
    0xFF, 0xFF, 0xFF, 0xFF, 0xE1, 0x00, 0x07, 0x38, 0xC0, 0x01, 0x00, 0x03, 0x0D, 0x13, 0x0D, 0xF0,
    0x00, 0x3E, 0xC0, 0x07, 0xF8, 0x80, 0x1B, 0x70, 0x07, 0xEE, 0xC0, 0x1D, 0x9C, 0x83, 0x63, 0x70,
    0x1C, 0x8E, 0xC3, 0x7F, 0xFC, 0x8F, 0xFF, 0x73, 0x70, 0x06, 0xEE, 0x80, 0x1D, 0x70, 0x01, 0x03,
    0x0A, 0x13, 0x0C, 0xFE, 0xFB, 0xEF, 0x3F, 0xE0, 0x80, 0x03, 0x0E, 0x38, 0xFE, 0xFE, 0xFB, 0xFF,
    0xF8, 0xE1, 0x87, 0x1F, 0x7E, 0xF8, 0xE3, 0xFE, 0xFB, 0x8F, 0x3F, 0x01, 0x03, 0x0B, 0x13, 0x0D,
    0xF8, 0xE7, 0xBF, 0xFF, 0x1D, 0xEE, 0x70, 0x87, 0x7B, 0x9C, 0xFF, 0xF8, 0xE7, 0xBF, 0xC3, 0x0F,
    0x7E, 0xF0, 0x83, 0x1F, 0xFC, 0xE1, 0xFE, 0xF7, 0x3F, 0xFE, 0x01, 0x01, 0x03, 0x09, 0x13, 0x0B,
    0xFF, 0xFF, 0xFF, 0x07, 0x0E, 0x1C, 0x38, 0x70, 0xE0, 0xC0, 0x81, 0x03, 0x07, 0x0E, 0x1C, 0x38,
    0x70, 0xE0, 0xC0, 0x81, 0x03, 0x07, 0x01, 0x03, 0x0D, 0x16, 0x0F, 0xFE, 0xC3, 0x7F, 0xF8, 0x0F,
    0xC7, 0xE1, 0x38, 0x1C, 0x87, 0xE3, 0x70, 0x1C, 0x8E, 0xC3, 0xF1, 0x38, 0x1C, 0x87, 0xE3, 0x70,
    0x1C, 0x8E, 0x83, 0x71, 0x70, 0xFF, 0xFF, 0xFF, 0xFF, 0xFF, 0x03, 0x7E, 0xC0, 0x0F, 0x38, 0x01,
    0x03, 0x09, 0x13, 0x0B, 0xFF, 0xFF, 0xFF, 0x07, 0x0E, 0x1C, 0x38, 0x70, 0xE0, 0xFE, 0xFD, 0xFB,
    0x07, 0x0E, 0x1C, 0x38, 0x70, 0xE0, 0xFF, 0xFF, 0xFF, 0x07, 0x00, 0x03, 0x11, 0x13, 0x13, 0x87,
    0xC3, 0x0D, 0xC7, 0x39, 0x8E, 0x73, 0x1C, 0xE7, 0x38, 0xCE, 0x71, 0x1C, 0xE7, 0x1C, 0xCE, 0x39,
    0xF8, 0x3F, 0xF0, 0x7F, 0xF0, 0xFF, 0xE1, 0x9C, 0xE3, 0x38, 0xCE, 0x71, 0x9C, 0xE3, 0x38, 0xC7,
    0x71, 0x87, 0xC3, 0x0F, 0x87, 0x1F, 0x0E, 0x07, 0x00, 0x03, 0x0B, 0x13, 0x0C, 0xF8, 0xF0, 0xDF,
    0xFF, 0x1E, 0x72, 0x80, 0x03, 0x3C, 0xC0, 0x1F, 0xFC, 0xF0, 0x87, 0x03, 0x0E, 0x70, 0x80, 0x83,
    0x1C, 0xEC, 0xF1, 0xFE, 0xF3, 0x0F, 0x3E, 0x00, 0x01, 0x03, 0x0B, 0x13, 0x0D, 0x0F, 0x7F, 0xF8,
    0xC3, 0x3F, 0xFE, 0xF1, 0x8F, 0xDF, 0xFC, 0xE6, 0x37, 0x3F, 0xFB, 0xD9, 0xCF, 0x7E, 0xFC, 0xE3,
    0x1F, 0xFF, 0xF8, 0x87, 0x3F, 0xFC, 0xE1, 0x01, 0x01, 0x7D, 0x0B, 0x19, 0x0D, 0x8C, 0x61, 0x0C,
    0x3E, 0xE0, 0x00, 0x00, 0x00, 0x3C, 0xFC, 0xE1, 0x0F, 0xFF, 0xF8, 0xC7, 0x3F, 0x7E, 0xF3, 0x9B,
    0xDF, 0xFC, 0xEC, 0x67, 0x3F, 0xFB, 0xF1, 0x8F, 0x7F, 0xFC, 0xC3, 0x1F, 0xFE, 0xF0, 0x07, 0x07,
    0x01, 0x03, 0x0B, 0x13, 0x0C, 0x0E, 0x77, 0xB8, 0xC3, 0x1D, 0xCE, 0x71, 0x8E, 0x73, 0x1C, 0xE7,
    0xF8, 0x87, 0x3F, 0xFE, 0x39, 0xCE, 0x71, 0x87, 0x3B, 0xDC, 0xE1, 0x0E, 0x37, 0xF8, 0xC1, 0x01,
    0x00, 0x03, 0x0D, 0x13, 0x0E, 0xFF, 0xE1, 0x3F, 0xFC, 0x87, 0xE3, 0x70, 0x1C, 0x8E, 0xC3, 0x71,
    0x38, 0x0E, 0xC7, 0xE1, 0x38, 0x1C, 0x87, 0xE3, 0x70, 0x1C, 0x0E, 0xC7, 0xE1, 0x38, 0x1C, 0x87,
    0xEF, 0xE0, 0x1F, 0x78, 0x01, 0x03, 0x0E, 0x13, 0x10, 0x0F, 0xFC, 0x03, 0xFF, 0xE0, 0x7F, 0xF8,
    0x1F, 0xFE, 0xCF, 0xFF, 0xF3, 0xFF, 0xEC, 0xF7, 0xFB, 0xFD, 0x7E, 0x9E, 0x9F, 0xE7, 0xC7, 0xF8,
    0x31, 0x7E, 0x80, 0x1F, 0xE0, 0x07, 0xF8, 0x01, 0x7E, 0x80, 0x03, 0x01, 0x03, 0x0B, 0x13, 0x0D,
    0x07, 0x3F, 0xF8, 0xC1, 0x0F, 0x7E, 0xF0, 0x83, 0x1F, 0xFC, 0xFF, 0xFF, 0xFF, 0xFF, 0xC1, 0x0F,
    0x7E, 0xF0, 0x83, 0x1F, 0xFC, 0xE0, 0x07, 0x3F, 0xF8, 0xC1, 0x01, 0x01, 0x03, 0x0C, 0x13, 0x0E,
    0xF0, 0xC0, 0x3F, 0xFE, 0xE7, 0x70, 0x0E, 0x77, 0xE0, 0x07, 0x7E, 0xE0, 0x07, 0x7E, 0xE0, 0x07,
    0x7E, 0xE0, 0x07, 0x7E, 0xE0, 0x0E, 0xE7, 0x70, 0xFE, 0xC7, 0x3F, 0xF0, 0x00, 0x01, 0x03, 0x0B,
    0x13, 0x0D, 0xFF, 0xFF, 0xFF, 0xFF, 0x0F, 0x7E, 0xF0, 0x83, 0x1F, 0xFC, 0xE0, 0x07, 0x3F, 0xF8,
    0xC1, 0x0F, 0x7E, 0xF0, 0x83, 0x1F, 0xFC, 0xE0, 0x07, 0x3F, 0xF8, 0xC1, 0x01, 0x01, 0x03, 0x0A,
    0x13, 0x0C, 0xF8, 0xFB, 0xEF, 0xFF, 0xE3, 0x87, 0x1F, 0x7E, 0xF8, 0xE1, 0x87, 0x3F, 0xEE, 0xBF,
    0xFF, 0xFC, 0x03, 0x0E, 0x38, 0xE0, 0x80, 0x03, 0x0E, 0x38, 0x01, 0x03, 0x0C, 0x13, 0x0D, 0xF8,
    0xE0, 0x3F, 0xFE, 0xE7, 0x78, 0x04, 0x07, 0xE0, 0x00, 0x0E, 0xE0, 0x00, 0x0E, 0xE0, 0x00, 0x0E,
    0xE0, 0x00, 0x0E, 0xE0, 0x04, 0xE7, 0x78, 0xFE, 0xE3, 0x3F, 0xF8, 0x00, 0x01, 0x03, 0x0B, 0x13,
    0x0D, 0xFF, 0xFF, 0xFF, 0xFF, 0xE1, 0x00, 0x07, 0x38, 0xC0, 0x01, 0x0E, 0x70, 0x80, 0x03, 0x1C,
    0xE0, 0x00, 0x07, 0x38, 0xC0, 0x01, 0x0E, 0x70, 0x80, 0x03, 0x1C, 0x00, 0x00, 0x03, 0x0C, 0x13,
    0x0C, 0x07, 0x77, 0x70, 0x07, 0xE7, 0x38, 0x8E, 0xE3, 0x38, 0xDC, 0xC1, 0x1D, 0xDC, 0x80, 0x0F,
    0xF8, 0x80, 0x07, 0x70, 0x00, 0x07, 0x70, 0x00, 0x4E, 0xE0, 0x07, 0x7C, 0x80, 0x07, 0x01, 0x03,
    0x0E, 0x14, 0x10, 0xC0, 0x01, 0x70, 0x00, 0x1C, 0xE0, 0x3F, 0xFC, 0x9F, 0xFF, 0xF7, 0xDC, 0x1F,
    0xE7, 0xC7, 0xF9, 0x71, 0x7E, 0x9C, 0x1F, 0xE7, 0xC7, 0xB9, 0x73, 0xEF, 0xFF, 0xF1, 0x7F, 0xF8,
    0x0F, 0x70, 0x00, 0x1C, 0x00, 0x07, 0x00, 0x03, 0x0D, 0x13, 0x0D, 0x0E, 0xCE, 0xC1, 0x71, 0x1C,
    0x8E, 0x83, 0x3B, 0x70, 0x07, 0xFC, 0x80, 0x0F, 0xE0, 0x01, 0x1C, 0xC0, 0x07, 0xF8, 0x00, 0x3F,
    0x70, 0x07, 0xCE, 0xE1, 0x38, 0x1C, 0xCF, 0xC1, 0x39, 0x38, 0x01, 0x03, 0x0C, 0x17, 0x0E, 0x0E,
    0xEE, 0xE0, 0x0E, 0xEE, 0xE0, 0x0E, 0xEE, 0xE0, 0x0E, 0xEE, 0xE0, 0x0E, 0xEE, 0xE0, 0x0E, 0xEE,
    0xE0, 0x0E, 0xEE, 0xE0, 0x0E, 0xEE, 0xE0, 0xFF, 0xFF, 0xFF, 0xFF, 0x7F, 0x00, 0x07, 0x70, 0x00,
    0x07, 0x00, 0x01, 0x03, 0x0B, 0x13, 0x0D, 0x07, 0x3F, 0xF8, 0xC1, 0x0F, 0x7E, 0xF0, 0x83, 0x1F,
    0xFC, 0xE0, 0x87, 0xFF, 0xFF, 0xFF, 0xFE, 0x73, 0x80, 0x03, 0x1C, 0xE0, 0x00, 0x07, 0x38, 0xC0,
    0x01, 0x00, 0x01, 0x03, 0x0F, 0x13, 0x11, 0xC7, 0xF1, 0xE3, 0xF8, 0x71, 0xFC, 0x38, 0x7E, 0x1C,
    0x3F, 0x8E, 0x1F, 0xC7, 0x8F, 0xE3, 0xC7, 0xF1, 0xE3, 0xF8, 0x71, 0xFC, 0x38, 0x7E, 0x1C, 0x3F,
    0x8E, 0x1F, 0xC7, 0x8F, 0xE3, 0xFF, 0xFF, 0xFF, 0xFF, 0xFF, 0x1F, 0x01, 0x03, 0x11, 0x17, 0x13,
    0x0E, 0xC7, 0x1D, 0x8E, 0x3B, 0x1C, 0x77, 0x38, 0xEE, 0x70, 0xDC, 0xE1, 0xB8, 0xC3, 0x71, 0x87,
    0xE3, 0x0E, 0xC7, 0x1D, 0x8E, 0x3B, 0x1C, 0x77, 0x38, 0xEE, 0x70, 0xDC, 0xE1, 0xB8, 0xC3, 0x71,
    0x87, 0xE3, 0xFF, 0xFF, 0xFF, 0xFF, 0xFF, 0xFF, 0x3F, 0x00, 0x70, 0x00, 0xE0, 0x00, 0xC0, 0x01,
    0x00, 0x01, 0x03, 0x0E, 0x13, 0x10, 0x80, 0x3F, 0xE0, 0x0F, 0xF8, 0x03, 0x0E, 0x80, 0x03, 0xE0,
    0x00, 0x38, 0xF0, 0x0F, 0xFE, 0x83, 0xFF, 0xF0, 0x38, 0x1C, 0x0E, 0x87, 0xC3, 0xE1, 0x70, 0x38,
    0x3C, 0x0E, 0xFE, 0x83, 0xFF, 0x80, 0x3F, 0x00, 0x01, 0x03, 0x0F, 0x13, 0x11, 0x07, 0xF0, 0x03,
    0xF8, 0x01, 0xFC, 0x00, 0x7E, 0x00, 0x3F, 0x80, 0x1F, 0xC0, 0x0F, 0xFF, 0xC7, 0xFF, 0xE3, 0xFF,
    0x79, 0xFC, 0x1C, 0x7E, 0x0E, 0x3F, 0x87, 0x9F, 0xC3, 0xCF, 0xE3, 0xC7, 0xFF, 0xE3, 0xFF, 0xC1,
    0x1F, 0x01, 0x03, 0x0A, 0x13, 0x0C, 0x80, 0x03, 0x0E, 0x38, 0xE0, 0x80, 0x03, 0x0E, 0x38, 0xFF,
    0xFE, 0xFB, 0xFF, 0xF8, 0xE1, 0x87, 0x1F, 0x7E, 0xF8, 0xE3, 0xFE, 0xFB, 0x8F, 0x3F, 0x00, 0x03,
    0x0B, 0x13, 0x0D, 0xF8, 0xF0, 0x9F, 0xFF, 0x1F, 0x77, 0x90, 0x01, 0x0C, 0xE0, 0x1F, 0xFF, 0xF8,
    0xC7, 0x00, 0x06, 0x30, 0x80, 0x03, 0x1C, 0xEC, 0xF1, 0xFE, 0xF7, 0x1F, 0x3E, 0x00, 0x01, 0x03,
    0x11, 0x13, 0x13, 0xF0, 0xC1, 0xF9, 0x87, 0xFB, 0x1F, 0xF7, 0x3C, 0xEE, 0xF0, 0xFC, 0xC0, 0xF9,
    0x81, 0xF3, 0x03, 0xFF, 0x07, 0xFE, 0x0F, 0xFC, 0x1F, 0x38, 0x3F, 0x70, 0x7E, 0xE0, 0xFC, 0xC0,
    0xB9, 0xC3, 0x73, 0xCF, 0xE3, 0xFC, 0xC7, 0xF9, 0x87, 0xC3, 0x07, 0x07, 0x00, 0x03, 0x0B, 0x13,
    0x0C, 0xFF, 0xF8, 0xCF, 0xFF, 0x0E, 0x77, 0xB8, 0xC3, 0x1D, 0xEE, 0x78, 0xFF, 0xF9, 0xCF, 0x1F,
    0xEE, 0x70, 0x8E, 0x73, 0x1C, 0xE7, 0x38, 0xC7, 0x3B, 0xDC, 0xE1, 0x01, 0x01, 0x07, 0x09, 0x0F,
    0x0B, 0x7C, 0xFC, 0xFD, 0x3F, 0x76, 0xE0, 0xC0, 0x9F, 0x7F, 0xE7, 0x8F, 0x1F, 0x7F, 0xFE, 0xFF,
    0xDF, 0x3D, 0x01, 0x7F, 0x0B, 0x16, 0x0D, 0x1E, 0xF0, 0x83, 0x7F, 0xC0, 0x03, 0x38, 0xC0, 0x01,
    0x1C, 0xEF, 0xFE, 0xF7, 0xFF, 0xE3, 0x0F, 0x7E, 0xF0, 0x83, 0x1F, 0xFC, 0xE0, 0x07, 0x7F, 0x9C,
    0xE3, 0xFC, 0xC7, 0x1F, 0x3C, 0x00, 0x01, 0x07, 0x09, 0x0F, 0x0B, 0xFC, 0xFF, 0xFF, 0x3F, 0x7E,
    0xFC, 0xB8, 0x7F, 0xFF, 0xFF, 0x8F, 0x1F, 0x3F, 0xFE, 0xDF, 0x3F, 0x7F, 0x01, 0x07, 0x08, 0x0F,
    0x09, 0xFF, 0xFF, 0xFF, 0xE0, 0xE0, 0xE0, 0xE0, 0xE0, 0xE0, 0xE0, 0xE0, 0xE0, 0xE0, 0xE0, 0xE0,
    0x01, 0x07, 0x0C, 0x12, 0x0E, 0xFC, 0xC1, 0x1F, 0xFC, 0xC1, 0x1D, 0xDC, 0xC1, 0x1D, 0xDC, 0xC1,
    0x39, 0x9C, 0xC3, 0x39, 0x9C, 0xC3, 0x71, 0xFF, 0xFF, 0xFF, 0xFF, 0x7F, 0xE0, 0x07, 0x7E, 0xE0,
    0x01, 0x07, 0x0A, 0x0F, 0x0C, 0x78, 0xF8, 0xE3, 0xDF, 0x71, 0x87, 0xFF, 0xFF, 0xFF, 0xFF, 0x80,
    0x03, 0x0E, 0xB8, 0xF1, 0xFF, 0xF9, 0xC3, 0x07, 0x00, 0x07, 0x0F, 0x0F, 0x10, 0xC7, 0x71, 0xE3,
    0x98, 0x71, 0xCC, 0x39, 0xE7, 0x9C, 0x63, 0xCE, 0xF0, 0x7F, 0xF0, 0x1F, 0xFC, 0x1F, 0xE7, 0x9C,
    0x73, 0xCE, 0x38, 0x76, 0x1C, 0x3F, 0x8E, 0x1F, 0xC7, 0x01, 0x00, 0x07, 0x09, 0x0F, 0x0A, 0x7C,
    0xFC, 0xFD, 0x3F, 0x76, 0xE0, 0xC0, 0x1F, 0x3F, 0x7E, 0x0E, 0x1C, 0x38, 0xF6, 0xDF, 0x1F, 0x1F,
    0x01, 0x07, 0x0A, 0x0F, 0x0C, 0x87, 0x3F, 0xFE, 0xF8, 0xE7, 0x9F, 0x7F, 0x7E, 0xFB, 0xED, 0xB7,
    0x9F, 0x7F, 0xFE, 0xF1, 0xC7, 0x1F, 0x7F, 0x38, 0x01, 0x01, 0x0A, 0x15, 0x0C, 0x8C, 0x31, 0xC6,
    0x1D, 0x3E, 0x70, 0x00, 0x70, 0xF8, 0xE3, 0x8F, 0x7F, 0xFE, 0xF9, 0xE7, 0xB7, 0xDF, 0x7E, 0xFB,
    0xF9, 0xE7, 0x1F, 0x7F, 0xFC, 0xF1, 0x87, 0x03, 0x01, 0x07, 0x0A, 0x0F, 0x0B, 0x86, 0x3B, 0xEE,
    0xB8, 0xE3, 0x8C, 0x73, 0x8E, 0x3F, 0xFE, 0xFC, 0x73, 0xEE, 0xB8, 0xE3, 0x8E, 0x1B, 0x7E, 0x38,
    0x00, 0x07, 0x0B, 0x0F, 0x0C, 0xFF, 0xF8, 0xC7, 0x3F, 0xCE, 0x71, 0x8E, 0x73, 0x9C, 0xE3, 0x1C,
    0xE7, 0x38, 0xC7, 0x71, 0x8E, 0x73, 0xFC, 0xC3, 0x1F, 0x1C, 0x01, 0x07, 0x0B, 0x0F, 0x0D, 0x07,
    0x3F, 0xF8, 0xE3, 0x1F, 0xFF, 0xFC, 0xEF, 0x6F, 0x7B, 0xDF, 0x73, 0x9E, 0xF3, 0x9C, 0x07, 0x3C,
    0xE0, 0x01, 0x0F, 0x18, 0x01, 0x07, 0x0A, 0x0F, 0x0C, 0x87, 0x1F, 0x7E, 0xF8, 0xE1, 0x87, 0x1F,
    0xFE, 0xFF, 0xFF, 0xFF, 0x1F, 0x7E, 0xF8, 0xE1, 0x87, 0x1F, 0x7E, 0x38, 0x01, 0x07, 0x0A, 0x0F,
    0x0C, 0x78, 0xF0, 0xE3, 0x9F, 0xF3, 0x87, 0x1F, 0x7E, 0xF8, 0xE1, 0x87, 0x1F, 0x7E, 0xB8, 0xF3,
    0xFE, 0xF9, 0x83, 0x07, 0x01, 0x07, 0x0A, 0x0F, 0x0C, 0xFF, 0xFF, 0xFF, 0xFF, 0xE1, 0x87, 0x1F,
    0x7E, 0xF8, 0xE1, 0x87, 0x1F, 0x7E, 0xF8, 0xE1, 0x87, 0x1F, 0x7E, 0x38, 0x01, 0x07, 0x0A, 0x14,
    0x0C, 0xBC, 0xFB, 0xEF, 0xFF, 0xF3, 0x87, 0x1F, 0x7E, 0xF8, 0xE1, 0x87, 0x1F, 0xFE, 0xB8, 0xF3,
    0xFE, 0xFB, 0xCF, 0x3B, 0xE0, 0x80, 0x03, 0x0E, 0x38, 0xE0, 0x01, 0x07, 0x09, 0x0F, 0x0B, 0x3E,
    0xFE, 0xFC, 0x13, 0x07, 0x1C, 0x38, 0x70, 0xE0, 0xC0, 0x81, 0x03, 0x17, 0xFF, 0xEF, 0x8F, 0x0F,
    0x01, 0x07, 0x0A, 0x0F, 0x0C, 0xFF, 0xFF, 0xFF, 0x3F, 0x1C, 0x70, 0xC0, 0x01, 0x07, 0x1C, 0x70,
    0xC0, 0x01, 0x07, 0x1C, 0x70, 0xC0, 0x01, 0x07, 0x00, 0x07, 0x0A, 0x14, 0x0B, 0x83, 0x1F, 0x76,
    0xDC, 0x71, 0xC6, 0x39, 0xE3, 0x0E, 0x3B, 0x6C, 0xF0, 0x81, 0x07, 0x1E, 0x38, 0xE0, 0x00, 0x03,
    0x1C, 0x70, 0x80, 0x0F, 0x3E, 0xF0, 0x01, 0x01, 0x0C, 0x1A, 0x0E, 0x70, 0x00, 0x07, 0x70, 0x00,
    0x07, 0x70, 0x00, 0x07, 0xFC, 0xE1, 0x3F, 0x7E, 0x77, 0xF7, 0x77, 0x7E, 0xE7, 0x77, 0x7E, 0xE7,
    0x77, 0x7E, 0xE7, 0x77, 0x6E, 0x77, 0xFE, 0xC7, 0x3F, 0xF8, 0x00, 0x07, 0x70, 0x00, 0x07, 0x70,
    0x00, 0x07, 0x00, 0x07, 0x0A, 0x0F, 0x0B, 0xC7, 0x1D, 0xE7, 0x8C, 0x3B, 0x6C, 0xF0, 0x81, 0x07,
    0x0E, 0x78, 0xF0, 0xC1, 0x8F, 0x3B, 0xCE, 0x1D, 0x77, 0x18, 0x01, 0x07, 0x0B, 0x12, 0x0D, 0x0E,
    0x77, 0xB8, 0xC3, 0x1D, 0xEE, 0x70, 0x87, 0x3B, 0xDC, 0xE1, 0x0E, 0x77, 0xB8, 0xC3, 0x1D, 0xFE,
    0xFF, 0xFF, 0xFF, 0xFF, 0x00, 0x07, 0x38, 0x00, 0x01, 0x06, 0x09, 0x0F, 0x0B, 0xC7, 0x8F, 0x1F,
    0x3F, 0x7E, 0xFC, 0xF8, 0xF1, 0xFF, 0xFF, 0xFE, 0x1D, 0x38, 0x70, 0xE0, 0xC0, 0x01, 0x01, 0x07,
    0x0D, 0x0F, 0x0F, 0xE7, 0xFC, 0x9C, 0x9F, 0xF3, 0x73, 0x7E, 0xCE, 0xCF, 0xF9, 0x39, 0x3F, 0xE7,
    0xE7, 0xFC, 0x9C, 0x9F, 0xF3, 0x73, 0xFE, 0xFF, 0xFF, 0xFF, 0xFF, 0x07, 0x01, 0x07, 0x0F, 0x12,
    0x11, 0x8E, 0x73, 0xC7, 0xB9, 0xE3, 0xDC, 0x71, 0xEE, 0x38, 0x77, 0x9C, 0x3B, 0xCE, 0x1D, 0xE7,
    0x8E, 0x73, 0xC7, 0xB9, 0xE3, 0xDC, 0x71, 0xFE, 0xFF, 0xFF, 0xFF, 0xFF, 0xFF, 0x0F, 0x00, 0x07,
    0x80, 0x03, 0x00, 0x00, 0x07, 0x0D, 0x0F, 0x0E, 0xC0, 0x1F, 0xF8, 0x03, 0x7F, 0xE0, 0x00, 0x1C,
    0xF8, 0x83, 0x7F, 0xF8, 0x0F, 0xC7, 0xE1, 0x38, 0x1C, 0x87, 0xE3, 0xF0, 0x1F, 0xFC, 0x03, 0x7F,
    0x00, 0x01, 0x07, 0x0D, 0x0F, 0x0F, 0x07, 0xFC, 0x80, 0x1F, 0xF0, 0x03, 0x7E, 0xC0, 0x8F, 0xFF,
    0xF9, 0xBF, 0xFF, 0x77, 0xFC, 0x8E, 0xDF, 0xF1, 0x3B, 0x7E, 0xFF, 0xCF, 0xFF, 0xF1, 0x07, 0x01,
    0x07, 0x09, 0x0F, 0x0B, 0xC0, 0x81, 0x03, 0x07, 0x0E, 0x9C, 0xBF, 0xFF, 0xFF, 0xC7, 0x8F, 0x1F,
    0x3F, 0xFE, 0xDF, 0x3F, 0x7F, 0x00, 0x07, 0x09, 0x0F, 0x0B, 0x78, 0xF8, 0xFB, 0x77, 0x74, 0xE0,
    0xC0, 0xBF, 0x7F, 0xFF, 0x0E, 0x1C, 0x70, 0xE4, 0x9F, 0x3F, 0x1E, 0x01, 0x07, 0x0F, 0x0F, 0x11,
    0x78, 0x70, 0xFE, 0xB8, 0x7F, 0xDC, 0x79, 0x7E, 0x38, 0x3F, 0x9C, 0x1F, 0xFE, 0x0F, 0xFF, 0x87,
    0xFF, 0xC3, 0xF9, 0xE1, 0xDC, 0x79, 0xEE, 0x1F, 0xE7, 0x8F, 0xE3, 0xC1, 0x01, 0x00, 0x07, 0x09,
    0x0F, 0x0B, 0x7F, 0xFE, 0xFD, 0x3F, 0x7E, 0xFC, 0xF8, 0xFF, 0x7F, 0x7F, 0xEE, 0xDC, 0x39, 0x77,
    0xEE, 0xF8, 0x71, 0x01, 0x00, 0x0A, 0x16, 0x0C, 0xE0, 0x80, 0x01, 0x07, 0x0C, 0x30, 0x00, 0x00,
    0x00, 0x1E, 0xFE, 0xF8, 0x77, 0xDC, 0xE1, 0xFF, 0xFF, 0xFF, 0x3F, 0xE0, 0x80, 0x03, 0x6E, 0xFC,
    0x7F, 0xFE, 0xF0, 0x01, 0x01, 0x01, 0x0A, 0x15, 0x0C, 0xDC, 0x71, 0xC7, 0x1D, 0x00, 0x00, 0x00,
    0x80, 0x87, 0x3F, 0xFE, 0x1D, 0x77, 0xF8, 0xFF, 0xFF, 0xFF, 0x0F, 0x38, 0xE0, 0x80, 0x1B, 0xFF,
    0x9F, 0x3F, 0x7C, 0x00, 0x01, 0x01, 0x0C, 0x1A, 0x0E, 0x00, 0x07, 0x70, 0xE0, 0x0F, 0xFE, 0xE0,
    0x0F, 0x70, 0x3C, 0xE7, 0x77, 0xFE, 0xF7, 0x7C, 0x87, 0x77, 0x70, 0x07, 0x77, 0x70, 0x07, 0x77,
    0x70, 0x07, 0x77, 0x70, 0x07, 0x77, 0x70, 0x0E, 0xE7, 0x00, 0x0E, 0xC0, 0x03, 0x3C, 0x80, 0x03,
    0x01, 0x00, 0x08, 0x16, 0x09, 0x0E, 0x0C, 0x1C, 0x18, 0x38, 0x00, 0x00, 0xFF, 0xFF, 0xFF, 0xE0,
    0xE0, 0xE0, 0xE0, 0xE0, 0xE0, 0xE0, 0xE0, 0xE0, 0xE0, 0xE0, 0xE0, 0x01, 0x07, 0x09, 0x0F, 0x0B,
    0x3C, 0xFE, 0xFC, 0x13, 0x07, 0x1C, 0xB8, 0x7F, 0xFF, 0xFE, 0x81, 0x03, 0x17, 0xFF, 0xEF, 0x0F,
    0x0F, 0x00, 0x07, 0x09, 0x0F, 0x0B, 0x7C, 0xFC, 0xFD, 0x37, 0x0E, 0x1C, 0x3C, 0x7F, 0x7F, 0x3F,
    0x1E, 0x1C, 0x38, 0xF6, 0xDF, 0x3F, 0x1F, 0x01, 0x02, 0x03, 0x14, 0x05, 0xFF, 0x81, 0xFF, 0xFF,
    0xFF, 0xFF, 0xFF, 0x0F, 0x00, 0x02, 0x06, 0x14, 0x05, 0xFB, 0xBE, 0x03, 0x80, 0xE3, 0x38, 0x8E,
    0xE3, 0x38, 0x8E, 0xE3, 0x38, 0x8E, 0xE3, 0x38, 0x00, 0x01, 0x03, 0x1A, 0x05, 0x00, 0x00, 0x00,
    0x00, 0x00, 0x00, 0x00, 0x00, 0xE0, 0x3F, 0x00, 0x07, 0x11, 0x0F, 0x12, 0xC0, 0x3F, 0x80, 0x7F,
    0x00, 0xFF, 0x00, 0xCE, 0x01, 0x9C, 0x83, 0x3F, 0x87, 0x7F, 0x8E, 0xFF, 0x1C, 0xC7, 0x39, 0x8E,
    0x73, 0x1C, 0xC7, 0x39, 0x8E, 0xF3, 0x1F, 0xDF, 0x3F, 0x3C, 0x7F, 0x70, 0x01, 0x07, 0x10, 0x0F,
    0x12, 0x80, 0xE3, 0x80, 0xE3, 0x80, 0xE3, 0x80, 0xE3, 0x80, 0xE3, 0x80, 0xE3, 0xFC, 0xFF, 0xFE,
    0xFF, 0xFF, 0xFF, 0x87, 0xE3, 0x87, 0xE3, 0x87, 0xE3, 0xFF, 0xE3, 0xFE, 0xE3, 0xFC, 0xE3, 0x01,
    0x01, 0x0B, 0x15, 0x0D, 0x80, 0x03, 0x1C, 0xFC, 0xE1, 0x0F, 0x7F, 0xC0, 0x71, 0xCE, 0x77, 0xFF,
    0x3B, 0xDF, 0xF1, 0x0E, 0x77, 0xB8, 0xC3, 0x1D, 0xEE, 0x70, 0x87, 0x3B, 0xDC, 0xE1, 0x0E, 0x77,
    0x38, 0x01, 0x00, 0x0A, 0x16, 0x0B, 0x1C, 0x60, 0x80, 0x03, 0x0C, 0x70, 0x00, 0x00, 0x80, 0xE1,
    0x8E, 0x3B, 0xEE, 0x38, 0xE3, 0x9C, 0xE3, 0x8F, 0x3F, 0xFF, 0x9C, 0x3B, 0xEE, 0xB8, 0xE3, 0x86,
    0x1F, 0x0E, 0x01, 0x00, 0x0A, 0x16, 0x0C, 0xE0, 0x80, 0x01, 0x07, 0x0C, 0x30, 0x00, 0x00, 0xC0,
    0xE1, 0x8F, 0x3F, 0xFE, 0xF9, 0xE7, 0x9F, 0xDF, 0x7E, 0xFB, 0xED, 0xE7, 0x9F, 0x7F, 0xFC, 0xF1,
    0xC7, 0x1F, 0x0E, 0x00, 0x01, 0x0B, 0x1A, 0x0B, 0x8C, 0x61, 0x0C, 0x3E, 0xE0, 0x00, 0x00, 0x00,
    0x18, 0xCC, 0x60, 0x8E, 0x73, 0x1C, 0x63, 0x18, 0xC3, 0x1D, 0xEC, 0x60, 0x03, 0x1F, 0xF8, 0x80,
    0x07, 0x1C, 0xE0, 0x00, 0x06, 0x70, 0x80, 0x03, 0xF8, 0xC0, 0x07, 0x3C, 0x01, 0x07, 0x09, 0x13,
    0x0B, 0xC7, 0x8F, 0x1F, 0x3F, 0x7E, 0xFC, 0xF8, 0xF1, 0xE3, 0xC7, 0x8F, 0x1F, 0x3F, 0xFE, 0xFF,
    0xFF, 0x7F, 0x1C, 0x38, 0x70, 0xE0, 0x00, 0x90, 0x09, 0x02, 0x01, 0x7F, 0x08, 0x17, 0x0A, 0x07,
    0x07, 0x07, 0x07, 0xFF, 0xFF, 0xFF, 0xE0, 0xE0, 0xE0, 0xE0, 0xE0, 0xE0, 0xE0, 0xE0, 0xE0, 0xE0,
    0xE0, 0xE0, 0xE0, 0xE0, 0xE0, 0xE0, 0x01, 0x03, 0x08, 0x13, 0x0A, 0x07, 0x07, 0x07, 0x07, 0xFF,
    0xFF, 0xFF, 0xE0, 0xE0, 0xE0, 0xE0, 0xE0, 0xE0, 0xE0, 0xE0, 0xE0, 0xE0, 0xE0, 0xE0, 0x80, 0x3D,
    0x06, 0x00, 0x7B, 0x12, 0x1B, 0x12, 0x00, 0x0E, 0x00, 0x1C, 0x00, 0x70, 0x00, 0xC0, 0x00, 0x80,
    0x01, 0x00, 0x00, 0x00, 0x00, 0x00, 0x00, 0x00, 0x87, 0x83, 0x1D, 0x1E, 0x67, 0x78, 0x9C, 0xE3,
    0x71, 0x8E, 0xC7, 0x39, 0x1F, 0xE7, 0xFC, 0x0C, 0xF3, 0x3B, 0xDC, 0xEF, 0x70, 0xBB, 0xC3, 0xCD,
    0x0E, 0x3F, 0x1B, 0xF8, 0x7C, 0xE0, 0xF3, 0x81, 0xC7, 0x07, 0x1E, 0x1E, 0x78, 0x78, 0xE0, 0xE1,
    0x00, 0x87, 0x03, 0x00, 0x00, 0x0F, 0x16, 0x10, 0x80, 0x03, 0xC0, 0x01, 0x60, 0x00, 0x38, 0x00,
    0x0C, 0x00, 0x00, 0x00, 0x00, 0x86, 0xE1, 0xC7, 0xB0, 0xE3, 0xD8, 0x79, 0xCE, 0x3C, 0x67, 0x9E,
    0x33, 0xDF, 0xD9, 0x6D, 0x7C, 0x36, 0x3E, 0x1B, 0x9E, 0x0F, 0x8F, 0x87, 0xC3, 0xC1, 0xE1, 0xE0,
    0x70, 0x00, 0x00, 0x7B, 0x12, 0x1B, 0x12, 0xC0, 0x01, 0x00, 0x07, 0x00, 0x38, 0x00, 0xC0, 0x00,
    0x00, 0x03, 0x00, 0x00, 0x00, 0x00, 0x00, 0x00, 0x00, 0x87, 0x83, 0x1D, 0x1E, 0x67, 0x78, 0x9C,
    0xE3, 0x71, 0x8E, 0xC7, 0x39, 0x1F, 0xE7, 0xFC, 0x0C, 0xF3, 0x3B, 0xDC, 0xEF, 0x70, 0xBB, 0xC3,
    0xCD, 0x0E, 0x3F, 0x1B, 0xF8, 0x7C, 0xE0, 0xF3, 0x81, 0xC7, 0x07, 0x1E, 0x1E, 0x78, 0x78, 0xE0,
    0xE1, 0x00, 0x87, 0x03, 0x00, 0x00, 0x0F, 0x16, 0x10, 0x70, 0x00, 0x38, 0x00, 0x38, 0x00, 0x18,
    0x00, 0x0C, 0x00, 0x00, 0x00, 0x00, 0x86, 0xE1, 0xC7, 0xB0, 0xE3, 0xD8, 0x79, 0xCE, 0x3C, 0x67,
    0x9E, 0x33, 0xDF, 0xD9, 0x6D, 0x7C, 0x36, 0x3E, 0x1B, 0x9E, 0x0F, 0x8F, 0x87, 0xC3, 0xC1, 0xE1,
    0xE0, 0x70, 0x00, 0x00, 0x7D, 0x10, 0x19, 0x11, 0x70, 0x07, 0x70, 0x07, 0x70, 0x07, 0x00, 0x00,
    0x00, 0x00, 0x00, 0x00, 0xC3, 0xE1, 0xC3, 0xE1, 0xC3, 0xE1, 0xC3, 0x61, 0xE7, 0x73, 0xE7, 0x73,
    0xE7, 0x73, 0x67, 0x73, 0x66, 0x33, 0x66, 0x37, 0x7E, 0x3F, 0x7E, 0x3F, 0x7E, 0x3E, 0x3E, 0x3E,
    0x3C, 0x1E, 0x3C, 0x1E, 0x3C, 0x1E, 0x3C, 0x1E, 0x1C, 0x1C, 0x00, 0x01, 0x0F, 0x15, 0x0F, 0x70,
    0x07, 0xB8, 0x03, 0xDC, 0x01, 0x00, 0x00, 0x00, 0x00, 0x00, 0x1C, 0xC2, 0x8F, 0xE3, 0xC6, 0x31,
    0xE3, 0x98, 0x71, 0xCE, 0x7D, 0xE7, 0xB6, 0x63, 0xDB, 0xB0, 0x6D, 0xF8, 0x3E, 0x3C, 0x1E, 0x1E,
    0x0F, 0x8F, 0x07, 0xC7, 0x81, 0xE1, 0x00, 0x9E, 0x3D, 0x01, 0x01, 0x03, 0x0D, 0x13, 0x0F, 0xF0,
    0x03, 0xFF, 0xE0, 0x3F, 0xF8, 0x0F, 0xDC, 0x81, 0x3B, 0x70, 0x87, 0xEF, 0xFC, 0xDC, 0x8F, 0xFB,
    0xF0, 0x07, 0x7E, 0xC0, 0x0F, 0xF8, 0x41, 0x7F, 0xEC, 0xFE, 0xDD, 0xBF, 0xE3, 0x73, 0xA0, 0x3D,
    0x5A, 0x00, 0x03, 0x0D, 0x19, 0x0D, 0xF0, 0x01, 0x3E, 0xC0, 0x07, 0xF8, 0x00, 0x1F, 0x70, 0x07,
    0xEE, 0xC0, 0x1D, 0xB8, 0x83, 0xE3, 0x70, 0x1C, 0x8E, 0xC3, 0x71, 0xFC, 0x9F, 0xFF, 0xF3, 0x7F,
    0x0E, 0xEE, 0x80, 0x1F, 0x70, 0x00, 0x00, 0x00, 0x00, 0x00, 0x38, 0x00, 0x07, 0xE0, 0x00, 0x01,
    0x07, 0x09, 0x15, 0x0B, 0x7C, 0xFC, 0xFD, 0x3F, 0x76, 0xE0, 0xC0, 0x9F, 0x7F, 0xE7, 0x8F, 0x1F,
    0x7F, 0xFE, 0xFF, 0xDF, 0x3D, 0x00, 0x00, 0x00, 0xE0, 0xC0, 0x81, 0x03, 0x00, 0x7C, 0x0C, 0x1A,
    0x0E, 0xE0, 0x00, 0x0F, 0x30, 0x00, 0x07, 0x40, 0x00, 0x00, 0x00, 0x00, 0x0F, 0xF0, 0x00, 0x0F,
    0xF8, 0x81, 0x1F, 0xB8, 0x81, 0x1B, 0x9C, 0xC3, 0x39, 0x9C, 0xC3, 0x31, 0x0E, 0xE7, 0x7F, 0xFE,
    0xE7, 0x7F, 0x07, 0x7E, 0xE0, 0x07, 0x7E, 0xC0, 0x01, 0x00, 0x09, 0x16, 0x0B, 0x38, 0x78, 0x30,
    0xE0, 0x00, 0x01, 0x00, 0x00, 0x3E, 0xFE, 0xFE, 0x1F, 0x1B, 0x30, 0xE0, 0xCF, 0xBF, 0xF1, 0xC3,
    0x87, 0x1F, 0xFF, 0xFF, 0x6F, 0x0E, 0x00, 0x7A, 0x0E, 0x1C, 0x0D, 0x0E, 0x80, 0x03, 0xC0, 0x00,
    0x60, 0x07, 0xE0, 0x01, 0xF8, 0x00, 0x73, 0x00, 0x00, 0x00, 0x00, 0x78, 0x00, 0x3E, 0x80, 0x0F,
    0xE0, 0x03, 0xDC, 0x00, 0x77, 0xC0, 0x1D, 0x70, 0x07, 0xCE, 0x81, 0x63, 0xE0, 0x38, 0x38, 0x0E,
    0xFE, 0xC3, 0xFF, 0xF0, 0x7F, 0x1C, 0x1C, 0x03, 0xE7, 0x80, 0x39, 0xE0, 0x01, 0x7E, 0x0B, 0x18,
    0x0B, 0x07, 0x70, 0x80, 0x03, 0xF8, 0x01, 0x0E, 0xD8, 0xC0, 0x06, 0x67, 0x00, 0x80, 0x0F, 0xFE,
    0xF8, 0xCF, 0x31, 0x0E, 0x70, 0x80, 0x3F, 0xFC, 0xE3, 0x3C, 0xC7, 0x39, 0xCE, 0x73, 0xFE, 0xF3,
    0x8F, 0x7B, 0x00, 0x7A, 0x0C, 0x1C, 0x0D, 0x00, 0x0E, 0x60, 0x00, 0x07, 0x37, 0x78, 0x80, 0x0F,
    0xCC, 0x01, 0x00, 0x00, 0x80, 0x07, 0xF8, 0x80, 0x0F, 0xF8, 0xC0, 0x0D, 0xDC, 0xC1, 0x1D, 0xDC,
    0xE1, 0x1C, 0x8E, 0xE1, 0x38, 0x8E, 0xE3, 0x3F, 0xFF, 0xF3, 0x7F, 0x07, 0x37, 0x70, 0x03, 0x36,
    0xE0, 0x00, 0x7E, 0x09, 0x18, 0x0B, 0xC0, 0xC1, 0x81, 0x73, 0xE3, 0xE0, 0xC3, 0x86, 0x19, 0x00,
    0x3E, 0xFC, 0xF8, 0x13, 0x23, 0x40, 0x80, 0x0F, 0x3F, 0xF2, 0xC4, 0x89, 0x33, 0xE7, 0xCF, 0x8F,
    0x1E, 0x00, 0x79, 0x0D, 0x1D, 0x0D, 0x1C, 0xC0, 0x03, 0x18, 0x00, 0x03, 0xC0, 0x0E, 0xE0, 0x03,
    0x6C, 0xC0, 0x18, 0x00, 0x00, 0x00, 0x80, 0x07, 0xF8, 0x00, 0x1F, 0xE0, 0x03, 0x6C, 0xC0, 0x1D,
    0xB8, 0x03, 0x77, 0xE0, 0x0C, 0x8E, 0xC3, 0x71, 0x38, 0x0E, 0xFF, 0xF1, 0x7F, 0xFE, 0xCF, 0xC1,
    0x39, 0x30, 0x03, 0x7E, 0xC0, 0x01, 0x01, 0x7E, 0x0A, 0x18, 0x0C, 0x0E, 0x3C, 0x30, 0x80, 0x1F,
    0x70, 0x60, 0x83, 0x0D, 0x00, 0x00, 0xE0, 0xC3, 0x9F, 0xFF, 0x8E, 0x39, 0xE0, 0x80, 0x3F, 0xFE,
    0x39, 0xEF, 0xB8, 0xE3, 0x9E, 0xFB, 0xEF, 0x9F, 0x7B, 0x00, 0x78, 0x0D, 0x1E, 0x0E, 0xCC, 0x81,
    0x7F, 0xF0, 0x0F, 0xBC, 0x03, 0x00, 0xC0, 0x01, 0x7C, 0xC0, 0x0F, 0x98, 0x03, 0x00, 0x00, 0x00,
    0x78, 0x00, 0x1F, 0xE0, 0x03, 0x7C, 0xC0, 0x0D, 0xB8, 0x03, 0x77, 0xE0, 0x0E, 0xCE, 0xC1, 0x71,
    0x38, 0x0E, 0xC7, 0xF1, 0x3F, 0xFE, 0xCF, 0xFF, 0x1D, 0xB8, 0x03, 0x77, 0xC0, 0x0F, 0x38, 0x01,
    0x7C, 0x09, 0x1A, 0x0B, 0x67, 0xEE, 0xFD, 0xF3, 0xE6, 0x00, 0x07, 0x0E, 0x3E, 0x6E, 0x9C, 0x00,
    0xE0, 0xE3, 0xEF, 0xFF, 0xB1, 0x03, 0x07, 0xFE, 0xFC, 0x3B, 0x7F, 0xFC, 0xF8, 0xF3, 0xFF, 0xFF,
    0xEE, 0x01, 0x00, 0x7C, 0x0D, 0x20, 0x0D, 0xE0, 0x00, 0x1E, 0xC0, 0x07, 0xDC, 0x80, 0x31, 0x00,
    0x00, 0x00, 0x80, 0x07, 0xF0, 0x01, 0x3E, 0xC0, 0x07, 0xDC, 0x80, 0x3B, 0x70, 0x07, 0xEE, 0xE0,
    0x1D, 0x1C, 0x87, 0xE3, 0x70, 0x1C, 0x8E, 0xE3, 0xFF, 0xFC, 0x9F, 0xFF, 0x73, 0x70, 0x07, 0xFC,
    0x80, 0x03, 0x00, 0x00, 0x00, 0x00, 0xC0, 0x01, 0x38, 0x00, 0x07, 0x01, 0x01, 0x09, 0x1B, 0x0B,
    0x38, 0x70, 0xF0, 0x61, 0x63, 0x0E, 0x00, 0x1F, 0x7F, 0xFF, 0x8F, 0x1D, 0x38, 0xF0, 0xE7, 0xDF,
    0xF9, 0xE3, 0xC7, 0x9F, 0xFF, 0xFF, 0x77, 0x0F, 0x00, 0x00, 0x00, 0x38, 0x70, 0xE0, 0x00, 0x00,
    0x79, 0x0D, 0x1D, 0x0D, 0x70, 0x00, 0x0C, 0x80, 0x01, 0x8C, 0x81, 0x31, 0xF0, 0x07, 0x7C, 0x00,
    0x07, 0x00, 0x00, 0x00, 0x80, 0x03, 0xF8, 0x00, 0x1F, 0xE0, 0x03, 0x6C, 0xC0, 0x1D, 0xB8, 0x03,
    0x77, 0xE0, 0x0C, 0x8E, 0xC3, 0x71, 0x38, 0x0E, 0xFF, 0xE1, 0x7F, 0xFE, 0xCF, 0xC1, 0x39, 0x38,
    0x03, 0x76, 0xC0, 0x01, 0x01, 0x7D, 0x09, 0x19, 0x0B, 0x1C, 0x30, 0x40, 0x30, 0xE6, 0xCC, 0x1D,
    0x1F, 0x3E, 0x38, 0x00, 0xF0, 0xF1, 0xF7, 0xFF, 0xD8, 0x81, 0x03, 0x7F, 0xFE, 0x9D, 0x3F, 0x7E,
    0xFC, 0xF9, 0xFF, 0x7F, 0xF7, 0x00, 0x00, 0x79, 0x0D, 0x1D, 0x0D, 0xC0, 0x01, 0x18, 0x00, 0x03,
    0x8C, 0x81, 0x31, 0xF0, 0x07, 0x7C, 0x00, 0x07, 0x00, 0x00, 0x00, 0x80, 0x03, 0xF8, 0x00, 0x1F,
    0xE0, 0x03, 0x6C, 0xC0, 0x1D, 0xB8, 0x03, 0x77, 0xE0, 0x0C, 0x8E, 0xC3, 0x71, 0x38, 0x0E, 0xFF,
    0xE1, 0x7F, 0xFE, 0xCF, 0xC1, 0x39, 0x38, 0x03, 0x76, 0xC0, 0x01, 0x01, 0x7D, 0x09, 0x19, 0x0B,
    0x70, 0x60, 0xC0, 0x30, 0xE6, 0xCC, 0x1D, 0x1F, 0x3E, 0x38, 0x00, 0xF0, 0xF1, 0xF7, 0xFF, 0xD8,
    0x81, 0x03, 0x7F, 0xFE, 0x9D, 0x3F, 0x7E, 0xFC, 0xF9, 0xFF, 0x7F, 0xF7, 0x00, 0x00, 0x77, 0x0D,
    0x1F, 0x0D, 0xE0, 0x00, 0x1E, 0xC0, 0x00, 0x18, 0x00, 0x07, 0x80, 0x00, 0xC6, 0xC0, 0x1F, 0xF0,
    0x01, 0x1C, 0x00, 0x00, 0x00, 0x00, 0x0F, 0xE0, 0x03, 0x7C, 0x80, 0x0F, 0xB0, 0x01, 0x77, 0xE0,
    0x0E, 0xDC, 0x81, 0x39, 0x38, 0x0E, 0xC7, 0xE1, 0x38, 0xFC, 0xC7, 0xFF, 0xF9, 0x3F, 0x07, 0xE7,
    0xE0, 0x0C, 0xD8, 0x01, 0x07, 0x01, 0x7B, 0x09, 0x1B, 0x0B, 0x38, 0x78, 0x30, 0x60, 0xC0, 0x01,
    0x82, 0x31, 0x77, 0x7E, 0xF8, 0xE0, 0x00, 0xC0, 0xC7, 0xDF, 0xFF, 0x63, 0x07, 0x0E, 0xFC, 0xF9,
    0x77, 0xFE, 0xF8, 0xF1, 0xE7, 0xFF, 0xFF, 0xDD, 0x03, 0x00, 0x77, 0x0D, 0x1F, 0x0D, 0x80, 0x01,
    0x7B, 0xE0, 0x0F, 0x3C, 0x03, 0x03, 0x00, 0x00, 0xC6, 0xC0, 0x1F, 0xF0, 0x01, 0x1C, 0x00, 0x00,
    0x00, 0x00, 0x0E, 0xE0, 0x03, 0x7C, 0x80, 0x0F, 0xB0, 0x01, 0x77, 0xE0, 0x0E, 0xDC, 0x81, 0x33,
    0x38, 0x0E, 0xC7, 0xE1, 0x38, 0xFC, 0xC7, 0xFF, 0xF9, 0x3F, 0x07, 0xE7, 0xE0, 0x0E, 0xD8, 0x01,
    0x07, 0x01, 0x7C, 0x09, 0x1A, 0x0B, 0x67, 0xEE, 0xFD, 0x73, 0x06, 0xC0, 0x98, 0x3B, 0x7F, 0x7C,
    0x70, 0x00, 0xE0, 0xE3, 0xEF, 0xFF, 0xB1, 0x03, 0x07, 0xFE, 0xFC, 0x3B, 0x7F, 0xFC, 0xF8, 0xF3,
    0xFF, 0xFF, 0xEE, 0x01, 0x00, 0x7D, 0x0D, 0x1F, 0x0D, 0x18, 0x03, 0x63, 0xE0, 0x0F, 0xF8, 0x00,
    0x0E, 0x00, 0x00, 0x3C, 0x80, 0x0F, 0xF0, 0x01, 0x3E, 0xC0, 0x06, 0xDC, 0x81, 0x3B, 0x70, 0x07,
    0xEE, 0xE0, 0x38, 0x1C, 0x87, 0xE3, 0x70, 0x1C, 0xFF, 0xE7, 0xFF, 0xFC, 0x9F, 0x83, 0x73, 0x60,
    0x07, 0x1C, 0x00, 0x00, 0x00, 0x00, 0x00, 0x0E, 0xC0, 0x01, 0x38, 0x00, 0x01, 0x01, 0x09, 0x1B,
    0x0B, 0xC6, 0xDC, 0xF9, 0xE3, 0x83, 0x03, 0x00, 0x1F, 0x7F, 0xFF, 0x8F, 0x1D, 0x38, 0xF0, 0xE7,
    0xDF, 0xF9, 0xE3, 0xC7, 0x9F, 0xFF, 0xFF, 0x77, 0x0F, 0x00, 0x00, 0x00, 0x38, 0x70, 0xE0, 0x00,
    0x01, 0x03, 0x09, 0x19, 0x0B, 0xFF, 0xFF, 0xFF, 0x07, 0x0E, 0x1C, 0x38, 0x70, 0xE0, 0xFE, 0xFD,
    0xFB, 0x07, 0x0E, 0x1C, 0x38, 0x70, 0xE0, 0xFF, 0xFF, 0xFF, 0x07, 0x00, 0x00, 0x00, 0x0E, 0x1C,
    0x38, 0x00, 0x01, 0x07, 0x09, 0x15, 0x0B, 0x3C, 0xFC, 0xF9, 0x73, 0x7F, 0xFC, 0xF8, 0xF1, 0xFF,
    0xFF, 0xFF, 0x03, 0x27, 0xFE, 0xCF, 0x1F, 0x0F, 0x00, 0x00, 0x00, 0xE0, 0xC0, 0x81, 0x03, 0x01,
    0x7C, 0x09, 0x1A, 0x0B, 0x38, 0x78, 0x30, 0xE0, 0x00, 0x01, 0x00, 0x80, 0xFF, 0xFF, 0xFF, 0x03,
    0x07, 0x0E, 0x1C, 0x38, 0x70, 0xFF, 0xFE, 0xFD, 0x03, 0x07, 0x0E, 0x1C, 0x38, 0xF0, 0xFF, 0xFF,
    0xFF, 0x03, 0x01, 0x00, 0x0A, 0x16, 0x0C, 0x30, 0xE0, 0x81, 0x01, 0x0E, 0x20, 0x00, 0x00, 0x00,
    0x1E, 0xFE, 0xF8, 0x77, 0xDC, 0xE1, 0xFF, 0xFF, 0xFF, 0x3F, 0xE0, 0x80, 0x03, 0x6E, 0xFC, 0x7F,
    0xFE, 0xF0, 0x01, 0x01, 0x7C, 0x09, 0x1A, 0x0B, 0xE3, 0xE6, 0xFD, 0xF7, 0xEC, 0x18, 0x00, 0x80,
    0xFF, 0xFF, 0xFF, 0x03, 0x07, 0x0E, 0x1C, 0x38, 0x70, 0xFF, 0xFE, 0xFD, 0x03, 0x07, 0x0E, 0x1C,
    0x38, 0xF0, 0xFF, 0xFF, 0xFF, 0x03, 0x01, 0x00, 0x0A, 0x16, 0x0C, 0xC6, 0x98, 0x63, 0x9F, 0x6F,
    0x9C, 0x71, 0x06, 0x00, 0x1E, 0xFE, 0xF8, 0x77, 0xDC, 0xE1, 0xFF, 0xFF, 0xFF, 0x3F, 0xE0, 0x80,
    0x03, 0x6E, 0xFC, 0x7F, 0xFE, 0xF0, 0x01, 0x01, 0x7A, 0x0B, 0x1C, 0x0B, 0x07, 0x30, 0x80, 0x03,
    0xD8, 0x01, 0x1F, 0xD8, 0x60, 0x0E, 0x00, 0x00, 0xE0, 0x3F, 0xFF, 0xF9, 0x0F, 0x70, 0x80, 0x03,
    0x1C, 0xE0, 0x00, 0xC7, 0x3F, 0xFE, 0xF1, 0x0F, 0x70, 0x80, 0x03, 0x1C, 0xE0, 0x00, 0xE7, 0x3F,
    0xFF, 0xF9, 0x0F, 0x01, 0x7E, 0x0C, 0x18, 0x0C, 0x07, 0xE0, 0x00, 0x0E, 0xC0, 0x0D, 0xE0, 0x01,
    0x1F, 0x30, 0x83, 0x73, 0x00, 0x00, 0x1E, 0xF8, 0x83, 0x7F, 0x1C, 0xC7, 0xE1, 0xFC, 0xCF, 0xFF,
    0xFC, 0x0F, 0xE0, 0x00, 0x0E, 0xE0, 0x18, 0xCF, 0x7F, 0xF8, 0x03, 0x1F, 0x00, 0x7A, 0x09, 0x1C,
    0x0B, 0xC0, 0x81, 0x83, 0x73, 0xF3, 0x61, 0x43, 0x0E, 0x00, 0x00, 0xFE, 0xFC, 0xF9, 0x03, 0x07,
    0x0E, 0x1C, 0x38, 0x70, 0xFE, 0xFC, 0xF9, 0x03, 0x07, 0x0E, 0x1C, 0x38, 0x70, 0xFE, 0xFC, 0xF9,
    0x03, 0x00, 0x7E, 0x0B, 0x18, 0x0C, 0x80, 0x07, 0x1C, 0x60, 0xB8, 0xC3, 0x03, 0x1F, 0x98, 0xE1,
    0x0C, 0x00, 0xE0, 0xC1, 0x1F, 0xFE, 0x31, 0x8E, 0xE1, 0xFC, 0xE7, 0x3F, 0xFF, 0x01, 0x0E, 0x70,
    0x80, 0x33, 0x9E, 0x7F, 0xFC, 0xC1, 0x07, 0x01, 0x79, 0x0A, 0x1D, 0x0B, 0x0E, 0x3C, 0x30, 0xC0,
    0x00, 0x76, 0xE0, 0xC3, 0x0D, 0x63, 0x00, 0x00, 0xE0, 0xBF, 0xFF, 0xFE, 0x03, 0x0E, 0x38, 0xE0,
    0x80, 0x03, 0xCE, 0x3F, 0xFF, 0xFC, 0x03, 0x0E, 0x38, 0xE0, 0x80, 0x03, 0xEE, 0xBF, 0xFF, 0xFE,
    0x03, 0x01, 0x7E, 0x0A, 0x18, 0x0C, 0x07, 0x1C, 0x30, 0x80, 0x0D, 0x78, 0xE0, 0xC3, 0x0C, 0x00,
    0x00, 0xE0, 0xE1, 0x8F, 0x7F, 0xC7, 0x1D, 0xFE, 0xFF, 0xFF, 0xFF, 0x03, 0x0E, 0x38, 0xE0, 0xC4,
    0xFF, 0xE7, 0x0F, 0x1F, 0x01, 0x78, 0x09, 0x1E, 0x0B, 0x72, 0xFC, 0xF9, 0xE3, 0x0E, 0x00, 0x07,
    0x0F, 0x36, 0xE6, 0x00, 0x00, 0xF8, 0xFF, 0xFF, 0x3F, 0x70, 0xE0, 0xC0, 0x81, 0x03, 0xF7, 0xEF,
    0xDF, 0x3F, 0x70, 0xE0, 0xC0, 0x81, 0x03, 0xFF, 0xFF, 0xFF, 0x3F, 0x01, 0x7C, 0x0A, 0x1A, 0x0C,
    0xE6, 0xD8, 0xE7, 0x9F, 0x6F, 0x1C, 0xC0, 0x80, 0x07, 0x1E, 0xCC, 0x38, 0x07, 0x00, 0x1E, 0xFE,
    0xF8, 0x77, 0xDC, 0xE1, 0xFF, 0xFF, 0xFF, 0x3F, 0xE0, 0x80, 0x03, 0x6E, 0xFC, 0x7F, 0xFE, 0xF0,
    0x01, 0x01, 0x7C, 0x09, 0x20, 0x0B, 0x38, 0x70, 0xF0, 0x61, 0x63, 0x0C, 0x00, 0x80, 0xFF, 0xFF,
    0xFF, 0x03, 0x07, 0x0E, 0x1C, 0x38, 0x70, 0xFF, 0xFE, 0xFD, 0x03, 0x07, 0x0E, 0x1C, 0x38, 0xF0,
    0xFF, 0xFF, 0xFF, 0x03, 0x00, 0x00, 0x00, 0x07, 0x0E, 0x1C, 0x01, 0x01, 0x09, 0x1B, 0x0B, 0x38,
    0x70, 0xF0, 0x61, 0x43, 0x04, 0x00, 0x0F, 0x7F, 0xFE, 0xDC, 0x1F, 0x3F, 0x7E, 0xFC, 0xFF, 0xFF,
    0xFF, 0xC0, 0x89, 0xFF, 0xF3, 0xC7, 0x03, 0x00, 0x00, 0x00, 0x38, 0x70, 0xE0, 0x00, 0x01, 0x7C,
    0x07, 0x1A, 0x09, 0x18, 0x0E, 0x83, 0x03, 0x01, 0x00, 0xFE, 0xFF, 0x3F, 0x87, 0xC3, 0xE1, 0x70,
    0x38, 0x1C, 0x0E, 0x87, 0xC3, 0xE1, 0x70, 0xFE, 0xFF, 0x3F, 0x00, 0x00, 0x04, 0x16, 0x05, 0x76,
    0x33, 0x47, 0x70, 0x77, 0x77, 0x77, 0x77, 0x77, 0x77, 0x77, 0x01, 0x03, 0x07, 0x19, 0x09, 0xFF,
    0xFF, 0x9F, 0xC3, 0xE1, 0x70, 0x38, 0x1C, 0x0E, 0x87, 0xC3, 0xE1, 0x70, 0x38, 0xFF, 0xFF, 0x1F,
    0x00, 0x00, 0x70, 0x38, 0x1C, 0x01, 0x01, 0x03, 0x1B, 0x05, 0xFF, 0x01, 0xFC, 0xFF, 0xFF, 0xFF,
    0xFF, 0x7F, 0x00, 0xFF, 0x01, 0x01, 0x03, 0x0C, 0x19, 0x0E, 0xF0, 0xC0, 0x3F, 0xFE, 0xE7, 0x70,
    0x0E, 0x77, 0xE0, 0x07, 0x7E, 0xE0, 0x07, 0x7E, 0xE0, 0x07, 0x7E, 0xE0, 0x07, 0x7E, 0xE0, 0x0E,
    0xE7, 0x70, 0xFE, 0xC7, 0x3F, 0xF0, 0x00, 0x00, 0x00, 0x00, 0x00, 0xE0, 0x00, 0x0E, 0xE0, 0x00,
    0x01, 0x07, 0x0A, 0x15, 0x0C, 0x78, 0xF0, 0xE3, 0x9F, 0xF3, 0x87, 0x1F, 0x7E, 0xF8, 0xE1, 0x87,
    0x1F, 0x7E, 0xB8, 0xF3, 0xFE, 0xF9, 0x83, 0x07, 0x00, 0x00, 0x00, 0x80, 0x03, 0x0E, 0x38, 0x00,
    0x01, 0x7B, 0x0C, 0x1B, 0x0E, 0xE0, 0x00, 0x0F, 0x30, 0x00, 0x03, 0x60, 0x00, 0x04, 0x00, 0x00,
    0x00, 0xF0, 0xC0, 0x3F, 0xFE, 0xE7, 0x70, 0x0E, 0x77, 0xE0, 0x07, 0x7E, 0xE0, 0x07, 0x7E, 0xE0,
    0x07, 0x7E, 0xE0, 0x07, 0x7E, 0xE0, 0x0E, 0xE7, 0x70, 0xFE, 0xC7, 0x3F, 0xF0, 0x00, 0x01, 0x00,
    0x0A, 0x16, 0x0C, 0x30, 0xE0, 0x81, 0x01, 0x0E, 0x20, 0x00, 0x00, 0x00, 0x1E, 0xFC, 0xF8, 0xE7,
    0xFC, 0xE1, 0x87, 0x1F, 0x7E, 0xF8, 0xE1, 0x87, 0x1F, 0xEE, 0xBC, 0x7F, 0xFE, 0xE0, 0x01, 0x01,
    0x7A, 0x0D, 0x1C, 0x0E, 0x07, 0xC0, 0x01, 0x30, 0x00, 0xEE, 0x00, 0x1E, 0xE0, 0x07, 0xCC, 0x00,
    0x00, 0x00, 0x00, 0x3C, 0xE0, 0x1F, 0xFE, 0xC7, 0xE1, 0x38, 0x9C, 0x03, 0x77, 0xE0, 0x0E, 0xDC,
    0x81, 0x3B, 0x70, 0x07, 0xEE, 0xC0, 0x1D, 0xB8, 0x03, 0xE7, 0x70, 0x1C, 0x8E, 0xFF, 0xE1, 0x1F,
    0xF0, 0x00, 0x01, 0x7E, 0x0C, 0x18, 0x0C, 0x0F, 0xE0, 0x00, 0x0C, 0xC0, 0x0D, 0xE0, 0x01, 0x1E,
    0x30, 0x03, 0x33, 0x00, 0x00, 0x1E, 0xF0, 0x83, 0x7F, 0x38, 0xCF, 0xE1, 0x1C, 0xCE, 0xE1, 0x1C,
    0xCE, 0xE1, 0x1C, 0xCE, 0xE1, 0x38, 0x8F, 0x7F, 0xF8, 0x03, 0x1E, 0x00, 0x7A, 0x0D, 0x1C, 0x0E,
    0x00, 0x1E, 0xC0, 0x01, 0x18, 0xB8, 0x03, 0x0F, 0xF0, 0x01, 0x66, 0x00, 0x00, 0x00, 0x00, 0x1E,
    0xF0, 0x0F, 0xFF, 0xE3, 0x70, 0x1C, 0xCE, 0x81, 0x3B, 0x70, 0x07, 0xEE, 0xC0, 0x1D, 0xB8, 0x03,
    0x77, 0xE0, 0x0E, 0xDC, 0x81, 0x73, 0x38, 0x0E, 0xC7, 0xFF, 0xF0, 0x0F, 0x78, 0x00, 0x00, 0x7E,
    0x0B, 0x18, 0x0C, 0x80, 0x07, 0x1C, 0x60, 0xB0, 0xC3, 0x03, 0x1E, 0x98, 0xC1, 0x0C, 0x00, 0xE0,
    0x81, 0x1F, 0xFE, 0x71, 0x9E, 0xE1, 0x0C, 0x67, 0x38, 0xC3, 0x19, 0xCE, 0x70, 0x86, 0x73, 0x9E,
    0x7F, 0xFC, 0x81, 0x07, 0x01, 0x79, 0x0C, 0x1D, 0x0E, 0x0E, 0xF0, 0x00, 0x03, 0x30, 0x00, 0x76,
    0x00, 0x0F, 0xD8, 0x81, 0x19, 0x00, 0x00, 0x00, 0xF0, 0xC0, 0x3F, 0xFE, 0xE7, 0x70, 0x0E, 0x77,
    0xE0, 0x07, 0x7E, 0xE0, 0x07, 0x7E, 0xE0, 0x07, 0x7E, 0xE0, 0x07, 0x7E, 0xE0, 0x0E, 0xE7, 0x70,
    0xFE, 0xC7, 0x3F, 0xF0, 0x00, 0x01, 0x7E, 0x0B, 0x18, 0x0D, 0x0E, 0xF8, 0xC0, 0x00, 0xDC, 0x00,
    0x0F, 0x7C, 0x60, 0x06, 0x00, 0x00, 0x80, 0x07, 0x7E, 0xF8, 0xC7, 0x79, 0x87, 0x3B, 0xDC, 0xE1,
    0x0E, 0x77, 0xB8, 0xC3, 0x1D, 0xCE, 0x79, 0xFE, 0xF1, 0x07, 0x1E, 0x01, 0x78, 0x0C, 0x1E, 0x0E,
    0xCC, 0xC1, 0x3F, 0xFC, 0x83, 0x33, 0x00, 0x00, 0x07, 0xF0, 0x80, 0x0F, 0x98, 0x01, 0x00, 0x00,
    0x00, 0x0F, 0xFC, 0xE3, 0x7F, 0x0E, 0xE7, 0x70, 0x07, 0x7E, 0xE0, 0x07, 0x7E, 0xE0, 0x07, 0x7E,
    0xE0, 0x07, 0x7E, 0xE0, 0x07, 0xEE, 0x70, 0x0E, 0xE7, 0x7F, 0xFC, 0x03, 0x0F, 0x01, 0x7C, 0x0A,
    0x1A, 0x0C, 0xE6, 0xD8, 0xE3, 0x1F, 0x6F, 0x1C, 0xC0, 0x80, 0x07, 0x1E, 0xCC, 0x30, 0x03, 0x00,
    0x1E, 0xFC, 0xF8, 0xE7, 0xFC, 0xE1, 0x87, 0x1F, 0x7E, 0xF8, 0xE1, 0x87, 0x1F, 0xEE, 0xBC, 0x7F,
    0xFE, 0xE0, 0x01, 0x01, 0x7C, 0x0C, 0x20, 0x0E, 0xE0, 0x00, 0x0F, 0xF0, 0x81, 0x1B, 0x18, 0x01,
    0x00, 0x00, 0x00, 0x0F, 0xFC, 0xE3, 0x7F, 0x0E, 0xE7, 0x70, 0x07, 0x7E, 0xE0, 0x07, 0x7E, 0xE0,
    0x07, 0x7E, 0xE0, 0x07, 0x7E, 0xE0, 0x07, 0xEE, 0x70, 0x0E, 0xE7, 0x7F, 0xFC, 0x03, 0x0F, 0x00,
    0x00, 0x00, 0x00, 0x00, 0x0E, 0xE0, 0x00, 0x0E, 0x01, 0x01, 0x0A, 0x1B, 0x0C, 0x38, 0xE0, 0xC0,
    0x07, 0x1B, 0xC4, 0x00, 0x80, 0x07, 0x3F, 0xFE, 0x39, 0x7F, 0xF8, 0xE1, 0x87, 0x1F, 0x7E, 0xF8,
    0xE1, 0x87, 0x3B, 0xEF, 0x9F, 0x3F, 0x78, 0x00, 0x00, 0x00, 0x00, 0x38, 0xE0, 0x80, 0x03, 0x01,
    0x7B, 0x0F, 0x1B, 0x10, 0xC0, 0x01, 0xC0, 0x00, 0xE0, 0x00, 0x60, 0x00, 0x30, 0x00, 0x00, 0x0C,
    0x00, 0x06, 0x00, 0xC3, 0x87, 0xF1, 0xCF, 0xFC, 0xEF, 0x0F, 0xE7, 0x87, 0xF3, 0x81, 0xE3, 0xC0,
    0x71, 0xE0, 0x38, 0x70, 0x1C, 0x38, 0x0E, 0x1C, 0x07, 0x8E, 0x03, 0xC7, 0x81, 0xC3, 0xE1, 0xE0,
    0x70, 0xF0, 0x3F, 0xF0, 0x0F, 0xE0, 0x01, 0x01, 0x00, 0x0D, 0x16, 0x0E, 0xE0, 0x00, 0x18, 0x00,
    0x07, 0xC0, 0x00, 0x18, 0x00, 0xC0, 0x00, 0x18, 0x1E, 0xE3, 0x67, 0xFE, 0xFD, 0x79, 0x1F, 0x8E,
    0xC3, 0x71, 0x38, 0x0E, 0xC7, 0xE1, 0x38, 0x1C, 0x87, 0xC3, 0x79, 0xF8, 0x07, 0x7F, 0x80, 0x07,
    0x01, 0x7B, 0x0F, 0x1B, 0x10, 0x00, 0x0E, 0x80, 0x03, 0xC0, 0x01, 0x60, 0x00, 0x38, 0x00, 0x00,
    0x0C, 0x00, 0x06, 0x00, 0xC3, 0x87, 0xF1, 0xCF, 0xFC, 0xEF, 0x0F, 0xE7, 0x87, 0xF3, 0x81, 0xE3,
    0xC0, 0x71, 0xE0, 0x38, 0x70, 0x1C, 0x38, 0x0E, 0x1C, 0x07, 0x8E, 0x03, 0xC7, 0x81, 0xC3, 0xE1,
    0xE0, 0x70, 0xF0, 0x3F, 0xF0, 0x0F, 0xE0, 0x01, 0x01, 0x00, 0x0D, 0x16, 0x0E, 0x00, 0x07, 0x60,
    0x00, 0x0E, 0xC0, 0x00, 0x08, 0x00, 0xC0, 0x00, 0x18, 0x1E, 0xE3, 0x67, 0xFE, 0xFD, 0x79, 0x1F,
    0x8E, 0xC3, 0x71, 0x38, 0x0E, 0xC7, 0xE1, 0x38, 0x1C, 0x87, 0xC3, 0x79, 0xF8, 0x07, 0x7F, 0x80,
    0x07, 0x01, 0x7B, 0x0F, 0x1B, 0x10, 0x00, 0x07, 0xC0, 0x03, 0x60, 0x00, 0x30, 0x00, 0x30, 0x00,
    0x10, 0x0C, 0x00, 0x06, 0x00, 0xC3, 0x87, 0xF1, 0xCF, 0xFC, 0xEF, 0x0F, 0xE7, 0x87, 0xF3, 0x81,
    0xE3, 0xC0, 0x71, 0xE0, 0x38, 0x70, 0x1C, 0x38, 0x0E, 0x1C, 0x07, 0x8E, 0x03, 0xC7, 0x81, 0xC3,
    0xE1, 0xE0, 0x70, 0xF0, 0x3F, 0xF0, 0x0F, 0xE0, 0x01, 0x01, 0x00, 0x0D, 0x16, 0x0E, 0x80, 0x01,
    0x78, 0x00, 0x03, 0xE0, 0x00, 0x10, 0x00, 0xC0, 0x00, 0x18, 0x1E, 0xE3, 0x67, 0xFE, 0xFD, 0x79,
    0x1F, 0x8E, 0xC3, 0x71, 0x38, 0x0E, 0xC7, 0xE1, 0x38, 0x1C, 0x87, 0xC3, 0x79, 0xF8, 0x07, 0x7F,
    0x80, 0x07, 0x01, 0x7B, 0x0F, 0x1B, 0x10, 0x60, 0x0E, 0xB0, 0x0F, 0xF8, 0x07, 0x78, 0x03, 0x9C,
    0x01, 0x00, 0x0C, 0x00, 0x06, 0x00, 0xC3, 0x87, 0xF1, 0xCF, 0xFC, 0xEF, 0x0F, 0xE7, 0x87, 0xF3,
    0x81, 0xE3, 0xC0, 0x71, 0xE0, 0x38, 0x70, 0x1C, 0x38, 0x0E, 0x1C, 0x07, 0x8E, 0x03, 0xC7, 0x81,
    0xC3, 0xE1, 0xE0, 0x70, 0xF0, 0x3F, 0xF0, 0x0F, 0xE0, 0x01, 0x01, 0x00, 0x0D, 0x16, 0x0E, 0x30,
    0x06, 0xE6, 0xC0, 0x3E, 0xF8, 0x06, 0xCE, 0xC0, 0x19, 0x00, 0x18, 0x1E, 0xF3, 0x67, 0xFE, 0xFD,
    0x79, 0x1F, 0x8E, 0xC3, 0x71, 0x38, 0x0E, 0xC7, 0xE1, 0x38, 0x1C, 0x87, 0xC3, 0x79, 0xF8, 0x07,
    0x7F, 0x80, 0x07, 0x01, 0x01, 0x0F, 0x1B, 0x10, 0x03, 0x80, 0x01, 0xC0, 0xF0, 0x61, 0xFC, 0x33,
    0xFF, 0xBB, 0xC3, 0xFD, 0xE1, 0x7C, 0xE0, 0x3E, 0x70, 0x1C, 0x38, 0x0E, 0x1C, 0x07, 0x8E, 0x03,
    0xC7, 0x81, 0xE3, 0xC0, 0x71, 0xE0, 0x70, 0x38, 0x38, 0x1C, 0xFC, 0x0F, 0xFC, 0x03, 0x78, 0x00,
    0x00, 0x00, 0x00, 0x00, 0x00, 0x00, 0x07, 0x80, 0x03, 0xC0, 0x01, 0x01, 0x07, 0x0D, 0x15, 0x0E,
    0xC3, 0x63, 0xFC, 0xCC, 0xBF, 0x3F, 0xEF, 0xC3, 0x71, 0x38, 0x0E, 0xC7, 0xE1, 0x38, 0x1C, 0x87,
    0xE3, 0x70, 0x38, 0x0F, 0xFF, 0xE0, 0x0F, 0xF0, 0x00, 0x00, 0x00, 0x00, 0x00, 0x00, 0x07, 0xE0,
    0x00, 0x1C, 0x00, 0x01, 0x03, 0x0B, 0x19, 0x0D, 0x07, 0x3F, 0xF8, 0xC1, 0x0F, 0x7E, 0xF0, 0x83,
    0x1F, 0xFC, 0xE0, 0x07, 0x3F, 0xF8, 0xC1, 0x0F, 0x7E, 0xF0, 0x83, 0x1F, 0xDC, 0x71, 0xFE, 0xE3,
    0x0F, 0x3E, 0x00, 0x00, 0x00, 0x00, 0xC0, 0x01, 0x0E, 0x70, 0x00, 0x01, 0x07, 0x0A, 0x15, 0x0C,
    0x87, 0x1F, 0x7E, 0xF8, 0xE1, 0x87, 0x1F, 0x7E, 0xF8, 0xE1, 0x87, 0x1F, 0x7E, 0xF8, 0xE3, 0xFF,
    0xFF, 0x77, 0x0E, 0x00, 0x00, 0x00, 0x00, 0x07, 0x1C, 0x70, 0x00, 0x01, 0x7B, 0x0B, 0x1B, 0x0D,
    0x70, 0xC0, 0x03, 0x06, 0x30, 0x00, 0x03, 0x10, 0x00, 0x00, 0x00, 0x07, 0x3F, 0xF8, 0xC1, 0x0F,
    0x7E, 0xF0, 0x83, 0x1F, 0xFC, 0xE0, 0x07, 0x3F, 0xF8, 0xC1, 0x0F, 0x7E, 0xF0, 0x83, 0x1F, 0xDC,
    0x71, 0xFE, 0xE3, 0x0F, 0x3E, 0x00, 0x01, 0x00, 0x0A, 0x16, 0x0C, 0x70, 0xE0, 0x81, 0x01, 0x0E,
    0x20, 0x00, 0x00, 0xC0, 0xE1, 0x87, 0x1F, 0x7E, 0xF8, 0xE1, 0x87, 0x1F, 0x7E, 0xF8, 0xE1, 0x87,
    0x1F, 0xFE, 0xF8, 0xFF, 0xFF, 0x9D, 0x03, 0x01, 0x7B, 0x0F, 0x1B, 0x10, 0x80, 0x01, 0xC0, 0x01,
    0xC0, 0x00, 0x60, 0x00, 0x60, 0x00, 0x00, 0x0C, 0x00, 0x06, 0x00, 0x73, 0xF0, 0x39, 0xF8, 0x1D,
    0xFC, 0x0F, 0xEE, 0x07, 0xE7, 0x83, 0xC3, 0xC1, 0xE1, 0xE0, 0x70, 0x70, 0x38, 0x38, 0x1C, 0x1C,
    0x0E, 0x0E, 0x07, 0x87, 0x83, 0xC3, 0xC1, 0xC1, 0x71, 0xE0, 0x3F, 0xE0, 0x0F, 0xE0, 0x03, 0x01,
    0x00, 0x0D, 0x16, 0x0E, 0xE0, 0x00, 0x1C, 0x00, 0x07, 0xC0, 0x00, 0x18, 0x00, 0xC0, 0x00, 0xD8,
    0xE1, 0x3B, 0x7C, 0x87, 0xFF, 0x70, 0x1F, 0xEE, 0xC3, 0x71, 0x38, 0x0E, 0xC7, 0xE1, 0x38, 0x1C,
    0x87, 0xE3, 0x71, 0xFC, 0x8F, 0xFF, 0x70, 0x0E, 0x01, 0x7B, 0x0F, 0x1B, 0x10, 0x00, 0x0C, 0x00,
    0x07, 0x80, 0x01, 0xC0, 0x00, 0x30, 0x00, 0x00, 0x0C, 0x00, 0x06, 0x00, 0x73, 0xF0, 0x39, 0xF8,
    0x1D, 0xFC, 0x0F, 0xEE, 0x07, 0xE7, 0x83, 0xC3, 0xC1, 0xE1, 0xE0, 0x70, 0x70, 0x38, 0x38, 0x1C,
    0x1C, 0x0E, 0x0E, 0x07, 0x87, 0x83, 0xC3, 0xC1, 0xC1, 0x71, 0xE0, 0x3F, 0xE0, 0x0F, 0xE0, 0x03,
    0x01, 0x00, 0x0D, 0x16, 0x0E, 0x00, 0x07, 0xE0, 0x00, 0x0E, 0xC0, 0x00, 0x18, 0x00, 0xC0, 0x00,
    0xD8, 0xE1, 0x3B, 0x7C, 0x87, 0xFF, 0x70, 0x1F, 0xEE, 0xC3, 0x71, 0x38, 0x0E, 0xC7, 0xE1, 0x38,
    0x1C, 0x87, 0xE3, 0x71, 0xFC, 0x8F, 0xFF, 0x70, 0x0E, 0x01, 0x7B, 0x0F, 0x1B, 0x10, 0x00, 0x07,
    0xC0, 0x03, 0x60, 0x00, 0x30, 0x00, 0x38, 0x00, 0x10, 0x0C, 0x00, 0x06, 0x00, 0x73, 0xF0, 0x39,
    0xF8, 0x1D, 0xFC, 0x0F, 0xEE, 0x07, 0xE7, 0x83, 0xC3, 0xC1, 0xE1, 0xE0, 0x70, 0x70, 0x38, 0x38,
    0x1C, 0x1C, 0x0E, 0x0E, 0x07, 0x87, 0x83, 0xC3, 0xC1, 0xC1, 0x71, 0xE0, 0x3F, 0xE0, 0x0F, 0xE0,
    0x03, 0x01, 0x00, 0x0D, 0x16, 0x0E, 0x80, 0x03, 0x78, 0x00, 0x03, 0xE0, 0x00, 0x10, 0x00, 0xC0,
    0x00, 0xD8, 0xE1, 0x3B, 0x7C, 0x87, 0xFF, 0x70, 0x1F, 0xEE, 0xC3, 0x71, 0x38, 0x0E, 0xC7, 0xE1,
    0x38, 0x1C, 0x87, 0xE3, 0x71, 0xFC, 0x8F, 0xFF, 0x70, 0x0E, 0x01, 0x7B, 0x0F, 0x1B, 0x10, 0x60,
    0x0E, 0xB0, 0x07, 0xF8, 0x07, 0x7C, 0x03, 0x9C, 0x01, 0x00, 0x0C, 0x00, 0x06, 0x00, 0x73, 0xF0,
    0x39, 0xF8, 0x1D, 0xFC, 0x0F, 0xEE, 0x07, 0xE7, 0x83, 0xC3, 0xC1, 0xE1, 0xE0, 0x70, 0x70, 0x38,
    0x38, 0x1C, 0x1C, 0x0E, 0x0E, 0x07, 0x87, 0x83, 0xC3, 0xC1, 0xC1, 0x71, 0xE0, 0x3F, 0xE0, 0x0F,
    0xE0, 0x03, 0x01, 0x00, 0x0D, 0x16, 0x0E, 0x30, 0x06, 0xE6, 0xC0, 0x3E, 0xF8, 0x06, 0xCE, 0xC0,
    0xD9, 0x00, 0xD8, 0xE1, 0x3B, 0x7C, 0x87, 0xFF, 0x70, 0x1F, 0xEE, 0xC3, 0x71, 0x38, 0x0E, 0xC7,
    0xE1, 0x38, 0x1C, 0x87, 0xE3, 0x71, 0xFC, 0x8F, 0xFF, 0x70, 0x0E, 0x01, 0x01, 0x0F, 0x1B, 0x10,
    0x03, 0x80, 0x01, 0xC0, 0x1C, 0x7C, 0x0E, 0x3E, 0x07, 0xBF, 0x83, 0xFF, 0xC1, 0xFD, 0xE0, 0x7C,
    0x70, 0x38, 0x38, 0x1C, 0x1C, 0x0E, 0x0E, 0x07, 0x87, 0x83, 0xC3, 0xC1, 0xE1, 0xE0, 0x70, 0x70,
    0x78, 0x1C, 0xF8, 0x0F, 0xFC, 0x03, 0xF8, 0x00, 0x00, 0x00, 0x00, 0x00, 0x00, 0x00, 0x07, 0x80,
    0x03, 0xC0, 0x01, 0x01, 0x07, 0x0D, 0x15, 0x0E, 0x3B, 0x7C, 0x87, 0xEF, 0xF0, 0x1D, 0xFE, 0xC3,
    0x7D, 0xB8, 0x0F, 0xC7, 0xE1, 0x38, 0x1C, 0x87, 0xE3, 0x70, 0x3C, 0x8E, 0xFF, 0xF1, 0x1F, 0xCE,
    0x01, 0x00, 0x00, 0x00, 0x00, 0x00, 0x0E, 0xC0, 0x01, 0x38, 0x00, 0x00, 0x7B, 0x0B, 0x1B, 0x0C,
    0xC0, 0x01, 0x07, 0x18, 0xE0, 0x00, 0x03, 0x00, 0x00, 0x00, 0x00, 0x07, 0x3F, 0xB8, 0xE3, 0x1C,
    0xE7, 0x38, 0xEE, 0x70, 0x87, 0x3B, 0xF8, 0xC0, 0x07, 0x1C, 0xE0, 0x00, 0x07, 0x38, 0xC0, 0x01,
    0x0E, 0x70, 0x80, 0x03, 0x1C, 0x00, 0x00, 0x01, 0x0A, 0x1B, 0x0B, 0xE0, 0xC0, 0x01, 0x07, 0x0C,
    0x18, 0x00, 0x30, 0xF8, 0x60, 0xC7, 0x1D, 0x67, 0x9C, 0x33, 0xEE, 0xB8, 0xC3, 0x0E, 0x1F, 0x7C,
    0xE0, 0x81, 0x03, 0x0E, 0x38, 0xC0, 0x00, 0x07, 0x1C, 0xE0, 0x83, 0x0F, 0x3C, 0x00, 0x03, 0x0B,
    0x19, 0x0C, 0x07, 0x3F, 0xB8, 0xE3, 0x1C, 0xE7, 0x38, 0xEE, 0x70, 0x87, 0x3B, 0xF8, 0xC0, 0x07,
    0x1C, 0xE0, 0x00, 0x07, 0x38, 0xC0, 0x01, 0x0E, 0x70, 0x80, 0x03, 0x1C, 0x00, 0x00, 0x00, 0x00,
    0xC0, 0x01, 0x0E, 0x70, 0x00, 0x00, 0x07, 0x0B, 0x15, 0x0B, 0x87, 0x3B, 0x9C, 0xE1, 0x0C, 0xE3,
    0x18, 0xE7, 0x30, 0x87, 0x19, 0xDC, 0xE0, 0x07, 0x3E, 0xF0, 0x80, 0x07, 0x38, 0xC0, 0x01, 0x0E,
    0x70, 0x00, 0x87, 0xFB, 0x9C, 0xE7, 0x78, 0x00, 0x7C, 0x0C, 0x1A, 0x0D, 0xE0, 0x00, 0x0F, 0x30,
    0x00, 0x07, 0x40, 0x00, 0x00, 0x00, 0xE0, 0xE0, 0x0E, 0xEE, 0x70, 0x1C, 0xC7, 0x79, 0x98, 0x83,
    0x3B, 0xF8, 0x03, 0x1F, 0xF0, 0x01, 0x0F, 0xE0, 0x00, 0x0E, 0xE0, 0x00, 0x0E, 0xE0, 0x00, 0x0E,
    0xE0, 0x00, 0x0E, 0x00, 0x01, 0x0A, 0x1B, 0x0A, 0x38, 0xF0, 0xC0, 0x00, 0x07, 0x10, 0x00, 0x30,
    0xDC, 0x70, 0xC3, 0x0D, 0x73, 0xCE, 0x39, 0xE6, 0xB8, 0xE1, 0x06, 0x1F, 0x3C, 0xF0, 0xC0, 0x03,
    0x0E, 0x18, 0xE0, 0x80, 0x03, 0x1C, 0xF0, 0x81, 0x07, 0x3C, 0x00, 0x7C, 0x0C, 0x1A, 0x0C, 0xCC,
    0xC1, 0x3E, 0xFC, 0x83, 0x37, 0x38, 0x03, 0x00, 0x00, 0xF0, 0xF0, 0x0E, 0xE7, 0x70, 0x1C, 0xC7,
    0x39, 0xBC, 0x83, 0x3B, 0xB8, 0x01, 0x1F, 0xF0, 0x01, 0x0F, 0xE0, 0x00, 0x0E, 0xE0, 0x00, 0x0E,
    0xE0, 0x00, 0x0E, 0xE0, 0x00, 0x0E, 0x00, 0x01, 0x09, 0x1B, 0x0A, 0x73, 0xF6, 0xFD, 0xFB, 0xE6,
    0x0C, 0xC0, 0xF0, 0xE1, 0xC3, 0xCE, 0x9D, 0x3B, 0x67, 0xC6, 0x8C, 0x1F, 0x3F, 0x3C, 0x78, 0xF0,
    0xC0, 0x80, 0x01, 0x03, 0x0E, 0x18, 0xF0, 0xC1, 0x03, 0x07, 0x82, 0x40, 0x06, 0x00, 0x16, 0x01,
    0x01, 0x0E, 0x00, 0x00, 0x16, 0x01, 0x01, 0x11, 0x00, 0x00, 0x16, 0x01, 0x01, 0x06, 0x00, 0x00,
    0x16, 0x01, 0x01, 0x04, 0x00, 0x00, 0x16, 0x01, 0x01, 0x03, 0x00, 0x00, 0x16, 0x01, 0x01, 0x0D,
    0x00, 0x90, 0x40, 0x01, 0x01, 0x0C, 0x06, 0x03, 0x08, 0xFF, 0xFF, 0x03, 0x93, 0x40, 0x03, 0x01,
    0x0D, 0x0A, 0x03, 0x0C, 0xFF, 0xFF, 0xFF, 0x3F, 0x01, 0x0D, 0x14, 0x03, 0x16, 0xFF, 0xFF, 0xFF,
    0xFF, 0xFF, 0xFF, 0xFF, 0x0F, 0x01, 0x0D, 0x14, 0x03, 0x16, 0xFF, 0xFF, 0xFF, 0xFF, 0xFF, 0xFF,
    0xFF, 0x0F, 0x97, 0x40, 0x08, 0x00, 0x17, 0x0A, 0x04, 0x0A, 0xFF, 0x03, 0x00, 0xC0, 0xFF, 0x01,
    0x03, 0x03, 0x08, 0x05, 0x93, 0xFD, 0xFF, 0x01, 0x03, 0x03, 0x08, 0x05, 0xFF, 0xBF, 0xC9, 0x01,
    0x12, 0x03, 0x08, 0x05, 0xFF, 0xBF, 0xC9, 0x01, 0x03, 0x03, 0x08, 0x05, 0xFF, 0x6F, 0x6B, 0x01,
    0x03, 0x08, 0x08, 0x0A, 0x63, 0x42, 0xC6, 0xC6, 0xE7, 0xE7, 0xE7, 0xE7, 0x01, 0x03, 0x08, 0x08,
    0x0A, 0xE7, 0xE7, 0xE7, 0xE7, 0x63, 0x63, 0x42, 0xC6, 0x01, 0x12, 0x08, 0x08, 0x0A, 0xE7, 0xE7,
    0xE7, 0xE7, 0x63, 0x63, 0x42, 0xC6, 0xA0, 0x40, 0x03, 0x01, 0x02, 0x0A, 0x1A, 0x0C, 0x38, 0xE0,
    0x80, 0x03, 0x0E, 0x38, 0xE0, 0x80, 0xC3, 0xFF, 0xFF, 0xFF, 0x8F, 0x03, 0x0E, 0x38, 0xE0, 0x80,
    0x03, 0x0E, 0x38, 0xE0, 0x80, 0x03, 0x0E, 0x38, 0xE0, 0x80, 0x03, 0x0E, 0x38, 0xE0, 0x00, 0x00,
    0x02, 0x0A, 0x1A, 0x0B, 0x38, 0xE0, 0x80, 0x03, 0x0E, 0x38, 0xE0, 0xF0, 0xFF, 0xFF, 0xFF, 0xE3,
    0x80, 0x03, 0x0E, 0x38, 0xE0, 0x80, 0x03, 0x0E, 0x38, 0xFC, 0xFF, 0xFF, 0xFF, 0x38, 0xE0, 0x80,
    0x03, 0x0E, 0x38, 0xE0, 0x00, 0x01, 0x07, 0x06, 0x08, 0x08, 0x8C, 0xF7, 0xFF, 0xFF, 0xEF, 0x71,
    0xA6, 0x40, 0x01, 0x02, 0x12, 0x11, 0x04, 0x15, 0x87, 0xC3, 0x0F, 0x87, 0x1F, 0x0E, 0x3F, 0x1C,
    0x0E, 0xB0, 0x40, 0x01, 0x01, 0x01, 0x1C, 0x16, 0x1E, 0x00, 0xC0, 0x00, 0x00, 0x00, 0x1C, 0x00,
    0x00, 0xC0, 0xC1, 0x03, 0x00, 0x18, 0x7E, 0x00, 0x80, 0xE3, 0x0F, 0x00, 0x38, 0xE7, 0x00, 0x00,
    0x73, 0x0E, 0x00, 0x70, 0xE7, 0x3C, 0x78, 0x77, 0xEE, 0xC7, 0x6F, 0xE7, 0x7E, 0xFC, 0x7E, 0x7E,
    0xEE, 0xFC, 0x7E, 0xE7, 0xCE, 0xED, 0x77, 0xEE, 0xDC, 0x3D, 0xE7, 0xCE, 0x1D, 0x70, 0xEE, 0x9C,
    0x01, 0xE7, 0xCE, 0x39, 0x70, 0xEE, 0x9C, 0x03, 0x7E, 0xFC, 0x30, 0xE0, 0xC7, 0x0F, 0x07, 0x3C,
    0x78, 0x70, 0x00, 0x00, 0x00, 0x06, 0xB2, 0x40, 0x02, 0x01, 0x03, 0x03, 0x08, 0x05, 0xFF, 0x6D,
    0xDB, 0x01, 0x03, 0x08, 0x08, 0x0A, 0xE7, 0xE7, 0xE7, 0xC6, 0xC6, 0xC6, 0xC6, 0xC6, 0xB9, 0x40,
    0x02, 0x00, 0x08, 0x07, 0x0D, 0x09, 0x0E, 0x07, 0x87, 0x83, 0x83, 0xC3, 0xE1, 0x38, 0x0E, 0xC7,
    0xE1, 0x00, 0x00, 0x08, 0x07, 0x0D, 0x09, 0x70, 0x1C, 0x8E, 0xE3, 0x70, 0x1C, 0x1C, 0x0E, 0x0E,
    0x0E, 0x07, 0x07, 0xBC, 0x40, 0x03, 0x01, 0x03, 0x09, 0x13, 0x0B, 0xC7, 0x8F, 0x1F, 0x3F, 0x7E,
    0xFC, 0xF8, 0xF1, 0xE3, 0xC7, 0x8F, 0x1F, 0x3F, 0x7E, 0x1C, 0x00, 0x80, 0xE3, 0xC7, 0x8F, 0x1F,
    0x07, 0x00, 0x01, 0x0A, 0x15, 0x0B, 0x78, 0xF8, 0xE7, 0xDF, 0xFF, 0xF7, 0xDD, 0x71, 0xC7, 0x1D,
    0x7E, 0xF8, 0xC1, 0x07, 0x1E, 0x70, 0xC0, 0x01, 0x07, 0x00, 0x00, 0xC0, 0x01, 0x07, 0x1C, 0x70,
    0x00, 0x00, 0x00, 0x0A, 0x01, 0x0A, 0xFF, 0x03, 0xC4, 0x40, 0x01, 0x00, 0x02, 0x06, 0x15, 0x02,
    0x00, 0x00, 0x00, 0x00, 0x10, 0x04, 0xC3, 0x30, 0x1C, 0x86, 0xE1, 0x30, 0x0C, 0x87, 0x61, 0x38,
    0xDF, 0x40, 0x01, 0x00, 0x16, 0x01, 0x01, 0x03, 0x00, 0xF0, 0x40, 0x01, 0x01, 0x00, 0x08, 0x0D,
    0x0A, 0x3C, 0x7E, 0xFE, 0xE7, 0xE7, 0xE7, 0xE7, 0xE7, 0xE7, 0xE7, 0x7E, 0x7E, 0x3C, 0xF3, 0x40,
    0x07, 0x01, 0x09, 0x16, 0x0D, 0x19, 0x7C, 0x00, 0x80, 0xBF, 0x03, 0xE0, 0xEF, 0x00, 0xBC, 0xFF,
    0x01, 0xC7, 0x7F, 0xC0, 0xF1, 0x23, 0x7C, 0xFC, 0x98, 0x1D, 0x3F, 0x2C, 0xC7, 0x0F, 0xCE, 0xFB,
    0x83, 0xE3, 0xEF, 0xB0, 0xF9, 0x3B, 0xC6, 0x7C, 0x8E, 0x20, 0x01, 0x00, 0x08, 0x0D, 0x0A, 0x07,
    0x0F, 0x1F, 0x1F, 0x3F, 0x37, 0x67, 0xE7, 0xFF, 0xFF, 0xFF, 0x07, 0x07, 0x00, 0x00, 0x08, 0x0D,
    0x0A, 0x7E, 0x7E, 0x7E, 0x60, 0x7C, 0x7E, 0xFF, 0xC7, 0x07, 0x47, 0xFF, 0xFE, 0x3C, 0x01, 0x00,
    0x08, 0x0D, 0x0A, 0x3E, 0x7F, 0x7E, 0xF0, 0xFE, 0xFE, 0xFF, 0xE7, 0xE7, 0xE7, 0x7F, 0x7E, 0x3C,
    0x01, 0x00, 0x08, 0x0D, 0x0A, 0xFF, 0xFF, 0xFF, 0x07, 0x06, 0x0E, 0x0C, 0x1C, 0x1C, 0x18, 0x38,
    0x38, 0x70, 0x01, 0x00, 0x08, 0x0D, 0x0A, 0x3C, 0x7E, 0xFF, 0xE7, 0xE7, 0x7E, 0x7E, 0xFF, 0xE7,
    0xE7, 0xFF, 0x7E, 0x3C, 0x01, 0x00, 0x08, 0x0D, 0x0A, 0x3C, 0x7E, 0xFE, 0xE7, 0xE7, 0xE7, 0xFF,
    0x7F, 0x7F, 0x0F, 0x7E, 0xFE, 0x7C, 0xFB, 0x40, 0x01, 0x01, 0x06, 0x06, 0x02, 0x08, 0xFF, 0x0F,
    0xFF, 0x40, 0x0B, 0x01, 0x03, 0x06, 0x0A, 0x08, 0xC6, 0xBF, 0xCF, 0xF3, 0x3C, 0xCF, 0xF3, 0x0C,
    0x01, 0x0E, 0x08, 0x0C, 0x0A, 0x3C, 0x7E, 0xFF, 0xE7, 0xE7, 0xE7, 0xE7, 0xE7, 0xE7, 0xFF, 0x7E,
    0x3C, 0x01, 0x0E, 0x06, 0x0C, 0x0A, 0xC7, 0xF1, 0xFF, 0xC7, 0x71, 0x1C, 0xC7, 0x71, 0x1C, 0x00,
    0x0E, 0x07, 0x0C, 0x09, 0x9E, 0xFF, 0xFF, 0x74, 0x78, 0x38, 0x38, 0xB8, 0xFF, 0xFF, 0x0F, 0x00,
    0x0E, 0x08, 0x0C, 0x09, 0x3E, 0x7F, 0xFF, 0x07, 0x3F, 0x3E, 0x3F, 0x07, 0x67, 0xFF, 0x7E, 0x3C,
    0x01, 0x0E, 0x08, 0x0C, 0x0A, 0x07, 0x0F, 0x1F, 0x1F, 0x37, 0x67, 0xE7, 0xFF, 0xFF, 0xFF, 0x07,
    0x07, 0x00, 0x0E, 0x08, 0x0C, 0x0A, 0x7E, 0x7E, 0x7E, 0x7C, 0x7E, 0xFF, 0xC7, 0x07, 0x47, 0xFF,
    0xFE, 0x3C, 0x01, 0x0E, 0x08, 0x0C, 0x0A, 0x3E, 0x7F, 0x7E, 0xFE, 0xFE, 0xFF, 0xE7, 0xE7, 0xE7,
    0xFF, 0x7E, 0x3C, 0x01, 0x0E, 0x08, 0x0C, 0x0A, 0xFF, 0xFF, 0xFF, 0x07, 0x06, 0x0E, 0x0C, 0x1C,
    0x1C, 0x38, 0x38, 0x70, 0x01, 0x0E, 0x08, 0x0C, 0x0A, 0x3C, 0xFF, 0xFF, 0xE7, 0xE7, 0x7E, 0x7F,
    0xE7, 0xE7, 0xFF, 0xFE, 0x3C, 0x01, 0x0E, 0x08, 0x0C, 0x0A, 0x3C, 0x7E, 0xFE, 0xE7, 0xE7, 0xE7,
    0xFF, 0x7F, 0x07, 0x7E, 0xFE, 0x7C, 0xA3, 0x41, 0x02, 0x01, 0x03, 0x0B, 0x13, 0x0D, 0xFF, 0xFB,
    0xDF, 0xFF, 0x00, 0x07, 0x38, 0xC0, 0x01, 0x0E, 0x70, 0xFE, 0xF3, 0x9F, 0xFF, 0x00, 0x07, 0x38,
    0xC0, 0xE1, 0x1F, 0xFF, 0xF8, 0x07, 0x1C, 0xE0, 0x00, 0x00, 0x03, 0x0B, 0x13, 0x0D, 0xF8, 0xF0,
    0x8F, 0xFF, 0x8C, 0x07, 0x38, 0xC0, 0xE1, 0x1F, 0xFF, 0xF8, 0x07, 0x0C, 0xFE, 0xF1, 0x8F, 0x7F,
    0xC0, 0x00, 0x0E, 0x70, 0xFF, 0xFF, 0xFF, 0xFF, 0x01, 0xA7, 0x41, 0x01, 0x01, 0x03, 0x19, 0x13,
    0x1B, 0x00, 0x38, 0xFE, 0x01, 0x70, 0xFE, 0x03, 0xE0, 0xFE, 0x07, 0xC0, 0x3D, 0xCE, 0xE7, 0x3F,
    0xDC, 0xDF, 0x7F, 0xF8, 0xBF, 0xFF, 0x70, 0xE2, 0xDC, 0xE1, 0xC0, 0xB9, 0xC7, 0xC1, 0x73, 0xFF,
    0xF3, 0xE3, 0xFC, 0xF7, 0xC7, 0xF1, 0xFF, 0x83, 0x03, 0xFC, 0x01, 0x07, 0xF8, 0x01, 0x0E, 0xF0,
    0x63, 0x1C, 0xE0, 0xFF, 0x3F, 0xC0, 0xFD, 0x3D, 0x80, 0xF3, 0x79, 0x00, 0x07, 0xAB, 0x41, 0x03,
    0x01, 0x03, 0x0B, 0x17, 0x0C, 0x7F, 0xF8, 0xC3, 0x1F, 0x1C, 0xE0, 0x00, 0xF7, 0xF8, 0xCF, 0x7F,
    0x9E, 0x77, 0xB8, 0xC3, 0x1D, 0xEE, 0x70, 0x87, 0x3B, 0xDC, 0xF3, 0xFE, 0xF3, 0x9F, 0x7B, 0x00,
    0xE0, 0x3F, 0xFF, 0xF9, 0x0F, 0x00, 0x03, 0x0D, 0x13, 0x0D, 0xF8, 0x81, 0x7F, 0xF8, 0x1F, 0x87,
    0x43, 0xF0, 0xE0, 0x3F, 0xFC, 0x87, 0xFF, 0x00, 0x0E, 0xC0, 0xC1, 0x7F, 0xF8, 0x0F, 0xFF, 0x01,
    0x1C, 0xC1, 0x79, 0x3C, 0xFE, 0x87, 0x7F, 0xE0, 0x03, 0x01, 0x03, 0x17, 0x13, 0x0E, 0x00, 0x70,
    0x38, 0x00, 0x38, 0x1C, 0x00, 0x38, 0x0E, 0x00, 0x3C, 0x07, 0x00, 0x9C, 0x03, 0x00, 0xDC, 0x01,
    0x00, 0xEE, 0x00, 0x00, 0x7E, 0x00, 0xF8, 0x7F, 0x00, 0xFC, 0x3F, 0x00, 0xFE, 0x1F, 0x00, 0xF0,
    0x07, 0x00, 0xBC, 0x03, 0x00, 0xCE, 0x01, 0x80, 0xE7, 0x00, 0xC0, 0x71, 0x00, 0xF0, 0x38, 0x00,
    0x38, 0x1C, 0x00, 0x1E, 0x0E, 0xB9, 0x41, 0x02, 0x01, 0x02, 0x0B, 0x14, 0x0D, 0xFE, 0xF3, 0x9F,
    0xFF, 0x70, 0x80, 0x03, 0xFF, 0xF9, 0xCF, 0xFF, 0x38, 0xC0, 0x1F, 0xFC, 0xC0, 0x07, 0x38, 0xE0,
    0x00, 0x07, 0x1C, 0xE0, 0x80, 0x03, 0x1C, 0x70, 0x00, 0x01, 0x03, 0x0B, 0x13, 0x0D, 0xC0, 0x01,
    0x0E, 0x74, 0xE0, 0x03, 0x1F, 0xF0, 0x03, 0x1F, 0xBA, 0xF0, 0x81, 0xDF, 0xF1, 0x8F, 0x7F, 0x9C,
    0xE3, 0x38, 0xC7, 0x3B, 0xFC, 0xE1, 0x0F, 0x7C, 0x00, 0xBD, 0x41, 0x01, 0x01, 0x03, 0x0B, 0x13,
    0x0D, 0xF8, 0xF3, 0x9F, 0xFF, 0x1E, 0x77, 0xB8, 0xC3, 0x1D, 0xEE, 0x70, 0x87, 0x7B, 0x9C, 0xFF,
    0xFD, 0xCF, 0x7F, 0xC0, 0x01, 0x1F, 0xF8, 0xC0, 0x07, 0x1C, 0xE0, 0x00, 0x82, 0x42, 0x01, 0x01,
    0x01, 0x0C, 0x16, 0x0E, 0x60, 0xC0, 0x1F, 0xFE, 0xE3, 0x7F, 0xCE, 0x47, 0x7C, 0xC0, 0x0E, 0xEC,
    0xC0, 0x0E, 0xEC, 0xC0, 0x0E, 0xEC, 0xC0, 0x0E, 0xEC, 0xC0, 0x0E, 0xEC, 0xC4, 0xE7, 0x7C, 0xFE,
    0xE7, 0x3F, 0xFC, 0x01, 0x02, 0x85, 0x42, 0x01, 0x01, 0x00, 0x12, 0x16, 0x13, 0x00, 0xE0, 0xC0,
    0xC1, 0x07, 0x06, 0x3B, 0x38, 0xC0, 0xE0, 0x00, 0x03, 0x03, 0x0C, 0x1C, 0x30, 0x60, 0xC0, 0x80,
    0x81, 0x03, 0xCE, 0x07, 0x30, 0x0E, 0xC0, 0x00, 0x1C, 0x07, 0xF8, 0x18, 0x30, 0x66, 0xC0, 0x98,
    0x03, 0x63, 0x0C, 0x8C, 0x31, 0x30, 0xC6, 0xC1, 0x19, 0x06, 0x3E, 0x18, 0x70, 0xE0, 0x00, 0x8A,
    0x42, 0x01, 0x00, 0x00, 0x08, 0x0F, 0x0C, 0x3B, 0x7F, 0xE7, 0xC3, 0xC3, 0xC3, 0xC3, 0xC3, 0xE7,
    0x7F, 0x3B, 0x03, 0x07, 0xFE, 0x7C, 0x8E, 0x42, 0x02, 0x00, 0x00, 0x0F, 0x15, 0x10, 0x80, 0x03,
    0x80, 0x0F, 0xC0, 0x01, 0xE0, 0x00, 0x70, 0x00, 0x38, 0x00, 0x38, 0x1C, 0x1C, 0x3E, 0x0E, 0x3F,
    0x87, 0xA7, 0x83, 0xA3, 0xC1, 0xE1, 0xE1, 0xF0, 0xE0, 0x70, 0x70, 0x38, 0x38, 0x18, 0x1C, 0x9C,
    0x1F, 0x8E, 0x0F, 0x07, 0x03, 0x02, 0x00, 0x00, 0x0F, 0x15, 0x10, 0x80, 0x03, 0xC0, 0x0F, 0xC0,
    0x01, 0xE3, 0x80, 0x7F, 0xC0, 0x7F, 0x80, 0xFF, 0x1D, 0xFC, 0x3E, 0x6E, 0x3F, 0x87, 0xA7, 0x83,
    0xA3, 0xC1, 0xE1, 0xE1, 0xF0, 0x70, 0x70, 0x70, 0x38, 0x38, 0x1C, 0x1C, 0x9C, 0x0F, 0x8E, 0x0F,
    0x07, 0x03, 0x02, 0x93, 0x42, 0x01, 0x01, 0x01, 0x08, 0x16, 0x0B, 0x0E, 0x1F, 0x1F, 0x3B, 0x3B,
    0x3B, 0x3B, 0x3A, 0x3E, 0x3E, 0x3C, 0x38, 0x38, 0x78, 0xF8, 0x78, 0x38, 0x38, 0x39, 0x3F, 0x1F,
    0x0E, 0x96, 0x42, 0x01, 0x01, 0x02, 0x15, 0x13, 0x18, 0x00, 0x0E, 0x9E, 0xC3, 0xE1, 0xFB, 0x38,
    0xFC, 0x3B, 0x87, 0x3F, 0xE6, 0xF8, 0xC7, 0x1C, 0xFF, 0x98, 0x73, 0x1F, 0x73, 0xEE, 0x63, 0xCE,
    0xFC, 0xCE, 0x9D, 0xFB, 0xB8, 0x73, 0x0E, 0x3F, 0x0E, 0xE0, 0xC7, 0x01, 0x7C, 0x38, 0x80, 0x0F,
    0x07, 0xF0, 0xE1, 0x7F, 0x1E, 0xFC, 0xCF, 0x83, 0xFF, 0x79, 0x70, 0x9A, 0x42, 0x01, 0x01, 0x02,
    0x0C, 0x19, 0x0E, 0xF0, 0xC0, 0x3F, 0xFC, 0xE3, 0x7C, 0xCE, 0x77, 0xEC, 0xC7, 0x7E, 0xEC, 0xC7,
    0x7E, 0xEC, 0xC7, 0x7E, 0xEC, 0xC7, 0x7E, 0xEC, 0xC7, 0xEE, 0x7C, 0xDE, 0xE7, 0x7F, 0xFC, 0x83,
    0x1F, 0x70, 0x00, 0x07, 0x7F, 0xF0, 0x03, 0x1F, 0x00, 0x9D, 0x42, 0x01, 0x02, 0x03, 0x0F, 0x13,
    0x10, 0xF0, 0x7F, 0xFE, 0xBF, 0xFF, 0xDB, 0xC1, 0xED, 0xE0, 0x76, 0x70, 0x3B, 0xB8, 0x3D, 0xDC,
    0xFC, 0x6F, 0xFE, 0x37, 0xFC, 0x1B, 0xCE, 0x8D, 0xE7, 0xC6, 0x71, 0xF3, 0xB8, 0x39, 0xDC, 0x1E,
    0x7E, 0x07, 0xFF, 0x83, 0x1F, 0xA1, 0x42, 0x02, 0x02, 0x01, 0x17, 0x17, 0x1D, 0x0E, 0x00, 0x00,
    0x07, 0xF8, 0xBF, 0x03, 0xFC, 0xDF, 0x01, 0xFE, 0xEF, 0x00, 0xFF, 0x77, 0x00, 0x38, 0x38, 0x3E,
    0x1C, 0x9C, 0x3F, 0x0E, 0xCE, 0x3F, 0x07, 0xF7, 0x9C, 0x83, 0x3B, 0xDC, 0xC1, 0x1D, 0xEE, 0xE0,
    0xFE, 0x77, 0x70, 0xFF, 0x3B, 0xB8, 0xFF, 0x1D, 0x1C, 0xE0, 0x0E, 0x0E, 0x70, 0x07, 0x47, 0xBC,
    0x83, 0xF3, 0xCF, 0xC1, 0xFD, 0xE7, 0xF0, 0xFC, 0x71, 0x78, 0x18, 0x00, 0x18, 0x00, 0x00, 0x00,
    0x00, 0x02, 0x0F, 0x0A, 0x11, 0x63, 0xFE, 0x3B, 0xFF, 0x1D, 0xE6, 0x0E, 0xF3, 0x87, 0xF9, 0xC3,
    0xAC, 0x61, 0xD6, 0x30, 0x63, 0x98, 0x31, 0x0C, 0xA6, 0x42, 0x01, 0x01, 0x02, 0x0C, 0x14, 0x0E,
    0xF8, 0xC0, 0x3F, 0xFE, 0xF3, 0x78, 0x07, 0x77, 0xE0, 0x07, 0x7E, 0xE0, 0x07, 0x7E, 0xE0, 0x07,
    0x7E, 0xE0, 0x07, 0x7E, 0xF0, 0x8F, 0xE7, 0x79, 0x9C, 0xF1, 0xF9, 0x9F, 0xFF, 0xF9, 0xAB, 0x42,
    0x01, 0x00, 0x00, 0x0C, 0x16, 0x0D, 0x60, 0x00, 0x09, 0x90, 0x00, 0x09, 0x60, 0x00, 0x00, 0xF0,
    0x00, 0x0F, 0xF0, 0x80, 0x0F, 0xF8, 0x81, 0x1D, 0x98, 0xC1, 0x39, 0x9C, 0xC3, 0x30, 0xFC, 0xE3,
    0x7F, 0xFE, 0xE7, 0x70, 0x06, 0x76, 0xE0, 0xAE, 0x42, 0x01, 0x01, 0x04, 0x0C, 0x12, 0x0E, 0xF0,
    0x80, 0x30, 0x04, 0x62, 0x60, 0x06, 0x76, 0xE0, 0x07, 0x7E, 0xE0, 0xFF, 0x0F, 0xE0, 0x00, 0x0E,
    0xE0, 0x00, 0x2E, 0x60, 0x02, 0x46, 0x20, 0x08, 0x01, 0x0F, 0xBC, 0x42, 0x01, 0x00, 0x07, 0x0D,
    0x0F, 0x0E, 0xFF, 0xEF, 0xFF, 0x73, 0x2E, 0xCE, 0xC1, 0x39, 0x38, 0x07, 0xE7, 0xE0, 0x1C, 0x9C,
    0x83, 0x73, 0x70, 0x0E, 0xCE, 0xF1, 0x39, 0x1E, 0xC7, 0x01, 0x00, 0xC8, 0x42, 0x02, 0x00, 0x05,
    0x08, 0x11, 0x0A, 0x07, 0x07, 0x07, 0x00, 0x00, 0x06, 0x1E, 0x3E, 0x4C, 0x1C, 0x1C, 0x1C, 0x38,
    0x38, 0x38, 0x3E, 0x38, 0x00, 0x06, 0x0A, 0x16, 0x0C, 0x07, 0x1C, 0x70, 0x00, 0x00, 0x00, 0x38,
    0xE0, 0x81, 0x1B, 0x0C, 0x70, 0xC0, 0x01, 0x07, 0x18, 0xE0, 0x80, 0x03, 0x0C, 0x30, 0xC0, 0x00,
    0x06, 0x18, 0x40, 0x02, 0x0E, 0xDB, 0x42, 0x04, 0x00, 0x01, 0x14, 0x16, 0x15, 0xE0, 0x00, 0x00,
    0x0E, 0x00, 0xC0, 0xC1, 0x01, 0x1C, 0x1C, 0xC0, 0xC1, 0x0F, 0x38, 0xFC, 0x80, 0xC3, 0x01, 0x30,
    0x1C, 0x3C, 0xC7, 0xE1, 0x77, 0x1C, 0xFF, 0xC6, 0x71, 0xEE, 0x1C, 0xE7, 0xCE, 0x61, 0xCE, 0x1C,
    0x7E, 0x1C, 0xF0, 0xC7, 0x01, 0xE7, 0x18, 0x70, 0x8E, 0x03, 0xFF, 0x38, 0xE0, 0x0F, 0x03, 0x3C,
    0x70, 0x00, 0x00, 0x07, 0x00, 0x01, 0x14, 0x16, 0x15, 0xE0, 0x00, 0x00, 0x0E, 0x00, 0xE0, 0xE0,
    0x03, 0x1C, 0x7F, 0xC0, 0xF1, 0x0F, 0x18, 0x07, 0x80, 0xF3, 0x03, 0x38, 0x3E, 0x3C, 0xF3, 0xE3,
    0x77, 0x07, 0xFF, 0x77, 0x76, 0xEE, 0xFF, 0xE7, 0xEE, 0x67, 0xEE, 0x3C, 0x7E, 0x1C, 0xF0, 0xC7,
    0x01, 0xE7, 0x18, 0x70, 0x8E, 0x03, 0xFF, 0x38, 0xE0, 0x0F, 0x03, 0x3C, 0x70, 0x00, 0x00, 0x07,
    0x00, 0x01, 0x13, 0x16, 0x15, 0x60, 0x00, 0x00, 0x07, 0x00, 0x38, 0xFC, 0x80, 0xE1, 0x07, 0x1C,
    0x3F, 0xE0, 0x80, 0x01, 0x86, 0x1F, 0x70, 0xFE, 0xBC, 0xFB, 0xF1, 0xDB, 0xC1, 0xFF, 0x8F, 0xCF,
    0xFF, 0x7F, 0x6E, 0x3F, 0x73, 0xF7, 0xF8, 0x39, 0xE0, 0x8F, 0x01, 0xE7, 0x1C, 0x38, 0xE7, 0xC0,
    0x3F, 0x06, 0xFC, 0x71, 0xC0, 0x83, 0x03, 0x00, 0x18, 0x00, 0x01, 0x01, 0x13, 0x16, 0x15, 0xE0,
    0x00, 0x00, 0x07, 0x00, 0x70, 0xFE, 0x81, 0xF3, 0x0F, 0x9C, 0x7F, 0xC0, 0x18, 0x00, 0xCE, 0x01,
    0x70, 0x0E, 0x3C, 0xE3, 0xF0, 0x3B, 0xC7, 0xFF, 0x31, 0xCE, 0x8D, 0x73, 0xEE, 0x18, 0x3F, 0x07,
    0xF8, 0x39, 0xE0, 0x9F, 0x01, 0xE7, 0x1C, 0x38, 0xE7, 0xC0, 0x3F, 0x06, 0xFC, 0x70, 0xC0, 0x83,
    0x03, 0x00, 0x18, 0x00, 0xE0, 0x42, 0x10, 0x02, 0x03, 0x07, 0x13, 0x0A, 0xFF, 0xFF, 0x9F, 0xC3,
    0xE1, 0x70, 0x38, 0x1C, 0x0E, 0x87, 0xC3, 0xE1, 0x70, 0x38, 0xFF, 0xFF, 0x1F, 0x02, 0x03, 0x0D,
    0x13, 0x10, 0xFF, 0xFF, 0xFF, 0xFF, 0x7F, 0x8E, 0xC3, 0x71, 0x38, 0x0E, 0xC7, 0xE1, 0x38, 0x1C,
    0x87, 0xE3, 0x70, 0x1C, 0x8E, 0xC3, 0x71, 0x38, 0x0E, 0xC7, 0xE1, 0x38, 0xFF, 0xFF, 0xFF, 0xFF,
    0x7F, 0x02, 0x03, 0x14, 0x13, 0x17, 0xFF, 0xFF, 0xFF, 0xFF, 0xFF, 0xFF, 0xFF, 0xCF, 0xE1, 0x38,
    0x1C, 0x8E, 0xC3, 0xE1, 0x38, 0x1C, 0x8E, 0xC3, 0xE1, 0x38, 0x1C, 0x8E, 0xC3, 0xE1, 0x38, 0x1C,
    0x8E, 0xC3, 0xE1, 0x38, 0x1C, 0x8E, 0xC3, 0xE1, 0x38, 0x1C, 0x8E, 0xC3, 0xE1, 0x38, 0xFF, 0xFF,
    0xFF, 0xFF, 0xFF, 0xFF, 0xFF, 0x0F, 0x01, 0x03, 0x13, 0x13, 0x15, 0x07, 0xFE, 0x3F, 0xF0, 0xBF,
    0x81, 0xFF, 0x1D, 0x8E, 0xE3, 0x70, 0x1C, 0x87, 0xE3, 0x30, 0x1C, 0x87, 0x73, 0x38, 0x9C, 0xC3,
    0xE1, 0x1C, 0x0E, 0xE6, 0x70, 0x30, 0x83, 0x83, 0x1F, 0x1C, 0xFC, 0xE0, 0xE0, 0x07, 0x07, 0x3E,
    0x38, 0xF0, 0xF0, 0x87, 0x87, 0x3F, 0x3C, 0xFC, 0x01, 0x00, 0x03, 0x0C, 0x13, 0x0C, 0x07, 0x7E,
    0x60, 0x07, 0x67, 0x70, 0x0E, 0xE7, 0x70, 0x8E, 0xC3, 0x38, 0x9C, 0xC3, 0x39, 0x9C, 0xC1, 0x1D,
    0xD8, 0x81, 0x1F, 0xF8, 0x80, 0x0F, 0xF0, 0x00, 0x0F, 0xF0, 0x00, 0x01, 0x03, 0x13, 0x13, 0x15,
    0xFF, 0x03, 0xFF, 0x1F, 0xF8, 0xFF, 0xE0, 0x38, 0x0E, 0xC7, 0x71, 0x38, 0x8E, 0xC3, 0x71, 0x1C,
    0x86, 0xC3, 0x38, 0x1C, 0xCE, 0xE1, 0x70, 0x0E, 0x87, 0x73, 0x38, 0x98, 0xC1, 0xC1, 0x0F, 0x0E,
    0x7E, 0x70, 0xF0, 0x83, 0x83, 0x0F, 0x7F, 0x78, 0xF8, 0xC3, 0xC3, 0x1F, 0x1E, 0x00, 0x01, 0x03,
    0x19, 0x13, 0x1B, 0xFF, 0xFF, 0xC0, 0xFF, 0xFF, 0x81, 0xFD, 0xFF, 0x03, 0xE3, 0x38, 0x0E, 0xC7,
    0x71, 0x1C, 0x8E, 0xE3, 0x38, 0x1C, 0xC7, 0x71, 0x18, 0x8E, 0xC3, 0x39, 0x1C, 0x87, 0x73, 0x38,
    0x0E, 0xE7, 0x70, 0x1C, 0xCE, 0xE0, 0x38, 0x98, 0xC1, 0x71, 0xF0, 0x83, 0xE3, 0xE0, 0x07, 0xC7,
    0xC1, 0x0F, 0x8E, 0x83, 0x0F, 0xFF, 0x1F, 0x1E, 0xFE, 0x3F, 0x3C, 0xFC, 0x7F, 0x78, 0x00, 0x01,
    0x03, 0x20, 0x13, 0x22, 0xFF, 0xFF, 0x7F, 0xE0, 0xFF, 0xFF, 0x7F, 0x60, 0xFF, 0xFF, 0x7F, 0x60,
    0x1C, 0x8E, 0xE3, 0x70, 0x1C, 0x8E, 0xE3, 0x70, 0x1C, 0x8E, 0xE3, 0x70, 0x1C, 0x8E, 0xE3, 0x30,
    0x1C, 0x8E, 0xC3, 0x39, 0x1C, 0x8E, 0xC3, 0x39, 0x1C, 0x8E, 0xC3, 0x39, 0x1C, 0x8E, 0xC3, 0x19,
    0x1C, 0x8E, 0x83, 0x19, 0x1C, 0x8E, 0x83, 0x1F, 0x1C, 0x8E, 0x83, 0x1F, 0x1C, 0x8E, 0x83, 0x1F,
    0x1C, 0x8E, 0x83, 0x0F, 0xFF, 0xFF, 0x0F, 0x0F, 0xFF, 0xFF, 0x0F, 0x0F, 0xFF, 0xFF, 0x0F, 0x0F,
    0x01, 0x03, 0x13, 0x13, 0x15, 0x07, 0xFE, 0x77, 0xF8, 0xBF, 0xC3, 0xFF, 0x39, 0x87, 0xC3, 0x39,
    0x1C, 0xFC, 0xE1, 0xE0, 0x07, 0x07, 0x3E, 0x38, 0xF0, 0xC0, 0x81, 0x07, 0x0E, 0x3C, 0x70, 0xE0,
    0x83, 0x83, 0x1F, 0x1C, 0xDC, 0xE1, 0x70, 0x0E, 0x87, 0xE3, 0x38, 0x0E, 0xFF, 0x77, 0xF8, 0xFF,
    0x81, 0xFF, 0x01, 0x01, 0x03, 0x0D, 0x13, 0x0F, 0x0E, 0xCE, 0xC1, 0x71, 0x1C, 0x8E, 0x83, 0x7B,
    0x70, 0x07, 0xFC, 0x80, 0x0F, 0xE0, 0x01, 0x1C, 0x80, 0x07, 0xF8, 0x00, 0x3F, 0x70, 0x07, 0xCE,
    0xE1, 0x38, 0x1C, 0xCE, 0xC1, 0x39, 0x38, 0x00, 0x03, 0x13, 0x13, 0x15, 0xFF, 0x03, 0xFF, 0x3F,
    0xDC, 0xFF, 0xE1, 0x38, 0x9C, 0xC3, 0xE1, 0x1C, 0x0E, 0x7E, 0x70, 0xF0, 0x83, 0x83, 0x0F, 0x1C,
    0x78, 0xE0, 0xC0, 0x03, 0x07, 0x1E, 0x38, 0xF8, 0xC0, 0xC1, 0x0F, 0x0E, 0x77, 0x70, 0x38, 0x87,
    0xE3, 0x38, 0xFF, 0x87, 0xFB, 0x3F, 0xDC, 0xFF, 0xC0, 0x01, 0x00, 0x03, 0x1A, 0x13, 0x1C, 0xFF,
    0xFF, 0x81, 0xFF, 0xFF, 0x0F, 0xF7, 0xFF, 0x3F, 0x1C, 0x8E, 0xC3, 0x39, 0x38, 0x0E, 0xE7, 0xE0,
    0x38, 0xF8, 0x81, 0xE3, 0xE0, 0x07, 0x8E, 0x83, 0x0F, 0x38, 0x0E, 0x3C, 0xE0, 0x38, 0xF0, 0x80,
    0xE3, 0xC0, 0x03, 0x8E, 0x83, 0x1F, 0x38, 0x0E, 0x7E, 0xE0, 0x38, 0xDC, 0x81, 0xE3, 0x70, 0x0E,
    0x8E, 0xE3, 0x39, 0xFF, 0xFF, 0xC3, 0xFD, 0xFF, 0x0F, 0xF7, 0xFF, 0x1F, 0x38, 0x00, 0x03, 0x09,
    0x13, 0x0B, 0xC0, 0x81, 0x03, 0x07, 0x0E, 0x1C, 0x38, 0x70, 0xE0, 0xC0, 0x81, 0x03, 0x07, 0x0E,
    0x1C, 0x38, 0x70, 0xE0, 0xFF, 0xFF, 0xFF, 0x07, 0x01, 0x03, 0x0C, 0x13, 0x0E, 0xF8, 0xE0, 0x3F,
    0xFE, 0xE7, 0x78, 0x04, 0x07, 0xE0, 0x00, 0x0E, 0xE0, 0x00, 0x0E, 0xE0, 0x00, 0x0E, 0xE0, 0x00,
    0x0E, 0xE0, 0x04, 0xE7, 0x78, 0xFF, 0xE3, 0x3F, 0xF8, 0x00, 0x01, 0x03, 0x0B, 0x13, 0x0D, 0xF0,
    0xE7, 0xBF, 0xFF, 0x3D, 0xEE, 0xF0, 0x83, 0x1F, 0xFC, 0xE0, 0x07, 0x3F, 0xF8, 0xC1, 0x0F, 0x7E,
    0xF0, 0x83, 0x3B, 0xDC, 0xE3, 0xFE, 0xE7, 0x3F, 0xFC, 0x01, 0x02, 0x03, 0x0E, 0x13, 0x11, 0x0F,
    0xFC, 0x03, 0xFF, 0xE0, 0x7F, 0xF8, 0x1F, 0xFE, 0xCF, 0xFF, 0xF3, 0xFF, 0xEC, 0xF7, 0xFB, 0xFD,
    0x7E, 0x9E, 0x9F, 0xE7, 0xE7, 0xF8, 0x31, 0x7E, 0x80, 0x1F, 0xE0, 0x07, 0xF8, 0x01, 0x7E, 0x80,
    0x03, 0x90, 0x43, 0x06, 0x02, 0x0A, 0x11, 0x0A, 0x14, 0x00, 0x10, 0x00, 0x40, 0x00, 0x80, 0x01,
    0x00, 0xF7, 0xFF, 0xFF, 0xFF, 0x3F, 0x00, 0x38, 0x00, 0x30, 0x00, 0x20, 0x00, 0x20, 0x00, 0x01,
    0x7E, 0x08, 0x18, 0x0A, 0x18, 0x18, 0x18, 0x3C, 0x7E, 0x5A, 0x99, 0x18, 0x18, 0x18, 0x18, 0x18,
    0x18, 0x18, 0x18, 0x18, 0x18, 0x18, 0x18, 0x18, 0x18, 0x18, 0x18, 0x18, 0x02, 0x0A, 0x11, 0x0A,
    0x14, 0x10, 0x00, 0x30, 0x00, 0x30, 0x00, 0x60, 0x00, 0xF0, 0xFF, 0xFF, 0xFF, 0x3F, 0x03, 0x00,
    0x06, 0x00, 0x18, 0x00, 0x20, 0x00, 0x00, 0x01, 0x7E, 0x08, 0x18, 0x0A, 0x18, 0x18, 0x18, 0x18,
    0x18, 0x18, 0x18, 0x18, 0x18, 0x18, 0x18, 0x18, 0x18, 0x18, 0x18, 0x18, 0x18, 0x99, 0x5A, 0x7E,
    0x3C, 0x18, 0x18, 0x10, 0x02, 0x0A, 0x11, 0x0A, 0x14, 0x10, 0x10, 0x10, 0x40, 0x30, 0x80, 0x61,
    0x00, 0xF7, 0xFF, 0xFF, 0xFF, 0x3F, 0x03, 0x38, 0x06, 0x30, 0x18, 0x20, 0x20, 0x20, 0x00, 0x01,
    0x7E, 0x08, 0x18, 0x0A, 0x10, 0x18, 0x18, 0x3C, 0x7E, 0x5A, 0x99, 0x18, 0x18, 0x18, 0x18, 0x18,
    0x18, 0x18, 0x18, 0x18, 0x18, 0x99, 0x5A, 0x7E, 0x3C, 0x18, 0x18, 0x10, 0xA8, 0x43, 0x01, 0x02,
    0x7E, 0x07, 0x1B, 0x0A, 0x08, 0x04, 0x87, 0xE3, 0x5B, 0x27, 0x11, 0x08, 0x04, 0x02, 0x81, 0x40,
    0x20, 0x10, 0x88, 0xE4, 0xDA, 0xC7, 0xE1, 0x20, 0x10, 0x80, 0xFF, 0x1F, 0xC4, 0x43, 0x01, 0x02,
    0x02, 0x12, 0x12, 0x14, 0x10, 0x00, 0x40, 0x00, 0x80, 0x01, 0x00, 0x03, 0x00, 0xFE, 0xFF, 0xF9,
    0xFF, 0xC7, 0x00, 0x00, 0x06, 0x00, 0x10, 0x20, 0x40, 0x00, 0x01, 0x00, 0x0C, 0x00, 0x70, 0xFE,
    0xFF, 0xFB, 0xFF, 0x0F, 0x00, 0x1C, 0x00, 0x30, 0x00, 0x40, 0x00, 0x80, 0x00, 0xC6, 0x43, 0x01,
    0x01, 0x02, 0x12, 0x12, 0x14, 0x00, 0x20, 0x00, 0x00, 0x01, 0x00, 0x0C, 0x00, 0x30, 0xFE, 0xFF,
    0xFB, 0xFF, 0x0F, 0x00, 0x1C, 0x00, 0x30, 0x10, 0x40, 0x20, 0x80, 0xC0, 0x00, 0x80, 0x01, 0x00,
    0xFF, 0xFF, 0xFD, 0xFF, 0x67, 0x00, 0x00, 0x03, 0x00, 0x08, 0x00, 0x40, 0x00, 0x00, 0x82, 0x44,
    0x01, 0x01, 0x01, 0x0B, 0x15, 0x0D, 0x78, 0xE0, 0x87, 0x3F, 0x1C, 0x71, 0x80, 0x03, 0x1C, 0xE0,
    0x1E, 0xFF, 0x79, 0xDE, 0xE1, 0x0E, 0x7F, 0x70, 0x83, 0x3B, 0xDC, 0xE1, 0x0C, 0xE7, 0x3C, 0xFE,
    0xF0, 0x07, 0x1E, 0x86, 0x44, 0x01, 0x00, 0x02, 0x0C, 0x13, 0x0D, 0xF0, 0x00, 0x0F, 0xF0, 0x80,
    0x1F, 0xF8, 0x81, 0x1F, 0x98, 0xC1, 0x39, 0x9C, 0xC3, 0x39, 0x1C, 0xE3, 0x70, 0x0E, 0xE7, 0x70,
    0x0E, 0x76, 0xE0, 0xFF, 0xFF, 0xFF, 0xFF, 0x0F, 0x8F, 0x44, 0x01, 0x02, 0x03, 0x0D, 0x16, 0x10,
    0xFF, 0xFF, 0xFF, 0xFF, 0xFF, 0x03, 0x7E, 0xC0, 0x0F, 0xF8, 0x01, 0x3F, 0xE0, 0x07, 0xFC, 0x80,
    0x1F, 0xF0, 0x03, 0x7E, 0xC0, 0x0F, 0xF8, 0x01, 0x3F, 0xE0, 0x07, 0xFC, 0x80, 0x1F, 0xF0, 0x03,
    0x7E, 0xC0, 0x0F, 0x38, 0x91, 0x44, 0x02, 0x00, 0x03, 0x0D, 0x15, 0x0E, 0xFF, 0xFF, 0xFF, 0x03,
    0x3C, 0x80, 0x03, 0x78, 0x80, 0x07, 0x70, 0x00, 0x07, 0xF0, 0x00, 0x0E, 0xE0, 0x00, 0x38, 0x00,
    0x0E, 0xC0, 0x03, 0x70, 0x00, 0x1C, 0x80, 0x07, 0xE0, 0x00, 0xB8, 0xFF, 0xFF, 0xFF, 0x01, 0x01,
    0x0C, 0x0C, 0x03, 0x0E, 0xFF, 0xFF, 0xFF, 0xFF, 0x0F, 0x95, 0x44, 0x01, 0x00, 0x01, 0x08, 0x15,
    0x0A, 0x01, 0x03, 0x03, 0x03, 0x07, 0x07, 0x06, 0x0E, 0x0E, 0x0C, 0x1C, 0x1C, 0x18, 0x38, 0x38,
    0x30, 0x70, 0x70, 0x60, 0xE0, 0xE0, 0x99, 0x44, 0x04, 0x01, 0x0B, 0x03, 0x04, 0x05, 0xFF, 0x0F,
    0x00, 0x00, 0x0B, 0x15, 0x0C, 0x01, 0x18, 0xC0, 0x00, 0x06, 0x30, 0x00, 0x01, 0x18, 0xC0, 0x00,
    0x06, 0x30, 0x04, 0x61, 0x18, 0xCF, 0x3C, 0x66, 0x30, 0x03, 0x1D, 0x78, 0xC0, 0x03, 0x1E, 0x70,
    0x00, 0x03, 0x00, 0x00, 0x0B, 0x16, 0x0C, 0xC3, 0x1B, 0xDF, 0x98, 0xC6, 0x20, 0x1C, 0xF3, 0x98,
    0xC1, 0xFC, 0xC6, 0x23, 0x00, 0x63, 0x18, 0xC7, 0x78, 0xE6, 0x21, 0x03, 0x1B, 0xF8, 0xC0, 0x03,
    0x1E, 0xF0, 0x00, 0x07, 0x18, 0x00, 0x00, 0x01, 0x0B, 0x16, 0x0C, 0x31, 0x9B, 0xD9, 0x78, 0x86,
    0x31, 0x1E, 0xB9, 0xD9, 0xDC, 0x00, 0x06, 0x30, 0x04, 0x61, 0x18, 0xC7, 0x3C, 0x66, 0x30, 0x03,
    0x1D, 0x78, 0xC0, 0x03, 0x1E, 0xF0, 0x00, 0x03, 0x18, 0x00, 0x9E, 0x44, 0x04, 0x01, 0x09, 0x10,
    0x0A, 0x11, 0x3C, 0x3C, 0x7E, 0x7E, 0xE7, 0xE7, 0xC3, 0xC3, 0x83, 0xC1, 0x83, 0xC1, 0xC3, 0xC3,
    0xE6, 0xE7, 0x7E, 0x7E, 0x3C, 0x3C, 0x01, 0x7E, 0x12, 0x18, 0x14, 0x00, 0x00, 0x02, 0x00, 0x08,
    0x00, 0x20, 0x00, 0x80, 0x00, 0x00, 0x02, 0x00, 0x08, 0x00, 0x20, 0x00, 0x80, 0x00, 0x00, 0x02,
    0x00, 0x08, 0x00, 0x20, 0x00, 0x80, 0x00, 0x00, 0x02, 0x00, 0x08, 0x00, 0x20, 0x00, 0x80, 0x00,
    0x00, 0x02, 0x00, 0x08, 0x00, 0x20, 0x00, 0x80, 0x00, 0x00, 0x02, 0x00, 0xF8, 0xFF, 0xFF, 0xFF,
    0xFF, 0x00, 0x02, 0x14, 0x14, 0x18, 0x00, 0x00, 0x10, 0x00, 0x00, 0x03, 0x00, 0x70, 0x00, 0x00,
    0x0F, 0x00, 0xE0, 0x01, 0x00, 0x3C, 0x00, 0x80, 0x07, 0x00, 0xF0, 0x00, 0x00, 0x1E, 0x00, 0xC0,
    0x03, 0x00, 0xF8, 0x00, 0x00, 0x1F, 0x00, 0xE0, 0x03, 0x00, 0x7C, 0x00, 0x80, 0x0F, 0x00, 0xF0,
    0xF1, 0xFF, 0x3F, 0xFF, 0xFF, 0xF7, 0xFF, 0xFF, 0x00, 0x00, 0x13, 0x16, 0x15, 0x00, 0x00, 0x08,
    0x00, 0xC0, 0x00, 0x00, 0x06, 0x00, 0x70, 0x00, 0x80, 0x07, 0x00, 0x78, 0x00, 0x80, 0x07, 0x00,
    0x7C, 0x00, 0xC0, 0x07, 0x00, 0x7C, 0x00, 0xC0, 0x07, 0x00, 0x3E, 0x00, 0xF0, 0x03, 0xC0, 0x3F,
    0x00, 0xEE, 0x03, 0x70, 0x3E, 0x80, 0xE3, 0x03, 0x1C, 0x3E, 0xFE, 0xFF, 0xF3, 0xFF, 0xBF, 0xFF,
    0xFF, 0x01, 0xA9, 0x44, 0x03, 0x02, 0x01, 0x0B, 0x15, 0x0F, 0xF8, 0xE0, 0x8F, 0xC3, 0x0C, 0x24,
    0xE0, 0x01, 0x06, 0x30, 0x80, 0x01, 0x0C, 0x60, 0x00, 0x03, 0x18, 0xC0, 0x00, 0x06, 0x30, 0x80,
    0x01, 0x0C, 0x60, 0x00, 0x03, 0x18, 0x40, 0x02, 0x01, 0x0B, 0x15, 0x0F, 0x01, 0x0C, 0x60, 0x00,
    0x03, 0x18, 0xC0, 0x00, 0x06, 0x30, 0x80, 0x01, 0x0C, 0x60, 0x00, 0x03, 0x18, 0xC0, 0x00, 0x06,
    0x70, 0x80, 0x02, 0x36, 0x90, 0xC3, 0xF8, 0x83, 0x0F, 0x01, 0x02, 0x09, 0x16, 0x0B, 0x0F, 0x3E,
    0xE0, 0xC0, 0x81, 0x03, 0x07, 0x0E, 0x1C, 0x38, 0x70, 0xE0, 0xC0, 0x81, 0x03, 0x07, 0x0E, 0x1C,
    0x38, 0x70, 0xE0, 0xC0, 0x01, 0x1F, 0x3C, 0xC8, 0x44, 0x01, 0x01, 0x07, 0x0C, 0x0C, 0x0E, 0x80,
    0x33, 0xFE, 0xFF, 0xFF, 0xC7, 0x1C, 0x00, 0x00, 0x00, 0x10, 0x3C, 0xE3, 0xFF, 0xFF, 0x7F, 0xCC,
    0x01, 0xE0, 0x44, 0x02, 0x01, 0x03, 0x0C, 0x14, 0x0E, 0x0E, 0xC0, 0x00, 0x1C, 0xC0, 0x01, 0x18,
    0xF0, 0xFF, 0xFF, 0xFF, 0xFF, 0x70, 0x00, 0x06, 0xE0, 0x00, 0x0E, 0xFF, 0xFF, 0xFF, 0xFF, 0x0F,
    0x18, 0x80, 0x03, 0x30, 0x00, 0x03, 0x70, 0x01, 0x07, 0x0C, 0x0F, 0x0E, 0xFF, 0xFF, 0xFF, 0xFF,
    0x0F, 0x00, 0x00, 0x00, 0x00, 0xFF, 0xFF, 0xFF, 0xFF, 0x0F, 0x00, 0x00, 0x00, 0x00, 0xFF, 0xFF,
    0xFF, 0xFF, 0x0F, 0xE4, 0x44, 0x02, 0x01, 0x02, 0x0C, 0x13, 0x0E, 0x01, 0x70, 0x00, 0x1F, 0xE0,
    0x07, 0xF8, 0x01, 0x7E, 0x80, 0x0F, 0xE0, 0xC0, 0x0F, 0x7F, 0xFC, 0xF0, 0x03, 0x0F, 0x30, 0x00,
    0x00, 0x00, 0x00, 0xFF, 0xFF, 0xFF, 0xFF, 0x0F, 0x01, 0x02, 0x0C, 0x13, 0x0E, 0x00, 0x08, 0xE0,
    0x80, 0x0F, 0x7E, 0xF8, 0xE1, 0x07, 0x1F, 0x70, 0x00, 0x3F, 0xE0, 0x0F, 0xF0, 0x03, 0xFC, 0x00,
    0x0F, 0xC0, 0x00, 0x00, 0x00, 0xFF, 0xFF, 0xFF, 0xFF, 0x0F, 0x95, 0x45, 0x02, 0x01, 0x06, 0x0C,
    0x10, 0x0E, 0x60, 0x00, 0x06, 0x60, 0x00, 0x06, 0x60, 0x00, 0x06, 0x60, 0xF0, 0xFF, 0xFF, 0x0F,
    0x06, 0x60, 0x00, 0x06, 0x60, 0x00, 0x06, 0x60, 0x00, 0x06, 0x01, 0x0C, 0x06, 0x03, 0x08, 0xFF,
    0xFF, 0x03, 0xBF, 0x45, 0x01, 0x00, 0x00, 0x15, 0x15, 0x17, 0x00, 0x00, 0x20, 0x00, 0x00, 0x0C,
    0x00, 0x80, 0x03, 0x00, 0xF0, 0x00, 0x00, 0x3E, 0x00, 0xC0, 0x0F, 0x00, 0xF8, 0x03, 0x00, 0xFF,
    0x00, 0xE0, 0x3E, 0x00, 0x9C, 0x0F, 0x80, 0xE3, 0x03, 0x70, 0xF8, 0x00, 0x0E, 0x3E, 0xC0, 0x81,
    0x0F, 0x38, 0xE0, 0x03, 0x07, 0xF8, 0xE0, 0x00, 0x3E, 0xFC, 0xFF, 0x8F, 0xFF, 0xFF, 0xF3, 0xFF,
    0xFF, 0x00, 0xC5, 0x45, 0x01, 0x01, 0x09, 0x04, 0x05, 0x07, 0xFE, 0xFF, 0x0E, 0x82, 0x46, 0x01,
    0x01, 0x05, 0x09, 0x10, 0x0C, 0x10, 0x70, 0xA0, 0x20, 0x42, 0x44, 0xD0, 0xE0, 0x80, 0x01, 0x03,
    0x06, 0x0C, 0x18, 0x30, 0x60, 0xC0, 0xFF, 0x90, 0x46, 0x01, 0x01, 0x08, 0x0C, 0x0A, 0x0E, 0xFF,
    0xFF, 0xFF, 0xFF, 0x0F, 0xC0, 0x00, 0x0C, 0xC0, 0x00, 0x0C, 0xC0, 0x00, 0x0C, 0xC0, 0xA0, 0x46,
    0x02, 0x06, 0x01, 0x04, 0x17, 0x0C, 0xB7, 0x88, 0x88, 0x88, 0x88, 0x88, 0x88, 0x88, 0x88, 0x88,
    0x88, 0x08, 0x03, 0x7E, 0x04, 0x1D, 0x0C, 0x11, 0x11, 0x11, 0x11, 0x11, 0x11, 0x11, 0x11, 0x11,
    0x11, 0x11, 0x11, 0x11, 0xE1, 0x0C, 0xB8, 0x49, 0x03, 0x01, 0x7F, 0x1C, 0x1D, 0x1F, 0xFE, 0xFF,
    0xFF, 0xF7, 0xFF, 0xFF, 0xFF, 0xFF, 0xFF, 0xFF, 0xFF, 0xF8, 0xFF, 0xFF, 0x8F, 0xFF, 0xFF, 0xFF,
    0xF8, 0xFF, 0xFF, 0x8F, 0xFF, 0xFF, 0x3F, 0x70, 0x78, 0xE0, 0x03, 0x03, 0x03, 0x3C, 0x10, 0x20,
    0xC0, 0x8F, 0x73, 0x76, 0xFC, 0xF8, 0xE7, 0x8F, 0x8F, 0x3F, 0xFE, 0xF8, 0xF8, 0xE0, 0x8F, 0x8F,
    0x07, 0xFF, 0xF8, 0x38, 0xF0, 0x8F, 0x8F, 0xC1, 0xFF, 0xF8, 0x18, 0xFF, 0x8F, 0x8F, 0xF9, 0x77,
    0xB8, 0x98, 0x37, 0xC0, 0x83, 0x01, 0x02, 0x3C, 0x3C, 0x60, 0xE0, 0xC3, 0x03, 0x0F, 0xFF, 0xFF,
    0xFF, 0xFF, 0xFF, 0xFF, 0xFF, 0xFF, 0xFF, 0xFF, 0xFF, 0xFF, 0xFF, 0xFF, 0xFF, 0xFF, 0xFF, 0xFF,
    0xFE, 0xFF, 0xFF, 0x07, 0x01, 0x00, 0x1F, 0x1C, 0x21, 0xFE, 0xFF, 0xFF, 0xBF, 0xFF, 0xFF, 0xFF,
    0xFF, 0xFF, 0xFF, 0xFF, 0xFF, 0xFF, 0xFF, 0xFF, 0xFF, 0xFF, 0xFF, 0xFF, 0xFF, 0xFF, 0xFF, 0xFF,
    0x1F, 0x7C, 0xF0, 0xE0, 0x07, 0x1C, 0x30, 0xE0, 0x01, 0x04, 0x10, 0xE0, 0x39, 0xE2, 0xDC, 0xF1,
    0x1D, 0xF9, 0xFF, 0xF1, 0x87, 0xFC, 0xFF, 0xF8, 0x40, 0xE0, 0x7F, 0x3C, 0x30, 0xC0, 0x3F, 0x0E,
    0x18, 0xE0, 0x1F, 0x03, 0xCF, 0xE1, 0x8F, 0xE1, 0xE7, 0xF1, 0xC7, 0xF8, 0xF3, 0xD8, 0x61, 0x9C,
    0x71, 0x44, 0x38, 0x80, 0x00, 0x02, 0x3C, 0x40, 0x82, 0x03, 0x3F, 0x38, 0xC3, 0xC3, 0xFF, 0xFF,
    0xFF, 0xFF, 0xFF, 0xFF, 0xFF, 0xFF, 0xFF, 0xFF, 0xFF, 0xFF, 0xFF, 0xFF, 0xFF, 0xFF, 0xFF, 0xFF,
    0xFF, 0xDF, 0xFF, 0xFF, 0xFF, 0x07, 0x02, 0x00, 0x19, 0x1C, 0x1C, 0xFE, 0xFF, 0xFF, 0xFE, 0xFF,
    0xFF, 0xFF, 0xFF, 0xFF, 0xFF, 0xFF, 0xFF, 0xFF, 0xFF, 0xFF, 0xFF, 0x0C, 0x3F, 0xFC, 0x01, 0x1C,
    0xF0, 0x03, 0x38, 0xC0, 0x87, 0x63, 0x8C, 0x8F, 0x4F, 0x3C, 0x1E, 0x9F, 0x78, 0x3C, 0x3E, 0x01,
    0x78, 0x7C, 0x02, 0xF0, 0xF8, 0x04, 0xE0, 0xF1, 0xF9, 0xC7, 0xE3, 0xF3, 0x8F, 0x87, 0xE1, 0x0E,
    0x0F, 0xE0, 0x00, 0x1F, 0xC0, 0x00, 0x3E, 0x82, 0x03, 0x7E, 0xCC, 0x0F, 0xFE, 0xF8, 0xFF, 0xFF,
    0xF1, 0xFF, 0xFF, 0xE3, 0xFF, 0xFF, 0xC7, 0xFF, 0xFF, 0x8F, 0xFF, 0xFF, 0xFF, 0xFF, 0xFF, 0xF7,
    0xFF, 0xFF, 0x07, 0xC1, 0x49, 0x01, 0x01, 0x00, 0x18, 0x1B, 0x1B, 0xFE, 0xFF, 0x7F, 0xFF, 0xB9,
    0xE7, 0xFF, 0x19, 0xE7, 0xFF, 0x19, 0xE7, 0xFF, 0x19, 0xE7, 0xFF, 0xF9, 0xE7, 0xFF, 0xF9, 0xE7,
    0x0F, 0x19, 0xE7, 0x07, 0x18, 0xE7, 0x07, 0x18, 0xE7, 0xE3, 0x18, 0xE7, 0xF3, 0x19, 0xE7, 0xF3,
    0x19, 0xE7, 0xF3, 0x19, 0xE7, 0xF3, 0x19, 0xE7, 0xF3, 0x19, 0xE7, 0xF3, 0x19, 0xE7, 0xE3, 0x19,
    0xE7, 0xE7, 0x18, 0xE7, 0x07, 0x18, 0xE3, 0x07, 0x18, 0xE3, 0x0F, 0x19, 0xF7, 0xFF, 0xFF, 0xFF,
    0xFF, 0xFF, 0xFF, 0xFF, 0xFF, 0xFF, 0xFF, 0xFF, 0xFF, 0xFE, 0xFF, 0x7F, 0xC5, 0x49, 0x01, 0x01,
    0x00, 0x28, 0x1C, 0x2B, 0xFE, 0xFF, 0xFF, 0xFF, 0x7F, 0xFF, 0x1F, 0xFF, 0xFF, 0xFF, 0xFF, 0x1F,
    0xFF, 0xFF, 0xFF, 0xFF, 0x1F, 0xFF, 0xFF, 0xFF, 0xFF, 0x1F, 0xFF, 0xFF, 0xFF, 0xFF, 0x1F, 0xFF,
    0xFF, 0xFF, 0xF3, 0x11, 0x9F, 0x7F, 0xFE, 0xF3, 0x19, 0x07, 0x3E, 0xC8, 0xE3, 0x19, 0x03, 0x1C,
    0xC0, 0xE3, 0x18, 0x03, 0x1C, 0xC0, 0xE7, 0x18, 0xE1, 0x88, 0xC3, 0xE7, 0x1C, 0xF1, 0xC9, 0xC7,
    0xC7, 0x1C, 0xF1, 0xC9, 0xC7, 0x4F, 0x1C, 0xF1, 0xC9, 0xC7, 0x4F, 0x1C, 0xF1, 0xC9, 0xC7, 0x0F,
    0x1E, 0xF1, 0xC9, 0xC7, 0x0F, 0x1E, 0xF1, 0xC9, 0xC7, 0x1F, 0x1E, 0xF1, 0x89, 0xC7, 0x1F, 0x1E,
    0xE3, 0x98, 0xC3, 0x1F, 0x0F, 0x03, 0x1C, 0xC0, 0x3F, 0x0F, 0x03, 0x1C, 0xC0, 0x3F, 0x9F, 0x07,
    0x3E, 0xC4, 0x3F, 0xFE, 0xFF, 0xFF, 0xC7, 0x3F, 0xF4, 0xFF, 0xFF, 0xC7, 0x7F, 0xF0, 0xFF, 0xFF,
    0xC7, 0x7F, 0xF0, 0xFF, 0xFF, 0xC7, 0xFF, 0xF0, 0xFF, 0xFF, 0xFF, 0xFE, 0xFF, 0xFF, 0xFF, 0x7F,
    0xC7, 0x49, 0x02, 0x01, 0x7F, 0x16, 0x1D, 0x17, 0xFE, 0xFF, 0xDF, 0xFF, 0xFF, 0xFF, 0xFF, 0xFF,
    0xFF, 0xC7, 0xCF, 0xFF, 0xF1, 0xF3, 0x7F, 0xFC, 0xFC, 0x1F, 0x3F, 0xFF, 0xC7, 0xCF, 0x11, 0xF1,
    0x73, 0x44, 0xFC, 0x1C, 0x10, 0x3F, 0x07, 0xC4, 0xCF, 0x07, 0xF1, 0xF3, 0x47, 0xFC, 0xFC, 0x11,
    0x3F, 0x7F, 0xC4, 0xCF, 0x1F, 0xF1, 0xF3, 0x47, 0xFC, 0xFC, 0x11, 0x1E, 0x7F, 0x04, 0xC0, 0x1F,
    0x03, 0xF8, 0xC7, 0x00, 0xFE, 0x71, 0xC0, 0x7F, 0x3C, 0xF8, 0xFF, 0xFF, 0xFF, 0xFF, 0xFF, 0xFF,
    0xFF, 0xFF, 0xFF, 0xFF, 0xFF, 0xFE, 0xFF, 0x1F, 0x01, 0x7F, 0x18, 0x1D, 0x19, 0xFE, 0xFF, 0x7F,
    0xFF, 0xFF, 0xFF, 0xFF, 0xFF, 0xFF, 0xFF, 0xC7, 0xCF, 0xFF, 0xC7, 0xCF, 0xFF, 0xC7, 0xCF, 0xFF,
    0xC7, 0xCF, 0xCF, 0xC7, 0xCF, 0x03, 0xC6, 0xCF, 0x03, 0xC6, 0xCF, 0x01, 0xC4, 0xCF, 0x73, 0xC4,
    0xCF, 0x7F, 0xC4, 0xCF, 0x3F, 0xC4, 0xCF, 0x0F, 0xC4, 0xCF, 0x03, 0xC6, 0xCF, 0x03, 0xC7, 0xCF,
    0xC1, 0xC7, 0xCF, 0xF1, 0x87, 0xC7, 0xF1, 0x06, 0xC0, 0x71, 0x0E, 0xE0, 0x01, 0x0C, 0xE0, 0x03,
    0x1E, 0xF0, 0x07, 0x3F, 0xF8, 0xFF, 0xFF, 0xFF, 0xFF, 0xFF, 0xFF, 0xFF, 0xFF, 0xFF, 0xFF, 0xFF,
    0xFF, 0xFE, 0xFF, 0x7F, 0xE7, 0x49, 0x01, 0x00, 0x03, 0x11, 0x12, 0x12, 0x06, 0x1E, 0x1C, 0x7E,
    0x78, 0xFC, 0x90, 0x39, 0x02, 0x7A, 0x04, 0x78, 0x00, 0xF0, 0x00, 0xC0, 0x01, 0x80, 0x03, 0x00,
    0x07, 0x00, 0x0F, 0x00, 0x2E, 0x00, 0x5C, 0x00, 0x38, 0x11, 0x7B, 0x26, 0xFC, 0x78, 0xF0, 0xE0,
    0xC0, 0x81, 0x01, 0x80, 0x4A, 0x01, 0x00, 0x0C, 0x0F, 0x02, 0x0E, 0xFF, 0xFF, 0xFF, 0x3F, 0x82,
    0x4A, 0x01, 0x06, 0x7C, 0x02, 0x23, 0x0E, 0xFF, 0xFF, 0xFF, 0xFF, 0xFF, 0xFF, 0xFF, 0xFF, 0x3F,
    0x8C, 0x4A, 0x01, 0x06, 0x0C, 0x09, 0x12, 0x0E, 0xFF, 0xFF, 0x03, 0x06, 0x0C, 0x18, 0x30, 0x60,
    0xC0, 0x80, 0x01, 0x03, 0x06, 0x0C, 0x18, 0x30, 0x60, 0xC0, 0x80, 0x01, 0x03, 0x90, 0x4A, 0x01,
    0x00, 0x0C, 0x08, 0x12, 0x0E, 0xFF, 0xFF, 0x01, 0x01, 0x01, 0x01, 0x01, 0x01, 0x01, 0x01, 0x01,
    0x01, 0x01, 0x01, 0x01, 0x01, 0x01, 0x01, 0x94, 0x4A, 0x01, 0x06, 0x7B, 0x09, 0x12, 0x0E, 0x80,
    0x01, 0x03, 0x06, 0x0C, 0x18, 0x30, 0x60, 0xC0, 0x80, 0x01, 0x03, 0x06, 0x0C, 0x18, 0x30, 0x60,
    0xC0, 0xFF, 0xFF, 0x03, 0x98, 0x4A, 0x01, 0x00, 0x7B, 0x08, 0x12, 0x0E, 0x01, 0x01, 0x01, 0x01,
    0x01, 0x01, 0x01, 0x01, 0x01, 0x01, 0x01, 0x01, 0x01, 0x01, 0x01, 0x01, 0xFF, 0xFF, 0x9C, 0x4A,
    0x01, 0x06, 0x7C, 0x09, 0x23, 0x0E, 0x80, 0x01, 0x03, 0x06, 0x0C, 0x18, 0x30, 0x60, 0xC0, 0x80,
    0x01, 0x03, 0x06, 0x0C, 0x18, 0x30, 0x60, 0xC0, 0xFF, 0xFF, 0xFF, 0x07, 0x0C, 0x18, 0x30, 0x60,
    0xC0, 0x80, 0x01, 0x03, 0x06, 0x0C, 0x18, 0x30, 0x60, 0xC0, 0x80, 0x01, 0x03, 0x06, 0xA4, 0x4A,
    0x01, 0x00, 0x7C, 0x08, 0x23, 0x0E, 0x01, 0x01, 0x01, 0x01, 0x01, 0x01, 0x01, 0x01, 0x01, 0x01,
    0x01, 0x01, 0x01, 0x01, 0x01, 0x01, 0xFF, 0xFF, 0xFF, 0x01, 0x01, 0x01, 0x01, 0x01, 0x01, 0x01,
    0x01, 0x01, 0x01, 0x01, 0x01, 0x01, 0x01, 0x01, 0x01, 0xAC, 0x4A, 0x01, 0x00, 0x0C, 0x0F, 0x12,
    0x0E, 0xFF, 0xFF, 0xFF, 0x3F, 0x20, 0x00, 0x10, 0x00, 0x08, 0x00, 0x04, 0x00, 0x02, 0x00, 0x01,
    0x80, 0x00, 0x40, 0x00, 0x20, 0x00, 0x10, 0x00, 0x08, 0x00, 0x04, 0x00, 0x02, 0x00, 0x01, 0x80,
    0x00, 0x40, 0x00, 0xB4, 0x4A, 0x01, 0x00, 0x7B, 0x0F, 0x12, 0x0E, 0x80, 0x00, 0x40, 0x00, 0x20,
    0x00, 0x10, 0x00, 0x08, 0x00, 0x04, 0x00, 0x02, 0x00, 0x01, 0x80, 0x00, 0x40, 0x00, 0x20, 0x00,
    0x10, 0x00, 0x08, 0x00, 0x04, 0x00, 0x02, 0x00, 0x01, 0xFF, 0xFF, 0xFF, 0x3F, 0xBC, 0x4A, 0x01,
    0x00, 0x7C, 0x0F, 0x23, 0x0E, 0x80, 0x00, 0x40, 0x00, 0x20, 0x00, 0x10, 0x00, 0x08, 0x00, 0x04,
    0x00, 0x02, 0x00, 0x01, 0x80, 0x00, 0x40, 0x00, 0x20, 0x00, 0x10, 0x00, 0x08, 0x00, 0x04, 0x00,
    0x02, 0x00, 0x01, 0xFF, 0xFF, 0xFF, 0xFF, 0xFF, 0x1F, 0x10, 0x00, 0x08, 0x00, 0x04, 0x00, 0x02,
    0x00, 0x01, 0x80, 0x00, 0x40, 0x00, 0x20, 0x00, 0x10, 0x00, 0x08, 0x00, 0x04, 0x00, 0x02, 0x00,
    0x01, 0x80, 0x00, 0x40, 0x00, 0x20, 0x00, 0xD0, 0x4A, 0x1D, 0x00, 0x09, 0x0F, 0x08, 0x0E, 0xFF,
    0xFF, 0xFF, 0x3F, 0x00, 0x00, 0x00, 0x00, 0x00, 0x00, 0x00, 0xFC, 0xFF, 0xFF, 0xFF, 0x04, 0x7C,
    0x06, 0x23, 0x0E, 0xF3, 0x3C, 0xCF, 0xF3, 0x3C, 0xCF, 0xF3, 0x3C, 0xCF, 0xF3, 0x3C, 0xCF, 0xF3,
    0x3C, 0xCF, 0xF3, 0x3C, 0xCF, 0xF3, 0x3C, 0xCF, 0xF3, 0x3C, 0xCF, 0xF3, 0x3C, 0x03, 0x06, 0x09,
    0x09, 0x15, 0x0E, 0xFF, 0xFF, 0x03, 0x06, 0x0C, 0x18, 0xF0, 0xFF, 0xFF, 0x80, 0x01, 0x03, 0x06,
    0x0C, 0x18, 0x30, 0x60, 0xC0, 0x80, 0x01, 0x03, 0x06, 0x0C, 0x18, 0x04, 0x0C, 0x0A, 0x12, 0x0E,
    0xFF, 0xFF, 0x0F, 0x33, 0xCC, 0x30, 0xC3, 0x0C, 0x33, 0xCC, 0x30, 0xC3, 0x0C, 0x33, 0xCC, 0x30,
    0xC3, 0x0C, 0x33, 0xCC, 0x30, 0xC3, 0x0C, 0x04, 0x09, 0x0B, 0x16, 0x0E, 0xFF, 0xFF, 0x3F, 0x80,
    0x01, 0x0C, 0x60, 0x00, 0xFF, 0xF9, 0xCF, 0x60, 0x06, 0x33, 0x98, 0xC1, 0x0C, 0x66, 0x30, 0x83,
    0x19, 0xCC, 0x60, 0x06, 0x33, 0x98, 0xC1, 0x0C, 0x66, 0x30, 0x03, 0x00, 0x09, 0x08, 0x15, 0x0E,
    0xFF, 0xFF, 0x01, 0x01, 0x01, 0x01, 0xFF, 0xFF, 0x01, 0x01, 0x01, 0x01, 0x01, 0x01, 0x01, 0x01,
    0x01, 0x01, 0x01, 0x01, 0x01, 0x00, 0x0C, 0x0A, 0x12, 0x0E, 0xFF, 0xFF, 0x9F, 0x41, 0x06, 0x19,
    0x64, 0x90, 0x41, 0x06, 0x19, 0x64, 0x90, 0x41, 0x06, 0x19, 0x64, 0x90, 0x41, 0x06, 0x19, 0x64,
    0x00, 0x00, 0x09, 0x0A, 0x16, 0x0E, 0xFF, 0xFF, 0x1F, 0x40, 0x00, 0x01, 0x04, 0x90, 0x7F, 0xFE,
    0x19, 0x64, 0x90, 0x41, 0x06, 0x19, 0x64, 0x90, 0x41, 0x06, 0x19, 0x64, 0x90, 0x41, 0x06, 0x19,
    0x64, 0x00, 0x06, 0x7B, 0x09, 0x15, 0x0E, 0x80, 0x01, 0x03, 0x06, 0x0C, 0x18, 0x30, 0x60, 0xC0,
    0x80, 0x01, 0x03, 0x06, 0x0C, 0xF8, 0xFF, 0x7F, 0xC0, 0x80, 0x01, 0x03, 0xFE, 0xFF, 0x1F, 0x04,
    0x7B, 0x0A, 0x12, 0x0E, 0x30, 0xC3, 0x0C, 0x33, 0xCC, 0x30, 0xC3, 0x0C, 0x33, 0xCC, 0x30, 0xC3,
    0x0C, 0x33, 0xCC, 0x30, 0xC3, 0x0C, 0x33, 0xCC, 0xFF, 0xFF, 0x0F, 0x04, 0x7B, 0x0B, 0x16, 0x0E,
    0x60, 0x06, 0x33, 0x98, 0xC1, 0x0C, 0x66, 0x30, 0x83, 0x19, 0xCC, 0x60, 0x06, 0x33, 0x98, 0xC1,
    0x0C, 0x66, 0x30, 0xFF, 0xF9, 0xCF, 0x00, 0x06, 0x30, 0x80, 0x01, 0xFC, 0xFF, 0xFF, 0x03, 0x00,
    0x7B, 0x08, 0x15, 0x0E, 0x01, 0x01, 0x01, 0x01, 0x01, 0x01, 0x01, 0x01, 0x01, 0x01, 0x01, 0x01,
    0x01, 0xFF, 0xFF, 0x01, 0x01, 0x01, 0x01, 0xFF, 0xFF, 0x00, 0x7B, 0x0A, 0x12, 0x0E, 0x19, 0x64,
    0x90, 0x41, 0x06, 0x19, 0x64, 0x90, 0x41, 0x06, 0x19, 0x64, 0x90, 0x41, 0x06, 0x19, 0x64, 0x90,
    0x41, 0x06, 0xFF, 0xFF, 0x0F, 0x00, 0x7B, 0x0A, 0x16, 0x0E, 0x19, 0x64, 0x90, 0x41, 0x06, 0x19,
    0x64, 0x90, 0x41, 0x06, 0x19, 0x64, 0x90, 0x41, 0x06, 0x19, 0x64, 0x90, 0x7F, 0xFE, 0x01, 0x04,
    0x10, 0x40, 0x00, 0xFF, 0xFF, 0x0F, 0x06, 0x7C, 0x09, 0x23, 0x0E, 0x80, 0x01, 0x03, 0x06, 0x0C,
    0x18, 0x30, 0x60, 0xC0, 0x80, 0x01, 0x03, 0x06, 0x0C, 0x18, 0xF0, 0xFF, 0xFF, 0x80, 0x01, 0x03,
    0xFE, 0xFF, 0x1F, 0x30, 0x60, 0xC0, 0x80, 0x01, 0x03, 0x06, 0x0C, 0x18, 0x30, 0x60, 0xC0, 0x80,
    0x01, 0x03, 0x06, 0x04, 0x7C, 0x0B, 0x23, 0x0E, 0x60, 0x06, 0x33, 0x98, 0xC1, 0x0C, 0x66, 0x30,
    0x83, 0x19, 0xCC, 0x60, 0x06, 0x33, 0x98, 0xC1, 0x0C, 0x66, 0x30, 0x83, 0x19, 0xCC, 0x7F, 0xFE,
    0xF3, 0x9F, 0xC1, 0x0C, 0x66, 0x30, 0x83, 0x19, 0xCC, 0x60, 0x06, 0x33, 0x98, 0xC1, 0x0C, 0x66,
    0x30, 0x83, 0x19, 0xCC, 0x60, 0x06, 0x33, 0x98, 0x01, 0x04, 0x7C, 0x0B, 0x23, 0x0E, 0x60, 0x06,
    0x33, 0x98, 0xC1, 0x0C, 0x66, 0x30, 0x83, 0x19, 0xCC, 0x60, 0x06, 0x33, 0x98, 0xC1, 0x0C, 0x66,
    0x30, 0xFF, 0xF9, 0xCF, 0x00, 0x06, 0x30, 0x80, 0xFF, 0xFC, 0x67, 0x30, 0x83, 0x19, 0xCC, 0x60,
    0x06, 0x33, 0x98, 0xC1, 0x0C, 0x66, 0x30, 0x83, 0x19, 0xCC, 0x60, 0x06, 0x33, 0x98, 0x01, 0x00,
    0x7C, 0x08, 0x23, 0x0E, 0x01, 0x01, 0x01, 0x01, 0x01, 0x01, 0x01, 0x01, 0x01, 0x01, 0x01, 0x01,
    0x01, 0x01, 0xFF, 0xFF, 0x01, 0x01, 0x01, 0xFF, 0xFF, 0x01, 0x01, 0x01, 0x01, 0x01, 0x01, 0x01,
    0x01, 0x01, 0x01, 0x01, 0x01, 0x01, 0x01, 0x00, 0x7C, 0x0A, 0x23, 0x0E, 0x19, 0x64, 0x90, 0x41,
    0x06, 0x19, 0x64, 0x90, 0x41, 0x06, 0x19, 0x64, 0x90, 0x41, 0x06, 0x19, 0x64, 0x90, 0x41, 0x06,
    0xF9, 0xE7, 0x9F, 0x7F, 0x06, 0x19, 0x64, 0x90, 0x41, 0x06, 0x19, 0x64, 0x90, 0x41, 0x06, 0x19,
    0x64, 0x90, 0x41, 0x06, 0x19, 0x64, 0x90, 0x01, 0x00, 0x7C, 0x0A, 0x23, 0x0E, 0x19, 0x64, 0x90,
    0x41, 0x06, 0x19, 0x64, 0x90, 0x41, 0x06, 0x19, 0x64, 0x90, 0x41, 0x06, 0x19, 0x64, 0x90, 0x7F,
    0xFE, 0x01, 0x04, 0x10, 0x40, 0xFE, 0xF9, 0x67, 0x90, 0x41, 0x06, 0x19, 0x64, 0x90, 0x41, 0x06,
    0x19, 0x64, 0x90, 0x41, 0x06, 0x19, 0x64, 0x90, 0x01, 0x00, 0x09, 0x0F, 0x16, 0x0E, 0xFF, 0xFF,
    0xFF, 0x3F, 0x00, 0x00, 0x00, 0x00, 0x00, 0x00, 0x00, 0xFC, 0xFF, 0xFF, 0xFF, 0x80, 0x00, 0x40,
    0x00, 0x20, 0x00, 0x10, 0x00, 0x08, 0x00, 0x04, 0x00, 0x02, 0x00, 0x01, 0x80, 0x00, 0x40, 0x00,
    0x20, 0x00, 0x10, 0x00, 0x08, 0x00, 0x04, 0x00, 0x00, 0x0C, 0x0F, 0x12, 0x0E, 0xFF, 0xFF, 0xFF,
    0x3F, 0xC8, 0x00, 0x64, 0x00, 0x32, 0x00, 0x19, 0x80, 0x0C, 0x40, 0x06, 0x20, 0x03, 0x90, 0x01,
    0xC8, 0x00, 0x64, 0x00, 0x32, 0x00, 0x19, 0x80, 0x0C, 0x40, 0x06, 0x20, 0x03, 0x90, 0x01, 0x00,
    0x09, 0x0F, 0x16, 0x0E, 0xFF, 0xFF, 0xFF, 0x3F, 0x00, 0x00, 0x00, 0x00, 0x00, 0x00, 0x00, 0xFC,
    0xFC, 0x7F, 0xFE, 0x20, 0x03, 0x90, 0x01, 0xC8, 0x00, 0x64, 0x00, 0x32, 0x00, 0x19, 0x80, 0x0C,
    0x40, 0x06, 0x20, 0x03, 0x90, 0x01, 0xC8, 0x00, 0x64, 0x00, 0x32, 0x00, 0x19, 0x00, 0x00, 0x7B,
    0x0F, 0x16, 0x0E, 0x80, 0x00, 0x40, 0x00, 0x20, 0x00, 0x10, 0x00, 0x08, 0x00, 0x04, 0x00, 0x02,
    0x00, 0x01, 0x80, 0x00, 0x40, 0x00, 0x20, 0x00, 0x10, 0x00, 0x08, 0x00, 0x04, 0xFC, 0xFF, 0xFF,
    0xFF, 0x00, 0x00, 0x00, 0x00, 0x00, 0x00, 0x00, 0xF0, 0xFF, 0xFF, 0xFF, 0x03, 0x00, 0x7B, 0x0F,
    0x12, 0x0E, 0x20, 0x03, 0x90, 0x01, 0xC8, 0x00, 0x64, 0x00, 0x32, 0x00, 0x19, 0x80, 0x0C, 0x40,
    0x06, 0x20, 0x03, 0x90, 0x01, 0xC8, 0x00, 0x64, 0x00, 0x32, 0x00, 0x19, 0x80, 0x0C, 0x40, 0x06,
    0xFF, 0xFF, 0xFF, 0x3F, 0x00, 0x7B, 0x0F, 0x16, 0x0E, 0x20, 0x03, 0x90, 0x01, 0xC8, 0x00, 0x64,
    0x00, 0x32, 0x00, 0x19, 0x80, 0x0C, 0x40, 0x06, 0x20, 0x03, 0x90, 0x01, 0xC8, 0x00, 0x64, 0x00,
    0x32, 0x00, 0x19, 0xFC, 0xFC, 0x7F, 0xFE, 0x00, 0x00, 0x00, 0x00, 0x00, 0x00, 0x00, 0xF0, 0xFF,
    0xFF, 0xFF, 0x03, 0x00, 0x7C, 0x0F, 0x23, 0x0E, 0x80, 0x00, 0x40, 0x00, 0x20, 0x00, 0x10, 0x00,
    0x08, 0x00, 0x04, 0x00, 0x02, 0x00, 0x01, 0x80, 0x00, 0x40, 0x00, 0x20, 0x00, 0x10, 0x00, 0x08,
    0x00, 0x04, 0xFC, 0xFF, 0xFF, 0xFF, 0x80, 0x00, 0x40, 0x00, 0x20, 0xE0, 0xFF, 0xFF, 0xFF, 0x07,
    0x04, 0x00, 0x02, 0x00, 0x01, 0x80, 0x00, 0x40, 0x00, 0x20, 0x00, 0x10, 0x00, 0x08, 0x00, 0x04,
    0x00, 0x02, 0x00, 0x01, 0x80, 0x00, 0x40, 0x00, 0x20, 0x00, 0x00, 0x7C, 0x0F, 0x23, 0x0E, 0x20,
    0x03, 0x90, 0x01, 0xC8, 0x00, 0x64, 0x00, 0x32, 0x00, 0x19, 0x80, 0x0C, 0x40, 0x06, 0x20, 0x03,
    0x90, 0x01, 0xC8, 0x00, 0x64, 0x00, 0x32, 0x00, 0x19, 0x80, 0x0C, 0x40, 0x06, 0xFF, 0xFF, 0xFF,
    0xFF, 0xFF, 0x1F, 0x64, 0x00, 0x32, 0x00, 0x19, 0x80, 0x0C, 0x40, 0x06, 0x20, 0x03, 0x90, 0x01,
    0xC8, 0x00, 0x64, 0x00, 0x32, 0x00, 0x19, 0x80, 0x0C, 0x40, 0x06, 0x20, 0x03, 0x90, 0x01, 0xC8,
    0x00, 0x00, 0x7B, 0x0F, 0x24, 0x0E, 0x30, 0x03, 0x98, 0x01, 0xCC, 0x00, 0x66, 0x00, 0x33, 0x80,
    0x19, 0xC0, 0x0C, 0x60, 0x06, 0x30, 0x03, 0x98, 0x01, 0xCC, 0x00, 0x66, 0x00, 0x33, 0x80, 0x19,
    0xFC, 0xFC, 0x7F, 0xFE, 0x00, 0x00, 0x00, 0x00, 0x00, 0x00, 0x00, 0xF0, 0xF3, 0xFF, 0xF9, 0xC3,
    0x0C, 0x60, 0x06, 0x30, 0x03, 0x98, 0x01, 0xCC, 0x00, 0x66, 0x00, 0x33, 0x80, 0x19, 0xC0, 0x0C,
    0x60, 0x06, 0x30, 0x03, 0x98, 0x01, 0xCC, 0x00, 0x66, 0x00, 0x80, 0x4B, 0x01, 0x00, 0x7C, 0x0F,
    0x11, 0x0E, 0xFF, 0xFF, 0xFF, 0xFF, 0xFF, 0xFF, 0xFF, 0xFF, 0xFF, 0xFF, 0xFF, 0xFF, 0xFF, 0xFF,
    0xFF, 0xFF, 0xFF, 0xFF, 0xFF, 0xFF, 0xFF, 0xFF, 0xFF, 0xFF, 0xFF, 0xFF, 0xFF, 0xFF, 0xFF, 0xFF,
    0xFF, 0x7F, 0x84, 0x4B, 0x01, 0x00, 0x0E, 0x0F, 0x11, 0x0E, 0xFF, 0xFF, 0xFF, 0xFF, 0xFF, 0xFF,
    0xFF, 0xFF, 0xFF, 0xFF, 0xFF, 0xFF, 0xFF, 0xFF, 0xFF, 0xFF, 0xFF, 0xFF, 0xFF, 0xFF, 0xFF, 0xFF,
    0xFF, 0xFF, 0xFF, 0xFF, 0xFF, 0xFF, 0xFF, 0xFF, 0xFF, 0x7F, 0x88, 0x4B, 0x01, 0x00, 0x7C, 0x0F,
    0x23, 0x0E, 0xFF, 0xFF, 0xFF, 0xFF, 0xFF, 0xFF, 0xFF, 0xFF, 0xFF, 0xFF, 0xFF, 0xFF, 0xFF, 0xFF,
    0xFF, 0xFF, 0xFF, 0xFF, 0xFF, 0xFF, 0xFF, 0xFF, 0xFF, 0xFF, 0xFF, 0xFF, 0xFF, 0xFF, 0xFF, 0xFF,
    0xFF, 0xFF, 0xFF, 0xFF, 0xFF, 0xFF, 0xFF, 0xFF, 0xFF, 0xFF, 0xFF, 0xFF, 0xFF, 0xFF, 0xFF, 0xFF,
    0xFF, 0xFF, 0xFF, 0xFF, 0xFF, 0xFF, 0xFF, 0xFF, 0xFF, 0xFF, 0xFF, 0xFF, 0xFF, 0xFF, 0xFF, 0xFF,
    0xFF, 0xFF, 0xFF, 0x1F, 0x8C, 0x4B, 0x01, 0x00, 0x7C, 0x07, 0x23, 0x0E, 0xFF, 0xFF, 0xFF, 0xFF,
    0xFF, 0xFF, 0xFF, 0xFF, 0xFF, 0xFF, 0xFF, 0xFF, 0xFF, 0xFF, 0xFF, 0xFF, 0xFF, 0xFF, 0xFF, 0xFF,
    0xFF, 0xFF, 0xFF, 0xFF, 0xFF, 0xFF, 0xFF, 0xFF, 0xFF, 0xFF, 0x1F, 0x90, 0x4B, 0x04, 0x07, 0x7C,
    0x08, 0x23, 0x0E, 0xFF, 0xFF, 0xFF, 0xFF, 0xFF, 0xFF, 0xFF, 0xFF, 0xFF, 0xFF, 0xFF, 0xFF, 0xFF,
    0xFF, 0xFF, 0xFF, 0xFF, 0xFF, 0xFF, 0xFF, 0xFF, 0xFF, 0xFF, 0xFF, 0xFF, 0xFF, 0xFF, 0xFF, 0xFF,
    0xFF, 0xFF, 0xFF, 0xFF, 0xFF, 0xFF, 0x00, 0x7C, 0x0D, 0x21, 0x0E, 0x84, 0x10, 0x00, 0x00, 0x80,
    0x10, 0x12, 0x42, 0x00, 0x00, 0x21, 0x24, 0x84, 0x00, 0x00, 0x00, 0x84, 0x90, 0x10, 0x02, 0x00,
    0x00, 0x00, 0x21, 0x24, 0x84, 0x00, 0x20, 0x84, 0x84, 0x10, 0x00, 0x00, 0x00, 0x08, 0x21, 0x21,
    0x04, 0x00, 0x21, 0x24, 0x84, 0x00, 0x00, 0x00, 0x40, 0x08, 0x09, 0x21, 0x00, 0x08, 0x21, 0x21,
    0x04, 0x00, 0x7C, 0x0E, 0x21, 0x0E, 0xB5, 0x16, 0x00, 0x00, 0x00, 0x28, 0xA5, 0x4A, 0x29, 0x00,
    0x50, 0x6B, 0xD5, 0x5A, 0x00, 0x00, 0x00, 0xA0, 0x94, 0x2A, 0xA5, 0x00, 0x00, 0x00, 0x50, 0x6B,
    0xD5, 0x5A, 0x00, 0x80, 0x52, 0xAA, 0x94, 0x02, 0x00, 0x00, 0x40, 0xAD, 0x55, 0x6B, 0x01, 0x00,
    0x4A, 0xA9, 0x52, 0x0A, 0x00, 0x00, 0x00, 0xB5, 0x56, 0xAD, 0x05, 0x00, 0x28, 0xA5, 0x4A, 0x29,
    0x00, 0x7C, 0x0E, 0x23, 0x0E, 0xB5, 0xD6, 0xFF, 0xFF, 0xFF, 0x2B, 0xA5, 0x4A, 0xE9, 0xFF, 0xFF,
    0xFF, 0xD7, 0x5A, 0xFF, 0xFF, 0xFF, 0xAF, 0x94, 0x2A, 0xA5, 0xFF, 0xFF, 0xFF, 0x5F, 0x6B, 0xFD,
    0xFF, 0xFF, 0xBF, 0x52, 0xAA, 0x94, 0xFE, 0xFF, 0xFF, 0x7F, 0xAD, 0xF5, 0xFF, 0xFF, 0xFF, 0x4A,
    0xA9, 0x52, 0xFA, 0xFF, 0xFF, 0xFF, 0xB5, 0xD6, 0xFF, 0xFF, 0xFF, 0x2B, 0xA5, 0x4A, 0xE9, 0xFF,
    0xFF, 0xFF, 0x03, 0xA0, 0x4B, 0x02, 0x02, 0x09, 0x09, 0x0D, 0x0C, 0xFF, 0xFF, 0xFF, 0xFF, 0xFF,
    0xFF, 0xFF, 0xFF, 0xFF, 0xFF, 0xFF, 0xFF, 0xFF, 0xFF, 0x1F, 0x01, 0x09, 0x0A, 0x0D, 0x0C, 0xFF,
    0x07, 0x18, 0x60, 0x80, 0x01, 0x06, 0x18, 0x60, 0x80, 0x01, 0x06, 0x18, 0x60, 0x80, 0xFF, 0x03,
    0xAA, 0x4B, 0x03, 0x01, 0x09, 0x05, 0x06, 0x07, 0xFF, 0xFF, 0xFF, 0x3F, 0x01, 0x09, 0x05, 0x07,
    0x07, 0x3F, 0xC6, 0x18, 0xE3, 0x07, 0x03, 0x11, 0x0E, 0x05, 0x14, 0xFF, 0xFF, 0xFF, 0xFF, 0xFF,
    0xFF, 0xFF, 0xFF, 0x3F, 0xB2, 0x4B, 0x01, 0x03, 0x01, 0x0E, 0x14, 0x14, 0x80, 0x00, 0x30, 0x00,
    0x0C, 0x00, 0x03, 0xE0, 0x01, 0x78, 0x00, 0x1E, 0xC0, 0x0F, 0xF0, 0x03, 0xFC, 0x80, 0x7F, 0xE0,
    0x1F, 0xFC, 0x07, 0xFF, 0xC3, 0xFF, 0xF8, 0x3F, 0xFE, 0x9F, 0xFF, 0xF7, 0xFF, 0xFD, 0xFF, 0xB6,
    0x4B, 0x01, 0x02, 0x06, 0x0D, 0x0F, 0x12, 0x00, 0x10, 0x80, 0x03, 0x7C, 0xE0, 0x0F, 0xFE, 0xF1,
    0xBF, 0xFF, 0xFF, 0xFF, 0xFC, 0x1F, 0xFF, 0x83, 0x7F, 0xC0, 0x0F, 0xE0, 0x01, 0x30, 0x00, 0x04,
    0xBA, 0x4B, 0x01, 0x02, 0x01, 0x0E, 0x14, 0x14, 0x00, 0x20, 0x00, 0x0C, 0xC0, 0x03, 0xF8, 0x00,
    0x3F, 0xF0, 0x0F, 0xFE, 0xE3, 0xFF, 0xFC, 0xBF, 0xFF, 0xFF, 0xFF, 0xF3, 0xFF, 0xF8, 0x3F, 0xFC,
    0x0F, 0xFC, 0x03, 0xFE, 0x00, 0x3E, 0x00, 0x0F, 0x80, 0x03, 0x80, 0xBC, 0x4B, 0x01, 0x03, 0x02,
    0x0E, 0x14, 0x14, 0xFF, 0xFF, 0xFF, 0xEF, 0xFF, 0xF9, 0x7F, 0xFE, 0x0F, 0xFF, 0xC3, 0xFF, 0xF0,
    0x1F, 0xF8, 0x07, 0xFE, 0x81, 0x3F, 0xC0, 0x0F, 0xF0, 0x03, 0x78, 0x00, 0x1E, 0x80, 0x07, 0xC0,
    0x00, 0x30, 0x00, 0x0C, 0x00, 0x02, 0xC0, 0x4B, 0x01, 0x02, 0x07, 0x0E, 0x0F, 0x12, 0x01, 0xC0,
    0x01, 0xF0, 0x01, 0xFC, 0x01, 0xFF, 0xC0, 0xFF, 0xF0, 0xFF, 0xFC, 0xFF, 0xFF, 0xCF, 0xFF, 0xF0,
    0x1F, 0xFC, 0x01, 0x1F, 0xC0, 0x01, 0x10, 0x00, 0x00, 0xC4, 0x4B, 0x01, 0x02, 0x01, 0x0E, 0x14,
    0x14, 0x01, 0xC0, 0x00, 0x70, 0x00, 0x7C, 0x00, 0x3F, 0xC0, 0x3F, 0xF0, 0x1F, 0xFC, 0x0F, 0xFF,
    0xCF, 0xFF, 0xF7, 0xFF, 0xFF, 0x3F, 0xFF, 0xC7, 0x7F, 0xF0, 0x0F, 0xFC, 0x01, 0x1F, 0xC0, 0x03,
    0x30, 0x00, 0x04, 0x00, 0xCA, 0x4B, 0x02, 0x01, 0x02, 0x0A, 0x14, 0x0C, 0x10, 0xE0, 0x80, 0x03,
    0x1B, 0x6C, 0x10, 0x63, 0x8C, 0x20, 0x83, 0x05, 0x14, 0xD0, 0x60, 0x82, 0x18, 0x43, 0x0C, 0x1B,
    0x6C, 0xA0, 0x80, 0x03, 0x04, 0x01, 0x07, 0x0A, 0x0B, 0x0C, 0x78, 0xF0, 0xE3, 0xDF, 0xF3, 0x87,
    0x1F, 0x7E, 0xF8, 0xF3, 0xFE, 0xF1, 0x83, 0x07, 0xCF, 0x4B, 0x01, 0x01, 0x08, 0x0A, 0x0A, 0x0C,
    0x78, 0xF8, 0xE7, 0xDF, 0xFF, 0xFF, 0xFF, 0xFF, 0xBF, 0x7F, 0xFE, 0xE1, 0x01, 0xD8, 0x4B, 0x02,
    0x01, 0x08, 0x0A, 0x0E, 0x0C, 0xFF, 0xFF, 0xFF, 0xFF, 0xFF, 0xCF, 0x1F, 0x7E, 0xF8, 0xE1, 0x87,
    0x3F, 0xFF, 0xFF, 0xFF, 0xFF, 0xFF, 0x0F, 0x01, 0x06, 0x0B, 0x10, 0x0C, 0xFF, 0xFF, 0xFF, 0xE3,
    0xEF, 0xBE, 0xEF, 0xFE, 0xF6, 0xB7, 0xBF, 0xFD, 0xED, 0x6F, 0x7F, 0xF7, 0x7D, 0xE7, 0xC7, 0xFF,
    0xFF, 0xFF, 0xE2, 0x4B, 0x05, 0x00, 0x00, 0x14, 0x15, 0x13, 0x01, 0x00, 0x30, 0x00, 0x00, 0x07,
    0x00, 0xF0, 0x00, 0x00, 0x1F, 0x00, 0xF0, 0x03, 0x00, 0x7F, 0x00, 0xF0, 0x0F, 0x00, 0xFF, 0x01,
    0xF0, 0x1F, 0x00, 0xFF, 0x03, 0xF0, 0x7F, 0x00, 0xFF, 0x0F, 0xF0, 0xFF, 0x01, 0xFF, 0x3F, 0xF0,
    0xFF, 0x07, 0xFF, 0xFF, 0xF0, 0xFF, 0x1F, 0xFF, 0xFF, 0xF3, 0xFF, 0x7F, 0xFF, 0xFF, 0x0F, 0x00,
    0x00, 0x14, 0x15, 0x14, 0x00, 0x00, 0x08, 0x00, 0xC0, 0x00, 0x00, 0x0E, 0x00, 0xF0, 0x00, 0x80,
    0x0F, 0x00, 0xFC, 0x00, 0xC0, 0x0F, 0x00, 0xFE, 0x00, 0xF0, 0x0F, 0x80, 0xFF, 0x00, 0xFC, 0x0F,
    0xE0, 0xFF, 0x00, 0xFF, 0x0F, 0xF8, 0xFF, 0xC0, 0xFF, 0x0F, 0xFE, 0xFF, 0xF0, 0xFF, 0x8F, 0xFF,
    0xFF, 0xFC, 0xFF, 0xEF, 0xFF, 0xFF, 0xFF, 0xFF, 0x0F, 0x00, 0x00, 0x14, 0x15, 0x14, 0xFF, 0xFF,
    0xEF, 0xFF, 0xFF, 0xFC, 0xFF, 0x8F, 0xFF, 0xFF, 0xF0, 0xFF, 0x0F, 0xFE, 0xFF, 0xC0, 0xFF, 0x0F,
    0xF8, 0xFF, 0x00, 0xFF, 0x0F, 0xE0, 0xFF, 0x00, 0xFC, 0x0F, 0x80, 0xFF, 0x00, 0xF0, 0x0F, 0x00,
    0xFE, 0x00, 0xC0, 0x0F, 0x00, 0xF8, 0x00, 0x00, 0x0F, 0x00, 0xE0, 0x00, 0x00, 0x0C, 0x00, 0x80,
    0x00, 0x00, 0x08, 0x00, 0x00, 0x14, 0x15, 0x14, 0xFF, 0xFF, 0xFF, 0xFF, 0x3F, 0xFF, 0xFF, 0xF1,
    0xFF, 0x0F, 0xFF, 0xFF, 0xF0, 0xFF, 0x07, 0xFF, 0x3F, 0xF0, 0xFF, 0x01, 0xFF, 0x0F, 0xF0, 0x7F,
    0x00, 0xFF, 0x03, 0xF0, 0x1F, 0x00, 0xFF, 0x00, 0xF0, 0x07, 0x00, 0x3F, 0x00, 0xF0, 0x01, 0x00,
    0x0F, 0x00, 0x70, 0x00, 0x00, 0x03, 0x00, 0x10, 0x00, 0x00, 0x01, 0x00, 0x00, 0x01, 0x09, 0x05,
    0x07, 0x07, 0x6E, 0xC7, 0x18, 0xB7, 0x03, 0xBA, 0x4C, 0x03, 0x04, 0x06, 0x0D, 0x12, 0x14, 0xF0,
    0x01, 0x63, 0x10, 0x10, 0x03, 0x24, 0x80, 0x04, 0x70, 0xC6, 0xCC, 0x98, 0x01, 0x30, 0x00, 0x06,
    0xC0, 0x04, 0x29, 0x11, 0xC5, 0x91, 0x01, 0x22, 0x20, 0x18, 0x03, 0x3E, 0x00, 0x04, 0x06, 0x0D,
    0x12, 0x14, 0xF0, 0x01, 0x7F, 0xF0, 0x1F, 0xFF, 0xE7, 0xFF, 0xFC, 0xFF, 0x39, 0x3F, 0xE7, 0xFF,
    0xFF, 0xFF, 0xFF, 0xFF, 0xFB, 0xEF, 0xEE, 0x1D, 0x9C, 0xC7, 0xE3, 0x3F, 0xF8, 0x03, 0x3E, 0x00,
    0x00, 0x7F, 0x11, 0x1A, 0x13, 0x80, 0x00, 0x00, 0x01, 0x00, 0x02, 0x10, 0x04, 0x22, 0x08, 0x84,
    0x7C, 0x04, 0x0E, 0x05, 0x0C, 0x0C, 0x08, 0x10, 0x10, 0x20, 0x10, 0x80, 0x20, 0x00, 0x41, 0x00,
    0xE2, 0x00, 0x3C, 0x01, 0x08, 0x02, 0x10, 0x08, 0x10, 0x10, 0x20, 0x60, 0x20, 0xC0, 0xA1, 0x40,
    0x3E, 0x42, 0x10, 0x88, 0x20, 0x10, 0x40, 0x00, 0x80, 0x00, 0x00, 0x01, 0x00, 0xC0, 0x4C, 0x01,
    0x02, 0x00, 0x0B, 0x1C, 0x0F, 0x70, 0x60, 0x8C, 0x41, 0x04, 0x24, 0xA0, 0x00, 0x06, 0x30, 0x80,
    0x01, 0x0C, 0x60, 0x00, 0x07, 0x24, 0x20, 0x83, 0x31, 0x06, 0x1F, 0x20, 0x00, 0x01, 0x08, 0x40,
    0x00, 0x02, 0xFF, 0x81, 0x00, 0x04, 0x20, 0x00, 0x01, 0x08, 0x40, 0x00, 0xC2, 0x4C, 0x01, 0x01,
    0x7F, 0x0E, 0x1B, 0x0F, 0x04, 0x00, 0x07, 0xC0, 0x02, 0x28, 0x03, 0x0A, 0x81, 0x04, 0x20, 0x01,
    0x48, 0x00, 0x22, 0x40, 0x08, 0x00, 0x02, 0x00, 0x01, 0xC0, 0x07, 0x18, 0x03, 0x83, 0x41, 0x40,
    0x18, 0x30, 0x02, 0x88, 0x00, 0x22, 0x80, 0x08, 0x20, 0x02, 0x88, 0x01, 0x42, 0x40, 0x30, 0x18,
    0x18, 0x03, 0x78, 0x00, 0xE0, 0x4C, 0x01, 0x01, 0x04, 0x0B, 0x12, 0x0D, 0x00, 0x00, 0x01, 0x08,
    0xE0, 0x00, 0x07, 0x7C, 0xF0, 0xC7, 0x7F, 0xFE, 0xFB, 0xFF, 0xFF, 0xFF, 0xEF, 0x3A, 0x92, 0x80,
    0x01, 0x0E, 0xF8, 0xF0, 0x1F, 0xE3, 0x4C, 0x01, 0x00, 0x04, 0x0C, 0x12, 0x0D, 0x60, 0x00, 0x0F,
    0xF8, 0x81, 0x1F, 0xF8, 0x81, 0x1F, 0xFE, 0xE6, 0xFF, 0xFF, 0xFF, 0xFF, 0xFF, 0xFF, 0xFD, 0xDE,
    0xEF, 0x74, 0x60, 0x00, 0x06, 0xF0, 0xC0, 0x3F, 0xE5, 0x4C, 0x02, 0x01, 0x04, 0x0B, 0x11, 0x0D,
    0x8E, 0xFB, 0xFE, 0xF7, 0xFF, 0xFF, 0xFF, 0xFF, 0xFB, 0xCF, 0x7F, 0xFC, 0xE1, 0x0F, 0x3E, 0xF0,
    0x01, 0x07, 0x38, 0x80, 0x00, 0x04, 0x20, 0x00, 0x02, 0x04, 0x09, 0x12, 0x0D, 0x00, 0x20, 0x60,
    0xC0, 0xC1, 0x83, 0x8F, 0x1F, 0x7F, 0xFF, 0xFE, 0xFF, 0xF3, 0xC7, 0x87, 0x0F, 0x0E, 0x1C, 0x10,
    0x20, 0x00, 0xE9, 0x4C, 0x07, 0x00, 0x02, 0x05, 0x13, 0x0A, 0x21, 0x84, 0x10, 0x42, 0x08, 0x21,
    0x84, 0x10, 0xDE, 0xFF, 0xDF, 0x3B, 0x00, 0x03, 0x09, 0x13, 0x0A, 0x1C, 0x3C, 0x7C, 0x98, 0x10,
    0x21, 0x42, 0x04, 0x08, 0x10, 0x20, 0x40, 0x80, 0x00, 0x01, 0x1E, 0x7C, 0xF8, 0xF0, 0xC1, 0x83,
    0x03, 0x00, 0x00, 0x0D, 0x17, 0x0F, 0x01, 0xE0, 0x00, 0x7C, 0x80, 0x3F, 0xF0, 0x0F, 0xE2, 0x41,
    0x30, 0x08, 0x04, 0x81, 0x20, 0x10, 0x04, 0x82, 0x40, 0x10, 0x08, 0x02, 0xC1, 0x23, 0xF8, 0x04,
    0x9F, 0xE0, 0xF3, 0x7C, 0x3E, 0xCF, 0x07, 0xF8, 0x01, 0x1E, 0xC0, 0x03, 0x00, 0x00, 0x0D, 0x17,
    0x0F, 0x01, 0xE0, 0x00, 0x7C, 0x80, 0x3F, 0xF0, 0x0F, 0xE2, 0xC1, 0x30, 0xF8, 0x04, 0xFF, 0x20,
    0x1F, 0x84, 0x83, 0x40, 0x10, 0x08, 0x02, 0xC1, 0x23, 0xF8, 0x04, 0x9F, 0xE0, 0xF3, 0x7C, 0x3E,
    0xCF, 0x0F, 0xF8, 0x01, 0x1E, 0xC0, 0x03, 0x01, 0x00, 0x08, 0x15, 0x0A, 0xC0, 0xC0, 0xC0, 0xC0,
    0xC0, 0xC0, 0xC0, 0xC0, 0xCE, 0xFF, 0xE3, 0xC3, 0xC3, 0xC2, 0xC6, 0xCC, 0xD8, 0xF0, 0xE0, 0xC0,
    0x80, 0x01, 0x7F, 0x07, 0x19, 0x0B, 0x40, 0x20, 0x10, 0x08, 0x1C, 0x7E, 0xFF, 0xFD, 0x70, 0x30,
    0x18, 0x0C, 0x06, 0x83, 0xDF, 0x7F, 0x3F, 0x1C, 0x08, 0x04, 0x02, 0x01, 0x01, 0x00, 0x0A, 0x18,
    0x0C, 0x04, 0x10, 0x40, 0x08, 0x21, 0x85, 0x3C, 0xF2, 0x8F, 0xFF, 0xF4, 0x13, 0x4E, 0x08, 0x21,
    0x84, 0x10, 0x72, 0xC8, 0x27, 0xFF, 0xF1, 0x4F, 0x3C, 0xA1, 0x84, 0x10, 0x02, 0x08, 0x20, 0x99,
    0x4D, 0x01, 0x00, 0x01, 0x13, 0x15, 0x16, 0x00, 0x03, 0x00, 0x18, 0x00, 0xE7, 0x39, 0xF0, 0xFF,
    0x80, 0x87, 0x07, 0x0C, 0x70, 0x3C, 0x00, 0xFF, 0x01, 0xF8, 0x07, 0x83, 0x33, 0x3C, 0x8C, 0xE1,
    0x61, 0x0E, 0x06, 0x77, 0x00, 0xF8, 0x07, 0xE0, 0x37, 0x00, 0x0B, 0x03, 0x0C, 0x78, 0x78, 0xE0,
    0xFF, 0x07, 0xE7, 0x39, 0x00, 0x06, 0x00, 0x30, 0x00, 0xAF, 0x54, 0x01, 0x01, 0x04, 0x0E, 0x10,
    0x12, 0x02, 0xD0, 0x01, 0xFE, 0xC0, 0x79, 0x78, 0x3C, 0x0F, 0xFE, 0x01, 0x3F, 0x80, 0x07, 0xE0,
    0x01, 0xFC, 0x80, 0x73, 0x70, 0x3C, 0x1E, 0xDE, 0x03, 0x7F, 0x80, 0x0B, 0x40, 0x81, 0xE0, 0x03,
    0x02, 0x00, 0x01, 0x09, 0x15, 0x0C, 0x38, 0xFE, 0xFC, 0x1B, 0x07, 0x0E, 0xDC, 0xFE, 0xFD, 0xFB,
    0xC7, 0x8D, 0x1B, 0x37, 0x6E, 0xDC, 0xB8, 0x71, 0xE3, 0xC6, 0x8D, 0x1B, 0x37, 0x0E, 0x00, 0x00,
    0x0A, 0x17, 0x0C, 0xFF, 0xFC, 0xF3, 0xDF, 0x71, 0xC7, 0x1D, 0x77, 0xFF, 0xFD, 0xF7, 0x1F, 0x77,
    0xDC, 0x71, 0xC7, 0x1D, 0x77, 0xDC, 0x71, 0xC7, 0x1D, 0x77, 0xDC, 0x71, 0xC7, 0x1D, 0x30, 0x00,
    0xC3, 0xED, 0x03, 0x01, 0x01, 0x17, 0x03, 0x07, 0x06, 0xFE, 0xBF, 0x09, 0x80, 0xF6, 0x03, 0x05,
    0x01, 0x01, 0x0E, 0x15, 0x0F, 0x8F, 0xC7, 0xE7, 0xF3, 0xFB, 0xE1, 0x70, 0x38, 0x1C, 0x0E, 0xE7,
    0xF7, 0xFB, 0xFD, 0x7E, 0x3F, 0x0E, 0x87, 0xC3, 0xE1, 0x70, 0x38, 0x1C, 0x0E, 0x87, 0xC3, 0xE1,
    0x70, 0x38, 0x1C, 0x0E, 0x87, 0xC3, 0xE1, 0x70, 0x38, 0x1C, 0x01, 0x01, 0x0A, 0x15, 0x0C, 0x7F,
    0xFC, 0x73, 0x1F, 0x70, 0xC0, 0x01, 0x77, 0xFF, 0xFD, 0xF7, 0x1F, 0x77, 0xDC, 0x71, 0xC7, 0x1D,
    0x77, 0xDC, 0x71, 0xC7, 0x1D, 0x77, 0xDC, 0x71, 0xC7, 0x01, 0x01, 0x00, 0x0C, 0x17, 0x0D, 0xE0,
    0xE1, 0x3E, 0xEE, 0xE7, 0x70, 0x0E, 0xE7, 0x70, 0x0E, 0xE7, 0xFC, 0xCE, 0xEF, 0xFC, 0x0E, 0xE7,
    0x70, 0x0E, 0xE7, 0x70, 0x0E, 0xE7, 0x70, 0x0E, 0xE7, 0x70, 0x0E, 0xE7, 0x70, 0x0E, 0xF7, 0x70,
    0x06, 0x00, 0x01, 0x01, 0x11, 0x15, 0x13, 0x7F, 0x3C, 0xFE, 0xF9, 0xDC, 0xF7, 0x03, 0x0E, 0x07,
    0x1C, 0x0E, 0x38, 0xDC, 0xFD, 0xFE, 0xFB, 0xFD, 0xF7, 0xFB, 0x8F, 0xC3, 0x1D, 0x87, 0x3B, 0x0E,
    0x77, 0x1C, 0xEE, 0x38, 0xDC, 0x71, 0xB8, 0xE3, 0x70, 0xC7, 0xE1, 0x8E, 0xC3, 0x1D, 0x87, 0x3B,
    0x0E, 0x77, 0x1C, 0x0E, 0x01, 0x00, 0x12, 0x17, 0x13, 0xE0, 0x78, 0xF8, 0xE7, 0xE3, 0xBE, 0x9F,
    0xE3, 0x70, 0x8E, 0xC3, 0x39, 0x0E, 0xE7, 0x38, 0x9C, 0xFB, 0xFD, 0xEE, 0xF7, 0xBB, 0xDF, 0xEF,
    0x38, 0x9C, 0xE3, 0x70, 0x8E, 0xC3, 0x39, 0x0E, 0xE7, 0x38, 0x9C, 0xE3, 0x70, 0x8E, 0xC3, 0x39,
    0x0E, 0xE7, 0x38, 0x9C, 0xE3, 0x70, 0x8E, 0xC3, 0x3D, 0x0E, 0x67, 0x00, 0x00, 0x00, 0x00, 0x08,
    0x48, 0x65, 0x6C, 0x70, 0x46, 0x6F, 0x6E, 0x74,
};
